#
# A fatal error has been detected by the Java Runtime Environment:
#
#  SIGSEGV (0xb) at pc=0x0000780c2c9b0400, pid=133041, tid=135401
#
# JRE version: OpenJDK Runtime Environment (17.0.15+6) (build 17.0.15+6-Ubuntu-0ubuntu122.04)
# Java VM: OpenJDK 64-Bit Server VM (17.0.15+6-Ubuntu-0ubuntu122.04, mixed mode, sharing, tiered, compressed oops, compressed class ptrs, g1 gc, linux-amd64)
# Problematic frame:
# C  [libtorch_cpu.so+0x101b0400]  dnnl::impl::lru_primitive_cache_t::get(dnnl::impl::primitive_hashing::key_t const&)+0x2d0
#
# Core dump will be written. Default location: Core dumps may be processed with "/usr/share/apport/apport -p%p -s%s -c%c -d%d -P%P -u%u -g%g -F%F -- %E" (or dumping to /home/rishabh.verma@apmosys.mahape/Videos/employeeportal_java/core.133041)
#
# If you would like to submit a bug report, please visit:
#   https://bugs.launchpad.net/ubuntu/+source/openjdk-17
# The crash happened outside the Java Virtual Machine in native code.
# See problematic frame for where to report the bug.
#

---------------  S U M M A R Y ------------

Command Line: -agentlib:jdwp=transport=dt_socket,server=n,suspend=y,address=localhost:42195 -XX:+ShowCodeDetailsInExceptionMessages com.apmosys.employeeportal.EmployeeportalApplication

Host: AMD Ryzen 5 5625U with Radeon Graphics, 12 cores, 10G, Ubuntu 22.04.2 LTS
Time: Sat Jul 19 17:32:07 2025 IST elapsed time: 354.125332 seconds (0d 0h 5m 54s)

---------------  T H R E A D  ---------------

Current thread (0x0000780bf45faa00):  JavaThread "pool-3-thread-4" [_thread_in_native, id=135401, stack(0x0000780cfe2f9000,0x0000780cfe3f9000)]

Stack: [0x0000780cfe2f9000,0x0000780cfe3f9000],  sp=0x0000780cfe3f38d0,  free space=1002k
Native frames: (J=compiled Java code, j=interpreted, Vv=VM code, C=native code)
C  [libtorch_cpu.so+0x101b0400]  dnnl::impl::lru_primitive_cache_t::get(dnnl::impl::primitive_hashing::key_t const&)+0x2d0

Java frames: (J=compiled Java code, j=interpreted, Vv=VM code)
J 13992  ai.djl.pytorch.jni.PyTorchLibrary.moduleRunMethod(JLjava/lang/String;[JZZ)J (0 bytes) @ 0x0000780d6974dc0f [0x0000780d6974dba0+0x000000000000006f]
J 14249 c1 ai.djl.pytorch.jni.IValueUtils.forward(Lai/djl/pytorch/engine/PtSymbolBlock;Lai/djl/ndarray/NDList;Z)Lai/djl/ndarray/NDList; (151 bytes) @ 0x0000780d629ead44 [0x0000780d629ea0a0+0x0000000000000ca4]
J 14217 c1 ai.djl.pytorch.engine.PtSymbolBlock.forwardInternal(Lai/djl/training/ParameterStore;Lai/djl/ndarray/NDList;ZLai/djl/util/PairList;)Lai/djl/ndarray/NDList; (237 bytes) @ 0x0000780d629d740c [0x0000780d629d4b60+0x00000000000028ac]
J 14174 c1 ai.djl.nn.AbstractBaseBlock.forward(Lai/djl/training/ParameterStore;Lai/djl/ndarray/NDList;ZLai/djl/util/PairList;)Lai/djl/ndarray/NDList; (40 bytes) @ 0x0000780d629b75ec [0x0000780d629b6c00+0x00000000000009ec]
J 14221 c1 ai.djl.nn.Block.forward(Lai/djl/training/ParameterStore;Lai/djl/ndarray/NDList;Z)Lai/djl/ndarray/NDList; (11 bytes) @ 0x0000780d629dc7a4 [0x0000780d629dc640+0x0000000000000164]
J 14089 c1 ai.djl.inference.Predictor.batchPredict(Ljava/util/List;)Ljava/util/List; (289 bytes) @ 0x0000780d62981864 [0x0000780d629806c0+0x00000000000011a4]
J 14168 c1 ai.djl.inference.Predictor.predict(Ljava/lang/Object;)Ljava/lang/Object; (15 bytes) @ 0x0000780d629b3fcc [0x0000780d629b3d80+0x000000000000024c]
j  com.apmosys.employeeportal.utility.SimilarityFinder.lambda$0(Ljava/util/List;)V+35
j  com.apmosys.employeeportal.utility.SimilarityFinder$$Lambda$1590+0x0000780d04dbd908.run()V+8
j  java.util.concurrent.CompletableFuture$AsyncRun.run()V+36 java.base@17.0.15
j  java.util.concurrent.ThreadPoolExecutor.runWorker(Ljava/util/concurrent/ThreadPoolExecutor$Worker;)V+92 java.base@17.0.15
j  java.util.concurrent.ThreadPoolExecutor$Worker.run()V+5 java.base@17.0.15
j  java.lang.Thread.run()V+11 java.base@17.0.15
v  ~StubRoutines::call_stub

siginfo: si_signo: 11 (SIGSEGV), si_code: 1 (SEGV_MAPERR), si_addr: 0x0000000000000008

Registers:
RAX=0x28d988f743672eec, RBX=0x28d988f743672eec, RCX=0x0000000000000000, RDX=0x0000000000000000
RSP=0x0000780cfe3f38d0, RBP=0x0000000000000000, RSI=0x0000000000000000, RDI=0x0000000a33652ff7
R8 =0x000000009e3779b9, R9 =0x0000780ba4019cd8, R10=0x000000009e3779b9, R11=0x000000009e3779b9
R12=0x0000780cfe3f3a80, R13=0x0000780cfe3f3930, R14=0x1a3c511b1841960b, R15=0x0baa482174b0b3b5
RIP=0x0000780c2c9b0400, EFLAGS=0x0000000000010246, CSGSFS=0x002b000000000033, ERR=0x0000000000000004
  TRAPNO=0x000000000000000e

XMM[0]=0x0000000000000000 0x0000000000000000
XMM[1]=0x0000000000000000 0x0000000000000000
XMM[2]=0x0000000000000000 0x0000780ba405d1b0
XMM[3]=0x0000000000000000 0x0000000000000000
XMM[4]=0x0000000000000000 0x000000003f800000
XMM[5]=0x0000000000000000 0x0000780ba4000090
XMM[6]=0xc0252bd4c032931e 0xc05fbe2bc05f0416
XMM[7]=0x0000000000000000 0x0000000000000000
XMM[8]=0xbf54b33ec070b2c4 0xbff94f0cc06585e6
XMM[9]=0xc020ef60c07227c1 0xc001a65ac02d3bdc
XMM[10]=0xc001e7b4bfb2ed02 0xc0153609bfc7c487
XMM[11]=0xc0061b97c03c62eb 0xc0087274bf02a999
XMM[12]=0x00000000b2000000 0xb3400000b3600000
XMM[13]=0x0000000000000000 0x0000000000000000
XMM[14]=0x0000000000000000 0x3d80b6713cdf8cbe
XMM[15]=0x3fb016ce2f3eee59 0x3f9bf197b739f76c
  MXCSR=0x00001fb3


Register to memory mapping:

RAX=0x28d988f743672eec is an unknown value
RBX=0x28d988f743672eec is an unknown value
RCX=0x0 is NULL
RDX=0x0 is NULL
RSP=0x0000780cfe3f38d0 is pointing into the stack for thread: 0x0000780bf45faa00
RBP=0x0 is NULL
RSI=0x0 is NULL
RDI=0x0000000a33652ff7 is an unknown value
R8 =0x000000009e3779b9 is an unknown value
R9 =0x0000780ba4019cd8 points into unknown readable memory: 0x0000000000000000 | 00 00 00 00 00 00 00 00
R10=0x000000009e3779b9 is an unknown value
R11=0x000000009e3779b9 is an unknown value
R12=0x0000780cfe3f3a80 is pointing into the stack for thread: 0x0000780bf45faa00
R13=0x0000780cfe3f3930 is pointing into the stack for thread: 0x0000780bf45faa00
R14=0x1a3c511b1841960b is an unknown value
R15=0x0baa482174b0b3b5 is an unknown value


Top of Stack: (sp=0x0000780cfe3f38d0)
0x0000780cfe3f38d0:   00000000000000f0 00000120000003c0
0x0000780cfe3f38e0:   000000000000001e 0000780c3381af20
0x0000780cfe3f38f0:   0000780cfe3f3a30 0000780cfe3f3a80
0x0000780cfe3f3900:   0000780cfe3f3a60 0000780cfe3f3a80
0x0000780cfe3f3910:   0000780ba4024538 0000780c2c9b077b
0x0000780cfe3f3920:   0000000000003bf0 0000000000000040
0x0000780cfe3f3930:   0000780bf85fff60 0000780c2c9b8510
0x0000780cfe3f3940:   0000780cfe3f56c0 185ffc92ae28b600
0x0000780cfe3f3950:   0000780ba4024440 0000000000000000
0x0000780cfe3f3960:   000000000000003f 0000780cfe3f3a60
0x0000780cfe3f3970:   0000780cfe3f3a80 0000780c2c9b5ee5
0x0000780cfe3f3980:   0000780b00000000 0000780ba40244d8
0x0000780cfe3f3990:   0000000000000000 0000780cfe3f3d50
0x0000780cfe3f39a0:   0000780ba4024468 0000000000000000
0x0000780cfe3f39b0:   0000780ba4024278 010000003f800000
0x0000780cfe3f39c0:   0000780ba4024580 0000780ba4024490
0x0000780cfe3f39d0:   0000780ba40245e0 000000003f800000
0x0000780cfe3f39e0:   0000780cfe3f3a1c 0000780ba4024560
0x0000780cfe3f39f0:   0000780ba40245c0 0000000000000000
0x0000780cfe3f3a00:   0000000000000000 3f80000000000000
0x0000780cfe3f3a10:   3f8000003f800000 000000003f800000
0x0000780cfe3f3a20:   0000000000000000 0000000000000000
0x0000780cfe3f3a30:   0000000000000000 0000000000000000
0x0000780cfe3f3a40:   0000000000000000 0000000000000000
0x0000780cfe3f3a50:   0000000000000000 0000000000000000
0x0000780cfe3f3a60:   0000000000000000 0000000000000000
0x0000780cfe3f3a70:   0000000000000000 0000000100000000
0x0000780cfe3f3a80:   0000000000000007 0000780ba4019be0
0x0000780cfe3f3a90:   0000780ba4024468 0000000600000000
0x0000780cfe3f3aa0:   0000000000000000 0000000000000000
0x0000780cfe3f3ab0:   0000000000000000 0000780c334dcf38
0x0000780cfe3f3ac0:   0000000000000000 0000000000000000 

Instructions: (pc=0x0000780c2c9b0400)
0x0000780c2c9b0300:   f8 0d 0f 84 8d 02 00 00 83 f8 0e 75 7d 49 8b 7c
0x0000780c2c9b0310:   24 08 e8 39 d6 00 00 eb 57 0f 1f 80 00 00 00 00
0x0000780c2c9b0320:   83 f8 09 0f 84 21 02 00 00 0f 87 a7 01 00 00 83
0x0000780c2c9b0330:   f8 07 0f 84 4e 02 00 00 83 f8 08 75 4d 49 8b 7c
0x0000780c2c9b0340:   24 08 e8 99 db 00 00 eb 27 83 f8 14 0f 84 e9 01
0x0000780c2c9b0350:   00 00 83 f8 15 75 33 49 8b 7c 24 08 e8 cf cf 00
0x0000780c2c9b0360:   00 eb 0d 49 8b 7c 24 08 e8 63 b3 00 00 0f 1f 00
0x0000780c2c9b0370:   48 89 da 48 89 d9 48 c1 e2 06 48 c1 e9 02 48 01
0x0000780c2c9b0380:   ca 49 01 d7 4c 01 f8 48 31 c3 49 8b 4c 24 20 49
0x0000780c2c9b0390:   8b 44 24 28 48 ba 67 eb d0 6f b6 0e fd 66 48 29
0x0000780c2c9b03a0:   c8 48 c1 f8 03 48 0f af c2 85 c0 7e 4e 83 e8 01
0x0000780c2c9b03b0:   49 89 ce 48 69 c0 b8 02 00 00 4c 8d bc 01 b8 02
0x0000780c2c9b03c0:   00 00 66 0f 1f 44 00 00 4c 89 f7 49 81 c6 b8 02
0x0000780c2c9b03d0:   00 00 e8 59 9a 00 00 48 89 da be b9 79 37 9e 48
0x0000780c2c9b03e0:   c1 e2 06 48 01 f0 48 01 d0 48 89 da 48 c1 ea 02
0x0000780c2c9b03f0:   48 01 d0 48 31 c3 4d 39 f7 75 cd 31 d2 48 89 d8
0x0000780c2c9b0400:   48 f7 75 08 48 8b 45 00 4c 8b 3c d0 49 89 d0 4d
0x0000780c2c9b0410:   85 ff 0f 84 a0 00 00 00 4d 8b 37 49 8b 4e 78 eb
0x0000780c2c9b0420:   2b 0f 1f 80 00 00 00 00 49 8b 06 48 85 c0 0f 84
0x0000780c2c9b0430:   84 00 00 00 48 8b 48 78 31 d2 4d 89 f7 49 89 c6
0x0000780c2c9b0440:   48 89 c8 48 f7 75 08 49 39 d0 75 6c 48 39 cb 75
0x0000780c2c9b0450:   d7 49 8d 76 08 4c 89 e7 4c 89 44 24 08 e8 0e 82
0x0000780c2c9b0460:   00 00 84 c0 4c 8b 44 24 08 74 bd 49 8b 1f 48 85
0x0000780c2c9b0470:   db 74 45 e8 88 33 2a 00 48 89 43 70 0f ae f0 48
0x0000780c2c9b0480:   8b 43 60 49 89 45 00 48 8b 43 68 48 85 c0 49 89
0x0000780c2c9b0490:   45 08 74 0f 48 83 3d 84 6d c9 06 00 74 32 f0 83
0x0000780c2c9b04a0:   40 08 01 48 83 c4 18 4c 89 e8 5b 5d 41 5c 41 5d
0x0000780c2c9b04b0:   41 5e 41 5f c3 0f 1f 00 49 c7 45 00 00 00 00 00
0x0000780c2c9b04c0:   49 c7 45 08 00 00 00 00 eb d9 66 0f 1f 44 00 00
0x0000780c2c9b04d0:   83 40 08 01 eb cd 83 f8 0a 0f 84 c5 00 00 00 83
0x0000780c2c9b04e0:   f8 0b 0f 85 a2 fe ff ff 49 8b 7c 24 08 e8 7e af
0x0000780c2c9b04f0:   00 00 e9 79 fe ff ff 83 f8 10 74 7b 83 f8 12 0f 


Stack slot to memory mapping:
stack at sp + 0 slots: 0x00000000000000f0 is an unknown value
stack at sp + 1 slots: 0x00000120000003c0 is an unknown value
stack at sp + 2 slots: 0x000000000000001e is an unknown value
stack at sp + 3 slots: 0x0000780c3381af20: <offset 0x000000001701af20> in /home/rishabh.verma@apmosys.mahape/.djl.ai/pytorch/2.0.1-cpu-linux-x86_64/libtorch_cpu.so at 0x0000780c1c800000
stack at sp + 4 slots: 0x0000780cfe3f3a30 is pointing into the stack for thread: 0x0000780bf45faa00
stack at sp + 5 slots: 0x0000780cfe3f3a80 is pointing into the stack for thread: 0x0000780bf45faa00
stack at sp + 6 slots: 0x0000780cfe3f3a60 is pointing into the stack for thread: 0x0000780bf45faa00
stack at sp + 7 slots: 0x0000780cfe3f3a80 is pointing into the stack for thread: 0x0000780bf45faa00


Compiled method (n/a)  354141 13992     n 0       ai.djl.pytorch.jni.PyTorchLibrary::moduleRunMethod (native)
 total in heap  [0x0000780d6974da10,0x0000780d6974ddb0] = 928
 relocation     [0x0000780d6974db70,0x0000780d6974dba0] = 48
 main code      [0x0000780d6974dba0,0x0000780d6974dda8] = 520
 oops           [0x0000780d6974dda8,0x0000780d6974ddb0] = 8

[Constant Pool (empty)]

[MachCode]
[Entry Point]
  # {method} {0x0000780c74da9d80} 'moduleRunMethod' '(JLjava/lang/String;[JZZ)J' in 'ai/djl/pytorch/jni/PyTorchLibrary'
  # this:     rsi:rsi   = 'ai/djl/pytorch/jni/PyTorchLibrary'
  # parm0:    rdx:rdx   = long
  # parm1:    rcx:rcx   = 'java/lang/String'
  # parm2:    r8:r8     = '[J'
  # parm3:    r9        = boolean
  # parm4:    rdi       = boolean
  #           [sp+0x50]  (sp of caller)
  0x0000780d6974dba0: 448b 5608 | 49bb 0000 | 0003 0d78 | 0000 4d03 | d349 3bc2 | 0f84 0600 

  0x0000780d6974dbb8: ;   {runtime_call ic_miss_stub}
  0x0000780d6974dbb8: 0000 e9c1 | a123 ff90 
[Verified Entry Point]
  0x0000780d6974dbc0: 8984 2400 | c0fe ff55 | 488b ec48 | 83ec 4048 | 893c 244c | 8944 2420 | 4983 f800 | 4c8d 4424 
  0x0000780d6974dbe0: 204c 0f44 | 4424 2048 | 894c 2418 | 4883 f900 | 488d 4c24 | 1848 0f44 | 4c24 1848 | 8974 2408 
  0x0000780d6974dc00: 4883 fe00 | 488d 7424 | 0848 0f44 | 7424 08c5 

  0x0000780d6974dc10: ;   {internal_word}
  0x0000780d6974dc10: f877 49ba | 0fdc 7469 | 0d78 0000 | 4d89 9798 | 0200 0049 | 89a7 9002 

  0x0000780d6974dc28: ;   {external_word}
  0x0000780d6974dc28: 0000 803d | f4f4 5f17 | 000f 843e | 0000 0056 | 5251 4150 

  0x0000780d6974dc3c: ;   {metadata({method} {0x0000780c74da9d80} 'moduleRunMethod' '(JLjava/lang/String;[JZZ)J' in 'ai/djl/pytorch/jni/PyTorchLibrary')}
  0x0000780d6974dc3c: 4151 48be | 809d da74 | 0c78 0000 | 498b fff7 | c40f 0000 | 000f 8412 | 0000 0048 

  0x0000780d6974dc58: ;   {runtime_call SharedRuntime::dtrace_method_entry(JavaThread*, Method*)}
  0x0000780d6974dc58: 83ec 08e8 | 0055 fb16 | 4883 c408 | e905 0000 

  0x0000780d6974dc68: ;   {runtime_call SharedRuntime::dtrace_method_entry(JavaThread*, Method*)}
  0x0000780d6974dc68: 00e8 f254 | fb16 4159 | 4158 595a | 5e49 8dbf | b002 0000 | 41c7 8738 | 0300 0004 

  0x0000780d6974dc84: ;   {runtime_call Java_ai_djl_pytorch_jni_PyTorchLibrary_moduleRunMethod}
  0x0000780d6974dc84: 0000 00e8 | ede7 3d93 | c5f8 7741 | c787 3803 | 0000 0500 | 0000 f083 | 4424 c000 | 493b af40 
  0x0000780d6974dca4: 0300 000f | 8711 0000 | 0041 81bf | 2803 0000 | 0000 0000 | 0f84 2400 | 0000 c5f8 | 7748 8945 
  0x0000780d6974dcc4: f849 8bff | 4c8b e448 | 83ec 0048 

  0x0000780d6974dcd0: ;   {runtime_call JavaThread::check_special_condition_for_native_trans(JavaThread*)}
  0x0000780d6974dcd0: 83e4 f0e8 | 5867 1717 | 498b e44d | 33e4 488b | 45f8 41c7 | 8738 0300 | 0008 0000 | 0041 81bf 
  0x0000780d6974dcf0: a803 0000 | 0200 0000 | 0f84 8400 

  0x0000780d6974dcfc: ;   {external_word}
  0x0000780d6974dcfc: 0000 803d | 20f4 5f17 | 000f 8438 | 0000 0048 

  0x0000780d6974dd0c: ;   {metadata({method} {0x0000780c74da9d80} 'moduleRunMethod' '(JLjava/lang/String;[JZZ)J' in 'ai/djl/pytorch/jni/PyTorchLibrary')}
  0x0000780d6974dd0c: 8945 f848 | be80 9dda | 740c 7800 | 0049 8bff | f7c4 0f00 | 0000 0f84 | 1200 0000 | 4883 ec08 
  0x0000780d6974dd2c: ;   {runtime_call SharedRuntime::dtrace_method_exit(JavaThread*, Method*)}
  0x0000780d6974dd2c: e8df 54fb | 1648 83c4 | 08e9 0500 

  0x0000780d6974dd38: ;   {runtime_call SharedRuntime::dtrace_method_exit(JavaThread*, Method*)}
  0x0000780d6974dd38: 0000 e8d1 | 54fb 1648 | 8b45 f849 | c787 9002 | 0000 0000 | 0000 49c7 | 8798 0200 | 0000 0000 
  0x0000780d6974dd58: 00c5 f877 | 498b 8fd8 | 0000 00c7 | 8100 0100 | 0000 0000 | 00c9 4981 | 7f08 0000 | 0000 0f85 
  0x0000780d6974dd78: 0100 0000 

  0x0000780d6974dd7c: ;   {runtime_call StubRoutines (1)}
  0x0000780d6974dd7c: c3e9 7e9e | 1eff c5f8 | 7748 8945 | f84c 8be4 | 4883 ec00 | 4883 e4f0 

  0x0000780d6974dd94: ;   {runtime_call SharedRuntime::reguard_yellow_pages()}
  0x0000780d6974dd94: e867 63fb | 1649 8be4 | 4d33 e448 | 8b45 f8e9 | 56ff ffff 
[/MachCode]


Compiled method (c1)  354160 14249   !   3       ai.djl.pytorch.jni.IValueUtils::forward (151 bytes)
 total in heap  [0x0000780d629e9a10,0x0000780d629eeef8] = 21736
 relocation     [0x0000780d629e9b70,0x0000780d629ea088] = 1304
 main code      [0x0000780d629ea0a0,0x0000780d629ed680] = 13792
 stub code      [0x0000780d629ed680,0x0000780d629ed880] = 512
 oops           [0x0000780d629ed880,0x0000780d629ed8e0] = 96
 metadata       [0x0000780d629ed8e0,0x0000780d629eda50] = 368
 scopes data    [0x0000780d629eda50,0x0000780d629ee430] = 2528
 scopes pcs     [0x0000780d629ee430,0x0000780d629eec30] = 2048
 dependencies   [0x0000780d629eec30,0x0000780d629eec98] = 104
 handler table  [0x0000780d629eec98,0x0000780d629eee60] = 456
 nul chk table  [0x0000780d629eee60,0x0000780d629eeef8] = 152

[Constant Pool (empty)]

[MachCode]
[Verified Entry Point]
  # {method} {0x0000780c74ecb8e8} 'forward' '(Lai/djl/pytorch/engine/PtSymbolBlock;Lai/djl/ndarray/NDList;Z)Lai/djl/ndarray/NDList;' in 'ai/djl/pytorch/jni/IValueUtils'
  # parm0:    rsi:rsi   = 'ai/djl/pytorch/engine/PtSymbolBlock'
  # parm1:    rdx:rdx   = 'ai/djl/ndarray/NDList'
  # parm2:    rcx       = boolean
  #           [sp+0x210]  (sp of caller)
  0x0000780d629ea0a0: 8984 2400 | c0fe ff55 | 4881 ec00 | 0200 0048 | 89b4 2410 | 0100 0048 | 8994 2420 | 0100 0089 
  0x0000780d629ea0c0: 8c24 1801 

  0x0000780d629ea0c4: ;   {metadata(method data for {method} {0x0000780c74ecb8e8} 'forward' '(Lai/djl/pytorch/engine/PtSymbolBlock;Lai/djl/ndarray/NDList;Z)Lai/djl/ndarray/NDList;' in 'ai/djl/pytorch/jni/IValueUtils')}
  0x0000780d629ea0c4: 0000 48bf | 10d7 ef74 | 0c78 0000 | 8b9f f400 | 0000 83c3 | 0289 9ff4 | 0000 0081 | e3fe 0700 
  0x0000780d629ea0e4: 0083 fb00 | 0f84 512d 

  0x0000780d629ea0ec: ;   {metadata(method data for {method} {0x0000780c74ecb8e8} 'forward' '(Lai/djl/pytorch/engine/PtSymbolBlock;Lai/djl/ndarray/NDList;Z)Lai/djl/ndarray/NDList;' in 'ai/djl/pytorch/jni/IValueUtils')}
  0x0000780d629ea0ec: 0000 48bf | 10d7 ef74 | 0c78 0000 | 4883 8738 | 0100 0001 | 488b f20f 

  0x0000780d629ea104: ;   {static_call}
  0x0000780d629ea104: 1f40 00e8 

  0x0000780d629ea108: ; ImmutableOopMap {[272]=Oop [288]=Oop }
                      ;*invokestatic getInputs {reexecute=0 rethrow=0 return_oop=0}
                      ; - ai.djl.pytorch.jni.IValueUtils::forward@1 (line 52)
  0x0000780d629ea108: 742b 7700 

  0x0000780d629ea10c: ; implicit exception: dispatches to 0x0000780d629ece60
  0x0000780d629ea10c: 483b 0048 

  0x0000780d629ea110: ;   {metadata(method data for {method} {0x0000780c74ecb8e8} 'forward' '(Lai/djl/pytorch/engine/PtSymbolBlock;Lai/djl/ndarray/NDList;Z)Lai/djl/ndarray/NDList;' in 'ai/djl/pytorch/jni/IValueUtils')}
  0x0000780d629ea110: 8bf0 48ba | 10d7 ef74 | 0c78 0000 | 4883 8260 | 0100 0001 | 8b70 0c48 | c1e6 0348 | 83fe 0075 
  0x0000780d629ea130: ;   {metadata(method data for {method} {0x0000780c74ecb8e8} 'forward' '(Lai/djl/pytorch/engine/PtSymbolBlock;Lai/djl/ndarray/NDList;Z)Lai/djl/ndarray/NDList;' in 'ai/djl/pytorch/jni/IValueUtils')}
  0x0000780d629ea130: 1648 ba10 | d7ef 740c | 7800 0080 | 8a79 0100 | 0001 e9d3 

  0x0000780d629ea144: ;   {metadata('ai/djl/pytorch/jni/IValue'[])}
  0x0000780d629ea144: 0000 0048 | b990 15aa | 040d 7800 | 008b 5608 | 49ba 0000 | 0003 0d78 | 0000 4903 | d248 3b4a 
  0x0000780d629ea164: 480f 8593 

  0x0000780d629ea168: ;   {metadata(method data for {method} {0x0000780c74ecb8e8} 'forward' '(Lai/djl/pytorch/engine/PtSymbolBlock;Lai/djl/ndarray/NDList;Z)Lai/djl/ndarray/NDList;' in 'ai/djl/pytorch/jni/IValueUtils')}
  0x0000780d629ea168: 0000 0048 | ba10 d7ef | 740c 7800 | 008b 4e08 | 49ba 0000 | 0003 0d78 | 0000 4903 | ca48 3b8a 
  0x0000780d629ea188: 9001 0000 | 750d 4883 | 8298 0100 | 0001 e97f | 0000 0048 | 3b8a a001 | 0000 750d | 4883 82a8 
  0x0000780d629ea1a8: 0100 0001 | e969 0000 | 0048 81ba | 9001 0000 | 0000 0000 | 7517 4889 | 8a90 0100 | 0048 c782 
  0x0000780d629ea1c8: 9801 0000 | 0100 0000 | e945 0000 | 0048 81ba | a001 0000 | 0000 0000 | 7517 4889 | 8aa0 0100 
  0x0000780d629ea1e8: 0048 c782 | a801 0000 | 0100 0000 | e921 0000 | 00e9 1c00 

  0x0000780d629ea1fc: ;   {metadata(method data for {method} {0x0000780c74ecb8e8} 'forward' '(Lai/djl/pytorch/engine/PtSymbolBlock;Lai/djl/ndarray/NDList;Z)Lai/djl/ndarray/NDList;' in 'ai/djl/pytorch/jni/IValueUtils')}
  0x0000780d629ea1fc: 0000 48ba | 10d7 ef74 | 0c78 0000 | 4883 aa80 | 0100 0001 | e950 2c00 | 00e9 0000 | 0000 488b 
  0x0000780d629ea21c: fe48 8bf0 

  0x0000780d629ea220: ;   {metadata(method data for {method} {0x0000780c74ecb8e8} 'forward' '(Lai/djl/pytorch/engine/PtSymbolBlock;Lai/djl/ndarray/NDList;Z)Lai/djl/ndarray/NDList;' in 'ai/djl/pytorch/jni/IValueUtils')}
  0x0000780d629ea220: 48ba 10d7 | ef74 0c78 | 0000 4883 | 82d0 0100 | 0001 8b70 | 1048 c1e6 | 0348 83fe 

  0x0000780d629ea23c: ;   {metadata(method data for {method} {0x0000780c74ecb8e8} 'forward' '(Lai/djl/pytorch/engine/PtSymbolBlock;Lai/djl/ndarray/NDList;Z)Lai/djl/ndarray/NDList;' in 'ai/djl/pytorch/jni/IValueUtils')}
  0x0000780d629ea23c: 0075 1648 | ba10 d7ef | 740c 7800 | 0080 8ae9 | 0100 0001 | e9d2 0000 

  0x0000780d629ea254: ;   {metadata('java/lang/String')}
  0x0000780d629ea254: 0048 b920 | ec00 030d | 7800 008b | 5e08 49ba | 0000 0003 | 0d78 0000 | 4903 da48 | 3bcb 0f85 
  0x0000780d629ea274: 9300 0000 

  0x0000780d629ea278: ;   {metadata(method data for {method} {0x0000780c74ecb8e8} 'forward' '(Lai/djl/pytorch/engine/PtSymbolBlock;Lai/djl/ndarray/NDList;Z)Lai/djl/ndarray/NDList;' in 'ai/djl/pytorch/jni/IValueUtils')}
  0x0000780d629ea278: 48ba 10d7 | ef74 0c78 | 0000 8b4e | 0849 ba00 | 0000 030d | 7800 0049 | 03ca 483b | 8a00 0200 
  0x0000780d629ea298: 0075 0d48 | 8382 0802 | 0000 01e9 | 7f00 0000 | 483b 8a10 | 0200 0075 | 0d48 8382 | 1802 0000 
  0x0000780d629ea2b8: 01e9 6900 | 0000 4881 | ba00 0200 | 0000 0000 | 0075 1748 | 898a 0002 | 0000 48c7 | 8208 0200 
  0x0000780d629ea2d8: 0001 0000 | 00e9 4500 | 0000 4881 | ba10 0200 | 0000 0000 | 0075 1748 | 898a 1002 | 0000 48c7 
  0x0000780d629ea2f8: 8218 0200 | 0001 0000 | 00e9 2100 | 0000 e91c 

  0x0000780d629ea308: ;   {metadata(method data for {method} {0x0000780c74ecb8e8} 'forward' '(Lai/djl/pytorch/engine/PtSymbolBlock;Lai/djl/ndarray/NDList;Z)Lai/djl/ndarray/NDList;' in 'ai/djl/pytorch/jni/IValueUtils')}
  0x0000780d629ea308: 0000 0048 | ba10 d7ef | 740c 7800 | 0048 83aa | f001 0000 | 01e9 4c2b | 0000 e900 | 0000 0048 
  0x0000780d629ea328: 8bde 4889 | 9c24 2801 

  0x0000780d629ea330: ;   {metadata(method data for {method} {0x0000780c74ecb8e8} 'forward' '(Lai/djl/pytorch/engine/PtSymbolBlock;Lai/djl/ndarray/NDList;Z)Lai/djl/ndarray/NDList;' in 'ai/djl/pytorch/jni/IValueUtils')}
  0x0000780d629ea330: 0000 48be | 10d7 ef74 | 0c78 0000 | 4883 8628 | 0200 0001 

  0x0000780d629ea344: ;   {metadata(method data for {method} {0x0000780d033e6a58} 'stream' '([Ljava/lang/Object;)Ljava/util/stream/Stream;' in 'java/util/Arrays')}
  0x0000780d629ea344: 48be 2878 | 3c00 0d78 | 0000 8b96 | f400 0000 | 83c2 0289 | 96f4 0000 | 0081 e2fe | ff1f 0083 
  0x0000780d629ea364: fa00 0f84 | 0b2b 0000 

  0x0000780d629ea36c: ; implicit exception: dispatches to 0x0000780d629ece98
  0x0000780d629ea36c: 448b 4f0c | 4489 8c24 | 1c01 0000 

  0x0000780d629ea378: ;   {metadata(method data for {method} {0x0000780d033e6a58} 'stream' '([Ljava/lang/Object;)Ljava/util/stream/Stream;' in 'java/util/Arrays')}
  0x0000780d629ea378: 48be 2878 | 3c00 0d78 | 0000 4883 | 8638 0100 

  0x0000780d629ea388: ;   {metadata(method data for {method} {0x0000780d033e6a00} 'stream' '([Ljava/lang/Object;II)Ljava/util/stream/Stream;' in 'java/util/Arrays')}
  0x0000780d629ea388: 0001 48be | b079 3c00 | 0d78 0000 | 8b96 f400 | 0000 83c2 | 0289 96f4 | 0000 0081 | e2fe ff1f 
  0x0000780d629ea3a8: 0083 fa00 | 0f84 eb2a 

  0x0000780d629ea3b0: ;   {metadata(method data for {method} {0x0000780d033e6a00} 'stream' '([Ljava/lang/Object;II)Ljava/util/stream/Stream;' in 'java/util/Arrays')}
  0x0000780d629ea3b0: 0000 48be | b079 3c00 | 0d78 0000 | 4883 8638 | 0100 0001 

  0x0000780d629ea3c4: ;   {metadata(method data for {method} {0x0000780d033e62c8} 'spliterator' '([Ljava/lang/Object;II)Ljava/util/Spliterator;' in 'java/util/Arrays')}
  0x0000780d629ea3c4: 48be 587b | 3c00 0d78 | 0000 8b96 | f400 0000 | 83c2 0289 | 96f4 0000 | 0081 e2fe | ff1f 0083 
  0x0000780d629ea3e4: fa00 0f84 | d22a 0000 

  0x0000780d629ea3ec: ;   {metadata(method data for {method} {0x0000780d033e62c8} 'spliterator' '([Ljava/lang/Object;II)Ljava/util/Spliterator;' in 'java/util/Arrays')}
  0x0000780d629ea3ec: 48be 587b | 3c00 0d78 | 0000 4883 | 8638 0100 | 0001 488b | f7ba 0000 | 0000 498b | c941 b810 
  0x0000780d629ea40c: 0400 0048 | 8984 2438 | 0100 0048 | 89bc 2430 

  0x0000780d629ea41c: ;   {static_call}
  0x0000780d629ea41c: 0100 00e8 

  0x0000780d629ea420: ; ImmutableOopMap {[272]=Oop [288]=Oop [296]=Oop [304]=Oop [312]=Oop }
                      ;*invokestatic spliterator {reexecute=0 rethrow=0 return_oop=0}
                      ; - java.util.Arrays::spliterator@6 (line 5296)
                      ; - java.util.Arrays::stream@3 (line 5447)
                      ; - java.util.Arrays::stream@4 (line 5428)
                      ; - ai.djl.pytorch.jni.IValueUtils::forward@25 (line 55)
  0x0000780d629ea420: fc25 6d06 

  0x0000780d629ea424: ;   {metadata(method data for {method} {0x0000780d033e6a00} 'stream' '([Ljava/lang/Object;II)Ljava/util/stream/Stream;' in 'java/util/Arrays')}
  0x0000780d629ea424: 48be b079 | 3c00 0d78 | 0000 4883 | 8648 0100 | 0001 488b | f0ba 0000 

  0x0000780d629ea43c: ;   {static_call}
  0x0000780d629ea43c: 0000 90e8 

  0x0000780d629ea440: ; ImmutableOopMap {[272]=Oop [288]=Oop [296]=Oop [304]=Oop [312]=Oop }
                      ;*invokestatic stream {reexecute=0 rethrow=0 return_oop=0}
                      ; - java.util.Arrays::stream@7 (line 5447)
                      ; - java.util.Arrays::stream@4 (line 5428)
                      ; - ai.djl.pytorch.jni.IValueUtils::forward@25 (line 55)
  0x0000780d629ea440: dc2f 6c06 

  0x0000780d629ea444: ;   {metadata(method data for {method} {0x0000780d030d8d10} 'linkToTargetMethod' '(Ljava/lang/Object;)Ljava/lang/Object;' in 'java/lang/invoke/Invokers$Holder')}
  0x0000780d629ea444: 48ba 1878 | 14ff 0c78 | 0000 488d | 9210 0200 

  0x0000780d629ea454: ;   {oop(a 'java/lang/invoke/BoundMethodHandle$Species_L'{0x0000000754551858})}
  0x0000780d629ea454: 0048 be58 | 1855 5407 | 0000 0048 | 85f6 750e | 48f7 0201 | 0000 0075 | 05f0 4883 

  0x0000780d629ea470: ;   {metadata(method data for {method} {0x0000780c74ecb8e8} 'forward' '(Lai/djl/pytorch/engine/PtSymbolBlock;Lai/djl/ndarray/NDList;Z)Lai/djl/ndarray/NDList;' in 'ai/djl/pytorch/jni/IValueUtils')}
  0x0000780d629ea470: 0a01 48ba | 10d7 ef74 | 0c78 0000 | 4883 8238 | 0200 0001 

  0x0000780d629ea484: ;   {metadata(method data for {method} {0x0000780d030d8d10} 'linkToTargetMethod' '(Ljava/lang/Object;)Ljava/lang/Object;' in 'java/lang/invoke/Invokers$Holder')}
  0x0000780d629ea484: 48ba 1878 | 14ff 0c78 | 0000 8bba | f400 0000 | 83c7 0289 | baf4 0000 | 0081 e7fe | ff1f 0083 
  0x0000780d629ea4a4: ff00 0f84 | 332a 0000 

  0x0000780d629ea4ac: ;   {metadata(method data for {method} {0x0000780cff48c268} 'invoke' '(Ljava/lang/Object;)Ljava/lang/Object;' in 'java/lang/invoke/LambdaForm$MH+0x0000780d04014000')}
  0x0000780d629ea4ac: 48ba a0c4 | 48ff 0c78 | 0000 488d | 92c8 0100 | 0048 85f6 | 750e 48f7 | 0201 0000 | 0075 05f0 
  0x0000780d629ea4cc: 4883 0a01 

  0x0000780d629ea4d0: ;   {metadata(method data for {method} {0x0000780d030d8d10} 'linkToTargetMethod' '(Ljava/lang/Object;)Ljava/lang/Object;' in 'java/lang/invoke/Invokers$Holder')}
  0x0000780d629ea4d0: 48ba 1878 | 14ff 0c78 | 0000 4883 | 8270 0100 

  0x0000780d629ea4e0: ;   {metadata(method data for {method} {0x0000780cff48c268} 'invoke' '(Ljava/lang/Object;)Ljava/lang/Object;' in 'java/lang/invoke/LambdaForm$MH+0x0000780d04014000')}
  0x0000780d629ea4e0: 0001 48ba | a0c4 48ff | 0c78 0000 | 8bb2 f400 | 0000 83c6 | 0289 b2f4 | 0000 0081 | e6fe ff1f 
  0x0000780d629ea500: 0083 fe00 | 0f84 f629 

  0x0000780d629ea508: ;   {metadata(method data for {method} {0x0000780d030d8d10} 'linkToTargetMethod' '(Ljava/lang/Object;)Ljava/lang/Object;' in 'java/lang/invoke/Invokers$Holder')}
  0x0000780d629ea508: 0000 48ba | 1878 14ff | 0c78 0000 | 488d 92a8 

  0x0000780d629ea518: ;   {oop(a 'ai/djl/pytorch/jni/IValueUtils$$Lambda$1276+0x0000780d04aa1788'{0x0000000754551878})}
  0x0000780d629ea518: 0100 0048 | be78 1855 | 5407 0000 | 0048 85f6 | 750e 48f7 | 0201 0000 | 0075 05f0 | 4883 0a01 
  0x0000780d629ea538: ;   {metadata(method data for {method} {0x0000780c74ecb8e8} 'forward' '(Lai/djl/pytorch/engine/PtSymbolBlock;Lai/djl/ndarray/NDList;Z)Lai/djl/ndarray/NDList;' in 'ai/djl/pytorch/jni/IValueUtils')}
  0x0000780d629ea538: 48ba 10d7 | ef74 0c78 | 0000 488d | 9248 0200 | 0048 85f6 | 750e 48f7 | 0201 0000 | 0075 05f0 
  0x0000780d629ea558: 4883 0a01 | 4883 f800 | 0f84 2900 

  0x0000780d629ea564: ;   {metadata('java/util/stream/ReferencePipeline')}
  0x0000780d629ea564: 0000 48b9 | 00a7 0f03 | 0d78 0000 | 8b58 0849 | ba00 0000 | 030d 7800 | 0049 03da | 483b 4b48 
  0x0000780d629ea584: 0f85 9729 | 0000 e900 | 0000 0048 | 8bd0 483b | 0048 8bd0 

  0x0000780d629ea598: ;   {metadata(method data for {method} {0x0000780c74ecb8e8} 'forward' '(Lai/djl/pytorch/engine/PtSymbolBlock;Lai/djl/ndarray/NDList;Z)Lai/djl/ndarray/NDList;' in 'ai/djl/pytorch/jni/IValueUtils')}
  0x0000780d629ea598: 48bf 10d7 | ef74 0c78 | 0000 8b52 | 0849 ba00 | 0000 030d | 7800 0049 | 03d2 483b | 9768 0200 
  0x0000780d629ea5b8: 0075 0d48 | 8387 7002 | 0000 01e9 | 6600 0000 | 483b 9778 | 0200 0075 | 0d48 8387 | 8002 0000 
  0x0000780d629ea5d8: 01e9 5000 | 0000 4881 | bf68 0200 | 0000 0000 | 0075 1748 | 8997 6802 | 0000 48c7 | 8770 0200 
  0x0000780d629ea5f8: 0001 0000 | 00e9 2c00 | 0000 4881 | bf78 0200 | 0000 0000 | 0075 1748 | 8997 7802 | 0000 48c7 
  0x0000780d629ea618: 8780 0200 | 0001 0000 | 00e9 0800 | 0000 4883 | 8758 0200 | 0001 488b | d648 8bf0 

  0x0000780d629ea634: ;   {optimized virtual_call}
  0x0000780d629ea634: 6666 90e8 

  0x0000780d629ea638: ; ImmutableOopMap {[272]=Oop [288]=Oop [296]=Oop [304]=Oop [312]=Oop }
                      ;*invokeinterface mapToLong {reexecute=0 rethrow=0 return_oop=0}
                      ; - ai.djl.pytorch.jni.IValueUtils::forward@33 (line 55)
  0x0000780d629ea638: 84dd 1f07 | 4883 f800 | 0f84 2900 

  0x0000780d629ea644: ;   {metadata('java/util/stream/LongPipeline')}
  0x0000780d629ea644: 0000 48bb | 10dd 6f04 | 0d78 0000 | 8b78 0849 | ba00 0000 | 030d 7800 | 0049 03fa | 483b 5f48 
  0x0000780d629ea664: 0f85 c128 | 0000 e900 | 0000 0048 | 8bd0 483b | 0048 8bd0 

  0x0000780d629ea678: ;   {metadata(method data for {method} {0x0000780c74ecb8e8} 'forward' '(Lai/djl/pytorch/engine/PtSymbolBlock;Lai/djl/ndarray/NDList;Z)Lai/djl/ndarray/NDList;' in 'ai/djl/pytorch/jni/IValueUtils')}
  0x0000780d629ea678: 48be 10d7 | ef74 0c78 | 0000 8b52 | 0849 ba00 | 0000 030d | 7800 0049 | 03d2 483b | 96a0 0200 
  0x0000780d629ea698: 0075 0d48 | 8386 a802 | 0000 01e9 | 6600 0000 | 483b 96b0 | 0200 0075 | 0d48 8386 | b802 0000 
  0x0000780d629ea6b8: 01e9 5000 | 0000 4881 | bea0 0200 | 0000 0000 | 0075 1748 | 8996 a002 | 0000 48c7 | 86a8 0200 
  0x0000780d629ea6d8: 0001 0000 | 00e9 2c00 | 0000 4881 | beb0 0200 | 0000 0000 | 0075 1748 | 8996 b002 | 0000 48c7 
  0x0000780d629ea6f8: 86b8 0200 | 0001 0000 | 00e9 0800 | 0000 4883 | 8690 0200 

  0x0000780d629ea70c: ;   {metadata(method data for {method} {0x0000780c74de2038} 'toArray' '()[J' in 'java/util/stream/LongPipeline')}
  0x0000780d629ea70c: 0001 48ba | 28cb f074 | 0c78 0000 | 8bb2 f400 | 0000 83c6 | 0289 b2f4 | 0000 0081 | e6fe ff1f 
  0x0000780d629ea72c: 0083 fe00 | 0f84 ff27 

  0x0000780d629ea734: ;   {metadata(method data for {method} {0x0000780d030d8d10} 'linkToTargetMethod' '(Ljava/lang/Object;)Ljava/lang/Object;' in 'java/lang/invoke/Invokers$Holder')}
  0x0000780d629ea734: 0000 48ba | 1878 14ff | 0c78 0000 | 488d 9210 

  0x0000780d629ea744: ;   {oop(a 'java/lang/invoke/BoundMethodHandle$Species_L'{0x0000000752fec2d0})}
  0x0000780d629ea744: 0200 0048 | bed0 c2fe | 5207 0000 | 0048 85f6 | 750e 48f7 | 0201 0000 | 0075 05f0 | 4883 0a01 
  0x0000780d629ea764: ;   {metadata(method data for {method} {0x0000780c74de2038} 'toArray' '()[J' in 'java/util/stream/LongPipeline')}
  0x0000780d629ea764: 48ba 28cb | f074 0c78 | 0000 4883 | 8238 0100 

  0x0000780d629ea774: ;   {metadata(method data for {method} {0x0000780d030d8d10} 'linkToTargetMethod' '(Ljava/lang/Object;)Ljava/lang/Object;' in 'java/lang/invoke/Invokers$Holder')}
  0x0000780d629ea774: 0001 48ba | 1878 14ff | 0c78 0000 | 8bba f400 | 0000 83c7 | 0289 baf4 | 0000 0081 | e7fe ff1f 
  0x0000780d629ea794: 0083 ff00 | 0f84 b827 

  0x0000780d629ea79c: ;   {metadata(method data for {method} {0x0000780cff48c268} 'invoke' '(Ljava/lang/Object;)Ljava/lang/Object;' in 'java/lang/invoke/LambdaForm$MH+0x0000780d04014000')}
  0x0000780d629ea79c: 0000 48ba | a0c4 48ff | 0c78 0000 | 488d 92c8 | 0100 0048 | 85f6 750e | 48f7 0201 | 0000 0075 
  0x0000780d629ea7bc: 05f0 4883 

  0x0000780d629ea7c0: ;   {metadata(method data for {method} {0x0000780d030d8d10} 'linkToTargetMethod' '(Ljava/lang/Object;)Ljava/lang/Object;' in 'java/lang/invoke/Invokers$Holder')}
  0x0000780d629ea7c0: 0a01 48ba | 1878 14ff | 0c78 0000 | 4883 8270 | 0100 0001 

  0x0000780d629ea7d4: ;   {metadata(method data for {method} {0x0000780cff48c268} 'invoke' '(Ljava/lang/Object;)Ljava/lang/Object;' in 'java/lang/invoke/LambdaForm$MH+0x0000780d04014000')}
  0x0000780d629ea7d4: 48ba a0c4 | 48ff 0c78 | 0000 8bb2 | f400 0000 | 83c6 0289 | b2f4 0000 | 0081 e6fe | ff1f 0083 
  0x0000780d629ea7f4: fe00 0f84 | 7b27 0000 

  0x0000780d629ea7fc: ;   {metadata(method data for {method} {0x0000780d030d8d10} 'linkToTargetMethod' '(Ljava/lang/Object;)Ljava/lang/Object;' in 'java/lang/invoke/Invokers$Holder')}
  0x0000780d629ea7fc: 48ba 1878 | 14ff 0c78 | 0000 488d | 92a8 0100 

  0x0000780d629ea80c: ;   {oop(a 'java/util/stream/LongPipeline$$Lambda$1272+0x0000780d04ac12b0'{0x0000000752fec2f0})}
  0x0000780d629ea80c: 0048 bef0 | c2fe 5207 | 0000 0048 | 85f6 750e | 48f7 0201 | 0000 0075 | 05f0 4883 

  0x0000780d629ea828: ;   {metadata(method data for {method} {0x0000780c74de2038} 'toArray' '()[J' in 'java/util/stream/LongPipeline')}
  0x0000780d629ea828: 0a01 48ba | 28cb f074 | 0c78 0000 | 488d 9248 | 0100 0048 | 85f6 750e | 48f7 0201 | 0000 0075 
  0x0000780d629ea848: 05f0 4883 | 0a01 488b 

  0x0000780d629ea850: ;   {metadata(method data for {method} {0x0000780c74de2038} 'toArray' '()[J' in 'java/util/stream/LongPipeline')}
  0x0000780d629ea850: d048 bf28 | cbf0 740c | 7800 0048 | 8387 5801 | 0000 0148 | 8bd6 488b | f048 8984 | 2440 0100 
  0x0000780d629ea870: 0066 0f1f 

  0x0000780d629ea874: ;   {optimized virtual_call}
  0x0000780d629ea874: 4400 00e8 

  0x0000780d629ea878: ; ImmutableOopMap {[272]=Oop [288]=Oop [296]=Oop [304]=Oop [312]=Oop [320]=Oop }
                      ;*invokevirtual evaluateToArrayNode {reexecute=0 rethrow=0 return_oop=0}
                      ; - java.util.stream.LongPipeline::toArray@6 (line 545)
                      ; - ai.djl.pytorch.jni.IValueUtils::forward@38 (line 55)
  0x0000780d629ea878: a41f d806 | 4883 f800 

  0x0000780d629ea880: ;   {metadata(method data for {method} {0x0000780c74de2038} 'toArray' '()[J' in 'java/util/stream/LongPipeline')}
  0x0000780d629ea880: 7516 48bb | 28cb f074 | 0c78 0000 | 808b 8901 | 0000 01e9 | ee00 0000 

  0x0000780d629ea898: ;   {metadata('java/util/stream/Node$OfLong')}
  0x0000780d629ea898: 48be b01d | 0704 0d78 | 0000 8b58 | 0849 ba00 | 0000 030d | 7800 0049 | 03da 483b | 7320 0f84 
  0x0000780d629ea8b8: 1b00 0000 | 483b de0f | 8412 0000 

  0x0000780d629ea8c4: ;   {runtime_call slow_subtype_check Runtime1 stub}
  0x0000780d629ea8c4: 0053 56e8 | b402 0506 | 5b5b 83fb | 000f 8493 

  0x0000780d629ea8d4: ;   {metadata(method data for {method} {0x0000780c74de2038} 'toArray' '()[J' in 'java/util/stream/LongPipeline')}
  0x0000780d629ea8d4: 0000 0048 | bb28 cbf0 | 740c 7800 | 008b 7008 | 49ba 0000 | 0003 0d78 | 0000 4903 | f248 3bb3 
  0x0000780d629ea8f4: a001 0000 | 750d 4883 | 83a8 0100 | 0001 e97f | 0000 0048 | 3bb3 b001 | 0000 750d | 4883 83b8 
  0x0000780d629ea914: 0100 0001 | e969 0000 | 0048 81bb | a001 0000 | 0000 0000 | 7517 4889 | b3a0 0100 | 0048 c783 
  0x0000780d629ea934: a801 0000 | 0100 0000 | e945 0000 | 0048 81bb | b001 0000 | 0000 0000 | 7517 4889 | b3b0 0100 
  0x0000780d629ea954: 0048 c783 | b801 0000 | 0100 0000 | e921 0000 | 00e9 1c00 

  0x0000780d629ea968: ;   {metadata(method data for {method} {0x0000780c74de2038} 'toArray' '()[J' in 'java/util/stream/LongPipeline')}
  0x0000780d629ea968: 0000 48bb | 28cb f074 | 0c78 0000 | 4883 ab90 | 0100 0001 | e917 2600 | 00e9 0000 | 0000 488b 
  0x0000780d629ea988: ;   {metadata(method data for {method} {0x0000780c74de2038} 'toArray' '()[J' in 'java/util/stream/LongPipeline')}
  0x0000780d629ea988: f048 bf28 | cbf0 740c | 7800 0048 | 8387 c801 | 0000 010f 

  0x0000780d629ea99c: ;   {static_call}
  0x0000780d629ea99c: 1f40 00e8 

  0x0000780d629ea9a0: ; ImmutableOopMap {[272]=Oop [288]=Oop [296]=Oop [304]=Oop [312]=Oop [320]=Oop }
                      ;*invokestatic flattenLong {reexecute=0 rethrow=0 return_oop=0}
                      ; - java.util.stream.LongPipeline::toArray@12 (line 545)
                      ; - ai.djl.pytorch.jni.IValueUtils::forward@38 (line 55)
  0x0000780d629ea9a0: 7c28 db06 

  0x0000780d629ea9a4: ; implicit exception: dispatches to 0x0000780d629ecfa1
  0x0000780d629ea9a4: 483b 0048 

  0x0000780d629ea9a8: ;   {metadata(method data for {method} {0x0000780c74de2038} 'toArray' '()[J' in 'java/util/stream/LongPipeline')}
  0x0000780d629ea9a8: 8bf0 48bf | 28cb f074 | 0c78 0000 | 8b76 0849 | ba00 0000 | 030d 7800 | 0049 03f2 | 483b b7e8 
  0x0000780d629ea9c8: 0100 0075 | 0d48 8387 | f001 0000 | 01e9 6600 | 0000 483b | b7f8 0100 | 0075 0d48 | 8387 0002 
  0x0000780d629ea9e8: 0000 01e9 | 5000 0000 | 4881 bfe8 | 0100 0000 | 0000 0075 | 1748 89b7 | e801 0000 | 48c7 87f0 
  0x0000780d629eaa08: 0100 0001 | 0000 00e9 | 2c00 0000 | 4881 bff8 | 0100 0000 | 0000 0075 | 1748 89b7 | f801 0000 
  0x0000780d629eaa28: 48c7 8700 | 0200 0001 | 0000 00e9 | 0800 0000 | 4883 87d8 | 0100 0001 | 488b f066 | 9048 b850 
  0x0000780d629eaa48: 21ac 040d 

  0x0000780d629eaa4c: ;   {virtual_call}
  0x0000780d629eaa4c: 7800 00e8 

  0x0000780d629eaa50: ; ImmutableOopMap {[272]=Oop [288]=Oop [296]=Oop [304]=Oop [312]=Oop [320]=Oop }
                      ;*invokeinterface asPrimitiveArray {reexecute=0 rethrow=0 return_oop=0}
                      ; - java.util.stream.LongPipeline::toArray@15 (line 546)
                      ; - ai.djl.pytorch.jni.IValueUtils::forward@38 (line 55)
  0x0000780d629eaa50: cc2d db06 | 4883 f800 

  0x0000780d629eaa58: ;   {metadata(method data for {method} {0x0000780c74de2038} 'toArray' '()[J' in 'java/util/stream/LongPipeline')}
  0x0000780d629eaa58: 7516 48b9 | 28cb f074 | 0c78 0000 | 8089 0902 | 0000 01e9 | d400 0000 

  0x0000780d629eaa70: ;   {metadata({type array long})}
  0x0000780d629eaa70: 49b8 8011 | 0003 0d78 | 0000 8b48 | 0849 ba00 | 0000 030d | 7800 0049 | 03ca 4c3b | 4138 0f85 
  0x0000780d629eaa90: 9400 0000 

  0x0000780d629eaa94: ;   {metadata(method data for {method} {0x0000780c74de2038} 'toArray' '()[J' in 'java/util/stream/LongPipeline')}
  0x0000780d629eaa94: 48b9 28cb | f074 0c78 | 0000 448b | 4008 49ba | 0000 0003 | 0d78 0000 | 4d03 c24c | 3b81 2002 
  0x0000780d629eaab4: 0000 750d | 4883 8128 | 0200 0001 | e97f 0000 | 004c 3b81 | 3002 0000 | 750d 4883 | 8138 0200 
  0x0000780d629eaad4: 0001 e969 | 0000 0048 | 81b9 2002 | 0000 0000 | 0000 7517 | 4c89 8120 | 0200 0048 | c781 2802 
  0x0000780d629eaaf4: 0000 0100 | 0000 e945 | 0000 0048 | 81b9 3002 | 0000 0000 | 0000 7517 | 4c89 8130 | 0200 0048 
  0x0000780d629eab14: c781 3802 | 0000 0100 | 0000 e921 | 0000 00e9 | 1c00 0000 

  0x0000780d629eab28: ;   {metadata(method data for {method} {0x0000780c74de2038} 'toArray' '()[J' in 'java/util/stream/LongPipeline')}
  0x0000780d629eab28: 48b9 28cb | f074 0c78 | 0000 4883 | a910 0200 | 0001 e967 | 2400 00e9 | 0000 0000 | 488b d848 
  0x0000780d629eab48: 8bb4 2410 | 0100 0048 | 3b06 488b 

  0x0000780d629eab54: ;   {metadata(method data for {method} {0x0000780c74ecb8e8} 'forward' '(Lai/djl/pytorch/engine/PtSymbolBlock;Lai/djl/ndarray/NDList;Z)Lai/djl/ndarray/NDList;' in 'ai/djl/pytorch/jni/IValueUtils')}
  0x0000780d629eab54: d648 b910 | d7ef 740c | 7800 0048 | 8381 e002 

  0x0000780d629eab64: ;   {metadata(method data for {method} {0x0000780c74e1bcc0} 'getHandle' '()Ljava/lang/Long;' in 'ai/djl/pytorch/engine/PtSymbolBlock')}
  0x0000780d629eab64: 0000 0148 | ba08 94ee | 740c 7800 | 008b 8af4 | 0000 0083 | c102 898a | f400 0000 | 81e1 feff 
  0x0000780d629eab84: 1f00 83f9 | 000f 8425 | 2400 008b | 561c 48c1 | e203 483b | 0248 8bca 

  0x0000780d629eab9c: ;   {metadata(method data for {method} {0x0000780c74e1bcc0} 'getHandle' '()Ljava/lang/Long;' in 'ai/djl/pytorch/engine/PtSymbolBlock')}
  0x0000780d629eab9c: 49b8 0894 | ee74 0c78 | 0000 4983 | 8038 0100 | 0001 8b52 | 0c48 c1e2 | 0348 83fa 

  0x0000780d629eabb8: ;   {metadata(method data for {method} {0x0000780c74e1bcc0} 'getHandle' '()Ljava/lang/Long;' in 'ai/djl/pytorch/engine/PtSymbolBlock')}
  0x0000780d629eabb8: 0075 1648 | b908 94ee | 740c 7800 | 0080 8969 | 0100 0001 | e9d4 0000 

  0x0000780d629eabd0: ;   {metadata('java/lang/Long')}
  0x0000780d629eabd0: 0049 b928 | 3904 030d | 7800 0044 | 8b42 0849 | ba00 0000 | 030d 7800 | 004d 03c2 | 4d3b c80f 
  0x0000780d629eabf0: 8594 0000 

  0x0000780d629eabf4: ;   {metadata(method data for {method} {0x0000780c74e1bcc0} 'getHandle' '()Ljava/lang/Long;' in 'ai/djl/pytorch/engine/PtSymbolBlock')}
  0x0000780d629eabf4: 0048 b908 | 94ee 740c | 7800 0044 | 8b4a 0849 | ba00 0000 | 030d 7800 | 004d 03ca | 4c3b 8980 
  0x0000780d629eac14: 0100 0075 | 0d48 8381 | 8801 0000 | 01e9 7f00 | 0000 4c3b | 8990 0100 | 0075 0d48 | 8381 9801 
  0x0000780d629eac34: 0000 01e9 | 6900 0000 | 4881 b980 | 0100 0000 | 0000 0075 | 174c 8989 | 8001 0000 | 48c7 8188 
  0x0000780d629eac54: 0100 0001 | 0000 00e9 | 4500 0000 | 4881 b990 | 0100 0000 | 0000 0075 | 174c 8989 | 9001 0000 
  0x0000780d629eac74: 48c7 8198 | 0100 0001 | 0000 00e9 | 2100 0000 | e91c 0000 

  0x0000780d629eac88: ;   {metadata(method data for {method} {0x0000780c74e1bcc0} 'getHandle' '()Ljava/lang/Long;' in 'ai/djl/pytorch/engine/PtSymbolBlock')}
  0x0000780d629eac88: 0048 b908 | 94ee 740c | 7800 0048 | 83a9 7001 | 0000 01e9 | 3a23 0000 | e900 0000 | 004c 8bc2 
  0x0000780d629eaca8: 4983 f800 

  0x0000780d629eacac: ;   {metadata(method data for {method} {0x0000780c74e1bcc0} 'getHandle' '()Ljava/lang/Long;' in 'ai/djl/pytorch/engine/PtSymbolBlock')}
  0x0000780d629eacac: 48ba 0894 | ee74 0c78 | 0000 48c7 | c1b8 0100 | 000f 8407 | 0000 0048 | c7c1 a801 | 0000 4c8b 
  0x0000780d629eaccc: 0c0a 4d8d | 4901 4c89 | 0c0a 0f84 | 0320 0000 

  0x0000780d629eacdc: ; implicit exception: dispatches to 0x0000780d629ecfe3
  0x0000780d629eacdc: 493b 0049 

  0x0000780d629eace0: ;   {metadata(method data for {method} {0x0000780c74ecb8e8} 'forward' '(Lai/djl/pytorch/engine/PtSymbolBlock;Lai/djl/ndarray/NDList;Z)Lai/djl/ndarray/NDList;' in 'ai/djl/pytorch/jni/IValueUtils')}
  0x0000780d629eace0: 8bc8 49b9 | 10d7 ef74 | 0c78 0000 | 4983 8100 | 0300 0001 | 498b 4810 

  0x0000780d629eacf8: ;   {oop(a 'ai/djl/pytorch/jni/PyTorchLibrary'{0x0000000752f8b8d8})}
  0x0000780d629eacf8: 48b8 d8b8 | f852 0700 | 0000 4c8b 

  0x0000780d629ead04: ;   {metadata(method data for {method} {0x0000780c74ecb8e8} 'forward' '(Lai/djl/pytorch/engine/PtSymbolBlock;Lai/djl/ndarray/NDList;Z)Lai/djl/ndarray/NDList;' in 'ai/djl/pytorch/jni/IValueUtils')}
  0x0000780d629ead04: c049 b910 | d7ef 740c | 7800 0049 | 8381 3803 | 0000 0148 | 8bd1 488b | 8c24 2801 | 0000 4c8b 
  0x0000780d629ead24: c344 8b8c | 2418 0100 | 00bf 0000 | 0000 488b | f048 899c | 2448 0100 

  0x0000780d629ead3c: ;   {optimized virtual_call}
  0x0000780d629ead3c: 0066 90e8 

  0x0000780d629ead40: ; ImmutableOopMap {[296]=Oop [304]=Oop [312]=Oop [272]=Oop [288]=Oop [328]=Oop }
                      ;*invokevirtual moduleRunMethod {reexecute=0 rethrow=0 return_oop=0}
                      ; - ai.djl.pytorch.jni.IValueUtils::forward@63 (line 57)
  0x0000780d629ead40: 7c2e d606 | 488b 9424 | 2001 0000 

  0x0000780d629ead4c: ; implicit exception: dispatches to 0x0000780d629ecfe8
  0x0000780d629ead4c: 483b 0248 

  0x0000780d629ead50: ;   {metadata(method data for {method} {0x0000780c74ecb8e8} 'forward' '(Lai/djl/pytorch/engine/PtSymbolBlock;Lai/djl/ndarray/NDList;Z)Lai/djl/ndarray/NDList;' in 'ai/djl/pytorch/jni/IValueUtils')}
  0x0000780d629ead50: 8bf2 48b9 | 10d7 ef74 | 0c78 0000 | 8b76 0849 | ba00 0000 | 030d 7800 | 0049 03f2 | 483b b180 
  0x0000780d629ead70: 0300 0075 | 0d48 8381 | 8803 0000 | 01e9 6600 | 0000 483b | b190 0300 | 0075 0d48 | 8381 9803 
  0x0000780d629ead90: 0000 01e9 | 5000 0000 | 4881 b980 | 0300 0000 | 0000 0075 | 1748 89b1 | 8003 0000 | 48c7 8188 
  0x0000780d629eadb0: 0300 0001 | 0000 00e9 | 2c00 0000 | 4881 b990 | 0300 0000 | 0000 0075 | 1748 89b1 | 9003 0000 
  0x0000780d629eadd0: 48c7 8198 | 0300 0001 | 0000 00e9 | 0800 0000 | 4883 8170 | 0300 0001 

  0x0000780d629eade8: ;   {metadata(method data for {method} {0x0000780d03432b10} 'get' '(I)Ljava/lang/Object;' in 'java/util/ArrayList')}
  0x0000780d629eade8: 48be b02d | 04ff 0c78 | 0000 8b8e | f400 0000 | 83c1 0289 | 8ef4 0000 | 0081 e1fe | ff1f 0083 
  0x0000780d629eae08: f900 0f84 | dd21 0000 

  0x0000780d629eae10: ;   {metadata(method data for {method} {0x0000780d03432b10} 'get' '(I)Ljava/lang/Object;' in 'java/util/ArrayList')}
  0x0000780d629eae10: 8b7a 1048 | beb0 2d04 | ff0c 7800 | 0048 8386 | 3801 0000 

  0x0000780d629eae24: ;   {metadata(method data for {method} {0x0000780d03073720} 'checkIndex' '(II)I' in 'java/util/Objects')}
  0x0000780d629eae24: 0148 be78 | 2f04 ff0c | 7800 008b | 8ef4 0000 | 0083 c102 | 898e f400 | 0000 81e1 | feff 1f00 
  0x0000780d629eae44: 83f9 000f | 84c1 2100 

  0x0000780d629eae4c: ;   {metadata(method data for {method} {0x0000780d03073720} 'checkIndex' '(II)I' in 'java/util/Objects')}
  0x0000780d629eae4c: 0048 be78 | 2f04 ff0c | 7800 0048 | 8386 3801 

  0x0000780d629eae5c: ;   {metadata(method data for {method} {0x0000780d033c4b58} 'checkIndex' '(IILjava/util/function/BiFunction;)I' in 'jdk/internal/util/Preconditions')}
  0x0000780d629eae5c: 0000 0148 | be08 3104 | ff0c 7800 | 008b 8ef4 | 0000 0083 | c102 898e | f400 0000 | 81e1 feff 
  0x0000780d629eae7c: 1f00 83f9 | 000f 84a8 

  0x0000780d629eae84: ;   {metadata(method data for {method} {0x0000780d033c4b58} 'checkIndex' '(IILjava/util/function/BiFunction;)I' in 'jdk/internal/util/Preconditions')}
  0x0000780d629eae84: 2100 0048 | be08 3104 | ff0c 7800 | 00ff 8648 | 0100 0083 

  0x0000780d629eae98: ;   {metadata(method data for {method} {0x0000780d033c4b58} 'checkIndex' '(IILjava/util/function/BiFunction;)I' in 'jdk/internal/util/Preconditions')}
  0x0000780d629eae98: ff00 48be | 0831 04ff | 0c78 0000 | 48c7 c168 | 0100 000f | 8e07 0000 | 0048 c7c1 | 5801 0000 
  0x0000780d629eaeb8: 4c8b 040e | 4d8d 4001 | 4c89 040e | 0f8e ca1d | 0000 488b 

  0x0000780d629eaecc: ;   {metadata(method data for {method} {0x0000780d03432b10} 'get' '(I)Ljava/lang/Object;' in 'java/util/ArrayList')}
  0x0000780d629eaecc: f248 b9b0 | 2d04 ff0c | 7800 008b | 7608 49ba | 0000 0003 | 0d78 0000 | 4903 f248 | 3bb1 5801 
  0x0000780d629eaeec: 0000 750d | 4883 8160 | 0100 0001 | e966 0000 | 0048 3bb1 | 6801 0000 | 750d 4883 | 8170 0100 
  0x0000780d629eaf0c: 0001 e950 | 0000 0048 | 81b9 5801 | 0000 0000 | 0000 7517 | 4889 b158 | 0100 0048 | c781 6001 
  0x0000780d629eaf2c: 0000 0100 | 0000 e92c | 0000 0048 | 81b9 6801 | 0000 0000 | 0000 7517 | 4889 b168 | 0100 0048 
  0x0000780d629eaf4c: c781 7001 | 0000 0100 | 0000 e908 | 0000 0048 | 8381 4801 

  0x0000780d629eaf60: ;   {metadata(method data for {method} {0x0000780d034331e8} 'elementData' '(I)Ljava/lang/Object;' in 'java/util/ArrayList')}
  0x0000780d629eaf60: 0000 0148 | be08 3504 | ff0c 7800 | 008b 8ef4 | 0000 0083 | c102 898e | f400 0000 | 81e1 feff 
  0x0000780d629eaf80: 1f00 83f9 | 000f 84c5 | 2000 008b | 7214 48c1 | e603 817e | 0c00 0000 | 000f 86dc | 2000 008b 
  0x0000780d629eafa0: 7610 48c1 | e603 4889 | 8424 5001 | 0000 448b | 8c24 1c01 | 0000 4883 | fe00 7517 

  0x0000780d629eafbc: ;   {metadata(method data for {method} {0x0000780c74ecb8e8} 'forward' '(Lai/djl/pytorch/engine/PtSymbolBlock;Lai/djl/ndarray/NDList;Z)Lai/djl/ndarray/NDList;' in 'ai/djl/pytorch/jni/IValueUtils')}
  0x0000780d629eafbc: 49b8 10d7 | ef74 0c78 | 0000 4180 | 88a1 0300 | 0001 e9f3 

  0x0000780d629eafd0: ;   {metadata('ai/djl/ndarray/NDArray')}
  0x0000780d629eafd0: 0000 0048 | bf00 c2a8 | 040d 7800 | 0044 8b46 | 0849 ba00 | 0000 030d | 7800 004d | 03c2 493b 
  0x0000780d629eaff0: 7820 0f84 | 1f00 0000 | 4c3b c70f | 8416 0000 | 0041 5057 

  0x0000780d629eb004: ;   {runtime_call slow_subtype_check Runtime1 stub}
  0x0000780d629eb004: e877 fb04 | 0641 5841 | 5841 83f8 | 000f 8493 

  0x0000780d629eb014: ;   {metadata(method data for {method} {0x0000780c74ecb8e8} 'forward' '(Lai/djl/pytorch/engine/PtSymbolBlock;Lai/djl/ndarray/NDList;Z)Lai/djl/ndarray/NDList;' in 'ai/djl/pytorch/jni/IValueUtils')}
  0x0000780d629eb014: 0000 0049 | b810 d7ef | 740c 7800 | 008b 7e08 | 49ba 0000 | 0003 0d78 | 0000 4903 | fa49 3bb8 
  0x0000780d629eb034: b803 0000 | 750d 4983 | 80c0 0300 | 0001 e97f | 0000 0049 | 3bb8 c803 | 0000 750d | 4983 80d0 
  0x0000780d629eb054: 0300 0001 | e969 0000 | 0049 81b8 | b803 0000 | 0000 0000 | 7517 4989 | b8b8 0300 | 0049 c780 
  0x0000780d629eb074: c003 0000 | 0100 0000 | e945 0000 | 0049 81b8 | c803 0000 | 0000 0000 | 7517 4989 | b8c8 0300 
  0x0000780d629eb094: 0049 c780 | d003 0000 | 0100 0000 | e921 0000 | 00e9 1c00 

  0x0000780d629eb0a8: ;   {metadata(method data for {method} {0x0000780c74ecb8e8} 'forward' '(Lai/djl/pytorch/engine/PtSymbolBlock;Lai/djl/ndarray/NDList;Z)Lai/djl/ndarray/NDList;' in 'ai/djl/pytorch/jni/IValueUtils')}
  0x0000780d629eb0a8: 0000 49b8 | 10d7 ef74 | 0c78 0000 | 4983 a8a8 | 0300 0001 | e9cc 1f00 | 00e9 0000 | 0000 4883 
  0x0000780d629eb0c8: fe00 0f84 | 2900 0000 

  0x0000780d629eb0d0: ;   {metadata('ai/djl/pytorch/engine/PtNDArray')}
  0x0000780d629eb0d0: 48bb 0000 | a904 0d78 | 0000 8b7e | 0849 ba00 | 0000 030d | 7800 0049 | 03fa 483b | 5f40 0f85 
  0x0000780d629eb0f0: a21f 0000 | e900 0000 | 0048 8bce 

  0x0000780d629eb0fc: ; implicit exception: dispatches to 0x0000780d629ed09b
  0x0000780d629eb0fc: 483b 0648 

  0x0000780d629eb100: ;   {metadata(method data for {method} {0x0000780c74ecb8e8} 'forward' '(Lai/djl/pytorch/engine/PtSymbolBlock;Lai/djl/ndarray/NDList;Z)Lai/djl/ndarray/NDList;' in 'ai/djl/pytorch/jni/IValueUtils')}
  0x0000780d629eb100: 8bce 49b8 | 10d7 ef74 | 0c78 0000 | 4983 80f8 | 0300 0001 

  0x0000780d629eb114: ;   {metadata(method data for {method} {0x0000780c74e3e420} 'getManager' '()Lai/djl/ndarray/NDManager;' in 'ai/djl/pytorch/engine/PtNDArray')}
  0x0000780d629eb114: 48b9 e82b | ef74 0c78 | 0000 448b | 81f4 0000 | 0041 83c0 | 0244 8981 | f400 0000 | 4181 e0fe 
  0x0000780d629eb134: ff1f 0041 | 83f8 000f | 845f 1f00 | 0048 8bce 

  0x0000780d629eb144: ;   {metadata(method data for {method} {0x0000780c74e3e420} 'getManager' '()Lai/djl/ndarray/NDManager;' in 'ai/djl/pytorch/engine/PtNDArray')}
  0x0000780d629eb144: 49b8 e82b | ef74 0c78 | 0000 4983 | 8050 0100 | 0001 8b7e | 3048 c1e7 

  0x0000780d629eb15c: ;   {metadata(method data for {method} {0x0000780c74ecb8e8} 'forward' '(Lai/djl/pytorch/engine/PtSymbolBlock;Lai/djl/ndarray/NDList;Z)Lai/djl/ndarray/NDList;' in 'ai/djl/pytorch/jni/IValueUtils')}
  0x0000780d629eb15c: 0348 be10 | d7ef 740c | 7800 0048 | 8386 5004 

  0x0000780d629eb16c: ;   {metadata(method data for {method} {0x0000780d033e6a58} 'stream' '([Ljava/lang/Object;)Ljava/util/stream/Stream;' in 'java/util/Arrays')}
  0x0000780d629eb16c: 0000 0148 | be28 783c | 000d 7800 | 008b 8ef4 | 0000 0083 | c102 898e | f400 0000 | 81e1 feff 
  0x0000780d629eb18c: 1f00 83f9 | 000f 842a 

  0x0000780d629eb194: ;   {metadata(method data for {method} {0x0000780d033e6a58} 'stream' '([Ljava/lang/Object;)Ljava/util/stream/Stream;' in 'java/util/Arrays')}
  0x0000780d629eb194: 1f00 0048 | be28 783c | 000d 7800 | 0048 8386 | 3801 0000 

  0x0000780d629eb1a8: ;   {metadata(method data for {method} {0x0000780d033e6a00} 'stream' '([Ljava/lang/Object;II)Ljava/util/stream/Stream;' in 'java/util/Arrays')}
  0x0000780d629eb1a8: 0148 beb0 | 793c 000d | 7800 008b | 8ef4 0000 | 0083 c102 | 898e f400 | 0000 81e1 | feff 1f00 
  0x0000780d629eb1c8: 83f9 000f | 8411 1f00 

  0x0000780d629eb1d0: ;   {metadata(method data for {method} {0x0000780d033e6a00} 'stream' '([Ljava/lang/Object;II)Ljava/util/stream/Stream;' in 'java/util/Arrays')}
  0x0000780d629eb1d0: 0048 beb0 | 793c 000d | 7800 0048 | 8386 3801 

  0x0000780d629eb1e0: ;   {metadata(method data for {method} {0x0000780d033e62c8} 'spliterator' '([Ljava/lang/Object;II)Ljava/util/Spliterator;' in 'java/util/Arrays')}
  0x0000780d629eb1e0: 0000 0148 | be58 7b3c | 000d 7800 | 008b 8ef4 | 0000 0083 | c102 898e | f400 0000 | 81e1 feff 
  0x0000780d629eb200: 1f00 83f9 | 000f 84f8 

  0x0000780d629eb208: ;   {metadata(method data for {method} {0x0000780d033e62c8} 'spliterator' '([Ljava/lang/Object;II)Ljava/util/Spliterator;' in 'java/util/Arrays')}
  0x0000780d629eb208: 1e00 0048 | be58 7b3c | 000d 7800 | 0048 8386 | 3801 0000 | 0148 8bb4 | 2430 0100 | 00ba 0000 
  0x0000780d629eb228: 0000 498b | c941 b810 | 0400 0048 | 89bc 2458 | 0100 000f 

  0x0000780d629eb23c: ;   {static_call}
  0x0000780d629eb23c: 1f40 00e8 

  0x0000780d629eb240: ; ImmutableOopMap {[296]=Oop [304]=Oop [312]=Oop [272]=Oop [328]=Oop [288]=Oop [344]=Oop }
                      ;*invokestatic spliterator {reexecute=0 rethrow=0 return_oop=0}
                      ; - java.util.Arrays::spliterator@6 (line 5296)
                      ; - java.util.Arrays::stream@3 (line 5447)
                      ; - java.util.Arrays::stream@4 (line 5428)
                      ; - ai.djl.pytorch.jni.IValueUtils::forward@88 (line 60)
  0x0000780d629eb240: dc17 6d06 

  0x0000780d629eb244: ;   {metadata(method data for {method} {0x0000780d033e6a00} 'stream' '([Ljava/lang/Object;II)Ljava/util/stream/Stream;' in 'java/util/Arrays')}
  0x0000780d629eb244: 48be b079 | 3c00 0d78 | 0000 4883 | 8648 0100 | 0001 488b | f0ba 0000 

  0x0000780d629eb25c: ;   {static_call}
  0x0000780d629eb25c: 0000 90e8 

  0x0000780d629eb260: ; ImmutableOopMap {[296]=Oop [304]=Oop [312]=Oop [272]=Oop [328]=Oop [288]=Oop [344]=Oop }
                      ;*invokestatic stream {reexecute=0 rethrow=0 return_oop=0}
                      ; - java.util.Arrays::stream@7 (line 5447)
                      ; - java.util.Arrays::stream@4 (line 5428)
                      ; - ai.djl.pytorch.jni.IValueUtils::forward@88 (line 60)
  0x0000780d629eb260: bc21 6c06 

  0x0000780d629eb264: ;   {metadata(method data for {method} {0x0000780d030d8d10} 'linkToTargetMethod' '(Ljava/lang/Object;)Ljava/lang/Object;' in 'java/lang/invoke/Invokers$Holder')}
  0x0000780d629eb264: 48ba 1878 | 14ff 0c78 | 0000 488d | 9210 0200 

  0x0000780d629eb274: ;   {oop(a 'java/lang/invoke/BoundMethodHandle$Species_L'{0x0000000754551828})}
  0x0000780d629eb274: 0048 be28 | 1855 5407 | 0000 0048 | 85f6 750e | 48f7 0201 | 0000 0075 | 05f0 4883 

  0x0000780d629eb290: ;   {metadata(method data for {method} {0x0000780c74ecb8e8} 'forward' '(Lai/djl/pytorch/engine/PtSymbolBlock;Lai/djl/ndarray/NDList;Z)Lai/djl/ndarray/NDList;' in 'ai/djl/pytorch/jni/IValueUtils')}
  0x0000780d629eb290: 0a01 48ba | 10d7 ef74 | 0c78 0000 | 4883 8260 | 0400 0001 

  0x0000780d629eb2a4: ;   {metadata(method data for {method} {0x0000780d030d8d10} 'linkToTargetMethod' '(Ljava/lang/Object;)Ljava/lang/Object;' in 'java/lang/invoke/Invokers$Holder')}
  0x0000780d629eb2a4: 48ba 1878 | 14ff 0c78 | 0000 8bba | f400 0000 | 83c7 0289 | baf4 0000 | 0081 e7fe | ff1f 0083 
  0x0000780d629eb2c4: ff00 0f84 | 581e 0000 

  0x0000780d629eb2cc: ;   {metadata(method data for {method} {0x0000780cff48c268} 'invoke' '(Ljava/lang/Object;)Ljava/lang/Object;' in 'java/lang/invoke/LambdaForm$MH+0x0000780d04014000')}
  0x0000780d629eb2cc: 48ba a0c4 | 48ff 0c78 | 0000 488d | 92c8 0100 | 0048 85f6 | 750e 48f7 | 0201 0000 | 0075 05f0 
  0x0000780d629eb2ec: 4883 0a01 

  0x0000780d629eb2f0: ;   {metadata(method data for {method} {0x0000780d030d8d10} 'linkToTargetMethod' '(Ljava/lang/Object;)Ljava/lang/Object;' in 'java/lang/invoke/Invokers$Holder')}
  0x0000780d629eb2f0: 48ba 1878 | 14ff 0c78 | 0000 4883 | 8270 0100 

  0x0000780d629eb300: ;   {metadata(method data for {method} {0x0000780cff48c268} 'invoke' '(Ljava/lang/Object;)Ljava/lang/Object;' in 'java/lang/invoke/LambdaForm$MH+0x0000780d04014000')}
  0x0000780d629eb300: 0001 48ba | a0c4 48ff | 0c78 0000 | 8bb2 f400 | 0000 83c6 | 0289 b2f4 | 0000 0081 | e6fe ff1f 
  0x0000780d629eb320: 0083 fe00 | 0f84 1b1e 

  0x0000780d629eb328: ;   {metadata(method data for {method} {0x0000780d030d8d10} 'linkToTargetMethod' '(Ljava/lang/Object;)Ljava/lang/Object;' in 'java/lang/invoke/Invokers$Holder')}
  0x0000780d629eb328: 0000 48ba | 1878 14ff | 0c78 0000 | 488d 92a8 

  0x0000780d629eb338: ;   {oop(a 'ai/djl/pytorch/jni/IValueUtils$$Lambda$1277+0x0000780d04aa19a8'{0x0000000754551848})}
  0x0000780d629eb338: 0100 0048 | be48 1855 | 5407 0000 | 0048 85f6 | 750e 48f7 | 0201 0000 | 0075 05f0 | 4883 0a01 
  0x0000780d629eb358: ;   {metadata(method data for {method} {0x0000780c74ecb8e8} 'forward' '(Lai/djl/pytorch/engine/PtSymbolBlock;Lai/djl/ndarray/NDList;Z)Lai/djl/ndarray/NDList;' in 'ai/djl/pytorch/jni/IValueUtils')}
  0x0000780d629eb358: 48ba 10d7 | ef74 0c78 | 0000 488d | 9270 0400 | 0048 85f6 | 750e 48f7 | 0201 0000 | 0075 05f0 
  0x0000780d629eb378: 4883 0a01 

  0x0000780d629eb37c: ; implicit exception: dispatches to 0x0000780d629ed166
  0x0000780d629eb37c: 483b 0048 

  0x0000780d629eb380: ;   {metadata(method data for {method} {0x0000780c74ecb8e8} 'forward' '(Lai/djl/pytorch/engine/PtSymbolBlock;Lai/djl/ndarray/NDList;Z)Lai/djl/ndarray/NDList;' in 'ai/djl/pytorch/jni/IValueUtils')}
  0x0000780d629eb380: 8bd0 48bf | 10d7 ef74 | 0c78 0000 | 8b52 0849 | ba00 0000 | 030d 7800 | 0049 03d2 | 483b 9790 
  0x0000780d629eb3a0: 0400 0075 | 0d48 8387 | 9804 0000 | 01e9 6600 | 0000 483b | 97a0 0400 | 0075 0d48 | 8387 a804 
  0x0000780d629eb3c0: 0000 01e9 | 5000 0000 | 4881 bf90 | 0400 0000 | 0000 0075 | 1748 8997 | 9004 0000 | 48c7 8798 
  0x0000780d629eb3e0: 0400 0001 | 0000 00e9 | 2c00 0000 | 4881 bfa0 | 0400 0000 | 0000 0075 | 1748 8997 | a004 0000 
  0x0000780d629eb400: 48c7 87a8 | 0400 0001 | 0000 00e9 | 0800 0000 | 4883 8780 | 0400 0001 | 488b d648 | 8bf0 0f1f 
  0x0000780d629eb420: 8000 0000 | 0048 b858 | 9c0f 030d 

  0x0000780d629eb42c: ;   {virtual_call}
  0x0000780d629eb42c: 7800 00e8 

  0x0000780d629eb430: ; ImmutableOopMap {[296]=Oop [304]=Oop [312]=Oop [272]=Oop [328]=Oop [288]=Oop [344]=Oop }
                      ;*invokeinterface forEach {reexecute=0 rethrow=0 return_oop=0}
                      ; - ai.djl.pytorch.jni.IValueUtils::forward@96 (line 60)
  0x0000780d629eb430: 0ce0 d8fe 

  0x0000780d629eb434: ;   {metadata('ai/djl/pytorch/jni/IValue')}
  0x0000780d629eb434: 48ba 7812 | aa04 0d78 | 0000 498b | 8708 0100 | 0048 8d78 | 1849 3bbf | 1801 0000 | 0f87 151d 
  0x0000780d629eb454: 0000 4989 | bf08 0100 | 0048 c700 | 0100 0000 | 488b ca49 | ba00 0000 | 030d 7800 | 0049 2bca 
  0x0000780d629eb474: 8948 0848 | 33c9 8948 | 0c48 33c9 | 4889 4810 | 4889 8424 | 6001 0000 

  0x0000780d629eb48c: ;   {metadata(method data for {method} {0x0000780c74ecb8e8} 'forward' '(Lai/djl/pytorch/engine/PtSymbolBlock;Lai/djl/ndarray/NDList;Z)Lai/djl/ndarray/NDList;' in 'ai/djl/pytorch/jni/IValueUtils')}
  0x0000780d629eb48c: 488b f048 | bf10 d7ef | 740c 7800 | 0048 8387 | b804 0000 

  0x0000780d629eb4a0: ;   {metadata(method data for {method} {0x0000780c74ece658} '<init>' '(J)V' in 'ai/djl/pytorch/jni/IValue')}
  0x0000780d629eb4a0: 0148 bec0 | bfed 740c | 7800 008b | bef4 0000 | 0083 c702 | 89be f400 | 0000 81e7 | feff 1f00 
  0x0000780d629eb4c0: 83ff 000f | 84af 1c00 

  0x0000780d629eb4c8: ;   {metadata(method data for {method} {0x0000780c74ece658} '<init>' '(J)V' in 'ai/djl/pytorch/jni/IValue')}
  0x0000780d629eb4c8: 0048 bec0 | bfed 740c | 7800 0048 | 8386 3801 | 0000 0148 | 8bb4 2450 | 0100 000f 

  0x0000780d629eb4e4: ;   {static_call}
  0x0000780d629eb4e4: 1f40 00e8 

  0x0000780d629eb4e8: ; ImmutableOopMap {[296]=Oop [304]=Oop [312]=Oop [272]=Oop [328]=Oop [288]=Oop [344]=Oop [352]=Oop }
                      ;*invokestatic valueOf {reexecute=0 rethrow=0 return_oop=0}
                      ; - ai.djl.pytorch.jni.IValue::<init>@2 (line 34)
                      ; - ai.djl.pytorch.jni.IValueUtils::forward@107 (line 61)
  0x0000780d629eb4e8: b457 ad06 | 488b 9424 | 6001 0000 

  0x0000780d629eb4f4: ;   {metadata(method data for {method} {0x0000780c74ece658} '<init>' '(J)V' in 'ai/djl/pytorch/jni/IValue')}
  0x0000780d629eb4f4: 48be c0bf | ed74 0c78 | 0000 4883 | 8648 0100 | 0001 488b | d048 8bb4 | 2460 0100 | 0066 0f1f 
  0x0000780d629eb514: ;   {optimized virtual_call}
  0x0000780d629eb514: 4400 00e8 

  0x0000780d629eb518: ; ImmutableOopMap {[296]=Oop [304]=Oop [312]=Oop [272]=Oop [328]=Oop [288]=Oop [344]=Oop [352]=Oop }
                      ;*invokespecial <init> {reexecute=0 rethrow=0 return_oop=0}
                      ; - ai.djl.pytorch.jni.IValue::<init>@5 (line 34)
                      ; - ai.djl.pytorch.jni.IValueUtils::forward@107 (line 61)
  0x0000780d629eb518: e4c0 d606 | 488b 8424 | 6001 0000 

  0x0000780d629eb524: ;   {metadata(method data for {method} {0x0000780c74ecb8e8} 'forward' '(Lai/djl/pytorch/engine/PtSymbolBlock;Lai/djl/ndarray/NDList;Z)Lai/djl/ndarray/NDList;' in 'ai/djl/pytorch/jni/IValueUtils')}
  0x0000780d629eb524: 48ba 10d7 | ef74 0c78 | 0000 4883 | 82e0 0400 | 0001 488b | 9424 5801 | 0000 488b | b424 6001 
  0x0000780d629eb544: ;   {optimized virtual_call}
  0x0000780d629eb544: 0000 90e8 

  0x0000780d629eb548: ; ImmutableOopMap {[296]=Oop [304]=Oop [312]=Oop [272]=Oop [328]=Oop [288]=Oop [344]=Oop [352]=Oop }
                      ;*invokevirtual toNDList {reexecute=0 rethrow=0 return_oop=0}
                      ; - ai.djl.pytorch.jni.IValueUtils::forward@116 (line 62)
  0x0000780d629eb548: d4a0 f9ff | 4889 8424 | 6801 0000 | 488b bc24 | 6001 0000 

  0x0000780d629eb55c: ;   {metadata(method data for {method} {0x0000780c74ecb8e8} 'forward' '(Lai/djl/pytorch/engine/PtSymbolBlock;Lai/djl/ndarray/NDList;Z)Lai/djl/ndarray/NDList;' in 'ai/djl/pytorch/jni/IValueUtils')}
  0x0000780d629eb55c: 488b d748 | be10 d7ef | 740c 7800 | 0048 8386 | 1805 0000 

  0x0000780d629eb570: ;   {metadata(method data for {method} {0x0000780c74ed0900} 'close' '()V' in 'ai/djl/pytorch/jni/IValue')}
  0x0000780d629eb570: 0148 ba68 | c1ed 740c | 7800 008b | b2f4 0000 | 0083 c602 | 89b2 f400 | 0000 81e6 | feff 1f00 
  0x0000780d629eb590: 83fe 000f | 8400 1c00 | 008b 5f0c | 48c1 e303 | 4889 9c24 | b801 0000 

  0x0000780d629eb5a8: ; implicit exception: dispatches to 0x0000780d629ed1ba
  0x0000780d629eb5a8: 483b 0348 

  0x0000780d629eb5ac: ;   {metadata(method data for {method} {0x0000780c74ed0900} 'close' '()V' in 'ai/djl/pytorch/jni/IValue')}
  0x0000780d629eb5ac: 8bd3 48be | 68c1 ed74 | 0c78 0000 | 4883 8638 | 0100 0001 

  0x0000780d629eb5c0: ;   {metadata(method data for {method} {0x0000780cff393698} 'getAndSet' '(Ljava/lang/Object;)Ljava/lang/Object;' in 'java/util/concurrent/atomic/AtomicReference')}
  0x0000780d629eb5c0: 48ba 40bc | df74 0c78 | 0000 8bb2 | f400 0000 | 83c6 0289 | b2f4 0000 | 0081 e6fe | ff1f 0083 
  0x0000780d629eb5e0: fe00 0f84 | d71b 0000 

  0x0000780d629eb5e8: ;   {metadata(method data for {method} {0x0000780cff393698} 'getAndSet' '(Ljava/lang/Object;)Ljava/lang/Object;' in 'java/util/concurrent/atomic/AtomicReference')}
  0x0000780d629eb5e8: 48ba 40bc | df74 0c78 | 0000 488d | 9270 0100 | 008b 7308 | 49ba 0000 | 0003 0d78 | 0000 4903 
  0x0000780d629eb608: f24c 8bd6 | 4833 7208 | 48f7 c6fc | ffff ff74 | 0e48 f7c6 | 0200 0000 | 7505 4883 

  0x0000780d629eb624: ;   {metadata(method data for {method} {0x0000780d03190fc0} 'guard_LL_L' '(Ljava/lang/invoke/VarHandle;Ljava/lang/Object;Ljava/lang/Object;Ljava/lang/invoke/VarHandle$AccessDescriptor;)Ljava/lang/Object;' in 'java/lang/invoke/VarHandleGuards')}
  0x0000780d629eb624: 4a08 0248 | ba28 bedf | 740c 7800 | 0048 8d92 | a004 0000 

  0x0000780d629eb638: ;   {oop(a 'java/lang/invoke/VarHandleReferences$FieldInstanceReadWrite'{0x0000000750edbab8})}
  0x0000780d629eb638: 48be b8ba | ed50 0700 | 0000 4885 | f675 0e48 | f702 0100 | 0000 7505 | f048 830a | 018b 4b08 
  0x0000780d629eb658: 49ba 0000 | 0003 0d78 | 0000 4903 | ca4c 8bd1 | 4833 4a10 | 48f7 c1fc | ffff ff74 | 0e48 f7c1 
  0x0000780d629eb678: 0200 0000 | 7505 4883 

  0x0000780d629eb680: ;   {metadata(method data for {method} {0x0000780cff393698} 'getAndSet' '(Ljava/lang/Object;)Ljava/lang/Object;' in 'java/util/concurrent/atomic/AtomicReference')}
  0x0000780d629eb680: 4a10 0248 | ba40 bcdf | 740c 7800 | 0048 8382 | 3801 0000 

  0x0000780d629eb694: ;   {metadata(method data for {method} {0x0000780d03190fc0} 'guard_LL_L' '(Ljava/lang/invoke/VarHandle;Ljava/lang/Object;Ljava/lang/Object;Ljava/lang/invoke/VarHandle$AccessDescriptor;)Ljava/lang/Object;' in 'java/lang/invoke/VarHandleGuards')}
  0x0000780d629eb694: 0148 ba28 | bedf 740c | 7800 008b | 8af4 0000 | 0083 c102 | 898a f400 | 0000 81e1 | feff 1f00 
  0x0000780d629eb6b4: 83f9 000f | 8423 1b00 

  0x0000780d629eb6bc: ;   {metadata(method data for {method} {0x0000780d03190fc0} 'guard_LL_L' '(Ljava/lang/invoke/VarHandle;Ljava/lang/Object;Ljava/lang/Object;Ljava/lang/invoke/VarHandle$AccessDescriptor;)Ljava/lang/Object;' in 'java/lang/invoke/VarHandleGuards')}
  0x0000780d629eb6bc: 0048 ba28 | bedf 740c | 7800 0048 | 8d92 7001 

  0x0000780d629eb6cc: ;   {oop(a 'java/lang/invoke/VarHandle$AccessDescriptor'{0x00000007533845a0})}
  0x0000780d629eb6cc: 0000 48b9 | a045 3853 | 0700 0000 | 4885 c975 | 1048 f742 | 0801 0000 | 0075 06f0 | 4883 4a08 
  0x0000780d629eb6ec: ;   {metadata(method data for {method} {0x0000780d03190fc0} 'guard_LL_L' '(Ljava/lang/invoke/VarHandle;Ljava/lang/Object;Ljava/lang/Object;Ljava/lang/invoke/VarHandle$AccessDescriptor;)Ljava/lang/Object;' in 'java/lang/invoke/VarHandleGuards')}
  0x0000780d629eb6ec: 0148 ba28 | bedf 740c | 7800 0048 | 8382 3801 

  0x0000780d629eb6fc: ;   {metadata(method data for {method} {0x0000780d030c81e0} 'checkExactAccessMode' '(Ljava/lang/invoke/VarHandle$AccessDescriptor;)V' in 'java/lang/invoke/VarHandle')}
  0x0000780d629eb6fc: 0000 0148 | ba20 ef28 | ff0c 7800 | 008b b2f4 | 0000 0083 | c602 89b2 | f400 0000 | 81e6 feff 
  0x0000780d629eb71c: 1f00 83fe | 000f 84da 

  0x0000780d629eb724: ;   {metadata(method data for {method} {0x0000780d030c81e0} 'checkExactAccessMode' '(Ljava/lang/invoke/VarHandle$AccessDescriptor;)V' in 'java/lang/invoke/VarHandle')}
  0x0000780d629eb724: 1a00 0048 | ba20 ef28 | ff0c 7800 | 00ff 8238 

  0x0000780d629eb734: ;   {oop(a 'java/lang/invoke/VarHandleReferences$FieldInstanceReadWrite'{0x0000000750edbab8})}
  0x0000780d629eb734: 0100 0048 | bab8 baed | 5007 0000 

  0x0000780d629eb740: ;   {metadata(method data for {method} {0x0000780d03190fc0} 'guard_LL_L' '(Ljava/lang/invoke/VarHandle;Ljava/lang/Object;Ljava/lang/Object;Ljava/lang/invoke/VarHandle$AccessDescriptor;)Ljava/lang/Object;' in 'java/lang/invoke/VarHandleGuards')}
  0x0000780d629eb740: 0048 be28 | bedf 740c | 7800 008b | 5208 49ba | 0000 0003 | 0d78 0000 | 4903 d248 | 3b96 9801 
  0x0000780d629eb760: 0000 750d | 4883 86a0 | 0100 0001 | e966 0000 | 0048 3b96 | a801 0000 | 750d 4883 | 86b0 0100 
  0x0000780d629eb780: 0001 e950 | 0000 0048 | 81be 9801 | 0000 0000 | 0000 7517 | 4889 9698 | 0100 0048 | c786 a001 
  0x0000780d629eb7a0: 0000 0100 | 0000 e92c | 0000 0048 | 81be a801 | 0000 0000 | 0000 7517 | 4889 96a8 | 0100 0048 
  0x0000780d629eb7c0: c786 b001 | 0000 0100 | 0000 e908 | 0000 0048 | 8386 8801 

  0x0000780d629eb7d4: ;   {metadata(method data for {method} {0x0000780d030c2ea8} 'isDirect' '()Z' in 'java/lang/invoke/VarHandle')}
  0x0000780d629eb7d4: 0000 0148 | bab8 0029 | ff0c 7800 | 008b b2f4 | 0000 0083 | c602 89b2 | f400 0000 | 81e6 feff 
  0x0000780d629eb7f4: 1f00 83fe | 000f 8423 

  0x0000780d629eb7fc: ;   {metadata(method data for {method} {0x0000780d03190fc0} 'guard_LL_L' '(Ljava/lang/invoke/VarHandle;Ljava/lang/Object;Ljava/lang/Object;Ljava/lang/invoke/VarHandle$AccessDescriptor;)Ljava/lang/Object;' in 'java/lang/invoke/VarHandleGuards')}
  0x0000780d629eb7fc: 1a00 0048 | ba28 bedf | 740c 7800 | 00ff 82d0 

  0x0000780d629eb80c: ;   {metadata(method data for {method} {0x0000780d03190fc0} 'guard_LL_L' '(Ljava/lang/invoke/VarHandle;Ljava/lang/Object;Ljava/lang/Object;Ljava/lang/invoke/VarHandle$AccessDescriptor;)Ljava/lang/Object;' in 'java/lang/invoke/VarHandleGuards')}
  0x0000780d629eb80c: 0100 0048 | ba28 bedf | 740c 7800 | 00ff 82f0 

  0x0000780d629eb81c: ;   {oop(a 'java/lang/invoke/VarForm'{0x0000000750c6bad8})}
  0x0000780d629eb81c: 0100 0048 | bad8 bac6 | 5007 0000 

  0x0000780d629eb828: ;   {metadata(method data for {method} {0x0000780d03190fc0} 'guard_LL_L' '(Ljava/lang/invoke/VarHandle;Ljava/lang/Object;Ljava/lang/Object;Ljava/lang/invoke/VarHandle$AccessDescriptor;)Ljava/lang/Object;' in 'java/lang/invoke/VarHandleGuards')}
  0x0000780d629eb828: 0048 be28 | bedf 740c | 7800 0048 | 8386 0002 

  0x0000780d629eb838: ;   {metadata(method data for {method} {0x0000780d0318ec78} 'getMemberName' '(I)Ljava/lang/invoke/MemberName;' in 'java/lang/invoke/VarForm')}
  0x0000780d629eb838: 0000 0148 | bae8 f828 | ff0c 7800 | 008b b2f4 | 0000 0083 | c602 89b2 | f400 0000 | 81e6 feff 
  0x0000780d629eb858: 1f00 83fe | 000f 84e0 

  0x0000780d629eb860: ;   {metadata(method data for {method} {0x0000780d0318ec78} 'getMemberName' '(I)Ljava/lang/invoke/MemberName;' in 'java/lang/invoke/VarForm')}
  0x0000780d629eb860: 1900 0048 | bae8 f828 | ff0c 7800 | 00ff 8238 

  0x0000780d629eb870: ;   {metadata(method data for {method} {0x0000780d03190fc0} 'guard_LL_L' '(Ljava/lang/invoke/VarHandle;Ljava/lang/Object;Ljava/lang/Object;Ljava/lang/invoke/VarHandle$AccessDescriptor;)Ljava/lang/Object;' in 'java/lang/invoke/VarHandleGuards')}
  0x0000780d629eb870: 0100 0048 | ba28 bedf | 740c 7800 | 0048 8d92 | 3802 0000 

  0x0000780d629eb884: ;   {oop(a 'java/lang/invoke/MemberName'{0x000000075335ba48} = {method} {0x0000780d030c3cf0} 'getAndSet' '(Ljava/lang/invoke/VarHandle;Ljava/lang/Object;Ljava/lang/Object;)Ljava/lang/Object;' in 'java/lang/invoke/VarHandleReferences$FieldInstanceReadWrite')}
  0x0000780d629eb884: 48be 48ba | 3553 0700 | 0000 4885 | f675 0e48 | f702 0100 | 0000 7505 | f048 830a 

  0x0000780d629eb8a0: ;   {metadata(method data for {method} {0x0000780d03190fc0} 'guard_LL_L' '(Ljava/lang/invoke/VarHandle;Ljava/lang/Object;Ljava/lang/Object;Ljava/lang/invoke/VarHandle$AccessDescriptor;)Ljava/lang/Object;' in 'java/lang/invoke/VarHandleGuards')}
  0x0000780d629eb8a0: 0148 ba28 | bedf 740c | 7800 0048 | 8d92 5802 

  0x0000780d629eb8b0: ;   {oop(a 'java/lang/invoke/VarHandleReferences$FieldInstanceReadWrite'{0x0000000750edbab8})}
  0x0000780d629eb8b0: 0000 48be | b8ba ed50 | 0700 0000 | 4885 f675 | 1048 f742 | 0801 0000 | 0075 06f0 | 4883 4a08 
  0x0000780d629eb8d0: 018b 7308 | 49ba 0000 | 0003 0d78 | 0000 4903 | f24c 8bd6 | 4833 7218 | 48f7 c6fc | ffff ff74 
  0x0000780d629eb8f0: 0e48 f7c6 | 0200 0000 | 7505 4883 

  0x0000780d629eb8fc: ;   {metadata(method data for {method} {0x0000780d03190fc0} 'guard_LL_L' '(Ljava/lang/invoke/VarHandle;Ljava/lang/Object;Ljava/lang/Object;Ljava/lang/invoke/VarHandle$AccessDescriptor;)Ljava/lang/Object;' in 'java/lang/invoke/VarHandleGuards')}
  0x0000780d629eb8fc: 4a18 0248 | ba28 bedf | 740c 7800 | 0048 8382 | 4802 0000 

  0x0000780d629eb910: ;   {metadata(method data for {method} {0x0000780d030c3cf0} 'getAndSet' '(Ljava/lang/invoke/VarHandle;Ljava/lang/Object;Ljava/lang/Object;)Ljava/lang/Object;' in 'java/lang/invoke/VarHandleReferences$FieldInstanceReadWrite')}
  0x0000780d629eb910: 0148 bae0 | c2df 740c | 7800 008b | b2f4 0000 | 0083 c602 | 89b2 f400 | 0000 81e6 | feff 1f00 
  0x0000780d629eb930: 83fe 000f | 842b 1900 

  0x0000780d629eb938: ;   {oop(a 'java/lang/Class'{0x0000000750ed5e80} = 'java/util/concurrent/atomic/AtomicReference')}
  0x0000780d629eb938: 0048 ba80 | 5eed 5007 

  0x0000780d629eb940: ;   {metadata(method data for {method} {0x0000780d030c3cf0} 'getAndSet' '(Ljava/lang/invoke/VarHandle;Ljava/lang/Object;Ljava/lang/Object;)Ljava/lang/Object;' in 'java/lang/invoke/VarHandleReferences$FieldInstanceReadWrite')}
  0x0000780d629eb940: 0000 0048 | bee0 c2df | 740c 7800 | 0048 8386 | 7001 0000 

  0x0000780d629eb954: ;   {metadata(method data for {method} {0x0000780d03440700} 'cast' '(Ljava/lang/Object;)Ljava/lang/Object;' in 'java/lang/Class')}
  0x0000780d629eb954: 0148 bac0 | 8625 ff0c | 7800 008b | b2f4 0000 | 0083 c602 | 89b2 f400 | 0000 81e6 | feff 1f00 
  0x0000780d629eb974: 83fe 000f | 8408 1900 | 0048 83fb 

  0x0000780d629eb980: ;   {metadata(method data for {method} {0x0000780d03440700} 'cast' '(Ljava/lang/Object;)Ljava/lang/Object;' in 'java/lang/Class')}
  0x0000780d629eb980: 0048 bac0 | 8625 ff0c | 7800 0048 | c7c6 3801 | 0000 0f84 | 0700 0000 | 48c7 c648 | 0100 0048 
  0x0000780d629eb9a0: 8b0c 3248 | 8d49 0148 | 890c 320f | 8491 0000 

  0x0000780d629eb9b0: ;   {oop(a 'java/lang/Class'{0x0000000750ed5e80} = 'java/util/concurrent/atomic/AtomicReference')}
  0x0000780d629eb9b0: 0048 ba80 | 5eed 5007 

  0x0000780d629eb9b8: ;   {metadata(method data for {method} {0x0000780d03440700} 'cast' '(Ljava/lang/Object;)Ljava/lang/Object;' in 'java/lang/Class')}
  0x0000780d629eb9b8: 0000 0048 | bec0 8625 | ff0c 7800 | 0048 8386 | 5801 0000 | 0148 83fb | 000f 8429 

  0x0000780d629eb9d4: ;   {metadata('java/util/concurrent/atomic/AtomicReference')}
  0x0000780d629eb9d4: 0000 0049 | b8e0 d00d | 040d 7800 | 008b 4b08 | 49ba 0000 | 0003 0d78 | 0000 4903 | ca4c 3b41 
  0x0000780d629eb9f4: 380f 8505 | 0000 00e9 | 0500 0000 | 4833 d2eb | 0a48 ba01 | 0000 0000 | 0000 0083 

  0x0000780d629eba10: ;   {metadata(method data for {method} {0x0000780d03440700} 'cast' '(Ljava/lang/Object;)Ljava/lang/Object;' in 'java/lang/Class')}
  0x0000780d629eba10: fa00 48ba | c086 25ff | 0c78 0000 | 48c7 c6a0 | 0100 000f | 8407 0000 | 0048 c7c6 | 9001 0000 
  0x0000780d629eba30: 488b 0c32 | 488d 4901 | 4889 0c32 | 0f84 7a11 

  0x0000780d629eba40: ;   {metadata(method data for {method} {0x0000780d030c3cf0} 'getAndSet' '(Ljava/lang/invoke/VarHandle;Ljava/lang/Object;Ljava/lang/Object;)Ljava/lang/Object;' in 'java/lang/invoke/VarHandleReferences$FieldInstanceReadWrite')}
  0x0000780d629eba40: 0000 48ba | e0c2 df74 | 0c78 0000 | 4883 82a8 | 0100 0001 

  0x0000780d629eba54: ;   {metadata(method data for {method} {0x0000780d030738d8} 'requireNonNull' '(Ljava/lang/Object;)Ljava/lang/Object;' in 'java/util/Objects')}
  0x0000780d629eba54: 48ba 4826 | 02ff 0c78 | 0000 8bb2 | f400 0000 | 83c6 0289 | b2f4 0000 | 0081 e6fe | ff1f 0083 
  0x0000780d629eba74: fe00 0f84 | 2a18 0000 | 4883 fb00 

  0x0000780d629eba80: ;   {metadata(method data for {method} {0x0000780d030738d8} 'requireNonNull' '(Ljava/lang/Object;)Ljava/lang/Object;' in 'java/util/Objects')}
  0x0000780d629eba80: 48ba 4826 | 02ff 0c78 | 0000 48c7 | c648 0100 | 000f 8407 | 0000 0048 | c7c6 3801 | 0000 488b 
  0x0000780d629ebaa0: 0c32 488d | 4901 4889 | 0c32 0f84 | 6c10 0000 

  0x0000780d629ebab0: ;   {oop(a 'java/lang/Class'{0x00000007ffd008c8} = 'java/lang/Object')}
  0x0000780d629ebab0: 48ba c808 | d0ff 0700 

  0x0000780d629ebab8: ;   {metadata(method data for {method} {0x0000780d030c3cf0} 'getAndSet' '(Ljava/lang/invoke/VarHandle;Ljava/lang/Object;Ljava/lang/Object;)Ljava/lang/Object;' in 'java/lang/invoke/VarHandleReferences$FieldInstanceReadWrite')}
  0x0000780d629ebab8: 0000 48be | e0c2 df74 | 0c78 0000 | 4883 86b8 | 0100 0001 

  0x0000780d629ebacc: ;   {metadata(method data for {method} {0x0000780d03440700} 'cast' '(Ljava/lang/Object;)Ljava/lang/Object;' in 'java/lang/Class')}
  0x0000780d629ebacc: 48ba c086 | 25ff 0c78 | 0000 8bb2 | f400 0000 | 83c6 0289 | b2f4 0000 | 0081 e6fe | ff1f 0083 
  0x0000780d629ebaec: fe00 0f84 | d317 0000 

  0x0000780d629ebaf4: ;   {metadata(method data for {method} {0x0000780d03440700} 'cast' '(Ljava/lang/Object;)Ljava/lang/Object;' in 'java/lang/Class')}
  0x0000780d629ebaf4: 48ba c086 | 25ff 0c78 | 0000 ff82 | 3801 0000 | 48c7 c20c | 0000 0048 | 8d14 1341 | 0fbe 7738 
  0x0000780d629ebb14: 83fe 000f | 85cb 1700 

  0x0000780d629ebb1c: ;   {oop(NULL)}
  0x0000780d629ebb1c: 0048 be00 | 0000 0000 | 0000 004c | 8bc6 49c1 | e803 4487 | 0249 c1e0 | 0348 8bca | 4833 ce48 
  0x0000780d629ebb3c: c1e9 1548 | 83f9 000f | 85bd 1700 

  0x0000780d629ebb48: ;   {metadata(method data for {method} {0x0000780d03190fc0} 'guard_LL_L' '(Ljava/lang/invoke/VarHandle;Ljava/lang/Object;Ljava/lang/Object;Ljava/lang/invoke/VarHandle$AccessDescriptor;)Ljava/lang/Object;' in 'java/lang/invoke/VarHandleGuards')}
  0x0000780d629ebb48: 0048 ba28 | bedf 740c | 7800 0048 | 8d92 7802 | 0000 4d85 | c075 0e48 | f702 0100 | 0000 7505 
  0x0000780d629ebb68: f048 830a 

  0x0000780d629ebb6c: ;   {metadata(method data for {method} {0x0000780d03190fc0} 'guard_LL_L' '(Ljava/lang/invoke/VarHandle;Ljava/lang/Object;Ljava/lang/Object;Ljava/lang/invoke/VarHandle$AccessDescriptor;)Ljava/lang/Object;' in 'java/lang/invoke/VarHandleGuards')}
  0x0000780d629ebb6c: 0148 ba28 | bedf 740c | 7800 0048 | 8d92 c002 | 0000 4d85 | c075 1048 | f742 0801 | 0000 0075 
  0x0000780d629ebb8c: 06f0 4883 

  0x0000780d629ebb90: ;   {oop(a 'java/lang/Class'{0x00000007ffd008c8} = 'java/lang/Object')}
  0x0000780d629ebb90: 4a08 0148 | bac8 08d0 | ff07 0000 

  0x0000780d629ebb9c: ;   {metadata(method data for {method} {0x0000780d03190fc0} 'guard_LL_L' '(Ljava/lang/invoke/VarHandle;Ljava/lang/Object;Ljava/lang/Object;Ljava/lang/invoke/VarHandle$AccessDescriptor;)Ljava/lang/Object;' in 'java/lang/invoke/VarHandleGuards')}
  0x0000780d629ebb9c: 0048 be28 | bedf 740c | 7800 0048 | 8386 8802 

  0x0000780d629ebbac: ;   {metadata(method data for {method} {0x0000780d03440700} 'cast' '(Ljava/lang/Object;)Ljava/lang/Object;' in 'java/lang/Class')}
  0x0000780d629ebbac: 0000 0148 | bac0 8625 | ff0c 7800 | 008b b2f4 | 0000 0083 | c602 89b2 | f400 0000 | 81e6 feff 
  0x0000780d629ebbcc: 1f00 83fe | 000f 8447 | 1700 0049 

  0x0000780d629ebbd8: ;   {metadata(method data for {method} {0x0000780d03440700} 'cast' '(Ljava/lang/Object;)Ljava/lang/Object;' in 'java/lang/Class')}
  0x0000780d629ebbd8: 83f8 0048 | bac0 8625 | ff0c 7800 | 0048 c7c6 | 3801 0000 | 0f84 0700 | 0000 48c7 | c648 0100 
  0x0000780d629ebbf8: 0048 8b0c | 3248 8d49 | 0148 890c | 320f 8492 

  0x0000780d629ebc08: ;   {oop(a 'java/lang/Class'{0x00000007ffd008c8} = 'java/lang/Object')}
  0x0000780d629ebc08: 0000 0048 | bac8 08d0 | ff07 0000 

  0x0000780d629ebc14: ;   {metadata(method data for {method} {0x0000780d03440700} 'cast' '(Ljava/lang/Object;)Ljava/lang/Object;' in 'java/lang/Class')}
  0x0000780d629ebc14: 0048 bec0 | 8625 ff0c | 7800 0048 | 8386 5801 | 0000 0149 | 83f8 000f | 842a 0000 

  0x0000780d629ebc30: ;   {metadata('java/lang/Object')}
  0x0000780d629ebc30: 0049 b968 | 0d00 030d | 7800 0041 | 8b48 0849 | ba00 0000 | 030d 7800 | 0049 03ca | 4c3b 4930 
  0x0000780d629ebc50: 0f85 0500 | 0000 e905 | 0000 0048 | 33d2 eb0a | 48ba 0100 | 0000 0000 | 0000 83fa 

  0x0000780d629ebc6c: ;   {metadata(method data for {method} {0x0000780d03440700} 'cast' '(Ljava/lang/Object;)Ljava/lang/Object;' in 'java/lang/Class')}
  0x0000780d629ebc6c: 0048 bac0 | 8625 ff0c | 7800 0048 | c7c6 a001 | 0000 0f84 | 0700 0000 | 48c7 c690 | 0100 0048 
  0x0000780d629ebc8c: 8b0c 3248 | 8d49 0148 | 890c 320f | 849f 0d00 

  0x0000780d629ebc9c: ;   {metadata(method data for {method} {0x0000780d03190fc0} 'guard_LL_L' '(Ljava/lang/invoke/VarHandle;Ljava/lang/Object;Ljava/lang/Object;Ljava/lang/invoke/VarHandle$AccessDescriptor;)Ljava/lang/Object;' in 'java/lang/invoke/VarHandleGuards')}
  0x0000780d629ebc9c: 0048 ba28 | bedf 740c | 7800 0048 | 8d92 d002 | 0000 4d85 | c075 0e48 | f702 0100 | 0000 7505 
  0x0000780d629ebcbc: f048 830a 

  0x0000780d629ebcc0: ;   {metadata(method data for {method} {0x0000780cff393698} 'getAndSet' '(Ljava/lang/Object;)Ljava/lang/Object;' in 'java/util/concurrent/atomic/AtomicReference')}
  0x0000780d629ebcc0: 0148 ba40 | bcdf 740c | 7800 0048 | 8d92 9001 | 0000 4d85 | c075 0e48 | f702 0100 | 0000 7505 
  0x0000780d629ebce0: f048 830a | 0149 83f8 

  0x0000780d629ebce8: ;   {metadata(method data for {method} {0x0000780c74ed0900} 'close' '()V' in 'ai/djl/pytorch/jni/IValue')}
  0x0000780d629ebce8: 0075 1648 | be68 c1ed | 740c 7800 | 0080 8e69 | 0100 0001 | e9d4 0000 

  0x0000780d629ebd00: ;   {metadata('java/lang/Long')}
  0x0000780d629ebd00: 0048 b928 | 3904 030d | 7800 0041 | 8b50 0849 | ba00 0000 | 030d 7800 | 0049 03d2 | 483b ca0f 
  0x0000780d629ebd20: 8594 0000 

  0x0000780d629ebd24: ;   {metadata(method data for {method} {0x0000780c74ed0900} 'close' '()V' in 'ai/djl/pytorch/jni/IValue')}
  0x0000780d629ebd24: 0048 be68 | c1ed 740c | 7800 0041 | 8b48 0849 | ba00 0000 | 030d 7800 | 0049 03ca | 483b 8e80 
  0x0000780d629ebd44: 0100 0075 | 0d48 8386 | 8801 0000 | 01e9 7f00 | 0000 483b | 8e90 0100 | 0075 0d48 | 8386 9801 
  0x0000780d629ebd64: 0000 01e9 | 6900 0000 | 4881 be80 | 0100 0000 | 0000 0075 | 1748 898e | 8001 0000 | 48c7 8688 
  0x0000780d629ebd84: 0100 0001 | 0000 00e9 | 4500 0000 | 4881 be90 | 0100 0000 | 0000 0075 | 1748 898e | 9001 0000 
  0x0000780d629ebda4: 48c7 8698 | 0100 0001 | 0000 00e9 | 2100 0000 | e91c 0000 

  0x0000780d629ebdb8: ;   {metadata(method data for {method} {0x0000780c74ed0900} 'close' '()V' in 'ai/djl/pytorch/jni/IValue')}
  0x0000780d629ebdb8: 0048 be68 | c1ed 740c | 7800 0048 | 83ae 7001 | 0000 01e9 | 6f15 0000 | e900 0000 | 0049 8bd8 
  0x0000780d629ebdd8: 4883 fb00 

  0x0000780d629ebddc: ;   {metadata(method data for {method} {0x0000780c74ed0900} 'close' '()V' in 'ai/djl/pytorch/jni/IValue')}
  0x0000780d629ebddc: 48ba 68c1 | ed74 0c78 | 0000 48c7 | c6a8 0100 | 000f 8407 | 0000 0048 | c7c6 b801 | 0000 488b 
  0x0000780d629ebdfc: 0c32 488d | 4901 4889 | 0c32 0f84 | 8d09 0000 

  0x0000780d629ebe0c: ; implicit exception: dispatches to 0x0000780d629ed348
  0x0000780d629ebe0c: 483b 0348 

  0x0000780d629ebe10: ;   {metadata(method data for {method} {0x0000780c74ed0900} 'close' '()V' in 'ai/djl/pytorch/jni/IValue')}
  0x0000780d629ebe10: 8bd3 48be | 68c1 ed74 | 0c78 0000 | 4883 86c8 | 0100 0001 | 488b 5310 

  0x0000780d629ebe28: ;   {oop(a 'ai/djl/pytorch/jni/PyTorchLibrary'{0x0000000752f8b8d8})}
  0x0000780d629ebe28: 48be d8b8 | f852 0700 | 0000 488b 

  0x0000780d629ebe34: ;   {metadata(method data for {method} {0x0000780c74ed0900} 'close' '()V' in 'ai/djl/pytorch/jni/IValue')}
  0x0000780d629ebe34: ce49 b868 | c1ed 740c | 7800 0049 | 8380 0002 | 0000 0148 | 899c 2470 

  0x0000780d629ebe4c: ;   {optimized virtual_call}
  0x0000780d629ebe4c: 0100 00e8 

  0x0000780d629ebe50: ; ImmutableOopMap {[344]=Oop [288]=Oop [328]=Oop [272]=Oop [312]=Oop [304]=Oop [296]=Oop [360]=Oop [352]=Oop [368]=Oop }
                      ;*invokevirtual torchDeleteIValue {reexecute=0 rethrow=0 return_oop=0}
                      ; - ai.djl.pytorch.jni.IValue::close@23 (line 508)
                      ; - ai.djl.pytorch.jni.IValueUtils::forward@123 (line 63)
  0x0000780d629ebe50: 6c29 d506 | e940 0900 | 0049 8b87 | d003 0000 | 4d33 d24d | 8997 d003 | 0000 4d33 | d24d 8997 
  0x0000780d629ebe70: d803 0000 | 488b bc24 | 6001 0000 

  0x0000780d629ebe7c: ;   {metadata(method data for {method} {0x0000780c74ecb8e8} 'forward' '(Lai/djl/pytorch/engine/PtSymbolBlock;Lai/djl/ndarray/NDList;Z)Lai/djl/ndarray/NDList;' in 'ai/djl/pytorch/jni/IValueUtils')}
  0x0000780d629ebe7c: 488b d748 | be10 d7ef | 740c 7800 

  0x0000780d629ebe88: ;   {metadata('ai/djl/pytorch/jni/IValue')}
  0x0000780d629ebe88: 0049 ba78 | 12aa 040d | 7800 004c | 8996 4805 | 0000 4883 | 8650 0500 

  0x0000780d629ebea0: ;   {metadata(method data for {method} {0x0000780c74ed0900} 'close' '()V' in 'ai/djl/pytorch/jni/IValue')}
  0x0000780d629ebea0: 0001 48ba | 68c1 ed74 | 0c78 0000 | 8bb2 f400 | 0000 83c6 | 0289 b2f4 | 0000 0081 | e6fe ff1f 
  0x0000780d629ebec0: 0083 fe00 | 0f84 8314 | 0000 8b5f | 0c48 c1e3 | 0348 899c | 2490 0100 | 0048 3b03 

  0x0000780d629ebedc: ;   {metadata(method data for {method} {0x0000780c74ed0900} 'close' '()V' in 'ai/djl/pytorch/jni/IValue')}
  0x0000780d629ebedc: 488b d348 | be68 c1ed | 740c 7800 | 0048 8386 | 3801 0000 

  0x0000780d629ebef0: ;   {metadata(method data for {method} {0x0000780cff393698} 'getAndSet' '(Ljava/lang/Object;)Ljava/lang/Object;' in 'java/util/concurrent/atomic/AtomicReference')}
  0x0000780d629ebef0: 0148 ba40 | bcdf 740c | 7800 008b | b2f4 0000 | 0083 c602 | 89b2 f400 | 0000 81e6 | feff 1f00 
  0x0000780d629ebf10: 83fe 000f | 845a 1400 

  0x0000780d629ebf18: ;   {metadata(method data for {method} {0x0000780cff393698} 'getAndSet' '(Ljava/lang/Object;)Ljava/lang/Object;' in 'java/util/concurrent/atomic/AtomicReference')}
  0x0000780d629ebf18: 0048 ba40 | bcdf 740c | 7800 0048 | 8d92 7001 | 0000 8b73 | 0849 ba00 | 0000 030d | 7800 0049 
  0x0000780d629ebf38: 03f2 4c8b | d648 3372 | 0848 f7c6 | fcff ffff | 740e 48f7 | c602 0000 | 0075 0548 | 834a 0802 
  0x0000780d629ebf58: ;   {metadata(method data for {method} {0x0000780d03190fc0} 'guard_LL_L' '(Ljava/lang/invoke/VarHandle;Ljava/lang/Object;Ljava/lang/Object;Ljava/lang/invoke/VarHandle$AccessDescriptor;)Ljava/lang/Object;' in 'java/lang/invoke/VarHandleGuards')}
  0x0000780d629ebf58: 48ba 28be | df74 0c78 | 0000 488d | 92a0 0400 

  0x0000780d629ebf68: ;   {oop(a 'java/lang/invoke/VarHandleReferences$FieldInstanceReadWrite'{0x0000000750edbab8})}
  0x0000780d629ebf68: 0048 beb8 | baed 5007 | 0000 0048 | 85f6 750e | 48f7 0201 | 0000 0075 | 05f0 4883 | 0a01 8b4b 
  0x0000780d629ebf88: 0849 ba00 | 0000 030d | 7800 0049 | 03ca 4c8b | d148 334a | 1048 f7c1 | fcff ffff | 740e 48f7 
  0x0000780d629ebfa8: c102 0000 | 0075 0548 | 834a 1002 

  0x0000780d629ebfb4: ;   {metadata(method data for {method} {0x0000780cff393698} 'getAndSet' '(Ljava/lang/Object;)Ljava/lang/Object;' in 'java/util/concurrent/atomic/AtomicReference')}
  0x0000780d629ebfb4: 48ba 40bc | df74 0c78 | 0000 4883 | 8238 0100 

  0x0000780d629ebfc4: ;   {metadata(method data for {method} {0x0000780d03190fc0} 'guard_LL_L' '(Ljava/lang/invoke/VarHandle;Ljava/lang/Object;Ljava/lang/Object;Ljava/lang/invoke/VarHandle$AccessDescriptor;)Ljava/lang/Object;' in 'java/lang/invoke/VarHandleGuards')}
  0x0000780d629ebfc4: 0001 48ba | 28be df74 | 0c78 0000 | 8b8a f400 | 0000 83c1 | 0289 8af4 | 0000 0081 | e1fe ff1f 
  0x0000780d629ebfe4: 0083 f900 | 0f84 a613 

  0x0000780d629ebfec: ;   {metadata(method data for {method} {0x0000780d03190fc0} 'guard_LL_L' '(Ljava/lang/invoke/VarHandle;Ljava/lang/Object;Ljava/lang/Object;Ljava/lang/invoke/VarHandle$AccessDescriptor;)Ljava/lang/Object;' in 'java/lang/invoke/VarHandleGuards')}
  0x0000780d629ebfec: 0000 48ba | 28be df74 | 0c78 0000 | 488d 9270 

  0x0000780d629ebffc: ;   {oop(a 'java/lang/invoke/VarHandle$AccessDescriptor'{0x00000007533845a0})}
  0x0000780d629ebffc: 0100 0048 | b9a0 4538 | 5307 0000 | 0048 85c9 | 7510 48f7 | 4208 0100 | 0000 7506 | f048 834a 
  0x0000780d629ec01c: ;   {metadata(method data for {method} {0x0000780d03190fc0} 'guard_LL_L' '(Ljava/lang/invoke/VarHandle;Ljava/lang/Object;Ljava/lang/Object;Ljava/lang/invoke/VarHandle$AccessDescriptor;)Ljava/lang/Object;' in 'java/lang/invoke/VarHandleGuards')}
  0x0000780d629ec01c: 0801 48ba | 28be df74 | 0c78 0000 | 4883 8238 | 0100 0001 

  0x0000780d629ec030: ;   {metadata(method data for {method} {0x0000780d030c81e0} 'checkExactAccessMode' '(Ljava/lang/invoke/VarHandle$AccessDescriptor;)V' in 'java/lang/invoke/VarHandle')}
  0x0000780d629ec030: 48ba 20ef | 28ff 0c78 | 0000 8bb2 | f400 0000 | 83c6 0289 | b2f4 0000 | 0081 e6fe | ff1f 0083 
  0x0000780d629ec050: fe00 0f84 | 5d13 0000 

  0x0000780d629ec058: ;   {metadata(method data for {method} {0x0000780d030c81e0} 'checkExactAccessMode' '(Ljava/lang/invoke/VarHandle$AccessDescriptor;)V' in 'java/lang/invoke/VarHandle')}
  0x0000780d629ec058: 48ba 20ef | 28ff 0c78 | 0000 ff82 | 3801 0000 

  0x0000780d629ec068: ;   {oop(a 'java/lang/invoke/VarHandleReferences$FieldInstanceReadWrite'{0x0000000750edbab8})}
  0x0000780d629ec068: 48ba b8ba | ed50 0700 

  0x0000780d629ec070: ;   {metadata(method data for {method} {0x0000780d03190fc0} 'guard_LL_L' '(Ljava/lang/invoke/VarHandle;Ljava/lang/Object;Ljava/lang/Object;Ljava/lang/invoke/VarHandle$AccessDescriptor;)Ljava/lang/Object;' in 'java/lang/invoke/VarHandleGuards')}
  0x0000780d629ec070: 0000 48be | 28be df74 | 0c78 0000 | 8b52 0849 | ba00 0000 | 030d 7800 | 0049 03d2 | 483b 9698 
  0x0000780d629ec090: 0100 0075 | 0d48 8386 | a001 0000 | 01e9 6600 | 0000 483b | 96a8 0100 | 0075 0d48 | 8386 b001 
  0x0000780d629ec0b0: 0000 01e9 | 5000 0000 | 4881 be98 | 0100 0000 | 0000 0075 | 1748 8996 | 9801 0000 | 48c7 86a0 
  0x0000780d629ec0d0: 0100 0001 | 0000 00e9 | 2c00 0000 | 4881 bea8 | 0100 0000 | 0000 0075 | 1748 8996 | a801 0000 
  0x0000780d629ec0f0: 48c7 86b0 | 0100 0001 | 0000 00e9 | 0800 0000 | 4883 8688 | 0100 0001 

  0x0000780d629ec108: ;   {metadata(method data for {method} {0x0000780d030c2ea8} 'isDirect' '()Z' in 'java/lang/invoke/VarHandle')}
  0x0000780d629ec108: 48ba b800 | 29ff 0c78 | 0000 8bb2 | f400 0000 | 83c6 0289 | b2f4 0000 | 0081 e6fe | ff1f 0083 
  0x0000780d629ec128: fe00 0f84 | a612 0000 

  0x0000780d629ec130: ;   {metadata(method data for {method} {0x0000780d03190fc0} 'guard_LL_L' '(Ljava/lang/invoke/VarHandle;Ljava/lang/Object;Ljava/lang/Object;Ljava/lang/invoke/VarHandle$AccessDescriptor;)Ljava/lang/Object;' in 'java/lang/invoke/VarHandleGuards')}
  0x0000780d629ec130: 48ba 28be | df74 0c78 | 0000 ff82 | d001 0000 

  0x0000780d629ec140: ;   {metadata(method data for {method} {0x0000780d03190fc0} 'guard_LL_L' '(Ljava/lang/invoke/VarHandle;Ljava/lang/Object;Ljava/lang/Object;Ljava/lang/invoke/VarHandle$AccessDescriptor;)Ljava/lang/Object;' in 'java/lang/invoke/VarHandleGuards')}
  0x0000780d629ec140: 48ba 28be | df74 0c78 | 0000 ff82 | f001 0000 

  0x0000780d629ec150: ;   {oop(a 'java/lang/invoke/VarForm'{0x0000000750c6bad8})}
  0x0000780d629ec150: 48ba d8ba | c650 0700 

  0x0000780d629ec158: ;   {metadata(method data for {method} {0x0000780d03190fc0} 'guard_LL_L' '(Ljava/lang/invoke/VarHandle;Ljava/lang/Object;Ljava/lang/Object;Ljava/lang/invoke/VarHandle$AccessDescriptor;)Ljava/lang/Object;' in 'java/lang/invoke/VarHandleGuards')}
  0x0000780d629ec158: 0000 48be | 28be df74 | 0c78 0000 | 4883 8600 | 0200 0001 

  0x0000780d629ec16c: ;   {metadata(method data for {method} {0x0000780d0318ec78} 'getMemberName' '(I)Ljava/lang/invoke/MemberName;' in 'java/lang/invoke/VarForm')}
  0x0000780d629ec16c: 48ba e8f8 | 28ff 0c78 | 0000 8bb2 | f400 0000 | 83c6 0289 | b2f4 0000 | 0081 e6fe | ff1f 0083 
  0x0000780d629ec18c: fe00 0f84 | 6312 0000 

  0x0000780d629ec194: ;   {metadata(method data for {method} {0x0000780d0318ec78} 'getMemberName' '(I)Ljava/lang/invoke/MemberName;' in 'java/lang/invoke/VarForm')}
  0x0000780d629ec194: 48ba e8f8 | 28ff 0c78 | 0000 ff82 | 3801 0000 

  0x0000780d629ec1a4: ;   {metadata(method data for {method} {0x0000780d03190fc0} 'guard_LL_L' '(Ljava/lang/invoke/VarHandle;Ljava/lang/Object;Ljava/lang/Object;Ljava/lang/invoke/VarHandle$AccessDescriptor;)Ljava/lang/Object;' in 'java/lang/invoke/VarHandleGuards')}
  0x0000780d629ec1a4: 48ba 28be | df74 0c78 | 0000 488d | 9238 0200 

  0x0000780d629ec1b4: ;   {oop(a 'java/lang/invoke/MemberName'{0x000000075335ba48} = {method} {0x0000780d030c3cf0} 'getAndSet' '(Ljava/lang/invoke/VarHandle;Ljava/lang/Object;Ljava/lang/Object;)Ljava/lang/Object;' in 'java/lang/invoke/VarHandleReferences$FieldInstanceReadWrite')}
  0x0000780d629ec1b4: 0048 be48 | ba35 5307 | 0000 0048 | 85f6 750e | 48f7 0201 | 0000 0075 | 05f0 4883 

  0x0000780d629ec1d0: ;   {metadata(method data for {method} {0x0000780d03190fc0} 'guard_LL_L' '(Ljava/lang/invoke/VarHandle;Ljava/lang/Object;Ljava/lang/Object;Ljava/lang/invoke/VarHandle$AccessDescriptor;)Ljava/lang/Object;' in 'java/lang/invoke/VarHandleGuards')}
  0x0000780d629ec1d0: 0a01 48ba | 28be df74 | 0c78 0000 | 488d 9258 

  0x0000780d629ec1e0: ;   {oop(a 'java/lang/invoke/VarHandleReferences$FieldInstanceReadWrite'{0x0000000750edbab8})}
  0x0000780d629ec1e0: 0200 0048 | beb8 baed | 5007 0000 | 0048 85f6 | 7510 48f7 | 4208 0100 | 0000 7506 | f048 834a 
  0x0000780d629ec200: 0801 8b73 | 0849 ba00 | 0000 030d | 7800 0049 | 03f2 4c8b | d648 3372 | 1848 f7c6 | fcff ffff 
  0x0000780d629ec220: 740e 48f7 | c602 0000 | 0075 0548 | 834a 1802 

  0x0000780d629ec230: ;   {metadata(method data for {method} {0x0000780d03190fc0} 'guard_LL_L' '(Ljava/lang/invoke/VarHandle;Ljava/lang/Object;Ljava/lang/Object;Ljava/lang/invoke/VarHandle$AccessDescriptor;)Ljava/lang/Object;' in 'java/lang/invoke/VarHandleGuards')}
  0x0000780d629ec230: 48ba 28be | df74 0c78 | 0000 4883 | 8248 0200 

  0x0000780d629ec240: ;   {metadata(method data for {method} {0x0000780d030c3cf0} 'getAndSet' '(Ljava/lang/invoke/VarHandle;Ljava/lang/Object;Ljava/lang/Object;)Ljava/lang/Object;' in 'java/lang/invoke/VarHandleReferences$FieldInstanceReadWrite')}
  0x0000780d629ec240: 0001 48ba | e0c2 df74 | 0c78 0000 | 8bb2 f400 | 0000 83c6 | 0289 b2f4 | 0000 0081 | e6fe ff1f 
  0x0000780d629ec260: 0083 fe00 | 0f84 ae11 

  0x0000780d629ec268: ;   {oop(a 'java/lang/Class'{0x0000000750ed5e80} = 'java/util/concurrent/atomic/AtomicReference')}
  0x0000780d629ec268: 0000 48ba | 805e ed50 | 0700 0000 

  0x0000780d629ec274: ;   {metadata(method data for {method} {0x0000780d030c3cf0} 'getAndSet' '(Ljava/lang/invoke/VarHandle;Ljava/lang/Object;Ljava/lang/Object;)Ljava/lang/Object;' in 'java/lang/invoke/VarHandleReferences$FieldInstanceReadWrite')}
  0x0000780d629ec274: 48be e0c2 | df74 0c78 | 0000 4883 | 8670 0100 

  0x0000780d629ec284: ;   {metadata(method data for {method} {0x0000780d03440700} 'cast' '(Ljava/lang/Object;)Ljava/lang/Object;' in 'java/lang/Class')}
  0x0000780d629ec284: 0001 48ba | c086 25ff | 0c78 0000 | 8bb2 f400 | 0000 83c6 | 0289 b2f4 | 0000 0081 | e6fe ff1f 
  0x0000780d629ec2a4: 0083 fe00 | 0f84 8b11 | 0000 4883 

  0x0000780d629ec2b0: ;   {metadata(method data for {method} {0x0000780d03440700} 'cast' '(Ljava/lang/Object;)Ljava/lang/Object;' in 'java/lang/Class')}
  0x0000780d629ec2b0: fb00 48ba | c086 25ff | 0c78 0000 | 48c7 c638 | 0100 000f | 8407 0000 | 0048 c7c6 | 4801 0000 
  0x0000780d629ec2d0: 488b 0c32 | 488d 4901 | 4889 0c32 | 0f84 9100 

  0x0000780d629ec2e0: ;   {oop(a 'java/lang/Class'{0x0000000750ed5e80} = 'java/util/concurrent/atomic/AtomicReference')}
  0x0000780d629ec2e0: 0000 48ba | 805e ed50 | 0700 0000 

  0x0000780d629ec2ec: ;   {metadata(method data for {method} {0x0000780d03440700} 'cast' '(Ljava/lang/Object;)Ljava/lang/Object;' in 'java/lang/Class')}
  0x0000780d629ec2ec: 48be c086 | 25ff 0c78 | 0000 4883 | 8658 0100 | 0001 4883 | fb00 0f84 | 2900 0000 

  0x0000780d629ec308: ;   {metadata('java/util/concurrent/atomic/AtomicReference')}
  0x0000780d629ec308: 49b8 e0d0 | 0d04 0d78 | 0000 8b4b | 0849 ba00 | 0000 030d | 7800 0049 | 03ca 4c3b | 4138 0f85 
  0x0000780d629ec328: 0500 0000 | e905 0000 | 0048 33d2 | eb0a 48ba | 0100 0000 | 0000 0000 

  0x0000780d629ec340: ;   {metadata(method data for {method} {0x0000780d03440700} 'cast' '(Ljava/lang/Object;)Ljava/lang/Object;' in 'java/lang/Class')}
  0x0000780d629ec340: 83fa 0048 | bac0 8625 | ff0c 7800 | 0048 c7c6 | a001 0000 | 0f84 0700 | 0000 48c7 | c690 0100 
  0x0000780d629ec360: 0048 8b0c | 3248 8d49 | 0148 890c | 320f 84e9 

  0x0000780d629ec370: ;   {metadata(method data for {method} {0x0000780d030c3cf0} 'getAndSet' '(Ljava/lang/invoke/VarHandle;Ljava/lang/Object;Ljava/lang/Object;)Ljava/lang/Object;' in 'java/lang/invoke/VarHandleReferences$FieldInstanceReadWrite')}
  0x0000780d629ec370: 0500 0048 | bae0 c2df | 740c 7800 | 0048 8382 | a801 0000 

  0x0000780d629ec384: ;   {metadata(method data for {method} {0x0000780d030738d8} 'requireNonNull' '(Ljava/lang/Object;)Ljava/lang/Object;' in 'java/util/Objects')}
  0x0000780d629ec384: 0148 ba48 | 2602 ff0c | 7800 008b | b2f4 0000 | 0083 c602 | 89b2 f400 | 0000 81e6 | feff 1f00 
  0x0000780d629ec3a4: 83fe 000f | 84ad 1000 | 0048 83fb 

  0x0000780d629ec3b0: ;   {metadata(method data for {method} {0x0000780d030738d8} 'requireNonNull' '(Ljava/lang/Object;)Ljava/lang/Object;' in 'java/util/Objects')}
  0x0000780d629ec3b0: 0048 ba48 | 2602 ff0c | 7800 0048 | c7c6 4801 | 0000 0f84 | 0700 0000 | 48c7 c638 | 0100 0048 
  0x0000780d629ec3d0: 8b0c 3248 | 8d49 0148 | 890c 320f | 84d3 0400 

  0x0000780d629ec3e0: ;   {oop(a 'java/lang/Class'{0x00000007ffd008c8} = 'java/lang/Object')}
  0x0000780d629ec3e0: 0048 bac8 | 08d0 ff07 

  0x0000780d629ec3e8: ;   {metadata(method data for {method} {0x0000780d030c3cf0} 'getAndSet' '(Ljava/lang/invoke/VarHandle;Ljava/lang/Object;Ljava/lang/Object;)Ljava/lang/Object;' in 'java/lang/invoke/VarHandleReferences$FieldInstanceReadWrite')}
  0x0000780d629ec3e8: 0000 0048 | bee0 c2df | 740c 7800 | 0048 8386 | b801 0000 

  0x0000780d629ec3fc: ;   {metadata(method data for {method} {0x0000780d03440700} 'cast' '(Ljava/lang/Object;)Ljava/lang/Object;' in 'java/lang/Class')}
  0x0000780d629ec3fc: 0148 bac0 | 8625 ff0c | 7800 008b | b2f4 0000 | 0083 c602 | 89b2 f400 | 0000 81e6 | feff 1f00 
  0x0000780d629ec41c: 83fe 000f | 8456 1000 

  0x0000780d629ec424: ;   {metadata(method data for {method} {0x0000780d03440700} 'cast' '(Ljava/lang/Object;)Ljava/lang/Object;' in 'java/lang/Class')}
  0x0000780d629ec424: 0048 bac0 | 8625 ff0c | 7800 00ff | 8238 0100 | 0048 c7c2 | 0c00 0000 | 488d 1413 | 410f be77 
  0x0000780d629ec444: 3883 fe00 | 0f85 4e10 

  0x0000780d629ec44c: ;   {oop(NULL)}
  0x0000780d629ec44c: 0000 48be | 0000 0000 | 0000 0000 | 4c8b c649 | c1e8 0344 | 8702 49c1 | e003 488b | ca48 33ce 
  0x0000780d629ec46c: 48c1 e915 | 4883 f900 | 0f85 4010 

  0x0000780d629ec478: ;   {metadata(method data for {method} {0x0000780d03190fc0} 'guard_LL_L' '(Ljava/lang/invoke/VarHandle;Ljava/lang/Object;Ljava/lang/Object;Ljava/lang/invoke/VarHandle$AccessDescriptor;)Ljava/lang/Object;' in 'java/lang/invoke/VarHandleGuards')}
  0x0000780d629ec478: 0000 48ba | 28be df74 | 0c78 0000 | 488d 9278 | 0200 004d | 85c0 750e | 48f7 0201 | 0000 0075 
  0x0000780d629ec498: 05f0 4883 

  0x0000780d629ec49c: ;   {metadata(method data for {method} {0x0000780d03190fc0} 'guard_LL_L' '(Ljava/lang/invoke/VarHandle;Ljava/lang/Object;Ljava/lang/Object;Ljava/lang/invoke/VarHandle$AccessDescriptor;)Ljava/lang/Object;' in 'java/lang/invoke/VarHandleGuards')}
  0x0000780d629ec49c: 0a01 48ba | 28be df74 | 0c78 0000 | 488d 92c0 | 0200 004d | 85c0 7510 | 48f7 4208 | 0100 0000 
  0x0000780d629ec4bc: 7506 f048 | 834a 0801 

  0x0000780d629ec4c4: ;   {oop(a 'java/lang/Class'{0x00000007ffd008c8} = 'java/lang/Object')}
  0x0000780d629ec4c4: 48ba c808 | d0ff 0700 

  0x0000780d629ec4cc: ;   {metadata(method data for {method} {0x0000780d03190fc0} 'guard_LL_L' '(Ljava/lang/invoke/VarHandle;Ljava/lang/Object;Ljava/lang/Object;Ljava/lang/invoke/VarHandle$AccessDescriptor;)Ljava/lang/Object;' in 'java/lang/invoke/VarHandleGuards')}
  0x0000780d629ec4cc: 0000 48be | 28be df74 | 0c78 0000 | 4883 8688 | 0200 0001 

  0x0000780d629ec4e0: ;   {metadata(method data for {method} {0x0000780d03440700} 'cast' '(Ljava/lang/Object;)Ljava/lang/Object;' in 'java/lang/Class')}
  0x0000780d629ec4e0: 48ba c086 | 25ff 0c78 | 0000 8bb2 | f400 0000 | 83c6 0289 | b2f4 0000 | 0081 e6fe | ff1f 0083 
  0x0000780d629ec500: fe00 0f84 | ca0f 0000 | 4983 f800 

  0x0000780d629ec50c: ;   {metadata(method data for {method} {0x0000780d03440700} 'cast' '(Ljava/lang/Object;)Ljava/lang/Object;' in 'java/lang/Class')}
  0x0000780d629ec50c: 48ba c086 | 25ff 0c78 | 0000 48c7 | c638 0100 | 000f 8407 | 0000 0048 | c7c6 4801 | 0000 488b 
  0x0000780d629ec52c: 0c32 488d | 4901 4889 | 0c32 0f84 | 9200 0000 

  0x0000780d629ec53c: ;   {oop(a 'java/lang/Class'{0x00000007ffd008c8} = 'java/lang/Object')}
  0x0000780d629ec53c: 48ba c808 | d0ff 0700 

  0x0000780d629ec544: ;   {metadata(method data for {method} {0x0000780d03440700} 'cast' '(Ljava/lang/Object;)Ljava/lang/Object;' in 'java/lang/Class')}
  0x0000780d629ec544: 0000 48be | c086 25ff | 0c78 0000 | 4883 8658 | 0100 0001 | 4983 f800 | 0f84 2a00 

  0x0000780d629ec560: ;   {metadata('java/lang/Object')}
  0x0000780d629ec560: 0000 49b9 | 680d 0003 | 0d78 0000 | 418b 4808 | 49ba 0000 | 0003 0d78 | 0000 4903 | ca4c 3b49 
  0x0000780d629ec580: 300f 8505 | 0000 00e9 | 0500 0000 | 4833 d2eb | 0a48 ba01 | 0000 0000 | 0000 0083 

  0x0000780d629ec59c: ;   {metadata(method data for {method} {0x0000780d03440700} 'cast' '(Ljava/lang/Object;)Ljava/lang/Object;' in 'java/lang/Class')}
  0x0000780d629ec59c: fa00 48ba | c086 25ff | 0c78 0000 | 48c7 c6a0 | 0100 000f | 8407 0000 | 0048 c7c6 | 9001 0000 
  0x0000780d629ec5bc: 488b 0c32 | 488d 4901 | 4889 0c32 | 0f84 fe01 

  0x0000780d629ec5cc: ;   {metadata(method data for {method} {0x0000780d03190fc0} 'guard_LL_L' '(Ljava/lang/invoke/VarHandle;Ljava/lang/Object;Ljava/lang/Object;Ljava/lang/invoke/VarHandle$AccessDescriptor;)Ljava/lang/Object;' in 'java/lang/invoke/VarHandleGuards')}
  0x0000780d629ec5cc: 0000 48ba | 28be df74 | 0c78 0000 | 488d 92d0 | 0200 004d | 85c0 750e | 48f7 0201 | 0000 0075 
  0x0000780d629ec5ec: 05f0 4883 

  0x0000780d629ec5f0: ;   {metadata(method data for {method} {0x0000780cff393698} 'getAndSet' '(Ljava/lang/Object;)Ljava/lang/Object;' in 'java/util/concurrent/atomic/AtomicReference')}
  0x0000780d629ec5f0: 0a01 48ba | 40bc df74 | 0c78 0000 | 488d 9290 | 0100 004d | 85c0 750e | 48f7 0201 | 0000 0075 
  0x0000780d629ec610: 05f0 4883 | 0a01 4983 | f800 7516 

  0x0000780d629ec61c: ;   {metadata(method data for {method} {0x0000780c74ed0900} 'close' '()V' in 'ai/djl/pytorch/jni/IValue')}
  0x0000780d629ec61c: 48be 68c1 | ed74 0c78 | 0000 808e | 6901 0000 | 01e9 d400 

  0x0000780d629ec630: ;   {metadata('java/lang/Long')}
  0x0000780d629ec630: 0000 48b9 | 2839 0403 | 0d78 0000 | 418b 5008 | 49ba 0000 | 0003 0d78 | 0000 4903 | d248 3bca 
  0x0000780d629ec650: 0f85 9400 

  0x0000780d629ec654: ;   {metadata(method data for {method} {0x0000780c74ed0900} 'close' '()V' in 'ai/djl/pytorch/jni/IValue')}
  0x0000780d629ec654: 0000 48be | 68c1 ed74 | 0c78 0000 | 418b 4808 | 49ba 0000 | 0003 0d78 | 0000 4903 | ca48 3b8e 
  0x0000780d629ec674: 8001 0000 | 750d 4883 | 8688 0100 | 0001 e97f | 0000 0048 | 3b8e 9001 | 0000 750d | 4883 8698 
  0x0000780d629ec694: 0100 0001 | e969 0000 | 0048 81be | 8001 0000 | 0000 0000 | 7517 4889 | 8e80 0100 | 0048 c786 
  0x0000780d629ec6b4: 8801 0000 | 0100 0000 | e945 0000 | 0048 81be | 9001 0000 | 0000 0000 | 7517 4889 | 8e90 0100 
  0x0000780d629ec6d4: 0048 c786 | 9801 0000 | 0100 0000 | e921 0000 | 00e9 1c00 

  0x0000780d629ec6e8: ;   {metadata(method data for {method} {0x0000780c74ed0900} 'close' '()V' in 'ai/djl/pytorch/jni/IValue')}
  0x0000780d629ec6e8: 0000 48be | 68c1 ed74 | 0c78 0000 | 4883 ae70 | 0100 0001 | e9f2 0d00 | 00e9 0000 | 0000 498b 
  0x0000780d629ec708: d848 83fb 

  0x0000780d629ec70c: ;   {metadata(method data for {method} {0x0000780c74ed0900} 'close' '()V' in 'ai/djl/pytorch/jni/IValue')}
  0x0000780d629ec70c: 0048 ba68 | c1ed 740c | 7800 0048 | c7c6 a801 | 0000 0f84 | 0700 0000 | 48c7 c6b8 | 0100 0048 
  0x0000780d629ec72c: 8b0c 3248 | 8d49 0148 | 890c 3248 | 8984 2478 | 0100 000f | 8472 0000 | 0048 3b03 

  0x0000780d629ec748: ;   {metadata(method data for {method} {0x0000780c74ed0900} 'close' '()V' in 'ai/djl/pytorch/jni/IValue')}
  0x0000780d629ec748: 488b d348 | be68 c1ed | 740c 7800 | 0048 8386 | c801 0000 | 0148 8b53 

  0x0000780d629ec760: ;   {oop(a 'ai/djl/pytorch/jni/PyTorchLibrary'{0x0000000752f8b8d8})}
  0x0000780d629ec760: 1048 bed8 | b8f8 5207 | 0000 0048 

  0x0000780d629ec76c: ;   {metadata(method data for {method} {0x0000780c74ed0900} 'close' '()V' in 'ai/djl/pytorch/jni/IValue')}
  0x0000780d629ec76c: 8bce 49b8 | 68c1 ed74 | 0c78 0000 | 4983 8000 | 0200 0001 | 4889 9c24 | 8001 0000 | 0f1f 8000 
  0x0000780d629ec78c: ;   {optimized virtual_call}
  0x0000780d629ec78c: 0000 00e8 

  0x0000780d629ec790: ; ImmutableOopMap {[296]=Oop [304]=Oop [312]=Oop [272]=Oop [328]=Oop [288]=Oop [344]=Oop [352]=Oop [376]=Oop [384]=Oop }
                      ;*invokevirtual torchDeleteIValue {reexecute=0 rethrow=0 return_oop=0}
                      ; - ai.djl.pytorch.jni.IValue::close@23 (line 508)
                      ; - ai.djl.pytorch.jni.IValueUtils::forward@133 (line 61)
  0x0000780d629ec790: ecb8 f905 | e91e 0000 | 0048 8b84 | 2468 0100 | 0048 81c4 | 0002 0000 

  0x0000780d629ec7a8: ;   {poll_return}
  0x0000780d629ec7a8: 5d49 3ba7 | 4003 0000 | 0f87 4b0d 

  0x0000780d629ec7b4: ;   {metadata(method data for {method} {0x0000780c74ecb8e8} 'forward' '(Lai/djl/pytorch/engine/PtSymbolBlock;Lai/djl/ndarray/NDList;Z)Lai/djl/ndarray/NDList;' in 'ai/djl/pytorch/jni/IValueUtils')}
  0x0000780d629ec7b4: 0000 c348 | ba10 d7ef | 740c 7800 | 00ff 8270 | 0500 00e9 | 1806 0000 | 4889 8424 | 7801 0000 
  0x0000780d629ec7d4: 0f1f 4000 

  0x0000780d629ec7d8: ;   {no_reloc}
  0x0000780d629ec7d8: e949 0d00 | 0000 0000 | 0000 498b | 8708 0100 | 0048 8d78 | 2849 3bbf | 1801 0000 | 0f87 360d 
  0x0000780d629ec7f8: 0000 4989 | bf08 0100 | 0048 c700 | 0100 0000 | 488b ca49 | ba00 0000 | 030d 7800 | 0049 2bca 
  0x0000780d629ec818: 8948 0848 | 33c9 8948 | 0c48 33c9 | 4889 4810 | 4889 4818 | 4889 4820 

  0x0000780d629ec830: ;   {oop(a 'java/lang/Class'{0x00000007ffd008c8} = 'java/lang/Object')}
  0x0000780d629ec830: 48be c808 | d0ff 0700 | 0000 488b 

  0x0000780d629ec83c: ;   {metadata(method data for {method} {0x0000780d03440700} 'cast' '(Ljava/lang/Object;)Ljava/lang/Object;' in 'java/lang/Class')}
  0x0000780d629ec83c: d648 bfc0 | 8625 ff0c | 7800 0048 | 8387 b001 | 0000 0149 | 8bd0 4c89 | 8424 9801 | 0000 4889 
  0x0000780d629ec85c: 8424 8801 | 0000 0f1f 

  0x0000780d629ec864: ;   {optimized virtual_call}
  0x0000780d629ec864: 4400 00e8 

  0x0000780d629ec868: ; ImmutableOopMap {[376]=Oop [352]=Oop [344]=Oop [288]=Oop [328]=Oop [272]=Oop [312]=Oop [304]=Oop [296]=Oop [392]=Oop [400]=Oop [408]=Oop }
                      ;*invokevirtual cannotCastMsg {reexecute=0 rethrow=0 return_oop=0}
                      ; - java.lang.Class::cast@18 (line 3890)
                      ; - java.lang.invoke.VarHandleGuards::guard_LL_L@56 (line 96)
                      ; - java.util.concurrent.atomic.AtomicReference::getAndSet@5 (line 170)
                      ; - ai.djl.pytorch.jni.IValue::close@5 (line 506)
                      ; - ai.djl.pytorch.jni.IValueUtils::forward@133 (line 61)
  0x0000780d629ec868: 14b8 f905 | 488b 9424 | 8801 0000 

  0x0000780d629ec874: ;   {metadata(method data for {method} {0x0000780d03440700} 'cast' '(Ljava/lang/Object;)Ljava/lang/Object;' in 'java/lang/Class')}
  0x0000780d629ec874: 48be c086 | 25ff 0c78 | 0000 4883 | 86e8 0100 | 0001 488b | d048 8bb4 | 2488 0100 | 0066 0f1f 
  0x0000780d629ec894: ;   {optimized virtual_call}
  0x0000780d629ec894: 4400 00e8 

  0x0000780d629ec898: ; ImmutableOopMap {[376]=Oop [352]=Oop [344]=Oop [288]=Oop [328]=Oop [272]=Oop [312]=Oop [304]=Oop [296]=Oop [392]=Oop [400]=Oop [408]=Oop }
                      ;*invokespecial <init> {reexecute=0 rethrow=0 return_oop=0}
                      ; - java.lang.Class::cast@21 (line 3890)
                      ; - java.lang.invoke.VarHandleGuards::guard_LL_L@56 (line 96)
                      ; - java.util.concurrent.atomic.AtomicReference::getAndSet@5 (line 170)
                      ; - ai.djl.pytorch.jni.IValue::close@5 (line 506)
                      ; - ai.djl.pytorch.jni.IValueUtils::forward@133 (line 61)
  0x0000780d629ec898: e4b7 f905 | 488b 8424 

  0x0000780d629ec8a0: ; ImmutableOopMap {[376]=Oop [352]=Oop [344]=Oop [288]=Oop [328]=Oop [272]=Oop [312]=Oop [304]=Oop [296]=Oop [400]=Oop [408]=Oop rax=Oop }
                      ;*athrow {reexecute=1 rethrow=0 return_oop=0}
                      ; - (reexecute) java.lang.Class::cast@24 (line 3890)
                      ; - java.lang.invoke.VarHandleGuards::guard_LL_L@56 (line 96)
                      ; - java.util.concurrent.atomic.AtomicReference::getAndSet@5 (line 170)
                      ; - ai.djl.pytorch.jni.IValue::close@5 (line 506)
                      ; - ai.djl.pytorch.jni.IValueUtils::forward@133 (line 61)
  0x0000780d629ec8a0: 8801 0000 

  0x0000780d629ec8a4: ;   {section_word}
  0x0000780d629ec8a4: 48ba a4c8 | 9e62 0d78 

  0x0000780d629ec8ac: ;   {runtime_call handle_exception_nofpu Runtime1 stub}
  0x0000780d629ec8ac: 0000 e8cd | d004 0690 | 4889 8424 | 7801 0000 | 0f1f 4000 

  0x0000780d629ec8c0: ;   {no_reloc}
  0x0000780d629ec8c0: e987 0c00 | 0000 0000 | 0000 498b | 8708 0100 | 0048 8d78 | 3049 3bbf | 1801 0000 | 0f87 740c 
  0x0000780d629ec8e0: 0000 4989 | bf08 0100 | 0048 c700 | 0100 0000 | 488b ca49 | ba00 0000 | 030d 7800 | 0049 2bca 
  0x0000780d629ec900: 8948 0848 | 33c9 8948 | 0c48 33c9 | 4889 4810 | 4889 4818 | 4889 4820 | 4889 4828 

  0x0000780d629ec91c: ;   {metadata(method data for {method} {0x0000780d030738d8} 'requireNonNull' '(Ljava/lang/Object;)Ljava/lang/Object;' in 'java/util/Objects')}
  0x0000780d629ec91c: 488b f048 | bf48 2602 | ff0c 7800 | 0048 8387 | 5801 0000 | 0148 8bf0 | 4889 8424 | a001 0000 
  0x0000780d629ec93c: ;   {optimized virtual_call}
  0x0000780d629ec93c: 6666 90e8 

  0x0000780d629ec940: ; ImmutableOopMap {[376]=Oop [352]=Oop [344]=Oop [288]=Oop [328]=Oop [272]=Oop [312]=Oop [304]=Oop [296]=Oop [400]=Oop [416]=Oop }
                      ;*invokespecial <init> {reexecute=0 rethrow=0 return_oop=0}
                      ; - java.util.Objects::requireNonNull@8 (line 209)
                      ; - java.lang.invoke.VarHandleReferences$FieldInstanceReadWrite::getAndSet@16 (line 252)
                      ; - java.lang.invoke.VarHandleGuards::guard_LL_L@45 (line 95)
                      ; - java.util.concurrent.atomic.AtomicReference::getAndSet@5 (line 170)
                      ; - ai.djl.pytorch.jni.IValue::close@5 (line 506)
                      ; - ai.djl.pytorch.jni.IValueUtils::forward@133 (line 61)
  0x0000780d629ec940: 3cb7 f905 | 488b 8424 

  0x0000780d629ec948: ; ImmutableOopMap {[376]=Oop [352]=Oop [344]=Oop [288]=Oop [328]=Oop [272]=Oop [312]=Oop [304]=Oop [296]=Oop [400]=Oop rax=Oop }
                      ;*athrow {reexecute=1 rethrow=0 return_oop=0}
                      ; - (reexecute) java.util.Objects::requireNonNull@11 (line 209)
                      ; - java.lang.invoke.VarHandleReferences$FieldInstanceReadWrite::getAndSet@16 (line 252)
                      ; - java.lang.invoke.VarHandleGuards::guard_LL_L@45 (line 95)
                      ; - java.util.concurrent.atomic.AtomicReference::getAndSet@5 (line 170)
                      ; - ai.djl.pytorch.jni.IValue::close@5 (line 506)
                      ; - ai.djl.pytorch.jni.IValueUtils::forward@133 (line 61)
  0x0000780d629ec948: a001 0000 

  0x0000780d629ec94c: ;   {section_word}
  0x0000780d629ec94c: 48ba 4cc9 | 9e62 0d78 

  0x0000780d629ec954: ;   {runtime_call handle_exception_nofpu Runtime1 stub}
  0x0000780d629ec954: 0000 e825 | d004 0690 | 4889 8424 | 7801 0000 | 0f1f 4000 

  0x0000780d629ec968: ;   {no_reloc}
  0x0000780d629ec968: e905 0c00 | 0000 0000 | 0000 498b | 8708 0100 | 0048 8d78 | 2849 3bbf | 1801 0000 | 0f87 f20b 
  0x0000780d629ec988: 0000 4989 | bf08 0100 | 0048 c700 | 0100 0000 | 488b ca49 | ba00 0000 | 030d 7800 | 0049 2bca 
  0x0000780d629ec9a8: 8948 0848 | 33c9 8948 | 0c48 33c9 | 4889 4810 | 4889 4818 | 4889 4820 

  0x0000780d629ec9c0: ;   {oop(a 'java/lang/Class'{0x0000000750ed5e80} = 'java/util/concurrent/atomic/AtomicReference')}
  0x0000780d629ec9c0: 48be 805e | ed50 0700 | 0000 488b 

  0x0000780d629ec9cc: ;   {metadata(method data for {method} {0x0000780d03440700} 'cast' '(Ljava/lang/Object;)Ljava/lang/Object;' in 'java/lang/Class')}
  0x0000780d629ec9cc: d648 bfc0 | 8625 ff0c | 7800 0048 | 8387 b001 | 0000 0148 | 8bd3 4889 | 8424 a801 | 0000 0f1f 
  0x0000780d629ec9ec: ;   {optimized virtual_call}
  0x0000780d629ec9ec: 4400 00e8 

  0x0000780d629ec9f0: ; ImmutableOopMap {[376]=Oop [352]=Oop [344]=Oop [288]=Oop [328]=Oop [272]=Oop [312]=Oop [304]=Oop [296]=Oop [424]=Oop [400]=Oop }
                      ;*invokevirtual cannotCastMsg {reexecute=0 rethrow=0 return_oop=0}
                      ; - java.lang.Class::cast@18 (line 3890)
                      ; - java.lang.invoke.VarHandleReferences$FieldInstanceReadWrite::getAndSet@13 (line 252)
                      ; - java.lang.invoke.VarHandleGuards::guard_LL_L@45 (line 95)
                      ; - java.util.concurrent.atomic.AtomicReference::getAndSet@5 (line 170)
                      ; - ai.djl.pytorch.jni.IValue::close@5 (line 506)
                      ; - ai.djl.pytorch.jni.IValueUtils::forward@133 (line 61)
  0x0000780d629ec9f0: 8cb6 f905 | 488b 9424 | a801 0000 

  0x0000780d629ec9fc: ;   {metadata(method data for {method} {0x0000780d03440700} 'cast' '(Ljava/lang/Object;)Ljava/lang/Object;' in 'java/lang/Class')}
  0x0000780d629ec9fc: 48be c086 | 25ff 0c78 | 0000 4883 | 86e8 0100 | 0001 488b | d048 8bb4 | 24a8 0100 | 0066 0f1f 
  0x0000780d629eca1c: ;   {optimized virtual_call}
  0x0000780d629eca1c: 4400 00e8 

  0x0000780d629eca20: ; ImmutableOopMap {[376]=Oop [352]=Oop [344]=Oop [288]=Oop [328]=Oop [272]=Oop [312]=Oop [304]=Oop [296]=Oop [424]=Oop [400]=Oop }
                      ;*invokespecial <init> {reexecute=0 rethrow=0 return_oop=0}
                      ; - java.lang.Class::cast@21 (line 3890)
                      ; - java.lang.invoke.VarHandleReferences$FieldInstanceReadWrite::getAndSet@13 (line 252)
                      ; - java.lang.invoke.VarHandleGuards::guard_LL_L@45 (line 95)
                      ; - java.util.concurrent.atomic.AtomicReference::getAndSet@5 (line 170)
                      ; - ai.djl.pytorch.jni.IValue::close@5 (line 506)
                      ; - ai.djl.pytorch.jni.IValueUtils::forward@133 (line 61)
  0x0000780d629eca20: 5cb6 f905 | 488b 8424 

  0x0000780d629eca28: ; ImmutableOopMap {[376]=Oop [352]=Oop [344]=Oop [288]=Oop [328]=Oop [272]=Oop [312]=Oop [304]=Oop [296]=Oop [400]=Oop rax=Oop }
                      ;*athrow {reexecute=1 rethrow=0 return_oop=0}
                      ; - (reexecute) java.lang.Class::cast@24 (line 3890)
                      ; - java.lang.invoke.VarHandleReferences$FieldInstanceReadWrite::getAndSet@13 (line 252)
                      ; - java.lang.invoke.VarHandleGuards::guard_LL_L@45 (line 95)
                      ; - java.util.concurrent.atomic.AtomicReference::getAndSet@5 (line 170)
                      ; - ai.djl.pytorch.jni.IValue::close@5 (line 506)
                      ; - ai.djl.pytorch.jni.IValueUtils::forward@133 (line 61)
  0x0000780d629eca28: a801 0000 

  0x0000780d629eca2c: ;   {section_word}
  0x0000780d629eca2c: 48ba 2cca | 9e62 0d78 

  0x0000780d629eca34: ;   {runtime_call handle_exception_nofpu Runtime1 stub}
  0x0000780d629eca34: 0000 e845 | cf04 0690 | 0f1f 4000 

  0x0000780d629eca40: ;   {no_reloc}
  0x0000780d629eca40: e953 0b00 | 0000 0000 | 0000 498b | 8708 0100 | 0048 8d78 | 2849 3bbf | 1801 0000 | 0f87 400b 
  0x0000780d629eca60: 0000 4989 | bf08 0100 | 0048 c700 | 0100 0000 | 488b ca49 | ba00 0000 | 030d 7800 | 0049 2bca 
  0x0000780d629eca80: 8948 0848 | 33c9 8948 | 0c48 33c9 | 4889 4810 | 4889 4818 | 4889 4820 

  0x0000780d629eca98: ;   {oop(a 'java/lang/Class'{0x00000007ffd008c8} = 'java/lang/Object')}
  0x0000780d629eca98: 48be c808 | d0ff 0700 | 0000 488b 

  0x0000780d629ecaa4: ;   {metadata(method data for {method} {0x0000780d03440700} 'cast' '(Ljava/lang/Object;)Ljava/lang/Object;' in 'java/lang/Class')}
  0x0000780d629ecaa4: d648 bfc0 | 8625 ff0c | 7800 0048 | 8387 b001 | 0000 0149 | 8bd0 4c89 | 8424 c001 | 0000 4889 
  0x0000780d629ecac4: 8424 b001 | 0000 0f1f 

  0x0000780d629ecacc: ;   {optimized virtual_call}
  0x0000780d629ecacc: 4400 00e8 

  0x0000780d629ecad0: ; ImmutableOopMap {[352]=Oop [344]=Oop [288]=Oop [328]=Oop [272]=Oop [312]=Oop [304]=Oop [296]=Oop [360]=Oop [432]=Oop [440]=Oop [448]=Oop }
                      ;*invokevirtual cannotCastMsg {reexecute=0 rethrow=0 return_oop=0}
                      ; - java.lang.Class::cast@18 (line 3890)
                      ; - java.lang.invoke.VarHandleGuards::guard_LL_L@56 (line 96)
                      ; - java.util.concurrent.atomic.AtomicReference::getAndSet@5 (line 170)
                      ; - ai.djl.pytorch.jni.IValue::close@5 (line 506)
                      ; - ai.djl.pytorch.jni.IValueUtils::forward@123 (line 63)
  0x0000780d629ecad0: acb5 f905 | 488b 9424 | b001 0000 

  0x0000780d629ecadc: ;   {metadata(method data for {method} {0x0000780d03440700} 'cast' '(Ljava/lang/Object;)Ljava/lang/Object;' in 'java/lang/Class')}
  0x0000780d629ecadc: 48be c086 | 25ff 0c78 | 0000 4883 | 86e8 0100 | 0001 488b | d048 8bb4 | 24b0 0100 | 0066 0f1f 
  0x0000780d629ecafc: ;   {optimized virtual_call}
  0x0000780d629ecafc: 4400 00e8 

  0x0000780d629ecb00: ; ImmutableOopMap {[352]=Oop [344]=Oop [288]=Oop [328]=Oop [272]=Oop [312]=Oop [304]=Oop [296]=Oop [360]=Oop [432]=Oop [440]=Oop [448]=Oop }
                      ;*invokespecial <init> {reexecute=0 rethrow=0 return_oop=0}
                      ; - java.lang.Class::cast@21 (line 3890)
                      ; - java.lang.invoke.VarHandleGuards::guard_LL_L@56 (line 96)
                      ; - java.util.concurrent.atomic.AtomicReference::getAndSet@5 (line 170)
                      ; - ai.djl.pytorch.jni.IValue::close@5 (line 506)
                      ; - ai.djl.pytorch.jni.IValueUtils::forward@123 (line 63)
  0x0000780d629ecb00: 7cb5 f905 | 488b 8424 

  0x0000780d629ecb08: ; ImmutableOopMap {[352]=Oop [344]=Oop [288]=Oop [328]=Oop [272]=Oop [312]=Oop [304]=Oop [296]=Oop [360]=Oop [440]=Oop [448]=Oop rax=Oop }
                      ;*athrow {reexecute=1 rethrow=0 return_oop=0}
                      ; - (reexecute) java.lang.Class::cast@24 (line 3890)
                      ; - java.lang.invoke.VarHandleGuards::guard_LL_L@56 (line 96)
                      ; - java.util.concurrent.atomic.AtomicReference::getAndSet@5 (line 170)
                      ; - ai.djl.pytorch.jni.IValue::close@5 (line 506)
                      ; - ai.djl.pytorch.jni.IValueUtils::forward@123 (line 63)
  0x0000780d629ecb08: b001 0000 

  0x0000780d629ecb0c: ;   {section_word}
  0x0000780d629ecb0c: 48ba 0ccb | 9e62 0d78 

  0x0000780d629ecb14: ;   {runtime_call handle_exception_nofpu Runtime1 stub}
  0x0000780d629ecb14: 0000 e865 | ce04 0690 | 0f1f 4000 

  0x0000780d629ecb20: ;   {no_reloc}
  0x0000780d629ecb20: e999 0a00 | 0000 0000 | 0000 498b | 8708 0100 | 0048 8d78 | 3049 3bbf | 1801 0000 | 0f87 860a 
  0x0000780d629ecb40: 0000 4989 | bf08 0100 | 0048 c700 | 0100 0000 | 488b ca49 | ba00 0000 | 030d 7800 | 0049 2bca 
  0x0000780d629ecb60: 8948 0848 | 33c9 8948 | 0c48 33c9 | 4889 4810 | 4889 4818 | 4889 4820 | 4889 4828 

  0x0000780d629ecb7c: ;   {metadata(method data for {method} {0x0000780d030738d8} 'requireNonNull' '(Ljava/lang/Object;)Ljava/lang/Object;' in 'java/util/Objects')}
  0x0000780d629ecb7c: 488b f048 | bf48 2602 | ff0c 7800 | 0048 8387 | 5801 0000 | 0148 8bf0 | 4889 8424 | c801 0000 
  0x0000780d629ecb9c: ;   {optimized virtual_call}
  0x0000780d629ecb9c: 6666 90e8 

  0x0000780d629ecba0: ; ImmutableOopMap {[440]=Oop [360]=Oop [296]=Oop [304]=Oop [312]=Oop [272]=Oop [328]=Oop [288]=Oop [344]=Oop [352]=Oop [456]=Oop }
                      ;*invokespecial <init> {reexecute=0 rethrow=0 return_oop=0}
                      ; - java.util.Objects::requireNonNull@8 (line 209)
                      ; - java.lang.invoke.VarHandleReferences$FieldInstanceReadWrite::getAndSet@16 (line 252)
                      ; - java.lang.invoke.VarHandleGuards::guard_LL_L@45 (line 95)
                      ; - java.util.concurrent.atomic.AtomicReference::getAndSet@5 (line 170)
                      ; - ai.djl.pytorch.jni.IValue::close@5 (line 506)
                      ; - ai.djl.pytorch.jni.IValueUtils::forward@123 (line 63)
  0x0000780d629ecba0: dcb4 f905 | 488b 8424 

  0x0000780d629ecba8: ; ImmutableOopMap {[440]=Oop [360]=Oop [296]=Oop [304]=Oop [312]=Oop [272]=Oop [328]=Oop [288]=Oop [344]=Oop [352]=Oop rax=Oop }
                      ;*athrow {reexecute=1 rethrow=0 return_oop=0}
                      ; - (reexecute) java.util.Objects::requireNonNull@11 (line 209)
                      ; - java.lang.invoke.VarHandleReferences$FieldInstanceReadWrite::getAndSet@16 (line 252)
                      ; - java.lang.invoke.VarHandleGuards::guard_LL_L@45 (line 95)
                      ; - java.util.concurrent.atomic.AtomicReference::getAndSet@5 (line 170)
                      ; - ai.djl.pytorch.jni.IValue::close@5 (line 506)
                      ; - ai.djl.pytorch.jni.IValueUtils::forward@123 (line 63)
  0x0000780d629ecba8: c801 0000 

  0x0000780d629ecbac: ;   {section_word}
  0x0000780d629ecbac: 48ba accb | 9e62 0d78 

  0x0000780d629ecbb4: ;   {runtime_call handle_exception_nofpu Runtime1 stub}
  0x0000780d629ecbb4: 0000 e8c5 | cd04 0690 | 0f1f 4000 

  0x0000780d629ecbc0: ;   {no_reloc}
  0x0000780d629ecbc0: e91f 0a00 | 0000 0000 | 0000 498b | 8708 0100 | 0048 8d78 | 2849 3bbf | 1801 0000 | 0f87 0c0a 
  0x0000780d629ecbe0: 0000 4989 | bf08 0100 | 0048 c700 | 0100 0000 | 488b ca49 | ba00 0000 | 030d 7800 | 0049 2bca 
  0x0000780d629ecc00: 8948 0848 | 33c9 8948 | 0c48 33c9 | 4889 4810 | 4889 4818 | 4889 4820 

  0x0000780d629ecc18: ;   {oop(a 'java/lang/Class'{0x0000000750ed5e80} = 'java/util/concurrent/atomic/AtomicReference')}
  0x0000780d629ecc18: 48be 805e | ed50 0700 | 0000 488b 

  0x0000780d629ecc24: ;   {metadata(method data for {method} {0x0000780d03440700} 'cast' '(Ljava/lang/Object;)Ljava/lang/Object;' in 'java/lang/Class')}
  0x0000780d629ecc24: d648 bfc0 | 8625 ff0c | 7800 0048 | 8387 b001 | 0000 0148 | 8bd3 4889 | 8424 d001 | 0000 0f1f 
  0x0000780d629ecc44: ;   {optimized virtual_call}
  0x0000780d629ecc44: 4400 00e8 

  0x0000780d629ecc48: ; ImmutableOopMap {[352]=Oop [344]=Oop [288]=Oop [328]=Oop [272]=Oop [312]=Oop [304]=Oop [296]=Oop [464]=Oop [360]=Oop [440]=Oop }
                      ;*invokevirtual cannotCastMsg {reexecute=0 rethrow=0 return_oop=0}
                      ; - java.lang.Class::cast@18 (line 3890)
                      ; - java.lang.invoke.VarHandleReferences$FieldInstanceReadWrite::getAndSet@13 (line 252)
                      ; - java.lang.invoke.VarHandleGuards::guard_LL_L@45 (line 95)
                      ; - java.util.concurrent.atomic.AtomicReference::getAndSet@5 (line 170)
                      ; - ai.djl.pytorch.jni.IValue::close@5 (line 506)
                      ; - ai.djl.pytorch.jni.IValueUtils::forward@123 (line 63)
  0x0000780d629ecc48: 34b4 f905 | 488b 9424 | d001 0000 

  0x0000780d629ecc54: ;   {metadata(method data for {method} {0x0000780d03440700} 'cast' '(Ljava/lang/Object;)Ljava/lang/Object;' in 'java/lang/Class')}
  0x0000780d629ecc54: 48be c086 | 25ff 0c78 | 0000 4883 | 86e8 0100 | 0001 488b | d048 8bb4 | 24d0 0100 | 0066 0f1f 
  0x0000780d629ecc74: ;   {optimized virtual_call}
  0x0000780d629ecc74: 4400 00e8 

  0x0000780d629ecc78: ; ImmutableOopMap {[352]=Oop [344]=Oop [288]=Oop [328]=Oop [272]=Oop [312]=Oop [304]=Oop [296]=Oop [464]=Oop [360]=Oop [440]=Oop }
                      ;*invokespecial <init> {reexecute=0 rethrow=0 return_oop=0}
                      ; - java.lang.Class::cast@21 (line 3890)
                      ; - java.lang.invoke.VarHandleReferences$FieldInstanceReadWrite::getAndSet@13 (line 252)
                      ; - java.lang.invoke.VarHandleGuards::guard_LL_L@45 (line 95)
                      ; - java.util.concurrent.atomic.AtomicReference::getAndSet@5 (line 170)
                      ; - ai.djl.pytorch.jni.IValue::close@5 (line 506)
                      ; - ai.djl.pytorch.jni.IValueUtils::forward@123 (line 63)
  0x0000780d629ecc78: 04b4 f905 | 488b 8424 

  0x0000780d629ecc80: ; ImmutableOopMap {[352]=Oop [344]=Oop [288]=Oop [328]=Oop [272]=Oop [312]=Oop [304]=Oop [296]=Oop [360]=Oop [440]=Oop rax=Oop }
                      ;*athrow {reexecute=1 rethrow=0 return_oop=0}
                      ; - (reexecute) java.lang.Class::cast@24 (line 3890)
                      ; - java.lang.invoke.VarHandleReferences$FieldInstanceReadWrite::getAndSet@13 (line 252)
                      ; - java.lang.invoke.VarHandleGuards::guard_LL_L@45 (line 95)
                      ; - java.util.concurrent.atomic.AtomicReference::getAndSet@5 (line 170)
                      ; - ai.djl.pytorch.jni.IValue::close@5 (line 506)
                      ; - ai.djl.pytorch.jni.IValueUtils::forward@123 (line 63)
  0x0000780d629ecc80: d001 0000 

  0x0000780d629ecc84: ;   {section_word}
  0x0000780d629ecc84: 48ba 84cc | 9e62 0d78 

  0x0000780d629ecc8c: ;   {runtime_call handle_exception_nofpu Runtime1 stub}
  0x0000780d629ecc8c: 0000 e8ed | cc04 0690 | 4889 8424 | 5001 0000 

  0x0000780d629ecc9c: ;   {metadata(method data for {method} {0x0000780d033c4b58} 'checkIndex' '(IILjava/util/function/BiFunction;)I' in 'jdk/internal/util/Preconditions')}
  0x0000780d629ecc9c: 48be 0831 | 04ff 0c78 | 0000 4883 | 8678 0100 

  0x0000780d629eccac: ;   {oop(NULL)}
  0x0000780d629eccac: 0001 48be | 0000 0000 | 0000 0000 | ba00 0000 | 0048 8bcf | 89bc 24d8 

  0x0000780d629eccc4: ;   {static_call}
  0x0000780d629eccc4: 0100 00e8 

  0x0000780d629eccc8: ; ImmutableOopMap {[296]=Oop [304]=Oop [312]=Oop [272]=Oop [328]=Oop [288]=Oop }
                      ;*invokestatic outOfBoundsCheckIndex {reexecute=0 rethrow=0 return_oop=0}
                      ; - jdk.internal.util.Preconditions::checkIndex@12 (line 266)
                      ; - java.util.Objects::checkIndex@3 (line 361)
                      ; - java.util.ArrayList::get@5 (line 427)
                      ; - ai.djl.pytorch.jni.IValueUtils::forward@70 (line 59)
  0x0000780d629eccc8: b4b9 f905 

  0x0000780d629ecccc: ; implicit exception: dispatches to 0x0000780d629ed5fb
                      ; ImmutableOopMap {[296]=Oop [304]=Oop [312]=Oop [272]=Oop [328]=Oop [288]=Oop rax=Oop }
                      ;*athrow {reexecute=1 rethrow=0 return_oop=0}
                      ; - (reexecute) jdk.internal.util.Preconditions::checkIndex@15 (line 266)
                      ; - java.util.Objects::checkIndex@3 (line 361)
                      ; - java.util.ArrayList::get@5 (line 427)
                      ; - ai.djl.pytorch.jni.IValueUtils::forward@70 (line 59)
                      ;   {section_word}
  0x0000780d629ecccc: 483b 0048 | bacf cc9e | 620d 7800 

  0x0000780d629eccd8: ;   {runtime_call handle_exception_nofpu Runtime1 stub}
  0x0000780d629eccd8: 00e8 a2cc | 0406 904c | 8984 24e8 | 0100 0048 | 899c 2448 | 0100 0090 

  0x0000780d629eccf0: ;   {no_reloc}
  0x0000780d629eccf0: e91a 0900 | 0000 0000 | 0000 498b | 8708 0100 | 0048 8d78 | 2849 3bbf | 1801 0000 | 0f87 0709 
  0x0000780d629ecd10: 0000 4989 | bf08 0100 | 0048 c700 | 0100 0000 | 488b ca49 | ba00 0000 | 030d 7800 | 0049 2bca 
  0x0000780d629ecd30: 8948 0848 | 33c9 8948 | 0c48 33c9 | 4889 4810 | 4889 4818 | 4889 4820 

  0x0000780d629ecd48: ;   {metadata(method data for {method} {0x0000780c74e1bcc0} 'getHandle' '()Ljava/lang/Long;' in 'ai/djl/pytorch/engine/PtSymbolBlock')}
  0x0000780d629ecd48: 488b d048 | be08 94ee | 740c 7800 | 0048 8386 | c801 0000 

  0x0000780d629ecd5c: ;   {oop("PyTorch model handle has been released!"{0x0000000754558108})}
  0x0000780d629ecd5c: 0148 ba08 | 8155 5407 | 0000 0048 | 8bf0 4889 | 8424 e001 | 0000 0f1f 

  0x0000780d629ecd74: ;   {optimized virtual_call}
  0x0000780d629ecd74: 4400 00e8 

  0x0000780d629ecd78: ; ImmutableOopMap {[288]=Oop [328]=Oop [272]=Oop [312]=Oop [304]=Oop [296]=Oop [480]=Oop [488]=Oop }
                      ;*invokespecial <init> {reexecute=0 rethrow=0 return_oop=0}
                      ; - ai.djl.pytorch.engine.PtSymbolBlock::getHandle@21 (line 275)
                      ; - ai.djl.pytorch.jni.IValueUtils::forward@49 (line 58)
  0x0000780d629ecd78: 04b3 f905 | 488b 8424 

  0x0000780d629ecd80: ; ImmutableOopMap {[288]=Oop [328]=Oop [272]=Oop [312]=Oop [304]=Oop [296]=Oop [488]=Oop rax=Oop }
                      ;*athrow {reexecute=1 rethrow=0 return_oop=0}
                      ; - (reexecute) ai.djl.pytorch.engine.PtSymbolBlock::getHandle@24 (line 275)
                      ; - ai.djl.pytorch.jni.IValueUtils::forward@49 (line 58)
  0x0000780d629ecd80: e001 0000 

  0x0000780d629ecd84: ;   {section_word}
  0x0000780d629ecd84: 48ba 84cd | 9e62 0d78 

  0x0000780d629ecd8c: ;   {runtime_call handle_exception_nofpu Runtime1 stub}
  0x0000780d629ecd8c: 0000 e8ed | cb04 0690 | 498b 87d0 | 0300 004d | 33d2 4d89 | 97d0 0300 | 004d 33d2 | 4d89 97d8 
  0x0000780d629ecdac: 0300 0048 | 8b94 2478 

  0x0000780d629ecdb4: ;   {metadata(method data for {method} {0x0000780c74ecb8e8} 'forward' '(Lai/djl/pytorch/engine/PtSymbolBlock;Lai/djl/ndarray/NDList;Z)Lai/djl/ndarray/NDList;' in 'ai/djl/pytorch/jni/IValueUtils')}
  0x0000780d629ecdb4: 0100 0048 | be10 d7ef | 740c 7800 | 0048 8386 | 8805 0000 | 0148 8bd0 | 488b b424 | 7801 0000 
  0x0000780d629ecdd4: 4889 8424 | f001 0000 

  0x0000780d629ecddc: ;   {optimized virtual_call}
  0x0000780d629ecddc: 6666 90e8 

  0x0000780d629ecde0: ; ImmutableOopMap {[376]=Oop [352]=Oop [344]=Oop [296]=Oop [304]=Oop [312]=Oop [272]=Oop [328]=Oop [288]=Oop [496]=Oop }
                      ;*invokevirtual addSuppressed {reexecute=0 rethrow=0 return_oop=0}
                      ; - ai.djl.pytorch.jni.IValueUtils::forward@145 (line 61)
  0x0000780d629ecde0: 9cb2 f905 | 488b b424 | 7801 0000 | 488b bc24 | 6001 0000 | 488b 8c24 | 5801 0000 | 4c8b 8424 
  0x0000780d629ece00: 5001 0000 | 4c8b 8c24 | 4801 0000 | 4c8b b424 | 3001 0000 | 4c8b ac24 | 3801 0000 | 488b 9c24 
  0x0000780d629ece20: 2001 0000 | 4c8b 9c24 | 1001 0000 

  0x0000780d629ece2c: ; ImmutableOopMap {rdi=Oop [352]=Oop rsi=Oop rbx=Oop [288]=Oop rcx=Oop r9=Oop r11=Oop [272]=Oop r13=Oop r14=Oop [296]=Oop rax=Oop }
                      ;*athrow {reexecute=1 rethrow=0 return_oop=0}
                      ; - (reexecute) ai.djl.pytorch.jni.IValueUtils::forward@150 (line 61)
                      ;   {section_word}
  0x0000780d629ece2c: 488b c648 | ba2f ce9e | 620d 7800 

  0x0000780d629ece38: ;   {runtime_call handle_exception_nofpu Runtime1 stub}
  0x0000780d629ece38: 00e8 42cb 

  0x0000780d629ece3c: ;   {metadata({method} {0x0000780c74ecb8e8} 'forward' '(Lai/djl/pytorch/engine/PtSymbolBlock;Lai/djl/ndarray/NDList;Z)Lai/djl/ndarray/NDList;' in 'ai/djl/pytorch/jni/IValueUtils')}
  0x0000780d629ece3c: 0406 9049 | bae8 b8ec | 740c 7800 | 004c 8954 | 2408 48c7 | 0424 ffff 

  0x0000780d629ece54: ;   {runtime_call counter_overflow Runtime1 stub}
  0x0000780d629ece54: ffff e825 

  0x0000780d629ece58: ; ImmutableOopMap {rsi=Oop [272]=Oop rdx=Oop [288]=Oop }
                      ;*synchronization entry
                      ; - ai.djl.pytorch.jni.IValueUtils::forward@-1 (line 52)
  0x0000780d629ece58: 0705 06e9 | 8ed2 ffff 

  0x0000780d629ece60: ;   {runtime_call throw_null_pointer_exception Runtime1 stub}
  0x0000780d629ece60: e83b b304 

  0x0000780d629ece64: ; ImmutableOopMap {[272]=Oop [288]=Oop rax=Oop }
                      ;*invokevirtual getKey {reexecute=0 rethrow=0 return_oop=0}
                      ; - ai.djl.pytorch.jni.IValueUtils::forward@6 (line 53)
  0x0000780d629ece64: 0648 8934 

  0x0000780d629ece68: ;   {runtime_call throw_class_cast_exception Runtime1 stub}
  0x0000780d629ece68: 24e8 32d7 

  0x0000780d629ece6c: ; ImmutableOopMap {[272]=Oop [288]=Oop rax=Oop }
                      ;*checkcast {reexecute=0 rethrow=0 return_oop=0}
                      ; - ai.djl.pytorch.jni.IValueUtils::forward@9 (line 53)
  0x0000780d629ece6c: 0406 4889 

  0x0000780d629ece70: ;   {runtime_call throw_class_cast_exception Runtime1 stub}
  0x0000780d629ece70: 3424 e829 

  0x0000780d629ece74: ; ImmutableOopMap {[272]=Oop [288]=Oop rax=Oop rdi=Oop }
                      ;*checkcast {reexecute=0 rethrow=0 return_oop=0}
                      ; - ai.djl.pytorch.jni.IValueUtils::forward@18 (line 54)
                      ;   {metadata({method} {0x0000780d033e6a58} 'stream' '([Ljava/lang/Object;)Ljava/util/stream/Stream;' in 'java/util/Arrays')}
  0x0000780d629ece74: d704 0649 | ba58 6a3e | 030d 7800 | 004c 8954 | 2408 48c7 | 0424 ffff 

  0x0000780d629ece8c: ;   {runtime_call counter_overflow Runtime1 stub}
  0x0000780d629ece8c: ffff e8ed 

  0x0000780d629ece90: ; ImmutableOopMap {[272]=Oop [288]=Oop rax=Oop rdi=Oop rbx=Oop [296]=Oop }
                      ;*synchronization entry
                      ; - java.util.Arrays::stream@-1 (line 5428)
                      ; - ai.djl.pytorch.jni.IValueUtils::forward@25 (line 55)
  0x0000780d629ece90: 0605 06e9 | d4d4 ffff 

  0x0000780d629ece98: ;   {runtime_call throw_null_pointer_exception Runtime1 stub}
  0x0000780d629ece98: e803 b304 

  0x0000780d629ece9c: ; ImmutableOopMap {[272]=Oop [288]=Oop rax=Oop rdi=Oop rbx=Oop [296]=Oop }
                      ;*arraylength {reexecute=0 rethrow=0 return_oop=0}
                      ; - java.util.Arrays::stream@3 (line 5428)
                      ; - ai.djl.pytorch.jni.IValueUtils::forward@25 (line 55)
                      ;   {metadata({method} {0x0000780d033e6a00} 'stream' '([Ljava/lang/Object;II)Ljava/util/stream/Stream;' in 'java/util/Arrays')}
  0x0000780d629ece9c: 0649 ba00 | 6a3e 030d | 7800 004c | 8954 2408 | 48c7 0424 | ffff ffff 

  0x0000780d629eceb4: ;   {runtime_call counter_overflow Runtime1 stub}
  0x0000780d629eceb4: e8c7 0605 

  0x0000780d629eceb8: ; ImmutableOopMap {[272]=Oop [288]=Oop rax=Oop rdi=Oop rbx=Oop [296]=Oop }
                      ;*synchronization entry
                      ; - java.util.Arrays::stream@-1 (line 5447)
                      ; - java.util.Arrays::stream@4 (line 5428)
                      ; - ai.djl.pytorch.jni.IValueUtils::forward@25 (line 55)
  0x0000780d629eceb8: 06e9 f4d4 

  0x0000780d629ecebc: ;   {metadata({method} {0x0000780d033e62c8} 'spliterator' '([Ljava/lang/Object;II)Ljava/util/Spliterator;' in 'java/util/Arrays')}
  0x0000780d629ecebc: ffff 49ba | c862 3e03 | 0d78 0000 | 4c89 5424 | 0848 c704 | 24ff ffff 

  0x0000780d629eced4: ;   {runtime_call counter_overflow Runtime1 stub}
  0x0000780d629eced4: ffe8 a606 

  0x0000780d629eced8: ; ImmutableOopMap {[272]=Oop [288]=Oop rax=Oop rdi=Oop rbx=Oop [296]=Oop }
                      ;*synchronization entry
                      ; - java.util.Arrays::spliterator@-1 (line 5296)
                      ; - java.util.Arrays::stream@3 (line 5447)
                      ; - java.util.Arrays::stream@4 (line 5428)
                      ; - ai.djl.pytorch.jni.IValueUtils::forward@25 (line 55)
  0x0000780d629eced8: 0506 e90d 

  0x0000780d629ecedc: ;   {metadata({method} {0x0000780d030d8d10} 'linkToTargetMethod' '(Ljava/lang/Object;)Ljava/lang/Object;' in 'java/lang/invoke/Invokers$Holder')}
  0x0000780d629ecedc: d5ff ff49 | ba10 8d0d | 030d 7800 | 004c 8954 | 2408 48c7 | 0424 ffff 

  0x0000780d629ecef4: ;   {runtime_call counter_overflow Runtime1 stub}
  0x0000780d629ecef4: ffff e885 

  0x0000780d629ecef8: ; ImmutableOopMap {[272]=Oop [288]=Oop [296]=Oop [304]=Oop [312]=Oop rax=Oop rsi=Oop }
                      ;*synchronization entry
                      ; - java.lang.invoke.Invokers$Holder::linkToTargetMethod@-1
                      ; - ai.djl.pytorch.jni.IValueUtils::forward@28 (line 55)
  0x0000780d629ecef8: 0605 06e9 | acd5 ffff 

  0x0000780d629ecf00: ;   {metadata({method} {0x0000780cff48c268} 'invoke' '(Ljava/lang/Object;)Ljava/lang/Object;' in 'java/lang/invoke/LambdaForm$MH+0x0000780d04014000')}
  0x0000780d629ecf00: 49ba 68c2 | 48ff 0c78 | 0000 4c89 | 5424 0848 | c704 24ff 

  0x0000780d629ecf14: ;   {runtime_call counter_overflow Runtime1 stub}
  0x0000780d629ecf14: ffff ffe8 

  0x0000780d629ecf18: ; ImmutableOopMap {[272]=Oop [288]=Oop [296]=Oop [304]=Oop [312]=Oop rax=Oop }
                      ;*synchronization entry
                      ; - java.lang.invoke.LambdaForm$MH/0x0000780d04014000::invoke@-1
                      ; - java.lang.invoke.Invokers$Holder::linkToTargetMethod@4
                      ; - ai.djl.pytorch.jni.IValueUtils::forward@28 (line 55)
  0x0000780d629ecf18: 6406 0506 | e9e9 d5ff 

  0x0000780d629ecf20: ;   {runtime_call throw_incompatible_class_change_error Runtime1 stub}
  0x0000780d629ecf20: ffe8 7ad9 

  0x0000780d629ecf24: ; ImmutableOopMap {[272]=Oop [288]=Oop [296]=Oop [304]=Oop [312]=Oop rax=Oop rsi=Oop }
                      ;*invokeinterface mapToLong {reexecute=0 rethrow=0 return_oop=0}
                      ; - ai.djl.pytorch.jni.IValueUtils::forward@33 (line 55)
                      ;   {runtime_call throw_null_pointer_exception Runtime1 stub}
  0x0000780d629ecf24: 0406 e875 

  0x0000780d629ecf28: ; ImmutableOopMap {[272]=Oop [288]=Oop [296]=Oop [304]=Oop [312]=Oop rax=Oop rsi=Oop }
                      ;*invokeinterface mapToLong {reexecute=0 rethrow=0 return_oop=0}
                      ; - ai.djl.pytorch.jni.IValueUtils::forward@33 (line 55)
                      ;   {runtime_call throw_incompatible_class_change_error Runtime1 stub}
  0x0000780d629ecf28: b204 06e8 

  0x0000780d629ecf2c: ; ImmutableOopMap {[272]=Oop [288]=Oop [296]=Oop [304]=Oop [312]=Oop rax=Oop }
                      ;*invokeinterface toArray {reexecute=0 rethrow=0 return_oop=0}
                      ; - ai.djl.pytorch.jni.IValueUtils::forward@38 (line 55)
  0x0000780d629ecf2c: 70d9 0406 

  0x0000780d629ecf30: ;   {runtime_call throw_null_pointer_exception Runtime1 stub}
  0x0000780d629ecf30: e86b b204 

  0x0000780d629ecf34: ; ImmutableOopMap {[272]=Oop [288]=Oop [296]=Oop [304]=Oop [312]=Oop rax=Oop }
                      ;*invokeinterface toArray {reexecute=0 rethrow=0 return_oop=0}
                      ; - ai.djl.pytorch.jni.IValueUtils::forward@38 (line 55)
                      ;   {metadata({method} {0x0000780c74de2038} 'toArray' '()[J' in 'java/util/stream/LongPipeline')}
  0x0000780d629ecf34: 0649 ba38 | 20de 740c | 7800 004c | 8954 2408 | 48c7 0424 | ffff ffff 

  0x0000780d629ecf4c: ;   {runtime_call counter_overflow Runtime1 stub}
  0x0000780d629ecf4c: e82f 0605 

  0x0000780d629ecf50: ; ImmutableOopMap {[272]=Oop [288]=Oop [296]=Oop [304]=Oop [312]=Oop rax=Oop }
                      ;*synchronization entry
                      ; - java.util.stream.LongPipeline::toArray@-1 (line 545)
                      ; - ai.djl.pytorch.jni.IValueUtils::forward@38 (line 55)
  0x0000780d629ecf50: 06e9 e0d7 

  0x0000780d629ecf54: ;   {metadata({method} {0x0000780d030d8d10} 'linkToTargetMethod' '(Ljava/lang/Object;)Ljava/lang/Object;' in 'java/lang/invoke/Invokers$Holder')}
  0x0000780d629ecf54: ffff 49ba | 108d 0d03 | 0d78 0000 | 4c89 5424 | 0848 c704 | 24ff ffff 

  0x0000780d629ecf6c: ;   {runtime_call counter_overflow Runtime1 stub}
  0x0000780d629ecf6c: ffe8 0e06 

  0x0000780d629ecf70: ; ImmutableOopMap {[272]=Oop [288]=Oop [296]=Oop [304]=Oop [312]=Oop rax=Oop rsi=Oop }
                      ;*synchronization entry
                      ; - java.lang.invoke.Invokers$Holder::linkToTargetMethod@-1
                      ; - java.util.stream.LongPipeline::toArray@1 (line 545)
                      ; - ai.djl.pytorch.jni.IValueUtils::forward@38 (line 55)
  0x0000780d629ecf70: 0506 e927 

  0x0000780d629ecf74: ;   {metadata({method} {0x0000780cff48c268} 'invoke' '(Ljava/lang/Object;)Ljava/lang/Object;' in 'java/lang/invoke/LambdaForm$MH+0x0000780d04014000')}
  0x0000780d629ecf74: d8ff ff49 | ba68 c248 | ff0c 7800 | 004c 8954 | 2408 48c7 | 0424 ffff 

  0x0000780d629ecf8c: ;   {runtime_call counter_overflow Runtime1 stub}
  0x0000780d629ecf8c: ffff e8ed 

  0x0000780d629ecf90: ; ImmutableOopMap {[272]=Oop [288]=Oop [296]=Oop [304]=Oop [312]=Oop rax=Oop }
                      ;*synchronization entry
                      ; - java.lang.invoke.LambdaForm$MH/0x0000780d04014000::invoke@-1
                      ; - java.lang.invoke.Invokers$Holder::linkToTargetMethod@4
                      ; - java.util.stream.LongPipeline::toArray@1 (line 545)
                      ; - ai.djl.pytorch.jni.IValueUtils::forward@38 (line 55)
  0x0000780d629ecf90: 0505 06e9 | 64d8 ffff | 4889 0424 

  0x0000780d629ecf9c: ;   {runtime_call throw_class_cast_exception Runtime1 stub}
  0x0000780d629ecf9c: e8ff d504 

  0x0000780d629ecfa0: ; ImmutableOopMap {[272]=Oop [288]=Oop [296]=Oop [304]=Oop [312]=Oop [320]=Oop }
                      ;*checkcast {reexecute=0 rethrow=0 return_oop=0}
                      ; - java.util.stream.LongPipeline::toArray@9 (line 545)
                      ; - ai.djl.pytorch.jni.IValueUtils::forward@38 (line 55)
                      ;   {runtime_call throw_null_pointer_exception Runtime1 stub}
  0x0000780d629ecfa0: 06e8 fab1 

  0x0000780d629ecfa4: ; ImmutableOopMap {[272]=Oop [288]=Oop [296]=Oop [304]=Oop [312]=Oop [320]=Oop rax=Oop }
                      ;*invokeinterface asPrimitiveArray {reexecute=0 rethrow=0 return_oop=0}
                      ; - java.util.stream.LongPipeline::toArray@15 (line 546)
                      ; - ai.djl.pytorch.jni.IValueUtils::forward@38 (line 55)
  0x0000780d629ecfa4: 0406 4889 

  0x0000780d629ecfa8: ;   {runtime_call throw_class_cast_exception Runtime1 stub}
  0x0000780d629ecfa8: 0424 e8f1 

  0x0000780d629ecfac: ; ImmutableOopMap {[272]=Oop [288]=Oop [296]=Oop [304]=Oop [312]=Oop [320]=Oop }
                      ;*checkcast {reexecute=0 rethrow=0 return_oop=0}
                      ; - java.util.stream.LongPipeline::toArray@20 (line 546)
                      ; - ai.djl.pytorch.jni.IValueUtils::forward@38 (line 55)
                      ;   {runtime_call throw_null_pointer_exception Runtime1 stub}
  0x0000780d629ecfac: d504 06e8 

  0x0000780d629ecfb0: ; ImmutableOopMap {[288]=Oop [296]=Oop [304]=Oop [312]=Oop rbx=Oop rsi=Oop [272]=Oop }
                      ;*invokevirtual getHandle {reexecute=0 rethrow=0 return_oop=0}
                      ; - ai.djl.pytorch.jni.IValueUtils::forward@49 (line 58)
  0x0000780d629ecfb0: ecb1 0406 

  0x0000780d629ecfb4: ;   {metadata({method} {0x0000780c74e1bcc0} 'getHandle' '()Ljava/lang/Long;' in 'ai/djl/pytorch/engine/PtSymbolBlock')}
  0x0000780d629ecfb4: 49ba c0bc | e174 0c78 | 0000 4c89 | 5424 0848 | c704 24ff 

  0x0000780d629ecfc8: ;   {runtime_call counter_overflow Runtime1 stub}
  0x0000780d629ecfc8: ffff ffe8 

  0x0000780d629ecfcc: ; ImmutableOopMap {[288]=Oop [296]=Oop [304]=Oop [312]=Oop rbx=Oop rsi=Oop [272]=Oop }
                      ;*synchronization entry
                      ; - ai.djl.pytorch.engine.PtSymbolBlock::getHandle@-1 (line 273)
                      ; - ai.djl.pytorch.jni.IValueUtils::forward@49 (line 58)
  0x0000780d629ecfcc: b005 0506 | e9ba dbff 

  0x0000780d629ecfd4: ;   {runtime_call throw_null_pointer_exception Runtime1 stub}
  0x0000780d629ecfd4: ffe8 c6b1 

  0x0000780d629ecfd8: ; ImmutableOopMap {[288]=Oop [296]=Oop [304]=Oop [312]=Oop rbx=Oop rsi=Oop [272]=Oop rdx=Oop }
                      ;*invokevirtual get {reexecute=0 rethrow=0 return_oop=0}
                      ; - ai.djl.pytorch.engine.PtSymbolBlock::getHandle@4 (line 273)
                      ; - ai.djl.pytorch.jni.IValueUtils::forward@49 (line 58)
  0x0000780d629ecfd8: 0406 4889 

  0x0000780d629ecfdc: ;   {runtime_call throw_class_cast_exception Runtime1 stub}
  0x0000780d629ecfdc: 1424 e8bd 

  0x0000780d629ecfe0: ; ImmutableOopMap {[288]=Oop [296]=Oop [304]=Oop [312]=Oop rbx=Oop rsi=Oop [272]=Oop }
                      ;*checkcast {reexecute=0 rethrow=0 return_oop=0}
                      ; - ai.djl.pytorch.engine.PtSymbolBlock::getHandle@7 (line 273)
                      ; - ai.djl.pytorch.jni.IValueUtils::forward@49 (line 58)
                      ;   {runtime_call throw_null_pointer_exception Runtime1 stub}
  0x0000780d629ecfe0: d504 06e8 

  0x0000780d629ecfe4: ; ImmutableOopMap {[296]=Oop [304]=Oop [312]=Oop rbx=Oop r8=Oop [272]=Oop [288]=Oop }
                      ;*invokevirtual longValue {reexecute=0 rethrow=0 return_oop=0}
                      ; - ai.djl.pytorch.jni.IValueUtils::forward@52 (line 58)
  0x0000780d629ecfe4: b8b1 0406 

  0x0000780d629ecfe8: ;   {runtime_call throw_null_pointer_exception Runtime1 stub}
  0x0000780d629ecfe8: e8b3 b104 

  0x0000780d629ecfec: ; ImmutableOopMap {[296]=Oop [304]=Oop [312]=Oop [272]=Oop [328]=Oop rdx=Oop [288]=Oop }
                      ;*invokevirtual get {reexecute=0 rethrow=0 return_oop=0}
                      ; - ai.djl.pytorch.jni.IValueUtils::forward@70 (line 59)
                      ;   {metadata({method} {0x0000780d03432b10} 'get' '(I)Ljava/lang/Object;' in 'java/util/ArrayList')}
  0x0000780d629ecfec: 0649 ba10 | 2b43 030d | 7800 004c | 8954 2408 | 48c7 0424 | ffff ffff 

  0x0000780d629ed004: ;   {runtime_call counter_overflow Runtime1 stub}
  0x0000780d629ed004: e877 0505 

  0x0000780d629ed008: ; ImmutableOopMap {[296]=Oop [304]=Oop [312]=Oop [272]=Oop [328]=Oop rdx=Oop [288]=Oop }
                      ;*synchronization entry
                      ; - java.util.ArrayList::get@-1 (line 427)
                      ; - ai.djl.pytorch.jni.IValueUtils::forward@70 (line 59)
  0x0000780d629ed008: 06e9 02de 

  0x0000780d629ed00c: ;   {metadata({method} {0x0000780d03073720} 'checkIndex' '(II)I' in 'java/util/Objects')}
  0x0000780d629ed00c: ffff 49ba | 2037 0703 | 0d78 0000 | 4c89 5424 | 0848 c704 | 24ff ffff 

  0x0000780d629ed024: ;   {runtime_call counter_overflow Runtime1 stub}
  0x0000780d629ed024: ffe8 5605 

  0x0000780d629ed028: ; ImmutableOopMap {[296]=Oop [304]=Oop [312]=Oop [272]=Oop [328]=Oop rdx=Oop [288]=Oop }
                      ;*synchronization entry
                      ; - java.util.Objects::checkIndex@-1 (line 361)
                      ; - java.util.ArrayList::get@5 (line 427)
                      ; - ai.djl.pytorch.jni.IValueUtils::forward@70 (line 59)
  0x0000780d629ed028: 0506 e91e 

  0x0000780d629ed02c: ;   {metadata({method} {0x0000780d033c4b58} 'checkIndex' '(IILjava/util/function/BiFunction;)I' in 'jdk/internal/util/Preconditions')}
  0x0000780d629ed02c: deff ff49 | ba58 4b3c | 030d 7800 | 004c 8954 | 2408 48c7 | 0424 ffff 

  0x0000780d629ed044: ;   {runtime_call counter_overflow Runtime1 stub}
  0x0000780d629ed044: ffff e835 

  0x0000780d629ed048: ; ImmutableOopMap {[296]=Oop [304]=Oop [312]=Oop [272]=Oop [328]=Oop rdx=Oop [288]=Oop }
                      ;*synchronization entry
                      ; - jdk.internal.util.Preconditions::checkIndex@-1 (line 265)
                      ; - java.util.Objects::checkIndex@3 (line 361)
                      ; - java.util.ArrayList::get@5 (line 427)
                      ; - ai.djl.pytorch.jni.IValueUtils::forward@70 (line 59)
  0x0000780d629ed048: 0505 06e9 | 37de ffff 

  0x0000780d629ed050: ;   {metadata({method} {0x0000780d034331e8} 'elementData' '(I)Ljava/lang/Object;' in 'java/util/ArrayList')}
  0x0000780d629ed050: 49ba e831 | 4303 0d78 | 0000 4c89 | 5424 0848 | c704 24ff 

  0x0000780d629ed064: ;   {runtime_call counter_overflow Runtime1 stub}
  0x0000780d629ed064: ffff ffe8 

  0x0000780d629ed068: ; ImmutableOopMap {[296]=Oop [304]=Oop [312]=Oop [272]=Oop [328]=Oop rdx=Oop [288]=Oop }
                      ;*synchronization entry
                      ; - java.util.ArrayList::elementData@-1 (line 411)
                      ; - java.util.ArrayList::get@11 (line 428)
                      ; - ai.djl.pytorch.jni.IValueUtils::forward@70 (line 59)
  0x0000780d629ed068: 1405 0506 | e91a dfff 

  0x0000780d629ed070: ;   {runtime_call throw_null_pointer_exception Runtime1 stub}
  0x0000780d629ed070: ffe8 2ab1 

  0x0000780d629ed074: ; ImmutableOopMap {[296]=Oop [304]=Oop [312]=Oop [272]=Oop [328]=Oop rdx=Oop [288]=Oop rsi=Oop }
                      ;*aaload {reexecute=0 rethrow=0 return_oop=0}
                      ; - java.util.ArrayList::elementData@5 (line 411)
                      ; - java.util.ArrayList::get@11 (line 428)
                      ; - ai.djl.pytorch.jni.IValueUtils::forward@70 (line 59)
                      ;   {runtime_call throw_null_pointer_exception Runtime1 stub}
  0x0000780d629ed074: 0406 e825 

  0x0000780d629ed078: ; ImmutableOopMap {[296]=Oop [304]=Oop [312]=Oop [272]=Oop [328]=Oop rdx=Oop [288]=Oop rsi=Oop }
                      ;*aaload {reexecute=0 rethrow=0 return_oop=0}
                      ; - java.util.ArrayList::elementData@5 (line 411)
                      ; - java.util.ArrayList::get@11 (line 428)
                      ; - ai.djl.pytorch.jni.IValueUtils::forward@70 (line 59)
  0x0000780d629ed078: b104 0648 | c704 2400 | 0000 0048 | 8974 2408 

  0x0000780d629ed088: ;   {runtime_call throw_range_check_failed Runtime1 stub}
  0x0000780d629ed088: e813 9c04 

  0x0000780d629ed08c: ; ImmutableOopMap {[296]=Oop [304]=Oop [312]=Oop [272]=Oop [328]=Oop rdx=Oop [288]=Oop rsi=Oop }
                      ;*aaload {reexecute=0 rethrow=0 return_oop=0}
                      ; - java.util.ArrayList::elementData@5 (line 411)
                      ; - java.util.ArrayList::get@11 (line 428)
                      ; - ai.djl.pytorch.jni.IValueUtils::forward@70 (line 59)
  0x0000780d629ed08c: 0648 8934 

  0x0000780d629ed090: ;   {runtime_call throw_class_cast_exception Runtime1 stub}
  0x0000780d629ed090: 24e8 0ad5 

  0x0000780d629ed094: ; ImmutableOopMap {[296]=Oop [304]=Oop [312]=Oop [272]=Oop [328]=Oop [288]=Oop }
                      ;*checkcast {reexecute=0 rethrow=0 return_oop=0}
                      ; - ai.djl.pytorch.jni.IValueUtils::forward@73 (line 59)
                      ;   {runtime_call throw_incompatible_class_change_error Runtime1 stub}
  0x0000780d629ed094: 0406 e805 

  0x0000780d629ed098: ; ImmutableOopMap {[296]=Oop [304]=Oop [312]=Oop [272]=Oop [328]=Oop [288]=Oop rsi=Oop }
                      ;*invokeinterface getManager {reexecute=0 rethrow=0 return_oop=0}
                      ; - ai.djl.pytorch.jni.IValueUtils::forward@76 (line 59)
                      ;   {runtime_call throw_null_pointer_exception Runtime1 stub}
  0x0000780d629ed098: d804 06e8 

  0x0000780d629ed09c: ; ImmutableOopMap {[296]=Oop [304]=Oop [312]=Oop [272]=Oop [328]=Oop [288]=Oop rsi=Oop }
                      ;*invokeinterface getManager {reexecute=0 rethrow=0 return_oop=0}
                      ; - ai.djl.pytorch.jni.IValueUtils::forward@76 (line 59)
  0x0000780d629ed09c: 00b1 0406 

  0x0000780d629ed0a0: ;   {metadata({method} {0x0000780c74e3e420} 'getManager' '()Lai/djl/ndarray/NDManager;' in 'ai/djl/pytorch/engine/PtNDArray')}
  0x0000780d629ed0a0: 49ba 20e4 | e374 0c78 | 0000 4c89 | 5424 0848 | c704 24ff 

  0x0000780d629ed0b4: ;   {runtime_call counter_overflow Runtime1 stub}
  0x0000780d629ed0b4: ffff ffe8 

  0x0000780d629ed0b8: ; ImmutableOopMap {[296]=Oop [304]=Oop [312]=Oop [272]=Oop [328]=Oop [288]=Oop rsi=Oop }
                      ;*synchronization entry
                      ; - ai.djl.pytorch.engine.PtNDArray::getManager@-1 (line 39)
                      ; - ai.djl.pytorch.jni.IValueUtils::forward@76 (line 59)
  0x0000780d629ed0b8: c404 0506 | e980 e0ff 

  0x0000780d629ed0c0: ;   {metadata({method} {0x0000780d033e6a58} 'stream' '([Ljava/lang/Object;)Ljava/util/stream/Stream;' in 'java/util/Arrays')}
  0x0000780d629ed0c0: ff49 ba58 | 6a3e 030d | 7800 004c | 8954 2408 | 48c7 0424 | ffff ffff 

  0x0000780d629ed0d8: ;   {runtime_call counter_overflow Runtime1 stub}
  0x0000780d629ed0d8: e8a3 0405 

  0x0000780d629ed0dc: ; ImmutableOopMap {[296]=Oop [304]=Oop [312]=Oop [272]=Oop [328]=Oop [288]=Oop rdi=Oop }
                      ;*synchronization entry
                      ; - java.util.Arrays::stream@-1 (line 5428)
                      ; - ai.djl.pytorch.jni.IValueUtils::forward@88 (line 60)
  0x0000780d629ed0dc: 06e9 b5e0 

  0x0000780d629ed0e0: ;   {metadata({method} {0x0000780d033e6a00} 'stream' '([Ljava/lang/Object;II)Ljava/util/stream/Stream;' in 'java/util/Arrays')}
  0x0000780d629ed0e0: ffff 49ba | 006a 3e03 | 0d78 0000 | 4c89 5424 | 0848 c704 | 24ff ffff 

  0x0000780d629ed0f8: ;   {runtime_call counter_overflow Runtime1 stub}
  0x0000780d629ed0f8: ffe8 8204 

  0x0000780d629ed0fc: ; ImmutableOopMap {[296]=Oop [304]=Oop [312]=Oop [272]=Oop [328]=Oop [288]=Oop rdi=Oop }
                      ;*synchronization entry
                      ; - java.util.Arrays::stream@-1 (line 5447)
                      ; - java.util.Arrays::stream@4 (line 5428)
                      ; - ai.djl.pytorch.jni.IValueUtils::forward@88 (line 60)
  0x0000780d629ed0fc: 0506 e9ce 

  0x0000780d629ed100: ;   {metadata({method} {0x0000780d033e62c8} 'spliterator' '([Ljava/lang/Object;II)Ljava/util/Spliterator;' in 'java/util/Arrays')}
  0x0000780d629ed100: e0ff ff49 | bac8 623e | 030d 7800 | 004c 8954 | 2408 48c7 | 0424 ffff 

  0x0000780d629ed118: ;   {runtime_call counter_overflow Runtime1 stub}
  0x0000780d629ed118: ffff e861 

  0x0000780d629ed11c: ; ImmutableOopMap {[296]=Oop [304]=Oop [312]=Oop [272]=Oop [328]=Oop [288]=Oop rdi=Oop }
                      ;*synchronization entry
                      ; - java.util.Arrays::spliterator@-1 (line 5296)
                      ; - java.util.Arrays::stream@3 (line 5447)
                      ; - java.util.Arrays::stream@4 (line 5428)
                      ; - ai.djl.pytorch.jni.IValueUtils::forward@88 (line 60)
  0x0000780d629ed11c: 0405 06e9 | e7e0 ffff 

  0x0000780d629ed124: ;   {metadata({method} {0x0000780d030d8d10} 'linkToTargetMethod' '(Ljava/lang/Object;)Ljava/lang/Object;' in 'java/lang/invoke/Invokers$Holder')}
  0x0000780d629ed124: 49ba 108d | 0d03 0d78 | 0000 4c89 | 5424 0848 | c704 24ff 

  0x0000780d629ed138: ;   {runtime_call counter_overflow Runtime1 stub}
  0x0000780d629ed138: ffff ffe8 

  0x0000780d629ed13c: ; ImmutableOopMap {[296]=Oop [304]=Oop [312]=Oop [272]=Oop [328]=Oop [288]=Oop [344]=Oop rax=Oop rsi=Oop }
                      ;*synchronization entry
                      ; - java.lang.invoke.Invokers$Holder::linkToTargetMethod@-1
                      ; - ai.djl.pytorch.jni.IValueUtils::forward@91 (line 60)
  0x0000780d629ed13c: 4004 0506 | e987 e1ff 

  0x0000780d629ed144: ;   {metadata({method} {0x0000780cff48c268} 'invoke' '(Ljava/lang/Object;)Ljava/lang/Object;' in 'java/lang/invoke/LambdaForm$MH+0x0000780d04014000')}
  0x0000780d629ed144: ff49 ba68 | c248 ff0c | 7800 004c | 8954 2408 | 48c7 0424 | ffff ffff 

  0x0000780d629ed15c: ;   {runtime_call counter_overflow Runtime1 stub}
  0x0000780d629ed15c: e81f 0405 

  0x0000780d629ed160: ; ImmutableOopMap {[296]=Oop [304]=Oop [312]=Oop [272]=Oop [328]=Oop [288]=Oop [344]=Oop rax=Oop }
                      ;*synchronization entry
                      ; - java.lang.invoke.LambdaForm$MH/0x0000780d04014000::invoke@-1
                      ; - java.lang.invoke.Invokers$Holder::linkToTargetMethod@4
                      ; - ai.djl.pytorch.jni.IValueUtils::forward@91 (line 60)
  0x0000780d629ed160: 06e9 c4e1 

  0x0000780d629ed164: ;   {runtime_call throw_null_pointer_exception Runtime1 stub}
  0x0000780d629ed164: ffff e835 

  0x0000780d629ed168: ; ImmutableOopMap {[296]=Oop [304]=Oop [312]=Oop [272]=Oop [328]=Oop [288]=Oop [344]=Oop rax=Oop rsi=Oop }
                      ;*invokeinterface forEach {reexecute=0 rethrow=0 return_oop=0}
                      ; - ai.djl.pytorch.jni.IValueUtils::forward@96 (line 60)
  0x0000780d629ed168: b004 0648 

  0x0000780d629ed16c: ;   {runtime_call fast_new_instance Runtime1 stub}
  0x0000780d629ed16c: 8bd2 e80d 

  0x0000780d629ed170: ; ImmutableOopMap {[296]=Oop [304]=Oop [312]=Oop [272]=Oop [328]=Oop [288]=Oop [344]=Oop }
                      ;*new {reexecute=0 rethrow=0 return_oop=0}
                      ; - ai.djl.pytorch.jni.IValueUtils::forward@101 (line 61)
  0x0000780d629ed170: b904 06e9 | 0ce3 ffff 

  0x0000780d629ed178: ;   {metadata({method} {0x0000780c74ece658} '<init>' '(J)V' in 'ai/djl/pytorch/jni/IValue')}
  0x0000780d629ed178: 49ba 58e6 | ec74 0c78 | 0000 4c89 | 5424 0848 | c704 24ff 

  0x0000780d629ed18c: ;   {runtime_call counter_overflow Runtime1 stub}
  0x0000780d629ed18c: ffff ffe8 

  0x0000780d629ed190: ; ImmutableOopMap {[296]=Oop [304]=Oop [312]=Oop [272]=Oop [328]=Oop [288]=Oop [344]=Oop rax=Oop [352]=Oop }
                      ;*synchronization entry
                      ; - ai.djl.pytorch.jni.IValue::<init>@-1 (line 34)
                      ; - ai.djl.pytorch.jni.IValueUtils::forward@107 (line 61)
  0x0000780d629ed190: ec03 0506 | e930 e3ff 

  0x0000780d629ed198: ;   {metadata({method} {0x0000780c74ed0900} 'close' '()V' in 'ai/djl/pytorch/jni/IValue')}
  0x0000780d629ed198: ff49 ba00 | 09ed 740c | 7800 004c | 8954 2408 | 48c7 0424 | ffff ffff 

  0x0000780d629ed1b0: ;   {runtime_call counter_overflow Runtime1 stub}
  0x0000780d629ed1b0: e8cb 0305 

  0x0000780d629ed1b4: ; ImmutableOopMap {[296]=Oop [304]=Oop [312]=Oop [272]=Oop [328]=Oop [288]=Oop [344]=Oop rax=Oop [360]=Oop rdi=Oop [352]=Oop }
                      ;*synchronization entry
                      ; - ai.djl.pytorch.jni.IValue::close@-1 (line 506)
                      ; - ai.djl.pytorch.jni.IValueUtils::forward@123 (line 63)
  0x0000780d629ed1b4: 06e9 dfe3 

  0x0000780d629ed1b8: ;   {runtime_call throw_null_pointer_exception Runtime1 stub}
  0x0000780d629ed1b8: ffff e8e1 

  0x0000780d629ed1bc: ; ImmutableOopMap {[296]=Oop [304]=Oop [312]=Oop [272]=Oop [328]=Oop [288]=Oop [344]=Oop rax=Oop [360]=Oop rdi=Oop [352]=Oop rbx=Oop [440]=Oop }
                      ;*invokevirtual getAndSet {reexecute=0 rethrow=0 return_oop=0}
                      ; - ai.djl.pytorch.jni.IValue::close@5 (line 506)
                      ; - ai.djl.pytorch.jni.IValueUtils::forward@123 (line 63)
                      ;   {metadata({method} {0x0000780cff393698} 'getAndSet' '(Ljava/lang/Object;)Ljava/lang/Object;' in 'java/util/concurrent/atomic/AtomicReference')}
  0x0000780d629ed1bc: af04 0649 | ba98 3639 | ff0c 7800 | 004c 8954 | 2408 48c7 | 0424 ffff 

  0x0000780d629ed1d4: ;   {runtime_call counter_overflow Runtime1 stub}
  0x0000780d629ed1d4: ffff e8a5 

  0x0000780d629ed1d8: ; ImmutableOopMap {[296]=Oop [304]=Oop [312]=Oop [272]=Oop [328]=Oop [288]=Oop [344]=Oop rax=Oop [360]=Oop rdi=Oop [352]=Oop rbx=Oop [440]=Oop }
                      ;*synchronization entry
                      ; - java.util.concurrent.atomic.AtomicReference::getAndSet@-1 (line 170)
                      ; - ai.djl.pytorch.jni.IValue::close@5 (line 506)
                      ; - ai.djl.pytorch.jni.IValueUtils::forward@123 (line 63)
  0x0000780d629ed1d8: 0305 06e9 | 08e4 ffff 

  0x0000780d629ed1e0: ;   {metadata({method} {0x0000780d03190fc0} 'guard_LL_L' '(Ljava/lang/invoke/VarHandle;Ljava/lang/Object;Ljava/lang/Object;Ljava/lang/invoke/VarHandle$AccessDescriptor;)Ljava/lang/Object;' in 'java/lang/invoke/VarHandleGuards')}
  0x0000780d629ed1e0: 49ba c00f | 1903 0d78 | 0000 4c89 | 5424 0848 | c704 24ff 

  0x0000780d629ed1f4: ;   {runtime_call counter_overflow Runtime1 stub}
  0x0000780d629ed1f4: ffff ffe8 

  0x0000780d629ed1f8: ; ImmutableOopMap {[296]=Oop [304]=Oop [312]=Oop [272]=Oop [328]=Oop [288]=Oop [344]=Oop rax=Oop [360]=Oop rdi=Oop [352]=Oop rbx=Oop [440]=Oop rsi=Oop }
                      ;*synchronization entry
                      ; - java.lang.invoke.VarHandleGuards::guard_LL_L@-1 (line 93)
                      ; - java.util.concurrent.atomic.AtomicReference::getAndSet@5 (line 170)
                      ; - ai.djl.pytorch.jni.IValue::close@5 (line 506)
                      ; - ai.djl.pytorch.jni.IValueUtils::forward@123 (line 63)
  0x0000780d629ed1f8: 8403 0506 | e9bc e4ff 

  0x0000780d629ed200: ;   {metadata({method} {0x0000780d030c81e0} 'checkExactAccessMode' '(Ljava/lang/invoke/VarHandle$AccessDescriptor;)V' in 'java/lang/invoke/VarHandle')}
  0x0000780d629ed200: ff49 bae0 | 810c 030d | 7800 004c | 8954 2408 | 48c7 0424 | ffff ffff 

  0x0000780d629ed218: ;   {runtime_call counter_overflow Runtime1 stub}
  0x0000780d629ed218: e863 0305 

  0x0000780d629ed21c: ; ImmutableOopMap {[296]=Oop [304]=Oop [312]=Oop [272]=Oop [328]=Oop [288]=Oop [344]=Oop rax=Oop [360]=Oop rdi=Oop [352]=Oop rbx=Oop [440]=Oop }
                      ;*synchronization entry
                      ; - java.lang.invoke.VarHandle::checkExactAccessMode@-1 (line 2042)
                      ; - java.lang.invoke.VarHandleGuards::guard_LL_L@2 (line 93)
                      ; - java.util.concurrent.atomic.AtomicReference::getAndSet@5 (line 170)
                      ; - ai.djl.pytorch.jni.IValue::close@5 (line 506)
                      ; - ai.djl.pytorch.jni.IValueUtils::forward@123 (line 63)
  0x0000780d629ed21c: 06e9 05e5 

  0x0000780d629ed220: ;   {metadata({method} {0x0000780d030c2ea8} 'isDirect' '()Z' in 'java/lang/invoke/VarHandle')}
  0x0000780d629ed220: ffff 49ba | a82e 0c03 | 0d78 0000 | 4c89 5424 | 0848 c704 | 24ff ffff 

  0x0000780d629ed238: ;   {runtime_call counter_overflow Runtime1 stub}
  0x0000780d629ed238: ffe8 4203 

  0x0000780d629ed23c: ; ImmutableOopMap {[296]=Oop [304]=Oop [312]=Oop [272]=Oop [328]=Oop [288]=Oop [344]=Oop rax=Oop [360]=Oop rdi=Oop [352]=Oop rbx=Oop [440]=Oop }
                      ;*synchronization entry
                      ; - java.lang.invoke.VarHandle::isDirect@-1 (line 497)
                      ; - java.lang.invoke.VarHandleGuards::guard_LL_L@6 (line 94)
                      ; - java.util.concurrent.atomic.AtomicReference::getAndSet@5 (line 170)
                      ; - ai.djl.pytorch.jni.IValue::close@5 (line 506)
                      ; - ai.djl.pytorch.jni.IValueUtils::forward@123 (line 63)
  0x0000780d629ed23c: 0506 e9bc 

  0x0000780d629ed240: ;   {metadata({method} {0x0000780d0318ec78} 'getMemberName' '(I)Ljava/lang/invoke/MemberName;' in 'java/lang/invoke/VarForm')}
  0x0000780d629ed240: e5ff ff49 | ba78 ec18 | 030d 7800 | 004c 8954 | 2408 48c7 | 0424 ffff 

  0x0000780d629ed258: ;   {runtime_call counter_overflow Runtime1 stub}
  0x0000780d629ed258: ffff e821 

  0x0000780d629ed25c: ; ImmutableOopMap {[296]=Oop [304]=Oop [312]=Oop [272]=Oop [328]=Oop [288]=Oop [344]=Oop rax=Oop [360]=Oop rdi=Oop [352]=Oop rbx=Oop [440]=Oop }
                      ;*synchronization entry
                      ; - java.lang.invoke.VarForm::getMemberName@-1 (line 114)
                      ; - java.lang.invoke.VarHandleGuards::guard_LL_L@42 (line 95)
                      ; - java.util.concurrent.atomic.AtomicReference::getAndSet@5 (line 170)
                      ; - ai.djl.pytorch.jni.IValue::close@5 (line 506)
                      ; - ai.djl.pytorch.jni.IValueUtils::forward@123 (line 63)
  0x0000780d629ed25c: 0305 06e9 | ffe5 ffff 

  0x0000780d629ed264: ;   {metadata({method} {0x0000780d030c3cf0} 'getAndSet' '(Ljava/lang/invoke/VarHandle;Ljava/lang/Object;Ljava/lang/Object;)Ljava/lang/Object;' in 'java/lang/invoke/VarHandleReferences$FieldInstanceReadWrite')}
  0x0000780d629ed264: 49ba f03c | 0c03 0d78 | 0000 4c89 | 5424 0848 | c704 24ff 

  0x0000780d629ed278: ;   {runtime_call counter_overflow Runtime1 stub}
  0x0000780d629ed278: ffff ffe8 

  0x0000780d629ed27c: ; ImmutableOopMap {[296]=Oop [304]=Oop [312]=Oop [272]=Oop [328]=Oop [288]=Oop [344]=Oop rax=Oop [360]=Oop rdi=Oop [352]=Oop rbx=Oop [440]=Oop }
                      ;*synchronization entry
                      ; - java.lang.invoke.VarHandleReferences$FieldInstanceReadWrite::getAndSet@-1 (line 251)
                      ; - java.lang.invoke.VarHandleGuards::guard_LL_L@45 (line 95)
                      ; - java.util.concurrent.atomic.AtomicReference::getAndSet@5 (line 170)
                      ; - ai.djl.pytorch.jni.IValue::close@5 (line 506)
                      ; - ai.djl.pytorch.jni.IValueUtils::forward@123 (line 63)
  0x0000780d629ed27c: 0003 0506 | e9b4 e6ff 

  0x0000780d629ed284: ;   {metadata({method} {0x0000780d03440700} 'cast' '(Ljava/lang/Object;)Ljava/lang/Object;' in 'java/lang/Class')}
  0x0000780d629ed284: ff49 ba00 | 0744 030d | 7800 004c | 8954 2408 | 48c7 0424 | ffff ffff 

  0x0000780d629ed29c: ;   {runtime_call counter_overflow Runtime1 stub}
  0x0000780d629ed29c: e8df 0205 

  0x0000780d629ed2a0: ; ImmutableOopMap {[296]=Oop [304]=Oop [312]=Oop [272]=Oop [328]=Oop [288]=Oop [344]=Oop rax=Oop [360]=Oop rdi=Oop [352]=Oop rbx=Oop [440]=Oop }
                      ;*synchronization entry
                      ; - java.lang.Class::cast@-1 (line 3889)
                      ; - java.lang.invoke.VarHandleReferences$FieldInstanceReadWrite::getAndSet@13 (line 252)
                      ; - java.lang.invoke.VarHandleGuards::guard_LL_L@45 (line 95)
                      ; - java.util.concurrent.atomic.AtomicReference::getAndSet@5 (line 170)
                      ; - ai.djl.pytorch.jni.IValue::close@5 (line 506)
                      ; - ai.djl.pytorch.jni.IValueUtils::forward@123 (line 63)
  0x0000780d629ed2a0: 06e9 d7e6 

  0x0000780d629ed2a4: ;   {metadata({method} {0x0000780d030738d8} 'requireNonNull' '(Ljava/lang/Object;)Ljava/lang/Object;' in 'java/util/Objects')}
  0x0000780d629ed2a4: ffff 49ba | d838 0703 | 0d78 0000 | 4c89 5424 | 0848 c704 | 24ff ffff 

  0x0000780d629ed2bc: ;   {runtime_call counter_overflow Runtime1 stub}
  0x0000780d629ed2bc: ffe8 be02 

  0x0000780d629ed2c0: ; ImmutableOopMap {[296]=Oop [304]=Oop [312]=Oop [272]=Oop [328]=Oop [288]=Oop [344]=Oop rax=Oop [360]=Oop rdi=Oop [352]=Oop rbx=Oop [440]=Oop }
                      ;*synchronization entry
                      ; - java.util.Objects::requireNonNull@-1 (line 208)
                      ; - java.lang.invoke.VarHandleReferences$FieldInstanceReadWrite::getAndSet@16 (line 252)
                      ; - java.lang.invoke.VarHandleGuards::guard_LL_L@45 (line 95)
                      ; - java.util.concurrent.atomic.AtomicReference::getAndSet@5 (line 170)
                      ; - ai.djl.pytorch.jni.IValue::close@5 (line 506)
                      ; - ai.djl.pytorch.jni.IValueUtils::forward@123 (line 63)
  0x0000780d629ed2c0: 0506 e9b5 

  0x0000780d629ed2c4: ;   {metadata({method} {0x0000780d03440700} 'cast' '(Ljava/lang/Object;)Ljava/lang/Object;' in 'java/lang/Class')}
  0x0000780d629ed2c4: e7ff ff49 | ba00 0744 | 030d 7800 | 004c 8954 | 2408 48c7 | 0424 ffff 

  0x0000780d629ed2dc: ;   {runtime_call counter_overflow Runtime1 stub}
  0x0000780d629ed2dc: ffff e89d 

  0x0000780d629ed2e0: ; ImmutableOopMap {[296]=Oop [304]=Oop [312]=Oop [272]=Oop [328]=Oop [288]=Oop [344]=Oop rax=Oop [360]=Oop rdi=Oop [352]=Oop rbx=Oop [440]=Oop }
                      ;*synchronization entry
                      ; - java.lang.Class::cast@-1 (line 3889)
                      ; - java.lang.invoke.VarHandleReferences$FieldInstanceReadWrite::getAndSet@28 (line 254)
                      ; - java.lang.invoke.VarHandleGuards::guard_LL_L@45 (line 95)
                      ; - java.util.concurrent.atomic.AtomicReference::getAndSet@5 (line 170)
                      ; - ai.djl.pytorch.jni.IValue::close@5 (line 506)
                      ; - ai.djl.pytorch.jni.IValueUtils::forward@123 (line 63)
  0x0000780d629ed2e0: 0205 06e9 | 0ce8 ffff | 8b32 48c1 | e603 4883 | fe00 0f84 | 25e8 ffff | 4889 3424 

  0x0000780d629ed2fc: ;   {runtime_call g1_pre_barrier_slow}
  0x0000780d629ed2fc: e87f 0805 | 06e9 17e8 | ffff 4883 | fe00 0f84 | 39e8 ffff | 4889 1424 

  0x0000780d629ed314: ;   {runtime_call g1_post_barrier_slow}
  0x0000780d629ed314: e867 0b05 | 06e9 2be8 

  0x0000780d629ed31c: ;   {metadata({method} {0x0000780d03440700} 'cast' '(Ljava/lang/Object;)Ljava/lang/Object;' in 'java/lang/Class')}
  0x0000780d629ed31c: ffff 49ba | 0007 4403 | 0d78 0000 | 4c89 5424 | 0848 c704 | 24ff ffff 

  0x0000780d629ed334: ;   {runtime_call counter_overflow Runtime1 stub}
  0x0000780d629ed334: ffe8 4602 

  0x0000780d629ed338: ; ImmutableOopMap {[296]=Oop [304]=Oop [312]=Oop [272]=Oop [328]=Oop [288]=Oop [344]=Oop rax=Oop [360]=Oop rdi=Oop [352]=Oop rbx=Oop [440]=Oop r8=Oop }
                      ;*synchronization entry
                      ; - java.lang.Class::cast@-1 (line 3889)
                      ; - java.lang.invoke.VarHandleGuards::guard_LL_L@56 (line 96)
                      ; - java.util.concurrent.atomic.AtomicReference::getAndSet@5 (line 170)
                      ; - ai.djl.pytorch.jni.IValue::close@5 (line 506)
                      ; - ai.djl.pytorch.jni.IValueUtils::forward@123 (line 63)
  0x0000780d629ed338: 0506 e998 | e8ff ff4c 

  0x0000780d629ed340: ;   {runtime_call throw_class_cast_exception Runtime1 stub}
  0x0000780d629ed340: 8904 24e8 

  0x0000780d629ed344: ; ImmutableOopMap {[296]=Oop [304]=Oop [312]=Oop [272]=Oop [328]=Oop [288]=Oop [344]=Oop rax=Oop [360]=Oop rdi=Oop [352]=Oop }
                      ;*checkcast {reexecute=0 rethrow=0 return_oop=0}
                      ; - ai.djl.pytorch.jni.IValue::close@8 (line 506)
                      ; - ai.djl.pytorch.jni.IValueUtils::forward@123 (line 63)
  0x0000780d629ed344: 58d2 0406 

  0x0000780d629ed348: ;   {runtime_call throw_null_pointer_exception Runtime1 stub}
  0x0000780d629ed348: e853 ae04 

  0x0000780d629ed34c: ; ImmutableOopMap {[352]=Oop [360]=Oop rbx=Oop [344]=Oop [288]=Oop [328]=Oop [272]=Oop [312]=Oop [304]=Oop [296]=Oop }
                      ;*invokevirtual longValue {reexecute=0 rethrow=0 return_oop=0}
                      ; - ai.djl.pytorch.jni.IValue::close@20 (line 508)
                      ; - ai.djl.pytorch.jni.IValueUtils::forward@123 (line 63)
                      ;   {metadata({method} {0x0000780c74ed0900} 'close' '()V' in 'ai/djl/pytorch/jni/IValue')}
  0x0000780d629ed34c: 0649 ba00 | 09ed 740c | 7800 004c | 8954 2408 | 48c7 0424 | ffff ffff 

  0x0000780d629ed364: ;   {runtime_call counter_overflow Runtime1 stub}
  0x0000780d629ed364: e817 0205 

  0x0000780d629ed368: ; ImmutableOopMap {[296]=Oop [304]=Oop [312]=Oop [272]=Oop [328]=Oop [288]=Oop [344]=Oop rax=Oop rdi=Oop [352]=Oop }
                      ;*synchronization entry
                      ; - ai.djl.pytorch.jni.IValue::close@-1 (line 506)
                      ; - ai.djl.pytorch.jni.IValueUtils::forward@133 (line 61)
  0x0000780d629ed368: 06e9 5ceb 

  0x0000780d629ed36c: ;   {runtime_call throw_null_pointer_exception Runtime1 stub}
  0x0000780d629ed36c: ffff e82d 

  0x0000780d629ed370: ; ImmutableOopMap {[296]=Oop [304]=Oop [312]=Oop [272]=Oop [328]=Oop [288]=Oop [344]=Oop rax=Oop rdi=Oop [352]=Oop rbx=Oop [400]=Oop }
                      ;*invokevirtual getAndSet {reexecute=0 rethrow=0 return_oop=0}
                      ; - ai.djl.pytorch.jni.IValue::close@5 (line 506)
                      ; - ai.djl.pytorch.jni.IValueUtils::forward@133 (line 61)
                      ;   {metadata({method} {0x0000780cff393698} 'getAndSet' '(Ljava/lang/Object;)Ljava/lang/Object;' in 'java/util/concurrent/atomic/AtomicReference')}
  0x0000780d629ed370: ae04 0649 | ba98 3639 | ff0c 7800 | 004c 8954 | 2408 48c7 | 0424 ffff 

  0x0000780d629ed388: ;   {runtime_call counter_overflow Runtime1 stub}
  0x0000780d629ed388: ffff e8f1 

  0x0000780d629ed38c: ; ImmutableOopMap {[296]=Oop [304]=Oop [312]=Oop [272]=Oop [328]=Oop [288]=Oop [344]=Oop rax=Oop rdi=Oop [352]=Oop rbx=Oop [400]=Oop }
                      ;*synchronization entry
                      ; - java.util.concurrent.atomic.AtomicReference::getAndSet@-1 (line 170)
                      ; - ai.djl.pytorch.jni.IValue::close@5 (line 506)
                      ; - ai.djl.pytorch.jni.IValueUtils::forward@133 (line 61)
  0x0000780d629ed38c: 0105 06e9 | 85eb ffff 

  0x0000780d629ed394: ;   {metadata({method} {0x0000780d03190fc0} 'guard_LL_L' '(Ljava/lang/invoke/VarHandle;Ljava/lang/Object;Ljava/lang/Object;Ljava/lang/invoke/VarHandle$AccessDescriptor;)Ljava/lang/Object;' in 'java/lang/invoke/VarHandleGuards')}
  0x0000780d629ed394: 49ba c00f | 1903 0d78 | 0000 4c89 | 5424 0848 | c704 24ff 

  0x0000780d629ed3a8: ;   {runtime_call counter_overflow Runtime1 stub}
  0x0000780d629ed3a8: ffff ffe8 

  0x0000780d629ed3ac: ; ImmutableOopMap {[296]=Oop [304]=Oop [312]=Oop [272]=Oop [328]=Oop [288]=Oop [344]=Oop rax=Oop rdi=Oop [352]=Oop rbx=Oop [400]=Oop rsi=Oop }
                      ;*synchronization entry
                      ; - java.lang.invoke.VarHandleGuards::guard_LL_L@-1 (line 93)
                      ; - java.util.concurrent.atomic.AtomicReference::getAndSet@5 (line 170)
                      ; - ai.djl.pytorch.jni.IValue::close@5 (line 506)
                      ; - ai.djl.pytorch.jni.IValueUtils::forward@133 (line 61)
  0x0000780d629ed3ac: d001 0506 | e939 ecff 

  0x0000780d629ed3b4: ;   {metadata({method} {0x0000780d030c81e0} 'checkExactAccessMode' '(Ljava/lang/invoke/VarHandle$AccessDescriptor;)V' in 'java/lang/invoke/VarHandle')}
  0x0000780d629ed3b4: ff49 bae0 | 810c 030d | 7800 004c | 8954 2408 | 48c7 0424 | ffff ffff 

  0x0000780d629ed3cc: ;   {runtime_call counter_overflow Runtime1 stub}
  0x0000780d629ed3cc: e8af 0105 

  0x0000780d629ed3d0: ; ImmutableOopMap {[296]=Oop [304]=Oop [312]=Oop [272]=Oop [328]=Oop [288]=Oop [344]=Oop rax=Oop rdi=Oop [352]=Oop rbx=Oop [400]=Oop }
                      ;*synchronization entry
                      ; - java.lang.invoke.VarHandle::checkExactAccessMode@-1 (line 2042)
                      ; - java.lang.invoke.VarHandleGuards::guard_LL_L@2 (line 93)
                      ; - java.util.concurrent.atomic.AtomicReference::getAndSet@5 (line 170)
                      ; - ai.djl.pytorch.jni.IValue::close@5 (line 506)
                      ; - ai.djl.pytorch.jni.IValueUtils::forward@133 (line 61)
  0x0000780d629ed3d0: 06e9 82ec 

  0x0000780d629ed3d4: ;   {metadata({method} {0x0000780d030c2ea8} 'isDirect' '()Z' in 'java/lang/invoke/VarHandle')}
  0x0000780d629ed3d4: ffff 49ba | a82e 0c03 | 0d78 0000 | 4c89 5424 | 0848 c704 | 24ff ffff 

  0x0000780d629ed3ec: ;   {runtime_call counter_overflow Runtime1 stub}
  0x0000780d629ed3ec: ffe8 8e01 

  0x0000780d629ed3f0: ; ImmutableOopMap {[296]=Oop [304]=Oop [312]=Oop [272]=Oop [328]=Oop [288]=Oop [344]=Oop rax=Oop rdi=Oop [352]=Oop rbx=Oop [400]=Oop }
                      ;*synchronization entry
                      ; - java.lang.invoke.VarHandle::isDirect@-1 (line 497)
                      ; - java.lang.invoke.VarHandleGuards::guard_LL_L@6 (line 94)
                      ; - java.util.concurrent.atomic.AtomicReference::getAndSet@5 (line 170)
                      ; - ai.djl.pytorch.jni.IValue::close@5 (line 506)
                      ; - ai.djl.pytorch.jni.IValueUtils::forward@133 (line 61)
  0x0000780d629ed3f0: 0506 e939 

  0x0000780d629ed3f4: ;   {metadata({method} {0x0000780d0318ec78} 'getMemberName' '(I)Ljava/lang/invoke/MemberName;' in 'java/lang/invoke/VarForm')}
  0x0000780d629ed3f4: edff ff49 | ba78 ec18 | 030d 7800 | 004c 8954 | 2408 48c7 | 0424 ffff 

  0x0000780d629ed40c: ;   {runtime_call counter_overflow Runtime1 stub}
  0x0000780d629ed40c: ffff e86d 

  0x0000780d629ed410: ; ImmutableOopMap {[296]=Oop [304]=Oop [312]=Oop [272]=Oop [328]=Oop [288]=Oop [344]=Oop rax=Oop rdi=Oop [352]=Oop rbx=Oop [400]=Oop }
                      ;*synchronization entry
                      ; - java.lang.invoke.VarForm::getMemberName@-1 (line 114)
                      ; - java.lang.invoke.VarHandleGuards::guard_LL_L@42 (line 95)
                      ; - java.util.concurrent.atomic.AtomicReference::getAndSet@5 (line 170)
                      ; - ai.djl.pytorch.jni.IValue::close@5 (line 506)
                      ; - ai.djl.pytorch.jni.IValueUtils::forward@133 (line 61)
  0x0000780d629ed410: 0105 06e9 | 7ced ffff 

  0x0000780d629ed418: ;   {metadata({method} {0x0000780d030c3cf0} 'getAndSet' '(Ljava/lang/invoke/VarHandle;Ljava/lang/Object;Ljava/lang/Object;)Ljava/lang/Object;' in 'java/lang/invoke/VarHandleReferences$FieldInstanceReadWrite')}
  0x0000780d629ed418: 49ba f03c | 0c03 0d78 | 0000 4c89 | 5424 0848 | c704 24ff 

  0x0000780d629ed42c: ;   {runtime_call counter_overflow Runtime1 stub}
  0x0000780d629ed42c: ffff ffe8 

  0x0000780d629ed430: ; ImmutableOopMap {[296]=Oop [304]=Oop [312]=Oop [272]=Oop [328]=Oop [288]=Oop [344]=Oop rax=Oop rdi=Oop [352]=Oop rbx=Oop [400]=Oop }
                      ;*synchronization entry
                      ; - java.lang.invoke.VarHandleReferences$FieldInstanceReadWrite::getAndSet@-1 (line 251)
                      ; - java.lang.invoke.VarHandleGuards::guard_LL_L@45 (line 95)
                      ; - java.util.concurrent.atomic.AtomicReference::getAndSet@5 (line 170)
                      ; - ai.djl.pytorch.jni.IValue::close@5 (line 506)
                      ; - ai.djl.pytorch.jni.IValueUtils::forward@133 (line 61)
  0x0000780d629ed430: 4c01 0506 | e931 eeff 

  0x0000780d629ed438: ;   {metadata({method} {0x0000780d03440700} 'cast' '(Ljava/lang/Object;)Ljava/lang/Object;' in 'java/lang/Class')}
  0x0000780d629ed438: ff49 ba00 | 0744 030d | 7800 004c | 8954 2408 | 48c7 0424 | ffff ffff 

  0x0000780d629ed450: ;   {runtime_call counter_overflow Runtime1 stub}
  0x0000780d629ed450: e82b 0105 

  0x0000780d629ed454: ; ImmutableOopMap {[296]=Oop [304]=Oop [312]=Oop [272]=Oop [328]=Oop [288]=Oop [344]=Oop rax=Oop rdi=Oop [352]=Oop rbx=Oop [400]=Oop }
                      ;*synchronization entry
                      ; - java.lang.Class::cast@-1 (line 3889)
                      ; - java.lang.invoke.VarHandleReferences$FieldInstanceReadWrite::getAndSet@13 (line 252)
                      ; - java.lang.invoke.VarHandleGuards::guard_LL_L@45 (line 95)
                      ; - java.util.concurrent.atomic.AtomicReference::getAndSet@5 (line 170)
                      ; - ai.djl.pytorch.jni.IValue::close@5 (line 506)
                      ; - ai.djl.pytorch.jni.IValueUtils::forward@133 (line 61)
  0x0000780d629ed454: 06e9 54ee 

  0x0000780d629ed458: ;   {metadata({method} {0x0000780d030738d8} 'requireNonNull' '(Ljava/lang/Object;)Ljava/lang/Object;' in 'java/util/Objects')}
  0x0000780d629ed458: ffff 49ba | d838 0703 | 0d78 0000 | 4c89 5424 | 0848 c704 | 24ff ffff 

  0x0000780d629ed470: ;   {runtime_call counter_overflow Runtime1 stub}
  0x0000780d629ed470: ffe8 0a01 

  0x0000780d629ed474: ; ImmutableOopMap {[296]=Oop [304]=Oop [312]=Oop [272]=Oop [328]=Oop [288]=Oop [344]=Oop rax=Oop rdi=Oop [352]=Oop rbx=Oop [400]=Oop }
                      ;*synchronization entry
                      ; - java.util.Objects::requireNonNull@-1 (line 208)
                      ; - java.lang.invoke.VarHandleReferences$FieldInstanceReadWrite::getAndSet@16 (line 252)
                      ; - java.lang.invoke.VarHandleGuards::guard_LL_L@45 (line 95)
                      ; - java.util.concurrent.atomic.AtomicReference::getAndSet@5 (line 170)
                      ; - ai.djl.pytorch.jni.IValue::close@5 (line 506)
                      ; - ai.djl.pytorch.jni.IValueUtils::forward@133 (line 61)
  0x0000780d629ed474: 0506 e932 

  0x0000780d629ed478: ;   {metadata({method} {0x0000780d03440700} 'cast' '(Ljava/lang/Object;)Ljava/lang/Object;' in 'java/lang/Class')}
  0x0000780d629ed478: efff ff49 | ba00 0744 | 030d 7800 | 004c 8954 | 2408 48c7 | 0424 ffff 

  0x0000780d629ed490: ;   {runtime_call counter_overflow Runtime1 stub}
  0x0000780d629ed490: ffff e8e9 

  0x0000780d629ed494: ; ImmutableOopMap {[296]=Oop [304]=Oop [312]=Oop [272]=Oop [328]=Oop [288]=Oop [344]=Oop rax=Oop rdi=Oop [352]=Oop rbx=Oop [400]=Oop }
                      ;*synchronization entry
                      ; - java.lang.Class::cast@-1 (line 3889)
                      ; - java.lang.invoke.VarHandleReferences$FieldInstanceReadWrite::getAndSet@28 (line 254)
                      ; - java.lang.invoke.VarHandleGuards::guard_LL_L@45 (line 95)
                      ; - java.util.concurrent.atomic.AtomicReference::getAndSet@5 (line 170)
                      ; - ai.djl.pytorch.jni.IValue::close@5 (line 506)
                      ; - ai.djl.pytorch.jni.IValueUtils::forward@133 (line 61)
  0x0000780d629ed494: 0005 06e9 | 89ef ffff | 8b32 48c1 | e603 4883 | fe00 0f84 | a2ef ffff | 4889 3424 

  0x0000780d629ed4b0: ;   {runtime_call g1_pre_barrier_slow}
  0x0000780d629ed4b0: e8cb 0605 | 06e9 94ef | ffff 4883 | fe00 0f84 | b6ef ffff | 4889 1424 

  0x0000780d629ed4c8: ;   {runtime_call g1_post_barrier_slow}
  0x0000780d629ed4c8: e8b3 0905 | 06e9 a8ef 

  0x0000780d629ed4d0: ;   {metadata({method} {0x0000780d03440700} 'cast' '(Ljava/lang/Object;)Ljava/lang/Object;' in 'java/lang/Class')}
  0x0000780d629ed4d0: ffff 49ba | 0007 4403 | 0d78 0000 | 4c89 5424 | 0848 c704 | 24ff ffff 

  0x0000780d629ed4e8: ;   {runtime_call counter_overflow Runtime1 stub}
  0x0000780d629ed4e8: ffe8 9200 

  0x0000780d629ed4ec: ; ImmutableOopMap {[296]=Oop [304]=Oop [312]=Oop [272]=Oop [328]=Oop [288]=Oop [344]=Oop rax=Oop rdi=Oop [352]=Oop rbx=Oop [400]=Oop r8=Oop }
                      ;*synchronization entry
                      ; - java.lang.Class::cast@-1 (line 3889)
                      ; - java.lang.invoke.VarHandleGuards::guard_LL_L@56 (line 96)
                      ; - java.util.concurrent.atomic.AtomicReference::getAndSet@5 (line 170)
                      ; - ai.djl.pytorch.jni.IValue::close@5 (line 506)
                      ; - ai.djl.pytorch.jni.IValueUtils::forward@133 (line 61)
  0x0000780d629ed4ec: 0506 e915 | f0ff ff4c 

  0x0000780d629ed4f4: ;   {runtime_call throw_class_cast_exception Runtime1 stub}
  0x0000780d629ed4f4: 8904 24e8 

  0x0000780d629ed4f8: ; ImmutableOopMap {[296]=Oop [304]=Oop [312]=Oop [272]=Oop [328]=Oop [288]=Oop [344]=Oop rax=Oop rdi=Oop [352]=Oop }
                      ;*checkcast {reexecute=0 rethrow=0 return_oop=0}
                      ; - ai.djl.pytorch.jni.IValue::close@8 (line 506)
                      ; - ai.djl.pytorch.jni.IValueUtils::forward@133 (line 61)
  0x0000780d629ed4f8: a4d0 0406 

  0x0000780d629ed4fc: ;   {runtime_call throw_null_pointer_exception Runtime1 stub}
  0x0000780d629ed4fc: e89f ac04 

  0x0000780d629ed500: ; ImmutableOopMap {[296]=Oop [304]=Oop [312]=Oop [272]=Oop [328]=Oop [288]=Oop [344]=Oop [352]=Oop [376]=Oop rbx=Oop }
                      ;*invokevirtual longValue {reexecute=0 rethrow=0 return_oop=0}
                      ; - ai.djl.pytorch.jni.IValue::close@20 (line 508)
                      ; - ai.djl.pytorch.jni.IValueUtils::forward@133 (line 61)
                      ;   {internal_word}
  0x0000780d629ed500: 0649 baa9 | c79e 620d | 7800 004d | 8997 5803 

  0x0000780d629ed510: ;   {runtime_call SafepointBlob}
  0x0000780d629ed510: 0000 e9e9 

  0x0000780d629ed514: ;   {metadata(NULL)}
  0x0000780d629ed514: 11fa 0548 | ba00 0000 | 0000 0000 | 00b8 000f 

  0x0000780d629ed524: ;   {runtime_call load_klass_patching Runtime1 stub}
  0x0000780d629ed524: 050a e8d5 

  0x0000780d629ed528: ; ImmutableOopMap {[376]=Oop [352]=Oop [344]=Oop [288]=Oop [328]=Oop [272]=Oop [312]=Oop [304]=Oop [296]=Oop [400]=Oop r8=Oop }
                      ;*new {reexecute=1 rethrow=0 return_oop=0}
                      ; - (reexecute) java.lang.Class::cast@12 (line 3890)
                      ; - java.lang.invoke.VarHandleGuards::guard_LL_L@56 (line 96)
                      ; - java.util.concurrent.atomic.AtomicReference::getAndSet@5 (line 170)
                      ; - ai.djl.pytorch.jni.IValue::close@5 (line 506)
                      ; - ai.djl.pytorch.jni.IValueUtils::forward@133 (line 61)
  0x0000780d629ed528: ef04 06e9 | a8f2 ffff 

  0x0000780d629ed530: ;   {runtime_call fast_new_instance Runtime1 stub}
  0x0000780d629ed530: 488b d2e8 

  0x0000780d629ed534: ; ImmutableOopMap {[376]=Oop [352]=Oop [344]=Oop [288]=Oop [328]=Oop [272]=Oop [312]=Oop [304]=Oop [296]=Oop [400]=Oop r8=Oop }
                      ;*new {reexecute=0 rethrow=0 return_oop=0}
                      ; - java.lang.Class::cast@12 (line 3890)
                      ; - java.lang.invoke.VarHandleGuards::guard_LL_L@56 (line 96)
                      ; - java.util.concurrent.atomic.AtomicReference::getAndSet@5 (line 170)
                      ; - ai.djl.pytorch.jni.IValue::close@5 (line 506)
                      ; - ai.djl.pytorch.jni.IValueUtils::forward@133 (line 61)
  0x0000780d629ed534: 48b5 0406 | e9f3 f2ff 

  0x0000780d629ed53c: ;   {metadata(NULL)}
  0x0000780d629ed53c: ff48 ba00 | 0000 0000 | 0000 00b8 | 000f 050a 

  0x0000780d629ed54c: ;   {runtime_call load_klass_patching Runtime1 stub}
  0x0000780d629ed54c: e8af ef04 

  0x0000780d629ed550: ; ImmutableOopMap {[376]=Oop [352]=Oop [344]=Oop [288]=Oop [328]=Oop [272]=Oop [312]=Oop [304]=Oop [296]=Oop [400]=Oop }
                      ;*new {reexecute=1 rethrow=0 return_oop=0}
                      ; - (reexecute) java.util.Objects::requireNonNull@4 (line 209)
                      ; - java.lang.invoke.VarHandleReferences$FieldInstanceReadWrite::getAndSet@16 (line 252)
                      ; - java.lang.invoke.VarHandleGuards::guard_LL_L@45 (line 95)
                      ; - java.util.concurrent.atomic.AtomicReference::getAndSet@5 (line 170)
                      ; - ai.djl.pytorch.jni.IValue::close@5 (line 506)
                      ; - ai.djl.pytorch.jni.IValueUtils::forward@133 (line 61)
  0x0000780d629ed550: 06e9 6af3 | ffff 488b 

  0x0000780d629ed558: ;   {runtime_call fast_new_instance Runtime1 stub}
  0x0000780d629ed558: d2e8 22b5 

  0x0000780d629ed55c: ; ImmutableOopMap {[376]=Oop [352]=Oop [344]=Oop [288]=Oop [328]=Oop [272]=Oop [312]=Oop [304]=Oop [296]=Oop [400]=Oop }
                      ;*new {reexecute=0 rethrow=0 return_oop=0}
                      ; - java.util.Objects::requireNonNull@4 (line 209)
                      ; - java.lang.invoke.VarHandleReferences$FieldInstanceReadWrite::getAndSet@16 (line 252)
                      ; - java.lang.invoke.VarHandleGuards::guard_LL_L@45 (line 95)
                      ; - java.util.concurrent.atomic.AtomicReference::getAndSet@5 (line 170)
                      ; - ai.djl.pytorch.jni.IValue::close@5 (line 506)
                      ; - ai.djl.pytorch.jni.IValueUtils::forward@133 (line 61)
  0x0000780d629ed55c: 0406 e9b9 

  0x0000780d629ed560: ;   {metadata(NULL)}
  0x0000780d629ed560: f3ff ff48 | ba00 0000 | 0000 0000 | 00b8 000f 

  0x0000780d629ed570: ;   {runtime_call load_klass_patching Runtime1 stub}
  0x0000780d629ed570: 050a e889 

  0x0000780d629ed574: ; ImmutableOopMap {[376]=Oop [352]=Oop [344]=Oop [288]=Oop [328]=Oop [272]=Oop [312]=Oop [304]=Oop [296]=Oop rbx=Oop [400]=Oop }
                      ;*new {reexecute=1 rethrow=0 return_oop=0}
                      ; - (reexecute) java.lang.Class::cast@12 (line 3890)
                      ; - java.lang.invoke.VarHandleReferences$FieldInstanceReadWrite::getAndSet@13 (line 252)
                      ; - java.lang.invoke.VarHandleGuards::guard_LL_L@45 (line 95)
                      ; - java.util.concurrent.atomic.AtomicReference::getAndSet@5 (line 170)
                      ; - ai.djl.pytorch.jni.IValue::close@5 (line 506)
                      ; - ai.djl.pytorch.jni.IValueUtils::forward@133 (line 61)
  0x0000780d629ed574: ef04 06e9 | ecf3 ffff 

  0x0000780d629ed57c: ;   {runtime_call fast_new_instance Runtime1 stub}
  0x0000780d629ed57c: 488b d2e8 

  0x0000780d629ed580: ; ImmutableOopMap {[376]=Oop [352]=Oop [344]=Oop [288]=Oop [328]=Oop [272]=Oop [312]=Oop [304]=Oop [296]=Oop rbx=Oop [400]=Oop }
                      ;*new {reexecute=0 rethrow=0 return_oop=0}
                      ; - java.lang.Class::cast@12 (line 3890)
                      ; - java.lang.invoke.VarHandleReferences$FieldInstanceReadWrite::getAndSet@13 (line 252)
                      ; - java.lang.invoke.VarHandleGuards::guard_LL_L@45 (line 95)
                      ; - java.util.concurrent.atomic.AtomicReference::getAndSet@5 (line 170)
                      ; - ai.djl.pytorch.jni.IValue::close@5 (line 506)
                      ; - ai.djl.pytorch.jni.IValueUtils::forward@133 (line 61)
  0x0000780d629ed580: fcb4 0406 | e937 f4ff 

  0x0000780d629ed588: ;   {metadata(NULL)}
  0x0000780d629ed588: ff48 ba00 | 0000 0000 | 0000 00b8 | 000f 050a 

  0x0000780d629ed598: ;   {runtime_call load_klass_patching Runtime1 stub}
  0x0000780d629ed598: e863 ef04 

  0x0000780d629ed59c: ; ImmutableOopMap {[352]=Oop [344]=Oop [288]=Oop [328]=Oop [272]=Oop [312]=Oop [304]=Oop [296]=Oop [440]=Oop r8=Oop [360]=Oop }
                      ;*new {reexecute=1 rethrow=0 return_oop=0}
                      ; - (reexecute) java.lang.Class::cast@12 (line 3890)
                      ; - java.lang.invoke.VarHandleGuards::guard_LL_L@56 (line 96)
                      ; - java.util.concurrent.atomic.AtomicReference::getAndSet@5 (line 170)
                      ; - ai.djl.pytorch.jni.IValue::close@5 (line 506)
                      ; - ai.djl.pytorch.jni.IValueUtils::forward@123 (line 63)
  0x0000780d629ed59c: 06e9 9ef4 | ffff 488b 

  0x0000780d629ed5a4: ;   {runtime_call fast_new_instance Runtime1 stub}
  0x0000780d629ed5a4: d2e8 d6b4 

  0x0000780d629ed5a8: ; ImmutableOopMap {[352]=Oop [344]=Oop [288]=Oop [328]=Oop [272]=Oop [312]=Oop [304]=Oop [296]=Oop [440]=Oop r8=Oop [360]=Oop }
                      ;*new {reexecute=0 rethrow=0 return_oop=0}
                      ; - java.lang.Class::cast@12 (line 3890)
                      ; - java.lang.invoke.VarHandleGuards::guard_LL_L@56 (line 96)
                      ; - java.util.concurrent.atomic.AtomicReference::getAndSet@5 (line 170)
                      ; - ai.djl.pytorch.jni.IValue::close@5 (line 506)
                      ; - ai.djl.pytorch.jni.IValueUtils::forward@123 (line 63)
  0x0000780d629ed5a8: 0406 e9e9 

  0x0000780d629ed5ac: ;   {metadata(NULL)}
  0x0000780d629ed5ac: f4ff ff48 | ba00 0000 | 0000 0000 | 00b8 000f 

  0x0000780d629ed5bc: ;   {runtime_call load_klass_patching Runtime1 stub}
  0x0000780d629ed5bc: 050a e83d 

  0x0000780d629ed5c0: ; ImmutableOopMap {[440]=Oop [360]=Oop [296]=Oop [304]=Oop [312]=Oop [272]=Oop [328]=Oop [288]=Oop [344]=Oop [352]=Oop }
                      ;*new {reexecute=1 rethrow=0 return_oop=0}
                      ; - (reexecute) java.util.Objects::requireNonNull@4 (line 209)
                      ; - java.lang.invoke.VarHandleReferences$FieldInstanceReadWrite::getAndSet@16 (line 252)
                      ; - java.lang.invoke.VarHandleGuards::guard_LL_L@45 (line 95)
                      ; - java.util.concurrent.atomic.AtomicReference::getAndSet@5 (line 170)
                      ; - ai.djl.pytorch.jni.IValue::close@5 (line 506)
                      ; - ai.djl.pytorch.jni.IValueUtils::forward@123 (line 63)
  0x0000780d629ed5c0: ef04 06e9 | 58f5 ffff 

  0x0000780d629ed5c8: ;   {runtime_call fast_new_instance Runtime1 stub}
  0x0000780d629ed5c8: 488b d2e8 

  0x0000780d629ed5cc: ; ImmutableOopMap {[440]=Oop [360]=Oop [296]=Oop [304]=Oop [312]=Oop [272]=Oop [328]=Oop [288]=Oop [344]=Oop [352]=Oop }
                      ;*new {reexecute=0 rethrow=0 return_oop=0}
                      ; - java.util.Objects::requireNonNull@4 (line 209)
                      ; - java.lang.invoke.VarHandleReferences$FieldInstanceReadWrite::getAndSet@16 (line 252)
                      ; - java.lang.invoke.VarHandleGuards::guard_LL_L@45 (line 95)
                      ; - java.util.concurrent.atomic.AtomicReference::getAndSet@5 (line 170)
                      ; - ai.djl.pytorch.jni.IValue::close@5 (line 506)
                      ; - ai.djl.pytorch.jni.IValueUtils::forward@123 (line 63)
  0x0000780d629ed5cc: b0b4 0406 | e9a7 f5ff 

  0x0000780d629ed5d4: ;   {metadata(NULL)}
  0x0000780d629ed5d4: ff48 ba00 | 0000 0000 | 0000 00b8 | 000f 050a 

  0x0000780d629ed5e4: ;   {runtime_call load_klass_patching Runtime1 stub}
  0x0000780d629ed5e4: e817 ef04 

  0x0000780d629ed5e8: ; ImmutableOopMap {rbx=Oop [440]=Oop [360]=Oop [352]=Oop [344]=Oop [288]=Oop [328]=Oop [272]=Oop [312]=Oop [304]=Oop [296]=Oop }
                      ;*new {reexecute=1 rethrow=0 return_oop=0}
                      ; - (reexecute) java.lang.Class::cast@12 (line 3890)
                      ; - java.lang.invoke.VarHandleReferences$FieldInstanceReadWrite::getAndSet@13 (line 252)
                      ; - java.lang.invoke.VarHandleGuards::guard_LL_L@45 (line 95)
                      ; - java.util.concurrent.atomic.AtomicReference::getAndSet@5 (line 170)
                      ; - ai.djl.pytorch.jni.IValue::close@5 (line 506)
                      ; - ai.djl.pytorch.jni.IValueUtils::forward@123 (line 63)
  0x0000780d629ed5e8: 06e9 d2f5 | ffff 488b 

  0x0000780d629ed5f0: ;   {runtime_call fast_new_instance Runtime1 stub}
  0x0000780d629ed5f0: d2e8 8ab4 

  0x0000780d629ed5f4: ; ImmutableOopMap {rbx=Oop [440]=Oop [352]=Oop [344]=Oop [288]=Oop [328]=Oop [272]=Oop [312]=Oop [304]=Oop [296]=Oop [360]=Oop }
                      ;*new {reexecute=0 rethrow=0 return_oop=0}
                      ; - java.lang.Class::cast@12 (line 3890)
                      ; - java.lang.invoke.VarHandleReferences$FieldInstanceReadWrite::getAndSet@13 (line 252)
                      ; - java.lang.invoke.VarHandleGuards::guard_LL_L@45 (line 95)
                      ; - java.util.concurrent.atomic.AtomicReference::getAndSet@5 (line 170)
                      ; - ai.djl.pytorch.jni.IValue::close@5 (line 506)
                      ; - ai.djl.pytorch.jni.IValueUtils::forward@123 (line 63)
  0x0000780d629ed5f4: 0406 e91d 

  0x0000780d629ed5f8: ;   {runtime_call throw_null_pointer_exception Runtime1 stub}
  0x0000780d629ed5f8: f6ff ffe8 

  0x0000780d629ed5fc: ; ImmutableOopMap {[296]=Oop [304]=Oop [312]=Oop [272]=Oop [328]=Oop [288]=Oop rax=Oop }
                      ;*athrow {reexecute=1 rethrow=0 return_oop=0}
                      ; - (reexecute) jdk.internal.util.Preconditions::checkIndex@15 (line 266)
                      ; - java.util.Objects::checkIndex@3 (line 361)
                      ; - java.util.ArrayList::get@5 (line 427)
                      ; - ai.djl.pytorch.jni.IValueUtils::forward@70 (line 59)
  0x0000780d629ed5fc: a0ab 0406 

  0x0000780d629ed600: ;   {metadata(NULL)}
  0x0000780d629ed600: 48ba 0000 | 0000 0000 | 0000 b800 

  0x0000780d629ed60c: ;   {runtime_call load_klass_patching Runtime1 stub}
  0x0000780d629ed60c: 0f05 0ae8 

  0x0000780d629ed610: ; ImmutableOopMap {[488]=Oop [288]=Oop [328]=Oop [272]=Oop [312]=Oop [304]=Oop [296]=Oop }
                      ;*new {reexecute=1 rethrow=0 return_oop=0}
                      ; - (reexecute) ai.djl.pytorch.engine.PtSymbolBlock::getHandle@15 (line 275)
                      ; - ai.djl.pytorch.jni.IValueUtils::forward@49 (line 58)
  0x0000780d629ed610: ecee 0406 | e9d7 f6ff | ff48 8bd2 

  0x0000780d629ed61c: ;   {runtime_call fast_new_instance Runtime1 stub}
  0x0000780d629ed61c: e85f b404 

  0x0000780d629ed620: ; ImmutableOopMap {[488]=Oop [288]=Oop [328]=Oop [272]=Oop [312]=Oop [304]=Oop [296]=Oop }
                      ;*new {reexecute=0 rethrow=0 return_oop=0}
                      ; - ai.djl.pytorch.engine.PtSymbolBlock::getHandle@15 (line 275)
                      ; - ai.djl.pytorch.jni.IValueUtils::forward@49 (line 58)
  0x0000780d629ed620: 06e9 22f7 | ffff 4889 | 8424 7801 | 0000 e961 | f7ff ff48 | 8984 2478 | 0100 00e9 | 54f7 ffff 
  0x0000780d629ed640: 9090 498b | 87d0 0300 | 0049 c787 | d003 0000 | 0000 0000 | 49c7 87d8 | 0300 0000 | 0000 0048 
  0x0000780d629ed660: 81c4 0002 

  0x0000780d629ed664: ;   {runtime_call unwind_exception Runtime1 stub}
  0x0000780d629ed664: 0000 5de9 | 14a5 0406 | f4f4 f4f4 | f4f4 f4f4 | f4f4 f4f4 | f4f4 f4f4 | f4f4 f4f4 
[Stub Code]
  0x0000780d629ed680: ;   {no_reloc}
  0x0000780d629ed680: 0f1f 4400 

  0x0000780d629ed684: ;   {static_stub}
  0x0000780d629ed684: 0048 bb18 | c1ec 740c 

  0x0000780d629ed68c: ;   {runtime_call I2C/C2I adapters}
  0x0000780d629ed68c: 7800 00e9 | c5f3 f905 

  0x0000780d629ed694: ;   {static_stub}
  0x0000780d629ed694: 9048 bb00 | 0000 0000 

  0x0000780d629ed69c: ;   {runtime_call}
  0x0000780d629ed69c: 0000 00e9 | fbff ffff 

  0x0000780d629ed6a4: ;   {static_stub}
  0x0000780d629ed6a4: 9048 bb00 | 0000 0000 

  0x0000780d629ed6ac: ;   {runtime_call}
  0x0000780d629ed6ac: 0000 00e9 | fbff ffff 

  0x0000780d629ed6b4: ;   {static_stub}
  0x0000780d629ed6b4: 9048 bb00 | 0000 0000 

  0x0000780d629ed6bc: ;   {runtime_call}
  0x0000780d629ed6bc: 0000 00e9 | fbff ffff 

  0x0000780d629ed6c4: ;   {static_stub}
  0x0000780d629ed6c4: 9048 bb00 | 0000 0000 

  0x0000780d629ed6cc: ;   {runtime_call}
  0x0000780d629ed6cc: 0000 00e9 | fbff ffff 

  0x0000780d629ed6d4: ;   {static_stub}
  0x0000780d629ed6d4: 9048 bb00 | 0000 0000 

  0x0000780d629ed6dc: ;   {runtime_call}
  0x0000780d629ed6dc: 0000 00e9 | fbff ffff 

  0x0000780d629ed6e4: ;   {static_stub}
  0x0000780d629ed6e4: 9048 bb00 | 0000 0000 

  0x0000780d629ed6ec: ;   {runtime_call}
  0x0000780d629ed6ec: 0000 00e9 | fbff ffff 

  0x0000780d629ed6f4: ;   {static_stub}
  0x0000780d629ed6f4: 9048 bb00 | 0000 0000 

  0x0000780d629ed6fc: ;   {runtime_call}
  0x0000780d629ed6fc: 0000 00e9 | fbff ffff 

  0x0000780d629ed704: ;   {static_stub}
  0x0000780d629ed704: 9048 bb00 | 0000 0000 

  0x0000780d629ed70c: ;   {runtime_call}
  0x0000780d629ed70c: 0000 00e9 | fbff ffff 

  0x0000780d629ed714: ;   {static_stub}
  0x0000780d629ed714: 9048 bb00 | 0000 0000 

  0x0000780d629ed71c: ;   {runtime_call}
  0x0000780d629ed71c: 0000 00e9 | fbff ffff 

  0x0000780d629ed724: ;   {static_stub}
  0x0000780d629ed724: 9048 bb00 | 0000 0000 

  0x0000780d629ed72c: ;   {runtime_call}
  0x0000780d629ed72c: 0000 00e9 | fbff ffff 

  0x0000780d629ed734: ;   {static_stub}
  0x0000780d629ed734: 9048 bb00 | 0000 0000 

  0x0000780d629ed73c: ;   {runtime_call}
  0x0000780d629ed73c: 0000 00e9 | fbff ffff 

  0x0000780d629ed744: ;   {static_stub}
  0x0000780d629ed744: 9048 bb00 | 0000 0000 

  0x0000780d629ed74c: ;   {runtime_call}
  0x0000780d629ed74c: 0000 00e9 | fbff ffff 

  0x0000780d629ed754: ;   {static_stub}
  0x0000780d629ed754: 9048 bb00 | 0000 0000 

  0x0000780d629ed75c: ;   {runtime_call}
  0x0000780d629ed75c: 0000 00e9 | fbff ffff 

  0x0000780d629ed764: ;   {static_stub}
  0x0000780d629ed764: 9048 bb00 | 0000 0000 

  0x0000780d629ed76c: ;   {runtime_call}
  0x0000780d629ed76c: 0000 00e9 | fbff ffff 

  0x0000780d629ed774: ;   {static_stub}
  0x0000780d629ed774: 9048 bb00 | 0000 0000 

  0x0000780d629ed77c: ;   {runtime_call}
  0x0000780d629ed77c: 0000 00e9 | fbff ffff 

  0x0000780d629ed784: ;   {static_stub}
  0x0000780d629ed784: 9048 bb00 | 0000 0000 

  0x0000780d629ed78c: ;   {runtime_call}
  0x0000780d629ed78c: 0000 00e9 | fbff ffff 

  0x0000780d629ed794: ;   {static_stub}
  0x0000780d629ed794: 9048 bb00 | 0000 0000 

  0x0000780d629ed79c: ;   {runtime_call}
  0x0000780d629ed79c: 0000 00e9 | fbff ffff 

  0x0000780d629ed7a4: ;   {static_stub}
  0x0000780d629ed7a4: 9048 bb00 | 0000 0000 

  0x0000780d629ed7ac: ;   {runtime_call}
  0x0000780d629ed7ac: 0000 00e9 | fbff ffff 

  0x0000780d629ed7b4: ;   {static_stub}
  0x0000780d629ed7b4: 9048 bb00 | 0000 0000 

  0x0000780d629ed7bc: ;   {runtime_call}
  0x0000780d629ed7bc: 0000 00e9 | fbff ffff 

  0x0000780d629ed7c4: ;   {static_stub}
  0x0000780d629ed7c4: 9048 bb00 | 0000 0000 

  0x0000780d629ed7cc: ;   {runtime_call}
  0x0000780d629ed7cc: 0000 00e9 | fbff ffff 

  0x0000780d629ed7d4: ;   {static_stub}
  0x0000780d629ed7d4: 9048 bb00 | 0000 0000 

  0x0000780d629ed7dc: ;   {runtime_call}
  0x0000780d629ed7dc: 0000 00e9 | fbff ffff 

  0x0000780d629ed7e4: ;   {static_stub}
  0x0000780d629ed7e4: 9048 bb00 | 0000 0000 

  0x0000780d629ed7ec: ;   {runtime_call}
  0x0000780d629ed7ec: 0000 00e9 | fbff ffff 

  0x0000780d629ed7f4: ;   {static_stub}
  0x0000780d629ed7f4: 9048 bb00 | 0000 0000 

  0x0000780d629ed7fc: ;   {runtime_call}
  0x0000780d629ed7fc: 0000 00e9 | fbff ffff 

  0x0000780d629ed804: ;   {static_stub}
  0x0000780d629ed804: 9048 bb00 | 0000 0000 

  0x0000780d629ed80c: ;   {runtime_call}
  0x0000780d629ed80c: 0000 00e9 | fbff ffff 

  0x0000780d629ed814: ;   {static_stub}
  0x0000780d629ed814: 9048 bb00 | 0000 0000 

  0x0000780d629ed81c: ;   {runtime_call}
  0x0000780d629ed81c: 0000 00e9 | fbff ffff 

  0x0000780d629ed824: ;   {static_stub}
  0x0000780d629ed824: 9048 bb00 | 0000 0000 

  0x0000780d629ed82c: ;   {runtime_call}
  0x0000780d629ed82c: 0000 00e9 | fbff ffff 

  0x0000780d629ed834: ;   {static_stub}
  0x0000780d629ed834: 9048 bb00 | 0000 0000 

  0x0000780d629ed83c: ;   {runtime_call}
  0x0000780d629ed83c: 0000 00e9 | fbff ffff 

  0x0000780d629ed844: ;   {static_stub}
  0x0000780d629ed844: 9048 bb00 | 0000 0000 

  0x0000780d629ed84c: ;   {runtime_call}
  0x0000780d629ed84c: 0000 00e9 | fbff ffff 
[Exception Handler]
  0x0000780d629ed854: ;   {runtime_call handle_exception_from_callee Runtime1 stub}
  0x0000780d629ed854: e827 c704 

  0x0000780d629ed858: ;   {external_word}
  0x0000780d629ed858: 0648 bf3a | f69d 800d | 7800 0048 

  0x0000780d629ed864: ;   {runtime_call MacroAssembler::debug64(char*, long, long*)}
  0x0000780d629ed864: 83e4 f0e8 | f4a6 b31d 

  0x0000780d629ed86c: ;   {section_word}
  0x0000780d629ed86c: f449 ba6d | d89e 620d | 7800 0041 

  0x0000780d629ed878: ;   {runtime_call DeoptimizationBlob}
  0x0000780d629ed878: 52e9 2201 | fa05 f4f4 
[/MachCode]


Compiled method (c1)  354543 14217   !   3       ai.djl.pytorch.engine.PtSymbolBlock::forwardInternal (237 bytes)
 total in heap  [0x0000780d629d4590,0x0000780d629d97c0] = 21040
 relocation     [0x0000780d629d46f0,0x0000780d629d4b58] = 1128
 main code      [0x0000780d629d4b60,0x0000780d629d8180] = 13856
 stub code      [0x0000780d629d8180,0x0000780d629d8320] = 416
 oops           [0x0000780d629d8320,0x0000780d629d8338] = 24
 metadata       [0x0000780d629d8338,0x0000780d629d8438] = 256
 scopes data    [0x0000780d629d8438,0x0000780d629d8b98] = 1888
 scopes pcs     [0x0000780d629d8b98,0x0000780d629d92e8] = 1872
 dependencies   [0x0000780d629d92e8,0x0000780d629d9348] = 96
 handler table  [0x0000780d629d9348,0x0000780d629d9720] = 984
 nul chk table  [0x0000780d629d9720,0x0000780d629d97c0] = 160

[Constant Pool (empty)]

[MachCode]
[Entry Point]
  # {method} {0x0000780c74e1b410} 'forwardInternal' '(Lai/djl/training/ParameterStore;Lai/djl/ndarray/NDList;ZLai/djl/util/PairList;)Lai/djl/ndarray/NDList;' in 'ai/djl/pytorch/engine/PtSymbolBlock'
  # this:     rsi:rsi   = 'ai/djl/pytorch/engine/PtSymbolBlock'
  # parm0:    rdx:rdx   = 'ai/djl/training/ParameterStore'
  # parm1:    rcx:rcx   = 'ai/djl/ndarray/NDList'
  # parm2:    r8        = boolean
  # parm3:    r9:r9     = 'ai/djl/util/PairList'
  #           [sp+0x170]  (sp of caller)
  0x0000780d629d4b60: 448b 5608 | 49bb 0000 | 0003 0d78 | 0000 4d03 | d34c 3bd0 

  0x0000780d629d4b74: ;   {runtime_call ic_miss_stub}
  0x0000780d629d4b74: 0f85 0632 | fb05 660f | 1f44 0000 
[Verified Entry Point]
  0x0000780d629d4b80: 8984 2400 | c0fe ff55 | 4881 ec60 | 0100 0048 | 89b4 2488 | 0000 0048 | 898c 2490 

  0x0000780d629d4b9c: ;   {metadata(method data for {method} {0x0000780c74e1b410} 'forwardInternal' '(Lai/djl/training/ParameterStore;Lai/djl/ndarray/NDList;ZLai/djl/util/PairList;)Lai/djl/ndarray/NDList;' in 'ai/djl/pytorch/engine/PtSymbolBlock')}
  0x0000780d629d4b9c: 0000 0048 | bf48 6bef | 740c 7800 | 008b 9ff4 | 0000 0083 | c302 899f | f400 0000 | 81e3 fe07 
  0x0000780d629d4bbc: 0000 83fb | 000f 8499 | 2a00 000f | be7e 0d41 

  0x0000780d629d4bcc: ;   {metadata(method data for {method} {0x0000780c74e1b410} 'forwardInternal' '(Lai/djl/training/ParameterStore;Lai/djl/ndarray/NDList;ZLai/djl/util/PairList;)Lai/djl/ndarray/NDList;' in 'ai/djl/pytorch/engine/PtSymbolBlock')}
  0x0000780d629d4bcc: 3bf8 48bf | 486b ef74 | 0c78 0000 | 48c7 c348 | 0100 000f | 8507 0000 | 0048 c7c3 | 3801 0000 
  0x0000780d629d4bec: 488b 041f | 488d 4001 | 4889 041f | 0f85 1d00 | 0000 4c89 | 8c24 a800 | 0000 4489 | 8424 9800 
  0x0000780d629d4c0c: 0000 4889 | 9424 a000 | 0000 e9b9 | 0400 0049 | 8bf8 83e7 | 0148 8bdf | 885e 0d83 

  0x0000780d629d4c28: ;   {metadata(method data for {method} {0x0000780c74e1b410} 'forwardInternal' '(Lai/djl/training/ParameterStore;Lai/djl/ndarray/NDList;ZLai/djl/util/PairList;)Lai/djl/ndarray/NDList;' in 'ai/djl/pytorch/engine/PtSymbolBlock')}
  0x0000780d629d4c28: ff00 48bf | 486b ef74 | 0c78 0000 | 48c7 c358 | 0100 000f | 8407 0000 | 0048 c7c3 | 6801 0000 
  0x0000780d629d4c48: 488b 041f | 488d 4001 | 4889 041f | 0f84 4702 

  0x0000780d629d4c58: ;   {metadata(method data for {method} {0x0000780c74e1b410} 'forwardInternal' '(Lai/djl/training/ParameterStore;Lai/djl/ndarray/NDList;ZLai/djl/util/PairList;)Lai/djl/ndarray/NDList;' in 'ai/djl/pytorch/engine/PtSymbolBlock')}
  0x0000780d629d4c58: 0000 48bf | 486b ef74 | 0c78 0000 | 4883 8778 | 0100 0001 

  0x0000780d629d4c6c: ;   {metadata(method data for {method} {0x0000780c74d9da68} 'enableTrainingMode' '(Lai/djl/pytorch/engine/PtSymbolBlock;)V' in 'ai/djl/pytorch/jni/JniUtils')}
  0x0000780d629d4c6c: 48bf 20d1 | ef74 0c78 | 0000 8b9f | f400 0000 | 83c3 0289 | 9ff4 0000 | 0081 e3fe | ff1f 0083 
  0x0000780d629d4c8c: fb00 0f84 | ed29 0000 

  0x0000780d629d4c94: ;   {metadata(method data for {method} {0x0000780c74d9da68} 'enableTrainingMode' '(Lai/djl/pytorch/engine/PtSymbolBlock;)V' in 'ai/djl/pytorch/jni/JniUtils')}
  0x0000780d629d4c94: 488b fe48 | bb20 d1ef | 740c 7800 

  0x0000780d629d4ca0: ;   {metadata('ai/djl/pytorch/engine/PtSymbolBlock')}
  0x0000780d629d4ca0: 0049 bab0 | f1a8 040d | 7800 004c | 8993 4801 | 0000 4883 | 8350 0100 

  0x0000780d629d4cb8: ;   {metadata(method data for {method} {0x0000780c74e1bcc0} 'getHandle' '()Ljava/lang/Long;' in 'ai/djl/pytorch/engine/PtSymbolBlock')}
  0x0000780d629d4cb8: 0001 48bf | 0894 ee74 | 0c78 0000 | 8b9f f400 | 0000 83c3 | 0289 9ff4 | 0000 0081 | e3fe ff1f 
  0x0000780d629d4cd8: 0083 fb00 | 0f84 c029 | 0000 8b7e | 1c48 c1e7 | 0348 3b07 

  0x0000780d629d4cec: ;   {metadata(method data for {method} {0x0000780c74e1bcc0} 'getHandle' '()Ljava/lang/Long;' in 'ai/djl/pytorch/engine/PtSymbolBlock')}
  0x0000780d629d4cec: 488b df48 | b808 94ee | 740c 7800 | 0048 8380 | 3801 0000 | 018b 7f0c | 48c1 e703 | 4883 ff00 
  0x0000780d629d4d0c: ;   {metadata(method data for {method} {0x0000780c74e1bcc0} 'getHandle' '()Ljava/lang/Long;' in 'ai/djl/pytorch/engine/PtSymbolBlock')}
  0x0000780d629d4d0c: 7516 48b8 | 0894 ee74 | 0c78 0000 | 8088 6901 | 0000 01e9 | d300 0000 

  0x0000780d629d4d24: ;   {metadata('java/lang/Long')}
  0x0000780d629d4d24: 49bb 2839 | 0403 0d78 | 0000 8b5f | 0849 ba00 | 0000 030d | 7800 0049 | 03da 4c3b | db0f 8594 
  0x0000780d629d4d44: ;   {metadata(method data for {method} {0x0000780c74e1bcc0} 'getHandle' '()Ljava/lang/Long;' in 'ai/djl/pytorch/engine/PtSymbolBlock')}
  0x0000780d629d4d44: 0000 0048 | b808 94ee | 740c 7800 | 0044 8b5f | 0849 ba00 | 0000 030d | 7800 004d | 03da 4c3b 
  0x0000780d629d4d64: 9880 0100 | 0075 0d48 | 8380 8801 | 0000 01e9 | 7f00 0000 | 4c3b 9890 | 0100 0075 | 0d48 8380 
  0x0000780d629d4d84: 9801 0000 | 01e9 6900 | 0000 4881 | b880 0100 | 0000 0000 | 0075 174c | 8998 8001 | 0000 48c7 
  0x0000780d629d4da4: 8088 0100 | 0001 0000 | 00e9 4500 | 0000 4881 | b890 0100 | 0000 0000 | 0075 174c | 8998 9001 
  0x0000780d629d4dc4: 0000 48c7 | 8098 0100 | 0001 0000 | 00e9 2100 | 0000 e91c 

  0x0000780d629d4dd8: ;   {metadata(method data for {method} {0x0000780c74e1bcc0} 'getHandle' '()Ljava/lang/Long;' in 'ai/djl/pytorch/engine/PtSymbolBlock')}
  0x0000780d629d4dd8: 0000 0048 | b808 94ee | 740c 7800 | 0048 83a8 | 7001 0000 | 01e9 d628 | 0000 e900 | 0000 0048 
  0x0000780d629d4df8: 8bdf 4883 

  0x0000780d629d4dfc: ;   {metadata(method data for {method} {0x0000780c74e1bcc0} 'getHandle' '()Ljava/lang/Long;' in 'ai/djl/pytorch/engine/PtSymbolBlock')}
  0x0000780d629d4dfc: fb00 48bf | 0894 ee74 | 0c78 0000 | 48c7 c0b8 | 0100 000f | 8407 0000 | 0048 c7c0 | a801 0000 
  0x0000780d629d4e1c: 4c8b 1c07 | 4d8d 5b01 | 4c89 1c07 | 0f84 ee26 | 0000 4c89 | 8c24 a800 | 0000 4489 | 8424 9800 
  0x0000780d629d4e3c: 0000 4889 | 9424 a000 | 0000 483b | 0348 8bfb 

  0x0000780d629d4e4c: ;   {metadata(method data for {method} {0x0000780c74d9da68} 'enableTrainingMode' '(Lai/djl/pytorch/engine/PtSymbolBlock;)V' in 'ai/djl/pytorch/jni/JniUtils')}
  0x0000780d629d4e4c: 48b8 20d1 | ef74 0c78 | 0000 4883 | 8070 0100 | 0001 488b 

  0x0000780d629d4e60: ;   {oop(a 'ai/djl/pytorch/jni/PyTorchLibrary'{0x0000000752f8b8d8})}
  0x0000780d629d4e60: 7b10 48bb | d8b8 f852 | 0700 0000 

  0x0000780d629d4e6c: ;   {metadata(method data for {method} {0x0000780c74d9da68} 'enableTrainingMode' '(Lai/djl/pytorch/engine/PtSymbolBlock;)V' in 'ai/djl/pytorch/jni/JniUtils')}
  0x0000780d629d4e6c: 488b c349 | bb20 d1ef | 740c 7800 | 0049 8383 | a801 0000 | 0148 8bd7 

  0x0000780d629d4e84: ;   {optimized virtual_call}
  0x0000780d629d4e84: 488b f3e8 

  0x0000780d629d4e88: ; ImmutableOopMap {[136]=Oop [160]=Oop [168]=Oop [144]=Oop }
                      ;*invokevirtual moduleTrain {reexecute=0 rethrow=0 return_oop=0}
                      ; - ai.djl.pytorch.jni.JniUtils::enableTrainingMode@10 (line 1783)
                      ; - ai.djl.pytorch.engine.PtSymbolBlock::forwardInternal@21 (line 121)
  0x0000780d629d4e88: f431 fb05 

  0x0000780d629d4e8c: ;   {metadata(method data for {method} {0x0000780c74e1b410} 'forwardInternal' '(Lai/djl/training/ParameterStore;Lai/djl/ndarray/NDList;ZLai/djl/util/PairList;)Lai/djl/ndarray/NDList;' in 'ai/djl/pytorch/engine/PtSymbolBlock')}
  0x0000780d629d4e8c: 48ba 486b | ef74 0c78 | 0000 ff82 | 8801 0000 | e933 0200 | 004c 898c | 24a8 0000 | 0044 8984 
  0x0000780d629d4eac: 2498 0000 | 0048 8994 | 24a0 0000 

  0x0000780d629d4eb8: ;   {metadata(method data for {method} {0x0000780c74e1b410} 'forwardInternal' '(Lai/djl/training/ParameterStore;Lai/djl/ndarray/NDList;ZLai/djl/util/PairList;)Lai/djl/ndarray/NDList;' in 'ai/djl/pytorch/engine/PtSymbolBlock')}
  0x0000780d629d4eb8: 0048 ba48 | 6bef 740c | 7800 0048 | 8382 a001 

  0x0000780d629d4ec8: ;   {metadata(method data for {method} {0x0000780c74d9d9b8} 'enableInferenceMode' '(Lai/djl/pytorch/engine/PtSymbolBlock;)V' in 'ai/djl/pytorch/jni/JniUtils')}
  0x0000780d629d4ec8: 0000 0148 | ba40 d3ef | 740c 7800 | 008b baf4 | 0000 0083 | c702 89ba | f400 0000 | 81e7 feff 
  0x0000780d629d4ee8: 1f00 83ff | 000f 84e3 | 2700 0048 

  0x0000780d629d4ef4: ;   {metadata(method data for {method} {0x0000780c74d9d9b8} 'enableInferenceMode' '(Lai/djl/pytorch/engine/PtSymbolBlock;)V' in 'ai/djl/pytorch/jni/JniUtils')}
  0x0000780d629d4ef4: 8bd6 48bf | 40d3 ef74 | 0c78 0000 

  0x0000780d629d4f00: ;   {metadata('ai/djl/pytorch/engine/PtSymbolBlock')}
  0x0000780d629d4f00: 49ba b0f1 | a804 0d78 | 0000 4c89 | 9748 0100 | 0048 8387 | 5001 0000 

  0x0000780d629d4f18: ;   {metadata(method data for {method} {0x0000780c74e1bcc0} 'getHandle' '()Ljava/lang/Long;' in 'ai/djl/pytorch/engine/PtSymbolBlock')}
  0x0000780d629d4f18: 0148 ba08 | 94ee 740c | 7800 008b | baf4 0000 | 0083 c702 | 89ba f400 | 0000 81e7 | feff 1f00 
  0x0000780d629d4f38: 83ff 000f | 84b6 2700 | 008b 561c | 48c1 e203 

  0x0000780d629d4f48: ; implicit exception: dispatches to 0x0000780d629d7718
  0x0000780d629d4f48: 483b 0248 

  0x0000780d629d4f4c: ;   {metadata(method data for {method} {0x0000780c74e1bcc0} 'getHandle' '()Ljava/lang/Long;' in 'ai/djl/pytorch/engine/PtSymbolBlock')}
  0x0000780d629d4f4c: 8bfa 48bb | 0894 ee74 | 0c78 0000 | 4883 8338 | 0100 0001 | 8b52 0c48 | c1e2 0348 | 83fa 0075 
  0x0000780d629d4f6c: ;   {metadata(method data for {method} {0x0000780c74e1bcc0} 'getHandle' '()Ljava/lang/Long;' in 'ai/djl/pytorch/engine/PtSymbolBlock')}
  0x0000780d629d4f6c: 1648 bf08 | 94ee 740c | 7800 0080 | 8f69 0100 | 0001 e9d2 

  0x0000780d629d4f80: ;   {metadata('java/lang/Long')}
  0x0000780d629d4f80: 0000 0048 | b828 3904 | 030d 7800 | 008b 5a08 | 49ba 0000 | 0003 0d78 | 0000 4903 | da48 3bc3 
  0x0000780d629d4fa0: 0f85 9300 

  0x0000780d629d4fa4: ;   {metadata(method data for {method} {0x0000780c74e1bcc0} 'getHandle' '()Ljava/lang/Long;' in 'ai/djl/pytorch/engine/PtSymbolBlock')}
  0x0000780d629d4fa4: 0000 48bf | 0894 ee74 | 0c78 0000 | 8b42 0849 | ba00 0000 | 030d 7800 | 0049 03c2 | 483b 8780 
  0x0000780d629d4fc4: 0100 0075 | 0d48 8387 | 8801 0000 | 01e9 7f00 | 0000 483b | 8790 0100 | 0075 0d48 | 8387 9801 
  0x0000780d629d4fe4: 0000 01e9 | 6900 0000 | 4881 bf80 | 0100 0000 | 0000 0075 | 1748 8987 | 8001 0000 | 48c7 8788 
  0x0000780d629d5004: 0100 0001 | 0000 00e9 | 4500 0000 | 4881 bf90 | 0100 0000 | 0000 0075 | 1748 8987 | 9001 0000 
  0x0000780d629d5024: 48c7 8798 | 0100 0001 | 0000 00e9 | 2100 0000 | e91c 0000 

  0x0000780d629d5038: ;   {metadata(method data for {method} {0x0000780c74e1bcc0} 'getHandle' '()Ljava/lang/Long;' in 'ai/djl/pytorch/engine/PtSymbolBlock')}
  0x0000780d629d5038: 0048 bf08 | 94ee 740c | 7800 0048 | 83af 7001 | 0000 01e9 | cd26 0000 | e900 0000 | 0048 8bda 
  0x0000780d629d5058: 4883 fb00 

  0x0000780d629d505c: ;   {metadata(method data for {method} {0x0000780c74e1bcc0} 'getHandle' '()Ljava/lang/Long;' in 'ai/djl/pytorch/engine/PtSymbolBlock')}
  0x0000780d629d505c: 48ba 0894 | ee74 0c78 | 0000 48c7 | c7b8 0100 | 000f 8407 | 0000 0048 | c7c7 a801 | 0000 488b 
  0x0000780d629d507c: 043a 488d | 4001 4889 | 043a 0f84 | e323 0000 

  0x0000780d629d508c: ; implicit exception: dispatches to 0x0000780d629d7726
  0x0000780d629d508c: 483b 0348 

  0x0000780d629d5090: ;   {metadata(method data for {method} {0x0000780c74d9d9b8} 'enableInferenceMode' '(Lai/djl/pytorch/engine/PtSymbolBlock;)V' in 'ai/djl/pytorch/jni/JniUtils')}
  0x0000780d629d5090: 8bd3 48bf | 40d3 ef74 | 0c78 0000 | 4883 8770 | 0100 0001 | 488b 5310 

  0x0000780d629d50a8: ;   {oop(a 'ai/djl/pytorch/jni/PyTorchLibrary'{0x0000000752f8b8d8})}
  0x0000780d629d50a8: 48bf d8b8 | f852 0700 | 0000 488b 

  0x0000780d629d50b4: ;   {metadata(method data for {method} {0x0000780c74d9d9b8} 'enableInferenceMode' '(Lai/djl/pytorch/engine/PtSymbolBlock;)V' in 'ai/djl/pytorch/jni/JniUtils')}
  0x0000780d629d50b4: df48 b840 | d3ef 740c | 7800 0048 | 8380 a801 | 0000 0148 | 8bf7 0f1f 

  0x0000780d629d50cc: ;   {optimized virtual_call}
  0x0000780d629d50cc: 4400 00e8 

  0x0000780d629d50d0: ; ImmutableOopMap {[160]=Oop [168]=Oop [144]=Oop [136]=Oop }
                      ;*invokevirtual moduleEval {reexecute=0 rethrow=0 return_oop=0}
                      ; - ai.djl.pytorch.jni.JniUtils::enableInferenceMode@10 (line 1779)
                      ; - ai.djl.pytorch.engine.PtSymbolBlock::forwardInternal@28 (line 123)
  0x0000780d629d50d0: c130 0000 

  0x0000780d629d50d4: ;   {metadata(method data for {method} {0x0000780c74e1b410} 'forwardInternal' '(Lai/djl/training/ParameterStore;Lai/djl/ndarray/NDList;ZLai/djl/util/PairList;)Lai/djl/ndarray/NDList;' in 'ai/djl/pytorch/engine/PtSymbolBlock')}
  0x0000780d629d50d4: 48be 486b | ef74 0c78 | 0000 4883 | 86b0 0100 

  0x0000780d629d50e4: ;   {metadata(method data for {method} {0x0000780d0301e310} 'getProperty' '(Ljava/lang/String;)Ljava/lang/String;' in 'java/lang/System')}
  0x0000780d629d50e4: 0001 48be | 5059 2cff | 0c78 0000 | 8bbe f400 | 0000 83c7 | 0289 bef4 | 0000 0081 | e7fe ff1f 
  0x0000780d629d5104: 0083 ff00 | 0f84 1d26 

  0x0000780d629d510c: ;   {metadata(method data for {method} {0x0000780d0301e310} 'getProperty' '(Ljava/lang/String;)Ljava/lang/String;' in 'java/lang/System')}
  0x0000780d629d510c: 0000 48be | 5059 2cff | 0c78 0000 | 4883 8638 | 0100 0001 

  0x0000780d629d5120: ;   {oop("ai.djl.pytorch.graph_optimizer"{0x0000000754558268})}
  0x0000780d629d5120: 48be 6882 | 5554 0700 | 0000 0f1f 

  0x0000780d629d512c: ;   {static_call}
  0x0000780d629d512c: 4400 00e8 

  0x0000780d629d5130: ; ImmutableOopMap {[160]=Oop [168]=Oop [144]=Oop [136]=Oop }
                      ;*invokestatic checkKey {reexecute=0 rethrow=0 return_oop=0}
                      ; - java.lang.System::getProperty@1 (line 925)
                      ; - ai.djl.pytorch.engine.PtSymbolBlock::forwardInternal@33 (line 127)
  0x0000780d629d5130: 6c76 db06 

  0x0000780d629d5134: ;   {metadata(method data for {method} {0x0000780d0301e310} 'getProperty' '(Ljava/lang/String;)Ljava/lang/String;' in 'java/lang/System')}
  0x0000780d629d5134: 48ba 5059 | 2cff 0c78 | 0000 4883 | 8248 0100 

  0x0000780d629d5144: ;   {metadata(method data for {method} {0x0000780d0301e5b8} 'getSecurityManager' '()Ljava/lang/SecurityManager;' in 'java/lang/System')}
  0x0000780d629d5144: 0001 48ba | b049 01ff | 0c78 0000 | 8bb2 f400 | 0000 83c6 | 0289 b2f4 | 0000 0081 | e6fe ff1f 
  0x0000780d629d5164: 0083 fe00 | 0f84 de25 

  0x0000780d629d516c: ;   {metadata(method data for {method} {0x0000780d0301e5b8} 'getSecurityManager' '()Ljava/lang/SecurityManager;' in 'java/lang/System')}
  0x0000780d629d516c: 0000 48ba | b049 01ff | 0c78 0000 | 4883 8238 | 0100 0001 

  0x0000780d629d5180: ;   {metadata(method data for {method} {0x0000780d0301e6d0} 'allowSecurityManager' '()Z' in 'java/lang/System')}
  0x0000780d629d5180: 48ba 884b | 01ff 0c78 | 0000 8bb2 | f400 0000 | 83c6 0289 | b2f4 0000 | 0081 e6fe | ff1f 0083 
  0x0000780d629d51a0: fe00 0f84 | c525 0000 

  0x0000780d629d51a8: ;   {metadata(method data for {method} {0x0000780d0301e6d0} 'allowSecurityManager' '()Z' in 'java/lang/System')}
  0x0000780d629d51a8: 48ba 884b | 01ff 0c78 | 0000 ff82 | 4801 0000 

  0x0000780d629d51b8: ;   {metadata(method data for {method} {0x0000780d0301e6d0} 'allowSecurityManager' '()Z' in 'java/lang/System')}
  0x0000780d629d51b8: 48ba 884b | 01ff 0c78 | 0000 ff82 | 5801 0000 

  0x0000780d629d51c8: ;   {metadata(method data for {method} {0x0000780d0301e5b8} 'getSecurityManager' '()Ljava/lang/SecurityManager;' in 'java/lang/System')}
  0x0000780d629d51c8: 48ba b049 | 01ff 0c78 | 0000 ff82 | 5801 0000 

  0x0000780d629d51d8: ;   {oop(a 'java/lang/Class'{0x00000007ffd00770} = 'java/lang/System')}
  0x0000780d629d51d8: 48ba 7007 | d0ff 0700 | 0000 8b7a | 7c48 c1e7 | 0348 89bc | 24b0 0000 | 0048 83ff 

  0x0000780d629d51f4: ;   {metadata(method data for {method} {0x0000780d0301e310} 'getProperty' '(Ljava/lang/String;)Ljava/lang/String;' in 'java/lang/System')}
  0x0000780d629d51f4: 0048 ba50 | 592c ff0c | 7800 0048 | c7c6 5801 | 0000 0f84 | 0700 0000 | 48c7 c668 | 0100 0048 
  0x0000780d629d5214: 8b1c 3248 | 8d5b 0148 | 891c 320f | 84af 0000 | 0048 3b07 

  0x0000780d629d5228: ;   {metadata(method data for {method} {0x0000780d0301e310} 'getProperty' '(Ljava/lang/String;)Ljava/lang/String;' in 'java/lang/System')}
  0x0000780d629d5228: 488b d748 | be50 592c | ff0c 7800 | 008b 5208 | 49ba 0000 | 0003 0d78 | 0000 4903 | d248 3b96 
  0x0000780d629d5248: 8801 0000 | 750d 4883 | 8690 0100 | 0001 e966 | 0000 0048 | 3b96 9801 | 0000 750d | 4883 86a0 
  0x0000780d629d5268: 0100 0001 | e950 0000 | 0048 81be | 8801 0000 | 0000 0000 | 7517 4889 | 9688 0100 | 0048 c786 
  0x0000780d629d5288: 9001 0000 | 0100 0000 | e92c 0000 | 0048 81be | 9801 0000 | 0000 0000 | 7517 4889 | 9698 0100 
  0x0000780d629d52a8: 0048 c786 | a001 0000 | 0100 0000 | e908 0000 | 0048 8386 | 7801 0000 

  0x0000780d629d52c0: ;   {oop("ai.djl.pytorch.graph_optimizer"{0x0000000754558268})}
  0x0000780d629d52c0: 0148 ba68 | 8255 5407 | 0000 0048 

  0x0000780d629d52cc: ;   {optimized virtual_call}
  0x0000780d629d52cc: 8bf7 90e8 

  0x0000780d629d52d0: ; ImmutableOopMap {[160]=Oop [168]=Oop [144]=Oop [136]=Oop [176]=Oop }
                      ;*invokevirtual checkPropertyAccess {reexecute=0 rethrow=0 return_oop=0}
                      ; - java.lang.System::getProperty@14 (line 929)
                      ; - ai.djl.pytorch.engine.PtSymbolBlock::forwardInternal@33 (line 127)
  0x0000780d629d52d0: ac2d fb05 

  0x0000780d629d52d4: ;   {oop(a 'java/lang/Class'{0x00000007ffd00770} = 'java/lang/System')}
  0x0000780d629d52d4: 48ba 7007 | d0ff 0700 | 0000 8bb2 | 8800 0000 | 48c1 e603 

  0x0000780d629d52e8: ; implicit exception: dispatches to 0x0000780d629d7793
  0x0000780d629d52e8: 483b 0648 

  0x0000780d629d52ec: ;   {metadata(method data for {method} {0x0000780d0301e310} 'getProperty' '(Ljava/lang/String;)Ljava/lang/String;' in 'java/lang/System')}
  0x0000780d629d52ec: 8bd6 48bb | 5059 2cff | 0c78 0000 | 8b52 0849 | ba00 0000 | 030d 7800 | 0049 03d2 | 483b 93c0 
  0x0000780d629d530c: 0100 0075 | 0d48 8383 | c801 0000 | 01e9 6600 | 0000 483b | 93d0 0100 | 0075 0d48 | 8383 d801 
  0x0000780d629d532c: 0000 01e9 | 5000 0000 | 4881 bbc0 | 0100 0000 | 0000 0075 | 1748 8993 | c001 0000 | 48c7 83c8 
  0x0000780d629d534c: 0100 0001 | 0000 00e9 | 2c00 0000 | 4881 bbd0 | 0100 0000 | 0000 0075 | 1748 8993 | d001 0000 
  0x0000780d629d536c: 48c7 83d8 | 0100 0001 | 0000 00e9 | 0800 0000 | 4883 83b0 | 0100 0001 

  0x0000780d629d5384: ;   {oop("ai.djl.pytorch.graph_optimizer"{0x0000000754558268})}
  0x0000780d629d5384: 48ba 6882 | 5554 0700 | 0000 0f1f | 8000 0000 | 0048 b8f8 | 6b01 030d 

  0x0000780d629d539c: ;   {virtual_call}
  0x0000780d629d539c: 7800 00e8 

  0x0000780d629d53a0: ; ImmutableOopMap {[160]=Oop [168]=Oop [144]=Oop [136]=Oop [176]=Oop }
                      ;*invokevirtual getProperty {reexecute=0 rethrow=0 return_oop=0}
                      ; - java.lang.System::getProperty@21 (line 932)
                      ; - ai.djl.pytorch.engine.PtSymbolBlock::forwardInternal@33 (line 127)
  0x0000780d629d53a0: 5c3c d706 | 4883 f800 

  0x0000780d629d53a8: ;   {metadata(method data for {method} {0x0000780c74e1b410} 'forwardInternal' '(Lai/djl/training/ParameterStore;Lai/djl/ndarray/NDList;ZLai/djl/util/PairList;)Lai/djl/ndarray/NDList;' in 'ai/djl/pytorch/engine/PtSymbolBlock')}
  0x0000780d629d53a8: 48be 486b | ef74 0c78 | 0000 48c7 | c7c0 0100 | 000f 8407 | 0000 0048 | c7c7 d001 | 0000 488b 
  0x0000780d629d53c8: 1c3e 488d | 5b01 4889 | 1c3e 0f84 | 2404 0000 

  0x0000780d629d53d8: ;   {metadata(method data for {method} {0x0000780c74e1b410} 'forwardInternal' '(Lai/djl/training/ParameterStore;Lai/djl/ndarray/NDList;ZLai/djl/util/PairList;)Lai/djl/ndarray/NDList;' in 'ai/djl/pytorch/engine/PtSymbolBlock')}
  0x0000780d629d53d8: 48be 486b | ef74 0c78 | 0000 4883 | 86e0 0100 

  0x0000780d629d53e8: ;   {metadata(method data for {method} {0x0000780d03034368} 'getBoolean' '(Ljava/lang/String;)Z' in 'java/lang/Boolean')}
  0x0000780d629d53e8: 0001 48be | e873 f074 | 0c78 0000 | 8bbe f400 | 0000 83c7 | 0289 bef4 | 0000 0081 | e7fe ff1f 
  0x0000780d629d5408: 0083 ff00 | 0f84 8623 

  0x0000780d629d5410: ;   {metadata(method data for {method} {0x0000780d03034368} 'getBoolean' '(Ljava/lang/String;)Z' in 'java/lang/Boolean')}
  0x0000780d629d5410: 0000 48be | e873 f074 | 0c78 0000 | 4883 8638 | 0100 0001 

  0x0000780d629d5424: ;   {metadata(method data for {method} {0x0000780d0301e310} 'getProperty' '(Ljava/lang/String;)Ljava/lang/String;' in 'java/lang/System')}
  0x0000780d629d5424: 48be 5059 | 2cff 0c78 | 0000 8bbe | f400 0000 | 83c7 0289 | bef4 0000 | 0081 e7fe | ff1f 0083 
  0x0000780d629d5444: ff00 0f84 | 6d23 0000 

  0x0000780d629d544c: ;   {metadata(method data for {method} {0x0000780d0301e310} 'getProperty' '(Ljava/lang/String;)Ljava/lang/String;' in 'java/lang/System')}
  0x0000780d629d544c: 48be 5059 | 2cff 0c78 | 0000 4883 | 8638 0100 

  0x0000780d629d545c: ;   {oop("ai.djl.pytorch.graph_optimizer"{0x0000000754558268})}
  0x0000780d629d545c: 0001 48be | 6882 5554 | 0700 0000 | 0f1f 8000 

  0x0000780d629d546c: ;   {static_call}
  0x0000780d629d546c: 0000 00e8 

  0x0000780d629d5470: ; ImmutableOopMap {[160]=Oop [168]=Oop [144]=Oop [136]=Oop }
                      ;*invokestatic checkKey {reexecute=0 rethrow=0 return_oop=0}
                      ; - java.lang.System::getProperty@1 (line 925)
                      ; - java.lang.Boolean::getBoolean@3 (line 282)
                      ; - ai.djl.pytorch.engine.PtSymbolBlock::forwardInternal@41 (line 134)
  0x0000780d629d5470: 0c32 fb05 

  0x0000780d629d5474: ;   {metadata(method data for {method} {0x0000780d0301e310} 'getProperty' '(Ljava/lang/String;)Ljava/lang/String;' in 'java/lang/System')}
  0x0000780d629d5474: 48ba 5059 | 2cff 0c78 | 0000 4883 | 8248 0100 

  0x0000780d629d5484: ;   {metadata(method data for {method} {0x0000780d0301e5b8} 'getSecurityManager' '()Ljava/lang/SecurityManager;' in 'java/lang/System')}
  0x0000780d629d5484: 0001 48ba | b049 01ff | 0c78 0000 | 8bb2 f400 | 0000 83c6 | 0289 b2f4 | 0000 0081 | e6fe ff1f 
  0x0000780d629d54a4: 0083 fe00 | 0f84 2c23 

  0x0000780d629d54ac: ;   {metadata(method data for {method} {0x0000780d0301e5b8} 'getSecurityManager' '()Ljava/lang/SecurityManager;' in 'java/lang/System')}
  0x0000780d629d54ac: 0000 48ba | b049 01ff | 0c78 0000 | 4883 8238 | 0100 0001 

  0x0000780d629d54c0: ;   {metadata(method data for {method} {0x0000780d0301e6d0} 'allowSecurityManager' '()Z' in 'java/lang/System')}
  0x0000780d629d54c0: 48ba 884b | 01ff 0c78 | 0000 8bb2 | f400 0000 | 83c6 0289 | b2f4 0000 | 0081 e6fe | ff1f 0083 
  0x0000780d629d54e0: fe00 0f84 | 1323 0000 

  0x0000780d629d54e8: ;   {metadata(method data for {method} {0x0000780d0301e6d0} 'allowSecurityManager' '()Z' in 'java/lang/System')}
  0x0000780d629d54e8: 48ba 884b | 01ff 0c78 | 0000 ff82 | 4801 0000 

  0x0000780d629d54f8: ;   {metadata(method data for {method} {0x0000780d0301e6d0} 'allowSecurityManager' '()Z' in 'java/lang/System')}
  0x0000780d629d54f8: 48ba 884b | 01ff 0c78 | 0000 ff82 | 5801 0000 

  0x0000780d629d5508: ;   {metadata(method data for {method} {0x0000780d0301e5b8} 'getSecurityManager' '()Ljava/lang/SecurityManager;' in 'java/lang/System')}
  0x0000780d629d5508: 48ba b049 | 01ff 0c78 | 0000 ff82 | 5801 0000 

  0x0000780d629d5518: ;   {oop(a 'java/lang/Class'{0x00000007ffd00770} = 'java/lang/System')}
  0x0000780d629d5518: 48ba 7007 | d0ff 0700 | 0000 8b7a | 7c48 c1e7 | 0348 89bc | 24b8 0000 | 0048 83ff 

  0x0000780d629d5534: ;   {metadata(method data for {method} {0x0000780d0301e310} 'getProperty' '(Ljava/lang/String;)Ljava/lang/String;' in 'java/lang/System')}
  0x0000780d629d5534: 0048 ba50 | 592c ff0c | 7800 0048 | c7c6 5801 | 0000 0f84 | 0700 0000 | 48c7 c668 | 0100 0048 
  0x0000780d629d5554: 8b1c 3248 | 8d5b 0148 | 891c 320f | 84af 0000 | 0048 3b07 

  0x0000780d629d5568: ;   {metadata(method data for {method} {0x0000780d0301e310} 'getProperty' '(Ljava/lang/String;)Ljava/lang/String;' in 'java/lang/System')}
  0x0000780d629d5568: 488b d748 | be50 592c | ff0c 7800 | 008b 5208 | 49ba 0000 | 0003 0d78 | 0000 4903 | d248 3b96 
  0x0000780d629d5588: 8801 0000 | 750d 4883 | 8690 0100 | 0001 e966 | 0000 0048 | 3b96 9801 | 0000 750d | 4883 86a0 
  0x0000780d629d55a8: 0100 0001 | e950 0000 | 0048 81be | 8801 0000 | 0000 0000 | 7517 4889 | 9688 0100 | 0048 c786 
  0x0000780d629d55c8: 9001 0000 | 0100 0000 | e92c 0000 | 0048 81be | 9801 0000 | 0000 0000 | 7517 4889 | 9698 0100 
  0x0000780d629d55e8: 0048 c786 | a001 0000 | 0100 0000 | e908 0000 | 0048 8386 | 7801 0000 

  0x0000780d629d5600: ;   {oop("ai.djl.pytorch.graph_optimizer"{0x0000000754558268})}
  0x0000780d629d5600: 0148 ba68 | 8255 5407 | 0000 0048 

  0x0000780d629d560c: ;   {optimized virtual_call}
  0x0000780d629d560c: 8bf7 90e8 

  0x0000780d629d5610: ; ImmutableOopMap {[160]=Oop [168]=Oop [144]=Oop [136]=Oop [184]=Oop }
                      ;*invokevirtual checkPropertyAccess {reexecute=0 rethrow=0 return_oop=0}
                      ; - java.lang.System::getProperty@14 (line 929)
                      ; - java.lang.Boolean::getBoolean@3 (line 282)
                      ; - ai.djl.pytorch.engine.PtSymbolBlock::forwardInternal@41 (line 134)
  0x0000780d629d5610: 6c2a fb05 

  0x0000780d629d5614: ;   {oop(a 'java/lang/Class'{0x00000007ffd00770} = 'java/lang/System')}
  0x0000780d629d5614: 48ba 7007 | d0ff 0700 | 0000 8bb2 | 8800 0000 | 48c1 e603 

  0x0000780d629d5628: ; implicit exception: dispatches to 0x0000780d629d7821
  0x0000780d629d5628: 483b 0648 

  0x0000780d629d562c: ;   {metadata(method data for {method} {0x0000780d0301e310} 'getProperty' '(Ljava/lang/String;)Ljava/lang/String;' in 'java/lang/System')}
  0x0000780d629d562c: 8bd6 48bb | 5059 2cff | 0c78 0000 | 8b52 0849 | ba00 0000 | 030d 7800 | 0049 03d2 | 483b 93c0 
  0x0000780d629d564c: 0100 0075 | 0d48 8383 | c801 0000 | 01e9 6600 | 0000 483b | 93d0 0100 | 0075 0d48 | 8383 d801 
  0x0000780d629d566c: 0000 01e9 | 5000 0000 | 4881 bbc0 | 0100 0000 | 0000 0075 | 1748 8993 | c001 0000 | 48c7 83c8 
  0x0000780d629d568c: 0100 0001 | 0000 00e9 | 2c00 0000 | 4881 bbd0 | 0100 0000 | 0000 0075 | 1748 8993 | d001 0000 
  0x0000780d629d56ac: 48c7 83d8 | 0100 0001 | 0000 00e9 | 0800 0000 | 4883 83b0 | 0100 0001 

  0x0000780d629d56c4: ;   {oop("ai.djl.pytorch.graph_optimizer"{0x0000000754558268})}
  0x0000780d629d56c4: 48ba 6882 | 5554 0700 | 0000 0f1f | 8000 0000 | 0048 b8ff | ffff ffff 

  0x0000780d629d56dc: ;   {virtual_call}
  0x0000780d629d56dc: ffff ffe8 

  0x0000780d629d56e0: ; ImmutableOopMap {[160]=Oop [168]=Oop [144]=Oop [136]=Oop [184]=Oop }
                      ;*invokevirtual getProperty {reexecute=0 rethrow=0 return_oop=0}
                      ; - java.lang.System::getProperty@21 (line 932)
                      ; - java.lang.Boolean::getBoolean@3 (line 282)
                      ; - ai.djl.pytorch.engine.PtSymbolBlock::forwardInternal@41 (line 134)
  0x0000780d629d56e0: 9c2c fb05 

  0x0000780d629d56e4: ;   {metadata(method data for {method} {0x0000780d03034368} 'getBoolean' '(Ljava/lang/String;)Z' in 'java/lang/Boolean')}
  0x0000780d629d56e4: 48ba e873 | f074 0c78 | 0000 4883 | 8248 0100 

  0x0000780d629d56f4: ;   {metadata(method data for {method} {0x0000780d03034578} 'parseBoolean' '(Ljava/lang/String;)Z' in 'java/lang/Boolean')}
  0x0000780d629d56f4: 0001 48ba | 2087 04ff | 0c78 0000 | 8bb2 f400 | 0000 83c6 | 0289 b2f4 | 0000 0081 | e6fe ff1f 
  0x0000780d629d5714: 0083 fe00 | 0f84 0821 

  0x0000780d629d571c: ;   {oop("true"{0x00000007ffe47760})}
  0x0000780d629d571c: 0000 48be | 6077 e4ff | 0700 0000 

  0x0000780d629d5728: ;   {metadata(method data for {method} {0x0000780d03034578} 'parseBoolean' '(Ljava/lang/String;)Z' in 'java/lang/Boolean')}
  0x0000780d629d5728: 488b d648 | bf20 8704 | ff0c 7800 | 0048 8387 | 3801 0000 | 0148 8bd0 | 4889 8424 | c000 0000 
  0x0000780d629d5748: 0f1f 8000 

  0x0000780d629d574c: ;   {optimized virtual_call}
  0x0000780d629d574c: 0000 00e8 

  0x0000780d629d5750: ; ImmutableOopMap {[160]=Oop [168]=Oop [144]=Oop [136]=Oop [192]=Oop }
                      ;*invokevirtual equalsIgnoreCase {reexecute=0 rethrow=0 return_oop=0}
                      ; - java.lang.Boolean::parseBoolean@3 (line 149)
                      ; - java.lang.Boolean::getBoolean@6 (line 282)
                      ; - ai.djl.pytorch.engine.PtSymbolBlock::forwardInternal@41 (line 134)
  0x0000780d629d5750: 2c29 fb05 

  0x0000780d629d5754: ;   {metadata(method data for {method} {0x0000780d03034368} 'getBoolean' '(Ljava/lang/String;)Z' in 'java/lang/Boolean')}
  0x0000780d629d5754: 83e0 0148 | bae8 73f0 | 740c 7800 | 00ff 8258 | 0100 00e9 | 2000 0000 | 498b 87d0 | 0300 004d 
  0x0000780d629d5774: 33d2 4d89 | 97d0 0300 | 004d 33d2 | 4d89 97d8 | 0300 00b8 | 0000 0000 

  0x0000780d629d578c: ;   {metadata(method data for {method} {0x0000780c74e1b410} 'forwardInternal' '(Lai/djl/training/ParameterStore;Lai/djl/ndarray/NDList;ZLai/djl/util/PairList;)Lai/djl/ndarray/NDList;' in 'ai/djl/pytorch/engine/PtSymbolBlock')}
  0x0000780d629d578c: 83e0 0148 | ba48 6bef | 740c 7800 | 0048 8382 | f001 0000 

  0x0000780d629d57a0: ;   {metadata(method data for {method} {0x0000780c74d9d260} 'setGraphExecutorOptimize' '(Z)V' in 'ai/djl/pytorch/jni/JniUtils')}
  0x0000780d629d57a0: 0148 ba60 | d5ef 740c | 7800 008b | b2f4 0000 | 0083 c602 | 89b2 f400 | 0000 81e6 | feff 1f00 
  0x0000780d629d57c0: 83fe 000f | 847e 2000 

  0x0000780d629d57c8: ;   {oop(a 'ai/djl/pytorch/jni/PyTorchLibrary'{0x0000000752f8b8d8})}
  0x0000780d629d57c8: 0048 bed8 | b8f8 5207 | 0000 0048 

  0x0000780d629d57d4: ;   {metadata(method data for {method} {0x0000780c74d9d260} 'setGraphExecutorOptimize' '(Z)V' in 'ai/djl/pytorch/jni/JniUtils')}
  0x0000780d629d57d4: 8bd6 48bf | 60d5 ef74 | 0c78 0000 | 4883 8738 | 0100 0001 | 488b d089 | 8424 9c00 | 0000 0f1f 
  0x0000780d629d57f4: ;   {optimized virtual_call}
  0x0000780d629d57f4: 4400 00e8 

  0x0000780d629d57f8: ; ImmutableOopMap {[160]=Oop [168]=Oop [144]=Oop [136]=Oop }
                      ;*invokevirtual setGraphExecutorOptimize {reexecute=0 rethrow=0 return_oop=0}
                      ; - ai.djl.pytorch.jni.JniUtils::setGraphExecutorOptimize@4 (line 1701)
                      ; - ai.djl.pytorch.engine.PtSymbolBlock::forwardInternal@48 (line 135)
  0x0000780d629d57f8: 8428 fb05 | 488b b424 | 8800 0000 | 0fbe 460e 

  0x0000780d629d5808: ;   {metadata(method data for {method} {0x0000780c74e1b410} 'forwardInternal' '(Lai/djl/training/ParameterStore;Lai/djl/ndarray/NDList;ZLai/djl/util/PairList;)Lai/djl/ndarray/NDList;' in 'ai/djl/pytorch/engine/PtSymbolBlock')}
  0x0000780d629d5808: 83f8 0048 | b848 6bef | 740c 7800 | 0048 c7c2 | 0002 0000 | 0f84 0700 | 0000 48c7 | c210 0200 
  0x0000780d629d5828: 0048 8b3c | 1048 8d7f | 0148 893c | 100f 84a3 | 1b00 0048 | 8d94 2440 | 0100 0048 | 8972 0848 
  0x0000780d629d5848: 8b06 4883 | c801 4889 | 02f0 480f | b116 0f84 | 1300 0000 | 482b c448 | 81e0 07f0 | ffff 4889 
  0x0000780d629d5868: 020f 85f9 | 1f00 000f | be56 0e83 

  0x0000780d629d5874: ;   {metadata(method data for {method} {0x0000780c74e1b410} 'forwardInternal' '(Lai/djl/training/ParameterStore;Lai/djl/ndarray/NDList;ZLai/djl/util/PairList;)Lai/djl/ndarray/NDList;' in 'ai/djl/pytorch/engine/PtSymbolBlock')}
  0x0000780d629d5874: fa00 48ba | 486b ef74 | 0c78 0000 | 48c7 c720 | 0200 000f | 8407 0000 | 0048 c7c7 | 3002 0000 
  0x0000780d629d5894: 488b 043a | 488d 4001 | 4889 043a | 0f84 051b | 0000 488b | 8c24 9000 

  0x0000780d629d58ac: ;   {metadata('ai/djl/util/PairList')}
  0x0000780d629d58ac: 0000 48ba | 183c a904 | 0d78 0000 | 4c8b c148 | 8bde 498b | 8708 0100 | 0048 8d78 | 1849 3bbf 
  0x0000780d629d58cc: 1801 0000 | 0f87 a51f | 0000 4989 | bf08 0100 | 0048 c700 | 0100 0000 | 488b ca49 | ba00 0000 
  0x0000780d629d58ec: 030d 7800 | 0049 2bca | 8948 0848 | 33c9 8948 | 0c48 33c9 | 4889 4810 | 4c8b c849 

  0x0000780d629d5908: ;   {metadata(method data for {method} {0x0000780c74e1b410} 'forwardInternal' '(Lai/djl/training/ParameterStore;Lai/djl/ndarray/NDList;ZLai/djl/util/PairList;)Lai/djl/ndarray/NDList;' in 'ai/djl/pytorch/engine/PtSymbolBlock')}
  0x0000780d629d5908: 8bd1 48be | 486b ef74 | 0c78 0000 | 4883 8640 | 0200 0001 

  0x0000780d629d591c: ;   {metadata(method data for {method} {0x0000780c74e61840} '<init>' '()V' in 'ai/djl/util/PairList')}
  0x0000780d629d591c: 48ba a816 | ee74 0c78 | 0000 8bb2 | f400 0000 | 83c6 0289 | b2f4 0000 | 0081 e6fe | ff1f 0083 
  0x0000780d629d593c: fe00 0f84 | 441f 0000 

  0x0000780d629d5944: ;   {metadata(method data for {method} {0x0000780c74e61840} '<init>' '()V' in 'ai/djl/util/PairList')}
  0x0000780d629d5944: 498b d148 | bea8 16ee | 740c 7800 | 0048 8386 | 3801 0000 

  0x0000780d629d5958: ;   {metadata(method data for {method} {0x0000780d034443b8} '<init>' '()V' in 'java/lang/Object')}
  0x0000780d629d5958: 0148 ba38 | 8300 ff0c | 7800 008b | b2f4 0000 | 0083 c602 | 89b2 f400 | 0000 81e6 | feff 1f00 
  0x0000780d629d5978: 83fe 000f | 8428 1f00 

  0x0000780d629d5980: ;   {metadata('java/util/ArrayList')}
  0x0000780d629d5980: 0048 ba40 | e100 030d | 7800 0049 | 8b87 0801 | 0000 488d | 7818 493b | bf18 0100 | 000f 8727 
  0x0000780d629d59a0: 1f00 0049 | 89bf 0801 | 0000 48c7 | 0001 0000 | 0048 8bca | 49ba 0000 | 0003 0d78 | 0000 492b 
  0x0000780d629d59c0: ca89 4808 | 4833 c989 | 480c 4833 | c948 8948 | 1048 8bd0 

  0x0000780d629d59d4: ;   {metadata(method data for {method} {0x0000780c74e61840} '<init>' '()V' in 'ai/djl/util/PairList')}
  0x0000780d629d59d4: 48be a816 | ee74 0c78 | 0000 4883 | 8648 0100 

  0x0000780d629d59e4: ;   {metadata(method data for {method} {0x0000780d03432e20} '<init>' '()V' in 'java/util/ArrayList')}
  0x0000780d629d59e4: 0001 48ba | f8ef 14ff | 0c78 0000 | 8bb2 f400 | 0000 83c6 | 0289 b2f4 | 0000 0081 | e6fe ff1f 
  0x0000780d629d5a04: 0083 fe00 | 0f84 c91e | 0000 488b 

  0x0000780d629d5a10: ;   {metadata(method data for {method} {0x0000780d03432e20} '<init>' '()V' in 'java/util/ArrayList')}
  0x0000780d629d5a10: d048 bef8 | ef14 ff0c | 7800 0048 | 8386 3801 

  0x0000780d629d5a20: ;   {metadata(method data for {method} {0x0000780d033c7258} '<init>' '()V' in 'java/util/AbstractList')}
  0x0000780d629d5a20: 0000 0148 | ba98 1107 | ff0c 7800 | 008b b2f4 | 0000 0083 | c602 89b2 | f400 0000 | 81e6 feff 
  0x0000780d629d5a40: 1f00 83fe | 000f 84ad | 1e00 0048 

  0x0000780d629d5a4c: ;   {metadata(method data for {method} {0x0000780d033c7258} '<init>' '()V' in 'java/util/AbstractList')}
  0x0000780d629d5a4c: 8bd0 48be | 9811 07ff | 0c78 0000 | 4883 8638 | 0100 0001 

  0x0000780d629d5a60: ;   {metadata(method data for {method} {0x0000780d0306fb00} '<init>' '()V' in 'java/util/AbstractCollection')}
  0x0000780d629d5a60: 48ba 80ef | 03ff 0c78 | 0000 8bb2 | f400 0000 | 83c6 0289 | b2f4 0000 | 0081 e6fe | ff1f 0083 
  0x0000780d629d5a80: fe00 0f84 | 911e 0000 

  0x0000780d629d5a88: ;   {metadata(method data for {method} {0x0000780d0306fb00} '<init>' '()V' in 'java/util/AbstractCollection')}
  0x0000780d629d5a88: 488b d048 | be80 ef03 | ff0c 7800 | 0048 8386 | 3801 0000 

  0x0000780d629d5a9c: ;   {metadata(method data for {method} {0x0000780d034443b8} '<init>' '()V' in 'java/lang/Object')}
  0x0000780d629d5a9c: 0148 ba38 | 8300 ff0c | 7800 008b | b2f4 0000 | 0083 c602 | 89b2 f400 | 0000 81e6 | feff 1f00 
  0x0000780d629d5abc: 83fe 000f | 8475 1e00 

  0x0000780d629d5ac4: ;   {oop(a 'java/lang/Object'[0] {0x0000000750749c68})}
  0x0000780d629d5ac4: 0048 ba68 | 9c74 5007 | 0000 0041 | 0fbe 5738 | 83fa 000f | 857e 1e00 

  0x0000780d629d5adc: ;   {oop(a 'java/lang/Object'[0] {0x0000000750749c68})}
  0x0000780d629d5adc: 0049 ba68 | 9c74 5007 | 0000 0049 | c1ea 0344 

  0x0000780d629d5aec: ;   {oop(a 'java/lang/Object'[0] {0x0000000750749c68})}
  0x0000780d629d5aec: 8950 1448 | ba68 9c74 | 5007 0000 | 0048 8bf0 | 4833 f248 | c1ee 1548 | 83fe 000f | 856d 1e00 
  0x0000780d629d5b0c: 0041 0fbe | 5738 83fa | 000f 8577 | 1e00 004c | 8bd0 49c1 | ea03 4589 | 510c 498b | d148 33d0 
  0x0000780d629d5b2c: 48c1 ea15 | 4883 fa00 | 0f85 781e 

  0x0000780d629d5b38: ;   {metadata('java/util/ArrayList')}
  0x0000780d629d5b38: 0000 48ba | 40e1 0003 | 0d78 0000 | 498b 8708 | 0100 0048 | 8d78 1849 | 3bbf 1801 | 0000 0f87 
  0x0000780d629d5b58: 6e1e 0000 | 4989 bf08 | 0100 0048 | c700 0100 | 0000 488b | ca49 ba00 | 0000 030d | 7800 0049 
  0x0000780d629d5b78: 2bca 8948 | 0848 33c9 | 8948 0c48 | 33c9 4889 | 4810 488b 

  0x0000780d629d5b8c: ;   {metadata(method data for {method} {0x0000780c74e61840} '<init>' '()V' in 'ai/djl/util/PairList')}
  0x0000780d629d5b8c: d048 bea8 | 16ee 740c | 7800 0048 | 8386 5801 

  0x0000780d629d5b9c: ;   {metadata(method data for {method} {0x0000780d03432e20} '<init>' '()V' in 'java/util/ArrayList')}
  0x0000780d629d5b9c: 0000 0148 | baf8 ef14 | ff0c 7800 | 008b b2f4 | 0000 0083 | c602 89b2 | f400 0000 | 81e6 feff 
  0x0000780d629d5bbc: 1f00 83fe | 000f 8410 | 1e00 0048 

  0x0000780d629d5bc8: ;   {metadata(method data for {method} {0x0000780d03432e20} '<init>' '()V' in 'java/util/ArrayList')}
  0x0000780d629d5bc8: 8bd0 48be | f8ef 14ff | 0c78 0000 | 4883 8638 | 0100 0001 

  0x0000780d629d5bdc: ;   {metadata(method data for {method} {0x0000780d033c7258} '<init>' '()V' in 'java/util/AbstractList')}
  0x0000780d629d5bdc: 48ba 9811 | 07ff 0c78 | 0000 8bb2 | f400 0000 | 83c6 0289 | b2f4 0000 | 0081 e6fe | ff1f 0083 
  0x0000780d629d5bfc: fe00 0f84 | f41d 0000 

  0x0000780d629d5c04: ;   {metadata(method data for {method} {0x0000780d033c7258} '<init>' '()V' in 'java/util/AbstractList')}
  0x0000780d629d5c04: 488b d048 | be98 1107 | ff0c 7800 | 0048 8386 | 3801 0000 

  0x0000780d629d5c18: ;   {metadata(method data for {method} {0x0000780d0306fb00} '<init>' '()V' in 'java/util/AbstractCollection')}
  0x0000780d629d5c18: 0148 ba80 | ef03 ff0c | 7800 008b | b2f4 0000 | 0083 c602 | 89b2 f400 | 0000 81e6 | feff 1f00 
  0x0000780d629d5c38: 83fe 000f | 84d8 1d00 | 0048 8bd0 

  0x0000780d629d5c44: ;   {metadata(method data for {method} {0x0000780d0306fb00} '<init>' '()V' in 'java/util/AbstractCollection')}
  0x0000780d629d5c44: 48be 80ef | 03ff 0c78 | 0000 4883 | 8638 0100 

  0x0000780d629d5c54: ;   {metadata(method data for {method} {0x0000780d034443b8} '<init>' '()V' in 'java/lang/Object')}
  0x0000780d629d5c54: 0001 48ba | 3883 00ff | 0c78 0000 | 8bb2 f400 | 0000 83c6 | 0289 b2f4 | 0000 0081 | e6fe ff1f 
  0x0000780d629d5c74: 0083 fe00 | 0f84 bc1d | 0000 410f | be57 3883 | fa00 0f85 | cf1d 0000 

  0x0000780d629d5c8c: ;   {oop(a 'java/lang/Object'[0] {0x0000000750749c68})}
  0x0000780d629d5c8c: 49ba 689c | 7450 0700 | 0000 49c1 | ea03 4489 

  0x0000780d629d5c9c: ;   {oop(a 'java/lang/Object'[0] {0x0000000750749c68})}
  0x0000780d629d5c9c: 5014 48ba | 689c 7450 | 0700 0000 | 488b f048 | 33f2 48c1 | ee15 4883 | fe00 0f85 | be1d 0000 
  0x0000780d629d5cbc: 410f be57 | 3883 fa00 | 0f85 c81d | 0000 4c8b | d049 c1ea | 0345 8951 | 1049 8bd1 | 4833 d048 
  0x0000780d629d5cdc: c1ea 1548 | 83fa 000f | 85c9 1d00 | 0041 0fbe | 5738 83fa | 000f 85d3 | 1d00 004d | 8bd1 49c1 
  0x0000780d629d5cfc: ea03 4489 | 5328 488b | f349 33f1 | 48c1 ee15 | 4883 fe00 | 0f85 d31d 

  0x0000780d629d5d14: ;   {metadata('ai/djl/util/PairList')}
  0x0000780d629d5d14: 0000 48ba | 183c a904 | 0d78 0000 | 498b 8708 | 0100 0048 | 8d78 1849 | 3bbf 1801 | 0000 0f87 
  0x0000780d629d5d34: c91d 0000 | 4989 bf08 | 0100 0048 | c700 0100 | 0000 488b | ca49 ba00 | 0000 030d | 7800 0049 
  0x0000780d629d5d54: 2bca 8948 | 0848 33c9 | 8948 0c48 | 33c9 4889 | 4810 4c8b | c849 8bd1 

  0x0000780d629d5d6c: ;   {metadata(method data for {method} {0x0000780c74e1b410} 'forwardInternal' '(Lai/djl/training/ParameterStore;Lai/djl/ndarray/NDList;ZLai/djl/util/PairList;)Lai/djl/ndarray/NDList;' in 'ai/djl/pytorch/engine/PtSymbolBlock')}
  0x0000780d629d5d6c: 48be 486b | ef74 0c78 | 0000 4883 | 8650 0200 

  0x0000780d629d5d7c: ;   {metadata(method data for {method} {0x0000780c74e61840} '<init>' '()V' in 'ai/djl/util/PairList')}
  0x0000780d629d5d7c: 0001 48ba | a816 ee74 | 0c78 0000 | 8bb2 f400 | 0000 83c6 | 0289 b2f4 | 0000 0081 | e6fe ff1f 
  0x0000780d629d5d9c: 0083 fe00 | 0f84 681d | 0000 498b 

  0x0000780d629d5da8: ;   {metadata(method data for {method} {0x0000780c74e61840} '<init>' '()V' in 'ai/djl/util/PairList')}
  0x0000780d629d5da8: d148 bea8 | 16ee 740c | 7800 0048 | 8386 3801 

  0x0000780d629d5db8: ;   {metadata(method data for {method} {0x0000780d034443b8} '<init>' '()V' in 'java/lang/Object')}
  0x0000780d629d5db8: 0000 0148 | ba38 8300 | ff0c 7800 | 008b b2f4 | 0000 0083 | c602 89b2 | f400 0000 | 81e6 feff 
  0x0000780d629d5dd8: 1f00 83fe | 000f 844c 

  0x0000780d629d5de0: ;   {metadata('java/util/ArrayList')}
  0x0000780d629d5de0: 1d00 0048 | ba40 e100 | 030d 7800 | 0049 8b87 | 0801 0000 | 488d 7818 | 493b bf18 | 0100 000f 
  0x0000780d629d5e00: 874b 1d00 | 0049 89bf | 0801 0000 | 48c7 0001 | 0000 0048 | 8bca 49ba | 0000 0003 | 0d78 0000 
  0x0000780d629d5e20: 492b ca89 | 4808 4833 | c989 480c | 4833 c948 | 8948 1048 

  0x0000780d629d5e34: ;   {metadata(method data for {method} {0x0000780c74e61840} '<init>' '()V' in 'ai/djl/util/PairList')}
  0x0000780d629d5e34: 8bd0 48be | a816 ee74 | 0c78 0000 | 4883 8648 | 0100 0001 

  0x0000780d629d5e48: ;   {metadata(method data for {method} {0x0000780d03432e20} '<init>' '()V' in 'java/util/ArrayList')}
  0x0000780d629d5e48: 48ba f8ef | 14ff 0c78 | 0000 8bb2 | f400 0000 | 83c6 0289 | b2f4 0000 | 0081 e6fe | ff1f 0083 
  0x0000780d629d5e68: fe00 0f84 | ed1c 0000 

  0x0000780d629d5e70: ;   {metadata(method data for {method} {0x0000780d03432e20} '<init>' '()V' in 'java/util/ArrayList')}
  0x0000780d629d5e70: 488b d048 | bef8 ef14 | ff0c 7800 | 0048 8386 | 3801 0000 

  0x0000780d629d5e84: ;   {metadata(method data for {method} {0x0000780d033c7258} '<init>' '()V' in 'java/util/AbstractList')}
  0x0000780d629d5e84: 0148 ba98 | 1107 ff0c | 7800 008b | b2f4 0000 | 0083 c602 | 89b2 f400 | 0000 81e6 | feff 1f00 
  0x0000780d629d5ea4: 83fe 000f | 84d1 1c00 | 0048 8bd0 

  0x0000780d629d5eb0: ;   {metadata(method data for {method} {0x0000780d033c7258} '<init>' '()V' in 'java/util/AbstractList')}
  0x0000780d629d5eb0: 48be 9811 | 07ff 0c78 | 0000 4883 | 8638 0100 

  0x0000780d629d5ec0: ;   {metadata(method data for {method} {0x0000780d0306fb00} '<init>' '()V' in 'java/util/AbstractCollection')}
  0x0000780d629d5ec0: 0001 48ba | 80ef 03ff | 0c78 0000 | 8bb2 f400 | 0000 83c6 | 0289 b2f4 | 0000 0081 | e6fe ff1f 
  0x0000780d629d5ee0: 0083 fe00 | 0f84 b51c | 0000 488b 

  0x0000780d629d5eec: ;   {metadata(method data for {method} {0x0000780d0306fb00} '<init>' '()V' in 'java/util/AbstractCollection')}
  0x0000780d629d5eec: d048 be80 | ef03 ff0c | 7800 0048 | 8386 3801 

  0x0000780d629d5efc: ;   {metadata(method data for {method} {0x0000780d034443b8} '<init>' '()V' in 'java/lang/Object')}
  0x0000780d629d5efc: 0000 0148 | ba38 8300 | ff0c 7800 | 008b b2f4 | 0000 0083 | c602 89b2 | f400 0000 | 81e6 feff 
  0x0000780d629d5f1c: 1f00 83fe | 000f 8499 | 1c00 0041 | 0fbe 5738 | 83fa 000f | 85ac 1c00 

  0x0000780d629d5f34: ;   {oop(a 'java/lang/Object'[0] {0x0000000750749c68})}
  0x0000780d629d5f34: 0049 ba68 | 9c74 5007 | 0000 0049 | c1ea 0344 

  0x0000780d629d5f44: ;   {oop(a 'java/lang/Object'[0] {0x0000000750749c68})}
  0x0000780d629d5f44: 8950 1448 | ba68 9c74 | 5007 0000 | 0048 8bf0 | 4833 f248 | c1ee 1548 | 83fe 000f | 859b 1c00 
  0x0000780d629d5f64: 0041 0fbe | 5738 83fa | 000f 85a5 | 1c00 004c | 8bd0 49c1 | ea03 4589 | 510c 498b | d148 33d0 
  0x0000780d629d5f84: 48c1 ea15 | 4883 fa00 | 0f85 a61c 

  0x0000780d629d5f90: ;   {metadata('java/util/ArrayList')}
  0x0000780d629d5f90: 0000 48ba | 40e1 0003 | 0d78 0000 | 498b 8708 | 0100 0048 | 8d78 1849 | 3bbf 1801 | 0000 0f87 
  0x0000780d629d5fb0: 9c1c 0000 | 4989 bf08 | 0100 0048 | c700 0100 | 0000 488b | ca49 ba00 | 0000 030d | 7800 0049 
  0x0000780d629d5fd0: 2bca 8948 | 0848 33c9 | 8948 0c48 | 33c9 4889 | 4810 488b 

  0x0000780d629d5fe4: ;   {metadata(method data for {method} {0x0000780c74e61840} '<init>' '()V' in 'ai/djl/util/PairList')}
  0x0000780d629d5fe4: d048 bea8 | 16ee 740c | 7800 0048 | 8386 5801 

  0x0000780d629d5ff4: ;   {metadata(method data for {method} {0x0000780d03432e20} '<init>' '()V' in 'java/util/ArrayList')}
  0x0000780d629d5ff4: 0000 0148 | baf8 ef14 | ff0c 7800 | 008b b2f4 | 0000 0083 | c602 89b2 | f400 0000 | 81e6 feff 
  0x0000780d629d6014: 1f00 83fe | 000f 843e | 1c00 0048 

  0x0000780d629d6020: ;   {metadata(method data for {method} {0x0000780d03432e20} '<init>' '()V' in 'java/util/ArrayList')}
  0x0000780d629d6020: 8bd0 48be | f8ef 14ff | 0c78 0000 | 4883 8638 | 0100 0001 

  0x0000780d629d6034: ;   {metadata(method data for {method} {0x0000780d033c7258} '<init>' '()V' in 'java/util/AbstractList')}
  0x0000780d629d6034: 48ba 9811 | 07ff 0c78 | 0000 8bb2 | f400 0000 | 83c6 0289 | b2f4 0000 | 0081 e6fe | ff1f 0083 
  0x0000780d629d6054: fe00 0f84 | 221c 0000 

  0x0000780d629d605c: ;   {metadata(method data for {method} {0x0000780d033c7258} '<init>' '()V' in 'java/util/AbstractList')}
  0x0000780d629d605c: 488b d048 | be98 1107 | ff0c 7800 | 0048 8386 | 3801 0000 

  0x0000780d629d6070: ;   {metadata(method data for {method} {0x0000780d0306fb00} '<init>' '()V' in 'java/util/AbstractCollection')}
  0x0000780d629d6070: 0148 ba80 | ef03 ff0c | 7800 008b | b2f4 0000 | 0083 c602 | 89b2 f400 | 0000 81e6 | feff 1f00 
  0x0000780d629d6090: 83fe 000f | 8406 1c00 | 0048 8bd0 

  0x0000780d629d609c: ;   {metadata(method data for {method} {0x0000780d0306fb00} '<init>' '()V' in 'java/util/AbstractCollection')}
  0x0000780d629d609c: 48be 80ef | 03ff 0c78 | 0000 4883 | 8638 0100 

  0x0000780d629d60ac: ;   {metadata(method data for {method} {0x0000780d034443b8} '<init>' '()V' in 'java/lang/Object')}
  0x0000780d629d60ac: 0001 48ba | 3883 00ff | 0c78 0000 | 8bb2 f400 | 0000 83c6 | 0289 b2f4 | 0000 0081 | e6fe ff1f 
  0x0000780d629d60cc: 0083 fe00 | 0f84 ea1b | 0000 410f | be57 3883 | fa00 0f85 | fd1b 0000 

  0x0000780d629d60e4: ;   {oop(a 'java/lang/Object'[0] {0x0000000750749c68})}
  0x0000780d629d60e4: 49ba 689c | 7450 0700 | 0000 49c1 | ea03 4489 

  0x0000780d629d60f4: ;   {oop(a 'java/lang/Object'[0] {0x0000000750749c68})}
  0x0000780d629d60f4: 5014 48ba | 689c 7450 | 0700 0000 | 488b f048 | 33f2 48c1 | ee15 4883 | fe00 0f85 | ec1b 0000 
  0x0000780d629d6114: 410f be57 | 3883 fa00 | 0f85 f61b | 0000 4c8b | d049 c1ea | 0345 8951 | 1049 8bd1 | 4833 d048 
  0x0000780d629d6134: c1ea 1548 | 83fa 000f | 85f7 1b00 | 0041 0fbe | 5738 83fa | 000f 8501 | 1c00 004d | 8bd1 49c1 
  0x0000780d629d6154: ea03 4489 | 532c 488b | f349 33f1 | 48c1 ee15 | 4883 fe00 | 0f85 011c | 0000 493b | 0049 8bc8 
  0x0000780d629d6174: ;   {metadata(method data for {method} {0x0000780c74e1b410} 'forwardInternal' '(Lai/djl/training/ParameterStore;Lai/djl/ndarray/NDList;ZLai/djl/util/PairList;)Lai/djl/ndarray/NDList;' in 'ai/djl/pytorch/engine/PtSymbolBlock')}
  0x0000780d629d6174: 48ba 486b | ef74 0c78 | 0000 8b49 | 0849 ba00 | 0000 030d | 7800 0049 | 03ca 483b | 8a70 0200 
  0x0000780d629d6194: 0075 0d48 | 8382 7802 | 0000 01e9 | 6600 0000 | 483b 8a80 | 0200 0075 | 0d48 8382 | 8802 0000 
  0x0000780d629d61b4: 01e9 5000 | 0000 4881 | ba70 0200 | 0000 0000 | 0075 1748 | 898a 7002 | 0000 48c7 | 8278 0200 
  0x0000780d629d61d4: 0001 0000 | 00e9 2c00 | 0000 4881 | ba80 0200 | 0000 0000 | 0075 1748 | 898a 8002 | 0000 48c7 
  0x0000780d629d61f4: 8288 0200 | 0001 0000 | 00e9 0800 | 0000 4883 | 8260 0200 

  0x0000780d629d6208: ;   {metadata(method data for {method} {0x0000780d034327a0} 'iterator' '()Ljava/util/Iterator;' in 'java/util/ArrayList')}
  0x0000780d629d6208: 0001 48ba | 40cf 20ff | 0c78 0000 | 8bb2 f400 | 0000 83c6 | 0289 b2f4 | 0000 0081 | e6fe ff1f 
  0x0000780d629d6228: 0083 fe00 | 0f84 5a1b 

  0x0000780d629d6230: ;   {metadata('java/util/ArrayList$Itr')}
  0x0000780d629d6230: 0000 48ba | d0dc 1b03 | 0d78 0000 | 498b 8708 | 0100 0048 | 8d78 2049 | 3bbf 1801 | 0000 0f87 
  0x0000780d629d6250: 591b 0000 | 4989 bf08 | 0100 0048 | c700 0100 | 0000 488b | ca49 ba00 | 0000 030d | 7800 0049 
  0x0000780d629d6270: 2bca 8948 | 0848 33c9 | 8948 0c48 | 33c9 4889 | 4810 4889 | 4818 4889 | 8424 c800 | 0000 488b 
  0x0000780d629d6290: ;   {metadata(method data for {method} {0x0000780d034327a0} 'iterator' '()Ljava/util/Iterator;' in 'java/util/ArrayList')}
  0x0000780d629d6290: f048 bf40 | cf20 ff0c | 7800 0048 | 8387 3801 

  0x0000780d629d62a0: ;   {metadata(method data for {method} {0x0000780d031bf3f0} '<init>' '(Ljava/util/ArrayList;)V' in 'java/util/ArrayList$Itr')}
  0x0000780d629d62a0: 0000 0148 | beb0 d020 | ff0c 7800 | 008b bef4 | 0000 0083 | c702 89be | f400 0000 | 81e7 feff 
  0x0000780d629d62c0: 1f00 83ff | 000f 84ef | 1a00 0041 | 0fbe 7738 | 83fe 000f | 8502 1b00 | 004d 8bd0 | 49c1 ea03 
  0x0000780d629d62e0: 4489 5018 | 488b f049 | 33f0 48c1 | ee15 4883 | fe00 0f85 | 021b 0000 

  0x0000780d629d62f8: ;   {metadata(method data for {method} {0x0000780d031bf3f0} '<init>' '(Ljava/util/ArrayList;)V' in 'java/util/ArrayList$Itr')}
  0x0000780d629d62f8: 488b f048 | bfb0 d020 | ff0c 7800 | 0048 8387 | 3801 0000 

  0x0000780d629d630c: ;   {metadata(method data for {method} {0x0000780d034443b8} '<init>' '()V' in 'java/lang/Object')}
  0x0000780d629d630c: 0148 be38 | 8300 ff0c | 7800 008b | bef4 0000 | 0083 c702 | 89be f400 | 0000 81e7 | feff 1f00 
  0x0000780d629d632c: 83ff 000f | 84dd 1a00 | 00c7 4010 | ffff ffff | 418b 700c | 8970 140f | 1f44 0000 

  0x0000780d629d6348: ;   {metadata(method data for {method} {0x0000780c74e1b410} 'forwardInternal' '(Lai/djl/training/ParameterStore;Lai/djl/ndarray/NDList;ZLai/djl/util/PairList;)Lai/djl/ndarray/NDList;' in 'ai/djl/pytorch/engine/PtSymbolBlock')}
  0x0000780d629d6348: 488b f848 | bb48 6bef | 740c 7800 | 008b 7f08 | 49ba 0000 | 0003 0d78 | 0000 4903 | fa48 3bbb 
  0x0000780d629d6368: a802 0000 | 750d 4883 | 83b0 0200 | 0001 e966 | 0000 0048 | 3bbb b802 | 0000 750d | 4883 83c0 
  0x0000780d629d6388: 0200 0001 | e950 0000 | 0048 81bb | a802 0000 | 0000 0000 | 7517 4889 | bba8 0200 | 0048 c783 
  0x0000780d629d63a8: b002 0000 | 0100 0000 | e92c 0000 | 0048 81bb | b802 0000 | 0000 0000 | 7517 4889 | bbb8 0200 
  0x0000780d629d63c8: 0048 c783 | c002 0000 | 0100 0000 | e908 0000 | 0048 8383 | 9802 0000 

  0x0000780d629d63e0: ;   {metadata(method data for {method} {0x0000780d031bf340} 'hasNext' '()Z' in 'java/util/ArrayList$Itr')}
  0x0000780d629d63e0: 0148 bf80 | c019 ff0c | 7800 008b | 9ff4 0000 | 0083 c302 | 899f f400 | 0000 81e3 | feff 1f00 
  0x0000780d629d6400: 83fb 000f | 842a 1a00 | 008b 780c | 8b58 1848 | c1e3 038b | 5b10 3bfb 

  0x0000780d629d6418: ;   {metadata(method data for {method} {0x0000780d031bf340} 'hasNext' '()Z' in 'java/util/ArrayList$Itr')}
  0x0000780d629d6418: 48bf 80c0 | 19ff 0c78 | 0000 48c7 | c338 0100 | 000f 8407 | 0000 0048 | c7c3 4801 | 0000 488b 
  0x0000780d629d6438: 141f 488d | 5201 4889 | 141f 0f84 | 1a00 0000 

  0x0000780d629d6448: ;   {metadata(method data for {method} {0x0000780d031bf340} 'hasNext' '()Z' in 'java/util/ArrayList$Itr')}
  0x0000780d629d6448: 48bf 80c0 | 19ff 0c78 | 0000 ff87 | 5801 0000 | bf01 0000 | 00e9 0500 | 0000 bf00 | 0000 0083 
  0x0000780d629d6468: e701 83ff 

  0x0000780d629d646c: ;   {metadata(method data for {method} {0x0000780c74e1b410} 'forwardInternal' '(Lai/djl/training/ParameterStore;Lai/djl/ndarray/NDList;ZLai/djl/util/PairList;)Lai/djl/ndarray/NDList;' in 'ai/djl/pytorch/engine/PtSymbolBlock')}
  0x0000780d629d646c: 0048 bf48 | 6bef 740c | 7800 0048 | c7c3 d002 | 0000 0f84 | 0700 0000 | 48c7 c3e0 | 0200 0048 
  0x0000780d629d648c: 8b14 1f48 | 8d52 0148 | 8914 1f0f | 8406 0600 | 0048 8bf8 

  0x0000780d629d64a0: ;   {metadata(method data for {method} {0x0000780c74e1b410} 'forwardInternal' '(Lai/djl/training/ParameterStore;Lai/djl/ndarray/NDList;ZLai/djl/util/PairList;)Lai/djl/ndarray/NDList;' in 'ai/djl/pytorch/engine/PtSymbolBlock')}
  0x0000780d629d64a0: 48bb 486b | ef74 0c78 | 0000 8b7f | 0849 ba00 | 0000 030d | 7800 0049 | 03fa 483b | bb00 0300 
  0x0000780d629d64c0: 0075 0d48 | 8383 0803 | 0000 01e9 | 6600 0000 | 483b bb10 | 0300 0075 | 0d48 8383 | 1803 0000 
  0x0000780d629d64e0: 01e9 5000 | 0000 4881 | bb00 0300 | 0000 0000 | 0075 1748 | 89bb 0003 | 0000 48c7 | 8308 0300 
  0x0000780d629d6500: 0001 0000 | 00e9 2c00 | 0000 4881 | bb10 0300 | 0000 0000 | 0075 1748 | 89bb 1003 | 0000 48c7 
  0x0000780d629d6520: 8318 0300 | 0001 0000 | 00e9 0800 | 0000 4883 | 83f0 0200 | 0001 488b | f066 0f1f 

  0x0000780d629d653c: ;   {optimized virtual_call}
  0x0000780d629d653c: 4400 00e8 

  0x0000780d629d6540: ; ImmutableOopMap {[160]=Oop [168]=Oop [136]=Oop [144]=Oop [200]=Oop [328]=Oop }
                      ;*invokeinterface next {reexecute=0 rethrow=0 return_oop=0}
                      ; - ai.djl.pytorch.engine.PtSymbolBlock::forwardInternal@110 (line 142)
  0x0000780d629d6540: fcad 6506 | 4883 f800 

  0x0000780d629d6548: ;   {metadata(method data for {method} {0x0000780c74e1b410} 'forwardInternal' '(Lai/djl/training/ParameterStore;Lai/djl/ndarray/NDList;ZLai/djl/util/PairList;)Lai/djl/ndarray/NDList;' in 'ai/djl/pytorch/engine/PtSymbolBlock')}
  0x0000780d629d6548: 7516 48bb | 486b ef74 | 0c78 0000 | 808b 2103 | 0000 01e9 | ee00 0000 

  0x0000780d629d6560: ;   {metadata('ai/djl/ndarray/NDArray')}
  0x0000780d629d6560: 48bf 00c2 | a804 0d78 | 0000 8b58 | 0849 ba00 | 0000 030d | 7800 0049 | 03da 483b | 7b20 0f84 
  0x0000780d629d6580: 1b00 0000 | 483b df0f | 8412 0000 

  0x0000780d629d658c: ;   {runtime_call slow_subtype_check Runtime1 stub}
  0x0000780d629d658c: 0053 57e8 | ec45 0606 | 5b5b 83fb | 000f 8493 

  0x0000780d629d659c: ;   {metadata(method data for {method} {0x0000780c74e1b410} 'forwardInternal' '(Lai/djl/training/ParameterStore;Lai/djl/ndarray/NDList;ZLai/djl/util/PairList;)Lai/djl/ndarray/NDList;' in 'ai/djl/pytorch/engine/PtSymbolBlock')}
  0x0000780d629d659c: 0000 0048 | bb48 6bef | 740c 7800 | 008b 7808 | 49ba 0000 | 0003 0d78 | 0000 4903 | fa48 3bbb 
  0x0000780d629d65bc: 3803 0000 | 750d 4883 | 8340 0300 | 0001 e97f | 0000 0048 | 3bbb 4803 | 0000 750d | 4883 8350 
  0x0000780d629d65dc: 0300 0001 | e969 0000 | 0048 81bb | 3803 0000 | 0000 0000 | 7517 4889 | bb38 0300 | 0048 c783 
  0x0000780d629d65fc: 4003 0000 | 0100 0000 | e945 0000 | 0048 81bb | 4803 0000 | 0000 0000 | 7517 4889 | bb48 0300 
  0x0000780d629d661c: 0048 c783 | 5003 0000 | 0100 0000 | e921 0000 | 00e9 1c00 

  0x0000780d629d6630: ;   {metadata(method data for {method} {0x0000780c74e1b410} 'forwardInternal' '(Lai/djl/training/ParameterStore;Lai/djl/ndarray/NDList;ZLai/djl/util/PairList;)Lai/djl/ndarray/NDList;' in 'ai/djl/pytorch/engine/PtSymbolBlock')}
  0x0000780d629d6630: 0000 48bb | 486b ef74 | 0c78 0000 | 4883 ab28 | 0300 0001 | e910 1800 | 00e9 0000 | 0000 488b 
  0x0000780d629d6650: f848 89bc | 24d0 0000 | 0048 8bb4 | 2488 0000 | 008b 5e28 | 48c1 e303 | 4889 9c24 | d800 0000 
  0x0000780d629d6670: 4883 ff00 | 0f84 2900 

  0x0000780d629d6678: ;   {metadata('ai/djl/pytorch/engine/PtNDArray')}
  0x0000780d629d6678: 0000 49b8 | 0000 a904 | 0d78 0000 | 8b4f 0849 | ba00 0000 | 030d 7800 | 0049 03ca | 4c3b 4140 
  0x0000780d629d6698: 0f85 c417 | 0000 e900 | 0000 0048 | 8bc7 483b | 0748 8bc7 

  0x0000780d629d66ac: ;   {metadata(method data for {method} {0x0000780c74e1b410} 'forwardInternal' '(Lai/djl/training/ParameterStore;Lai/djl/ndarray/NDList;ZLai/djl/util/PairList;)Lai/djl/ndarray/NDList;' in 'ai/djl/pytorch/engine/PtSymbolBlock')}
  0x0000780d629d66ac: 48ba 486b | ef74 0c78 

  0x0000780d629d66b4: ;   {metadata('ai/djl/pytorch/engine/PtNDArray')}
  0x0000780d629d66b4: 0000 49ba | 0000 a904 | 0d78 0000 | 4c89 9270 | 0300 0048 | 8382 7803 | 0000 018b | 4718 48c1 
  0x0000780d629d66d4: e003 4889 | 8424 e000 | 0000 4883 | ff00 0f84 | 2a00 0000 

  0x0000780d629d66e8: ;   {metadata('ai/djl/pytorch/engine/PtNDArray')}
  0x0000780d629d66e8: 49b9 0000 | a904 0d78 | 0000 448b | 4708 49ba | 0000 0003 | 0d78 0000 | 4d03 c24d | 3b48 400f 
  0x0000780d629d6708: 855f 1700 | 00e9 0000 | 0000 488b | d748 8bd7 

  0x0000780d629d6718: ;   {metadata(method data for {method} {0x0000780c74e1b410} 'forwardInternal' '(Lai/djl/training/ParameterStore;Lai/djl/ndarray/NDList;ZLai/djl/util/PairList;)Lai/djl/ndarray/NDList;' in 'ai/djl/pytorch/engine/PtSymbolBlock')}
  0x0000780d629d6718: 48b9 486b | ef74 0c78 

  0x0000780d629d6720: ;   {metadata('ai/djl/pytorch/engine/PtNDArray')}
  0x0000780d629d6720: 0000 49ba | 0000 a904 | 0d78 0000 | 4c89 91a8 | 0300 0048 | 8381 b003 

  0x0000780d629d6738: ;   {metadata(method data for {method} {0x0000780c74e2f028} 'getShape' '()Lai/djl/ndarray/types/Shape;' in 'ai/djl/pytorch/engine/PtNDArray')}
  0x0000780d629d6738: 0000 0148 | ba00 e6ed | 740c 7800 | 008b 8af4 | 0000 0083 | c102 898a | f400 0000 | 81e1 feff 
  0x0000780d629d6758: 1f00 83f9 | 000f 840e | 1700 008b | 5724 48c1 | e203 4883 

  0x0000780d629d676c: ;   {metadata(method data for {method} {0x0000780c74e2f028} 'getShape' '()Lai/djl/ndarray/types/Shape;' in 'ai/djl/pytorch/engine/PtNDArray')}
  0x0000780d629d676c: fa00 48ba | 00e6 ed74 | 0c78 0000 | 48c7 c138 | 0100 000f | 8507 0000 | 0048 c7c1 | 4801 0000 
  0x0000780d629d678c: 4c8b 040a | 4d8d 4001 | 4c89 040a | 0f85 5300 

  0x0000780d629d679c: ;   {metadata(method data for {method} {0x0000780c74e2f028} 'getShape' '()Lai/djl/ndarray/types/Shape;' in 'ai/djl/pytorch/engine/PtNDArray')}
  0x0000780d629d679c: 0000 48ba | 00e6 ed74 | 0c78 0000 | 4883 8258 | 0100 0001 | 488b f70f 

  0x0000780d629d67b4: ;   {static_call}
  0x0000780d629d67b4: 1f40 00e8 

  0x0000780d629d67b8: ; ImmutableOopMap {[160]=Oop [168]=Oop [144]=Oop [200]=Oop [136]=Oop [224]=Oop [216]=Oop [208]=Oop [328]=Oop }
                      ;*invokestatic getShape {reexecute=0 rethrow=0 return_oop=0}
                      ; - ai.djl.pytorch.engine.PtNDArray::getShape@9 (line 145)
                      ; - ai.djl.pytorch.engine.PtSymbolBlock::forwardInternal@133 (line 143)
  0x0000780d629d67b8: 0461 2007 | 410f be57 | 3883 fa00 | 488b bc24 | d000 0000 | 0f85 c016 | 0000 4c8b | d049 c1ea 
  0x0000780d629d67d8: 0344 8957 | 2448 8bd7 | 4833 d048 | c1ea 1548 | 83fa 000f | 85c0 1600 | 008b 5f24 | 48c1 e303 
  0x0000780d629d67f8: 4889 9c24 | e800 0000 | 488b 8424 | e000 0000 | 488b 9c24 | d800 0000 

  0x0000780d629d6810: ; implicit exception: dispatches to 0x0000780d629d7ec9
  0x0000780d629d6810: 483b 0348 

  0x0000780d629d6814: ;   {metadata(method data for {method} {0x0000780c74e1b410} 'forwardInternal' '(Lai/djl/training/ParameterStore;Lai/djl/ndarray/NDList;ZLai/djl/util/PairList;)Lai/djl/ndarray/NDList;' in 'ai/djl/pytorch/engine/PtSymbolBlock')}
  0x0000780d629d6814: 8bd3 48be | 486b ef74 | 0c78 0000 | 8b52 0849 | ba00 0000 | 030d 7800 | 0049 03d2 | 483b 96e0 
  0x0000780d629d6834: 0300 0075 | 0d48 8386 | e803 0000 | 01e9 6600 | 0000 483b | 96f0 0300 | 0075 0d48 | 8386 f803 
  0x0000780d629d6854: 0000 01e9 | 5000 0000 | 4881 bee0 | 0300 0000 | 0000 0075 | 1748 8996 | e003 0000 | 48c7 86e8 
  0x0000780d629d6874: 0300 0001 | 0000 00e9 | 2c00 0000 | 4881 bef0 | 0300 0000 | 0000 0075 | 1748 8996 | f003 0000 
  0x0000780d629d6894: 48c7 86f8 | 0300 0001 | 0000 00e9 | 0800 0000 | 4883 86d0 | 0300 0001 

  0x0000780d629d68ac: ;   {metadata(method data for {method} {0x0000780c74e61e28} 'add' '(Ljava/lang/Object;Ljava/lang/Object;)V' in 'ai/djl/util/PairList')}
  0x0000780d629d68ac: 48ba b014 | ee74 0c78 | 0000 8bb2 | f400 0000 | 83c6 0289 | b2f4 0000 | 0081 e6fe | ff1f 0083 
  0x0000780d629d68cc: fe00 0f84 | fa15 0000 | 8b73 0c48 | c1e6 0348 | 3b06 488b 

  0x0000780d629d68e0: ;   {metadata(method data for {method} {0x0000780c74e61e28} 'add' '(Ljava/lang/Object;Ljava/lang/Object;)V' in 'ai/djl/util/PairList')}
  0x0000780d629d68e0: d649 b8b0 | 14ee 740c | 7800 008b | 5208 49ba | 0000 0003 | 0d78 0000 | 4903 d249 | 3b90 4801 
  0x0000780d629d6900: 0000 750d | 4983 8050 | 0100 0001 | e966 0000 | 0049 3b90 | 5801 0000 | 750d 4983 | 8060 0100 
  0x0000780d629d6920: 0001 e950 | 0000 0049 | 81b8 4801 | 0000 0000 | 0000 7517 | 4989 9048 | 0100 0049 | c780 5001 
  0x0000780d629d6940: 0000 0100 | 0000 e92c | 0000 0049 | 81b8 5801 | 0000 0000 | 0000 7517 | 4989 9058 | 0100 0049 
  0x0000780d629d6960: c780 6001 | 0000 0100 | 0000 e908 | 0000 0049 | 8380 3801 | 0000 0148 | 8bd0 6666 | 9048 b840 
  0x0000780d629d6980: e100 030d 

  0x0000780d629d6984: ;   {virtual_call}
  0x0000780d629d6984: 7800 00e8 

  0x0000780d629d6988: ; ImmutableOopMap {[160]=Oop [168]=Oop [144]=Oop [200]=Oop [136]=Oop [208]=Oop [232]=Oop [224]=Oop [216]=Oop [328]=Oop }
                      ;*invokeinterface add {reexecute=0 rethrow=0 return_oop=0}
                      ; - ai.djl.util.PairList::add@5 (line 116)
                      ; - ai.djl.pytorch.engine.PtSymbolBlock::forwardInternal@138 (line 143)
  0x0000780d629d6988: 14fb 5806 | 488b 9c24 | d800 0000 | 8b73 1048 | c1e6 0348 | 3b06 488b 

  0x0000780d629d69a0: ;   {metadata(method data for {method} {0x0000780c74e61e28} 'add' '(Ljava/lang/Object;Ljava/lang/Object;)V' in 'ai/djl/util/PairList')}
  0x0000780d629d69a0: d648 bfb0 | 14ee 740c | 7800 008b | 5208 49ba | 0000 0003 | 0d78 0000 | 4903 d248 | 3b97 8001 
  0x0000780d629d69c0: 0000 750d | 4883 8788 | 0100 0001 | e966 0000 | 0048 3b97 | 9001 0000 | 750d 4883 | 8798 0100 
  0x0000780d629d69e0: 0001 e950 | 0000 0048 | 81bf 8001 | 0000 0000 | 0000 7517 | 4889 9780 | 0100 0048 | c787 8801 
  0x0000780d629d6a00: 0000 0100 | 0000 e92c | 0000 0048 | 81bf 9001 | 0000 0000 | 0000 7517 | 4889 9790 | 0100 0048 
  0x0000780d629d6a20: c787 9801 | 0000 0100 | 0000 e908 | 0000 0048 | 8387 7001 | 0000 0148 | 8b94 24e8 | 0000 0066 
  0x0000780d629d6a40: 0f1f 4400 | 0048 b840 | e100 030d 

  0x0000780d629d6a4c: ;   {virtual_call}
  0x0000780d629d6a4c: 7800 00e8 

  0x0000780d629d6a50: ; ImmutableOopMap {[160]=Oop [168]=Oop [144]=Oop [200]=Oop [136]=Oop [208]=Oop [232]=Oop [224]=Oop [216]=Oop [328]=Oop }
                      ;*invokeinterface add {reexecute=0 rethrow=0 return_oop=0}
                      ; - ai.djl.util.PairList::add@16 (line 117)
                      ; - ai.djl.pytorch.engine.PtSymbolBlock::forwardInternal@138 (line 143)
  0x0000780d629d6a50: 4cfa 5806 

  0x0000780d629d6a54: ;   {metadata(method data for {method} {0x0000780c74e1b410} 'forwardInternal' '(Lai/djl/training/ParameterStore;Lai/djl/ndarray/NDList;ZLai/djl/util/PairList;)Lai/djl/ndarray/NDList;' in 'ai/djl/pytorch/engine/PtSymbolBlock')}
  0x0000780d629d6a54: 48be 486b | ef74 0c78 | 0000 8b96 | f800 0000 | 83c2 0289 | 96f8 0000 | 0081 e2fe | 3f00 0083 
  0x0000780d629d6a74: fa00 0f84 | 7d14 0000 | 4d8b 9748 

  0x0000780d629d6a80: ; ImmutableOopMap {[160]=Oop [168]=Oop [144]=Oop [200]=Oop [136]=Oop [208]=Oop [328]=Oop }
                      ;*goto {reexecute=1 rethrow=0 return_oop=0}
                      ; - (reexecute) ai.djl.pytorch.engine.PtSymbolBlock::forwardInternal@141 (line 144)
                      ;   {poll}
  0x0000780d629d6a80: 0300 0041 

  0x0000780d629d6a84: ;   {metadata(method data for {method} {0x0000780c74e1b410} 'forwardInternal' '(Lai/djl/training/ParameterStore;Lai/djl/ndarray/NDList;ZLai/djl/util/PairList;)Lai/djl/ndarray/NDList;' in 'ai/djl/pytorch/engine/PtSymbolBlock')}
  0x0000780d629d6a84: 8502 48be | 486b ef74 | 0c78 0000 | ff86 0804 | 0000 488b | 8424 c800 | 0000 e9a5 

  0x0000780d629d6aa0: ;   {metadata(method data for {method} {0x0000780c74e1b410} 'forwardInternal' '(Lai/djl/training/ParameterStore;Lai/djl/ndarray/NDList;ZLai/djl/util/PairList;)Lai/djl/ndarray/NDList;' in 'ai/djl/pytorch/engine/PtSymbolBlock')}
  0x0000780d629d6aa0: f8ff ff48 | be48 6bef | 740c 7800 | 0048 8386 | 2004 0000 | 0148 8bb4 | 2488 0000 | 0048 8b94 
  0x0000780d629d6ac0: 2490 0000 | 008b 8c24 | 9800 0000 

  0x0000780d629d6acc: ;   {static_call}
  0x0000780d629d6acc: 6666 90e8 

  0x0000780d629d6ad0: ; ImmutableOopMap {[160]=Oop [168]=Oop [144]=Oop [136]=Oop [200]=Oop [328]=Oop }
                      ;*invokestatic forward {reexecute=0 rethrow=0 return_oop=0}
                      ; - ai.djl.pytorch.engine.PtSymbolBlock::forwardInternal@147 (line 145)
  0x0000780d629d6ad0: cc35 0100 | 4889 8424 | f800 0000 

  0x0000780d629d6adc: ; implicit exception: dispatches to 0x0000780d629d7f1a
  0x0000780d629d6adc: 483b 0048 

  0x0000780d629d6ae0: ;   {metadata(method data for {method} {0x0000780c74e1b410} 'forwardInternal' '(Lai/djl/training/ParameterStore;Lai/djl/ndarray/NDList;ZLai/djl/util/PairList;)Lai/djl/ndarray/NDList;' in 'ai/djl/pytorch/engine/PtSymbolBlock')}
  0x0000780d629d6ae0: 8bd0 48be | 486b ef74 | 0c78 0000 | 8b52 0849 | ba00 0000 | 030d 7800 | 0049 03d2 | 483b 9640 
  0x0000780d629d6b00: 0400 0075 | 0d48 8386 | 4804 0000 | 01e9 6600 | 0000 483b | 9650 0400 | 0075 0d48 | 8386 5804 
  0x0000780d629d6b20: 0000 01e9 | 5000 0000 | 4881 be40 | 0400 0000 | 0000 0075 | 1748 8996 | 4004 0000 | 48c7 8648 
  0x0000780d629d6b40: 0400 0001 | 0000 00e9 | 2c00 0000 | 4881 be50 | 0400 0000 | 0000 0075 | 1748 8996 | 5004 0000 
  0x0000780d629d6b60: 48c7 8658 | 0400 0001 | 0000 00e9 | 0800 0000 | 4883 8630 | 0400 0001 

  0x0000780d629d6b78: ;   {metadata(method data for {method} {0x0000780d034327a0} 'iterator' '()Ljava/util/Iterator;' in 'java/util/ArrayList')}
  0x0000780d629d6b78: 48ba 40cf | 20ff 0c78 | 0000 8bb2 | f400 0000 | 83c6 0289 | b2f4 0000 | 0081 e6fe | ff1f 0083 
  0x0000780d629d6b98: fe00 0f84 | 7f13 0000 

  0x0000780d629d6ba0: ;   {metadata('java/util/ArrayList$Itr')}
  0x0000780d629d6ba0: 48ba d0dc | 1b03 0d78 | 0000 488b | d849 8b87 | 0801 0000 | 488d 7820 | 493b bf18 | 0100 000f 
  0x0000780d629d6bc0: 877b 1300 | 0049 89bf | 0801 0000 | 48c7 0001 | 0000 0048 | 8bca 49ba | 0000 0003 | 0d78 0000 
  0x0000780d629d6be0: 492b ca89 | 4808 4833 | c989 480c | 4833 c948 | 8948 1048 | 8948 1848 | 8984 24f0 | 0000 0048 
  0x0000780d629d6c00: ;   {metadata(method data for {method} {0x0000780d034327a0} 'iterator' '()Ljava/util/Iterator;' in 'java/util/ArrayList')}
  0x0000780d629d6c00: 8bf0 48bf | 40cf 20ff | 0c78 0000 | 4883 8738 | 0100 0001 

  0x0000780d629d6c14: ;   {metadata(method data for {method} {0x0000780d031bf3f0} '<init>' '(Ljava/util/ArrayList;)V' in 'java/util/ArrayList$Itr')}
  0x0000780d629d6c14: 48be b0d0 | 20ff 0c78 | 0000 8bbe | f400 0000 | 83c7 0289 | bef4 0000 | 0081 e7fe | ff1f 0083 
  0x0000780d629d6c34: ff00 0f84 | 1113 0000 | 410f be77 | 3883 fe00 | 0f85 2413 | 0000 4c8b | d349 c1ea | 0344 8950 
  0x0000780d629d6c54: 1848 8bf0 | 4833 f348 | c1ee 1548 | 83fe 000f | 8524 1300 | 0048 8bf0 

  0x0000780d629d6c6c: ;   {metadata(method data for {method} {0x0000780d031bf3f0} '<init>' '(Ljava/util/ArrayList;)V' in 'java/util/ArrayList$Itr')}
  0x0000780d629d6c6c: 48bf b0d0 | 20ff 0c78 | 0000 4883 | 8738 0100 

  0x0000780d629d6c7c: ;   {metadata(method data for {method} {0x0000780d034443b8} '<init>' '()V' in 'java/lang/Object')}
  0x0000780d629d6c7c: 0001 48be | 3883 00ff | 0c78 0000 | 8bbe f400 | 0000 83c7 | 0289 bef4 | 0000 0081 | e7fe ff1f 
  0x0000780d629d6c9c: 0083 ff00 | 0f84 ff12 | 0000 c740 | 10ff ffff | ff8b 730c | 8970 140f | 1f44 0000 

  0x0000780d629d6cb8: ;   {metadata(method data for {method} {0x0000780c74e1b410} 'forwardInternal' '(Lai/djl/training/ParameterStore;Lai/djl/ndarray/NDList;ZLai/djl/util/PairList;)Lai/djl/ndarray/NDList;' in 'ai/djl/pytorch/engine/PtSymbolBlock')}
  0x0000780d629d6cb8: 488b d848 | ba48 6bef | 740c 7800 | 008b 5b08 | 49ba 0000 | 0003 0d78 | 0000 4903 | da48 3b9a 
  0x0000780d629d6cd8: 7804 0000 | 750d 4883 | 8280 0400 | 0001 e966 | 0000 0048 | 3b9a 8804 | 0000 750d | 4883 8290 
  0x0000780d629d6cf8: 0400 0001 | e950 0000 | 0048 81ba | 7804 0000 | 0000 0000 | 7517 4889 | 9a78 0400 | 0048 c782 
  0x0000780d629d6d18: 8004 0000 | 0100 0000 | e92c 0000 | 0048 81ba | 8804 0000 | 0000 0000 | 7517 4889 | 9a88 0400 
  0x0000780d629d6d38: 0048 c782 | 9004 0000 | 0100 0000 | e908 0000 | 0048 8382 | 6804 0000 | 0148 8bf0 | 9048 b8d0 
  0x0000780d629d6d58: dc1b 030d 

  0x0000780d629d6d5c: ;   {virtual_call}
  0x0000780d629d6d5c: 7800 00e8 

  0x0000780d629d6d60: ; ImmutableOopMap {[160]=Oop [168]=Oop [144]=Oop [136]=Oop [248]=Oop [240]=Oop [328]=Oop }
                      ;*invokeinterface hasNext {reexecute=0 rethrow=0 return_oop=0}
                      ; - ai.djl.pytorch.engine.PtSymbolBlock::forwardInternal@161 (line 146)
  0x0000780d629d6d60: bcd5 5d06 

  0x0000780d629d6d64: ;   {metadata(method data for {method} {0x0000780c74e1b410} 'forwardInternal' '(Lai/djl/training/ParameterStore;Lai/djl/ndarray/NDList;ZLai/djl/util/PairList;)Lai/djl/ndarray/NDList;' in 'ai/djl/pytorch/engine/PtSymbolBlock')}
  0x0000780d629d6d64: 83f8 0048 | be48 6bef | 740c 7800 | 0048 c7c7 | a004 0000 | 0f84 0700 | 0000 48c7 | c7b0 0400 
  0x0000780d629d6d84: 0048 8b1c | 3e48 8d5b | 0148 891c | 3e0f 848b | 0600 0048 | 8b84 24f0 

  0x0000780d629d6d9c: ;   {metadata(method data for {method} {0x0000780c74e1b410} 'forwardInternal' '(Lai/djl/training/ParameterStore;Lai/djl/ndarray/NDList;ZLai/djl/util/PairList;)Lai/djl/ndarray/NDList;' in 'ai/djl/pytorch/engine/PtSymbolBlock')}
  0x0000780d629d6d9c: 0000 0048 | bf48 6bef | 740c 7800 | 008b 4008 | 49ba 0000 | 0003 0d78 | 0000 4903 | c248 3b87 
  0x0000780d629d6dbc: d004 0000 | 750d 4883 | 87d8 0400 | 0001 e966 | 0000 0048 | 3b87 e004 | 0000 750d | 4883 87e8 
  0x0000780d629d6ddc: 0400 0001 | e950 0000 | 0048 81bf | d004 0000 | 0000 0000 | 7517 4889 | 87d0 0400 | 0048 c787 
  0x0000780d629d6dfc: d804 0000 | 0100 0000 | e92c 0000 | 0048 81bf | e004 0000 | 0000 0000 | 7517 4889 | 87e0 0400 
  0x0000780d629d6e1c: 0048 c787 | e804 0000 | 0100 0000 | e908 0000 | 0048 8387 | c004 0000 | 0148 8bb4 | 24f0 0000 
  0x0000780d629d6e3c: 0048 b8d0 | dc1b 030d 

  0x0000780d629d6e44: ;   {virtual_call}
  0x0000780d629d6e44: 7800 00e8 

  0x0000780d629d6e48: ; ImmutableOopMap {[160]=Oop [168]=Oop [144]=Oop [248]=Oop [240]=Oop [136]=Oop [328]=Oop }
                      ;*invokeinterface next {reexecute=0 rethrow=0 return_oop=0}
                      ; - ai.djl.pytorch.engine.PtSymbolBlock::forwardInternal@171 (line 146)
  0x0000780d629d6e48: d4a4 6506 | 4883 f800 

  0x0000780d629d6e50: ;   {metadata(method data for {method} {0x0000780c74e1b410} 'forwardInternal' '(Lai/djl/training/ParameterStore;Lai/djl/ndarray/NDList;ZLai/djl/util/PairList;)Lai/djl/ndarray/NDList;' in 'ai/djl/pytorch/engine/PtSymbolBlock')}
  0x0000780d629d6e50: 7516 48bb | 486b ef74 | 0c78 0000 | 808b f104 | 0000 01e9 | ee00 0000 

  0x0000780d629d6e68: ;   {metadata('ai/djl/ndarray/NDArray')}
  0x0000780d629d6e68: 48bf 00c2 | a804 0d78 | 0000 8b58 | 0849 ba00 | 0000 030d | 7800 0049 | 03da 483b | 7b20 0f84 
  0x0000780d629d6e88: 1b00 0000 | 483b df0f | 8412 0000 

  0x0000780d629d6e94: ;   {runtime_call slow_subtype_check Runtime1 stub}
  0x0000780d629d6e94: 0053 57e8 | e43c 0606 | 5b5b 83fb | 000f 8493 

  0x0000780d629d6ea4: ;   {metadata(method data for {method} {0x0000780c74e1b410} 'forwardInternal' '(Lai/djl/training/ParameterStore;Lai/djl/ndarray/NDList;ZLai/djl/util/PairList;)Lai/djl/ndarray/NDList;' in 'ai/djl/pytorch/engine/PtSymbolBlock')}
  0x0000780d629d6ea4: 0000 0048 | bb48 6bef | 740c 7800 | 008b 7808 | 49ba 0000 | 0003 0d78 | 0000 4903 | fa48 3bbb 
  0x0000780d629d6ec4: 0805 0000 | 750d 4883 | 8310 0500 | 0001 e97f | 0000 0048 | 3bbb 1805 | 0000 750d | 4883 8320 
  0x0000780d629d6ee4: 0500 0001 | e969 0000 | 0048 81bb | 0805 0000 | 0000 0000 | 7517 4889 | bb08 0500 | 0048 c783 
  0x0000780d629d6f04: 1005 0000 | 0100 0000 | e945 0000 | 0048 81bb | 1805 0000 | 0000 0000 | 7517 4889 | bb18 0500 
  0x0000780d629d6f24: 0048 c783 | 2005 0000 | 0100 0000 | e921 0000 | 00e9 1c00 

  0x0000780d629d6f38: ;   {metadata(method data for {method} {0x0000780c74e1b410} 'forwardInternal' '(Lai/djl/training/ParameterStore;Lai/djl/ndarray/NDList;ZLai/djl/util/PairList;)Lai/djl/ndarray/NDList;' in 'ai/djl/pytorch/engine/PtSymbolBlock')}
  0x0000780d629d6f38: 0000 48bb | 486b ef74 | 0c78 0000 | 4883 abf8 | 0400 0001 | e975 1000 | 00e9 0000 | 0000 488b 
  0x0000780d629d6f58: f848 89bc | 2400 0100 | 0048 8bb4 | 2488 0000 | 008b 5e2c | 48c1 e303 | 4889 9c24 | 0801 0000 
  0x0000780d629d6f78: 4883 ff00 | 0f84 2900 

  0x0000780d629d6f80: ;   {metadata('ai/djl/pytorch/engine/PtNDArray')}
  0x0000780d629d6f80: 0000 49b8 | 0000 a904 | 0d78 0000 | 8b4f 0849 | ba00 0000 | 030d 7800 | 0049 03ca | 4c3b 4140 
  0x0000780d629d6fa0: 0f85 2910 | 0000 e900 | 0000 0048 | 8bc7 483b | 0748 8bc7 

  0x0000780d629d6fb4: ;   {metadata(method data for {method} {0x0000780c74e1b410} 'forwardInternal' '(Lai/djl/training/ParameterStore;Lai/djl/ndarray/NDList;ZLai/djl/util/PairList;)Lai/djl/ndarray/NDList;' in 'ai/djl/pytorch/engine/PtSymbolBlock')}
  0x0000780d629d6fb4: 48ba 486b | ef74 0c78 

  0x0000780d629d6fbc: ;   {metadata('ai/djl/pytorch/engine/PtNDArray')}
  0x0000780d629d6fbc: 0000 49ba | 0000 a904 | 0d78 0000 | 4c89 9240 | 0500 0048 | 8382 4805 | 0000 018b | 4718 48c1 
  0x0000780d629d6fdc: e003 4889 | 8424 1001 | 0000 4883 | ff00 0f84 | 2a00 0000 

  0x0000780d629d6ff0: ;   {metadata('ai/djl/pytorch/engine/PtNDArray')}
  0x0000780d629d6ff0: 49b9 0000 | a904 0d78 | 0000 448b | 4708 49ba | 0000 0003 | 0d78 0000 | 4d03 c24d | 3b48 400f 
  0x0000780d629d7010: 85c4 0f00 | 00e9 0000 | 0000 488b | d748 8bd7 

  0x0000780d629d7020: ;   {metadata(method data for {method} {0x0000780c74e1b410} 'forwardInternal' '(Lai/djl/training/ParameterStore;Lai/djl/ndarray/NDList;ZLai/djl/util/PairList;)Lai/djl/ndarray/NDList;' in 'ai/djl/pytorch/engine/PtSymbolBlock')}
  0x0000780d629d7020: 48b9 486b | ef74 0c78 

  0x0000780d629d7028: ;   {metadata('ai/djl/pytorch/engine/PtNDArray')}
  0x0000780d629d7028: 0000 49ba | 0000 a904 | 0d78 0000 | 4c89 9178 | 0500 0048 | 8381 8005 

  0x0000780d629d7040: ;   {metadata(method data for {method} {0x0000780c74e2f028} 'getShape' '()Lai/djl/ndarray/types/Shape;' in 'ai/djl/pytorch/engine/PtNDArray')}
  0x0000780d629d7040: 0000 0148 | ba00 e6ed | 740c 7800 | 008b 8af4 | 0000 0083 | c102 898a | f400 0000 | 81e1 feff 
  0x0000780d629d7060: 1f00 83f9 | 000f 8473 | 0f00 008b | 5724 48c1 | e203 4883 

  0x0000780d629d7074: ;   {metadata(method data for {method} {0x0000780c74e2f028} 'getShape' '()Lai/djl/ndarray/types/Shape;' in 'ai/djl/pytorch/engine/PtNDArray')}
  0x0000780d629d7074: fa00 48ba | 00e6 ed74 | 0c78 0000 | 48c7 c138 | 0100 000f | 8507 0000 | 0048 c7c1 | 4801 0000 
  0x0000780d629d7094: 4c8b 040a | 4d8d 4001 | 4c89 040a | 0f85 5300 

  0x0000780d629d70a4: ;   {metadata(method data for {method} {0x0000780c74e2f028} 'getShape' '()Lai/djl/ndarray/types/Shape;' in 'ai/djl/pytorch/engine/PtNDArray')}
  0x0000780d629d70a4: 0000 48ba | 00e6 ed74 | 0c78 0000 | 4883 8258 | 0100 0001 | 488b f70f 

  0x0000780d629d70bc: ;   {static_call}
  0x0000780d629d70bc: 1f40 00e8 

  0x0000780d629d70c0: ; ImmutableOopMap {[160]=Oop [168]=Oop [144]=Oop [248]=Oop [240]=Oop [136]=Oop [272]=Oop [264]=Oop [256]=Oop [328]=Oop }
                      ;*invokestatic getShape {reexecute=0 rethrow=0 return_oop=0}
                      ; - ai.djl.pytorch.engine.PtNDArray::getShape@9 (line 145)
                      ; - ai.djl.pytorch.engine.PtSymbolBlock::forwardInternal@194 (line 147)
  0x0000780d629d70c0: fc57 2007 | 410f be57 | 3883 fa00 | 488b bc24 | 0001 0000 | 0f85 250f | 0000 4c8b | d049 c1ea 
  0x0000780d629d70e0: 0344 8957 | 2448 8bd7 | 4833 d048 | c1ea 1548 | 83fa 000f | 8525 0f00 | 008b 5f24 | 48c1 e303 
  0x0000780d629d7100: 4889 9c24 | 1801 0000 | 488b 8424 | 1001 0000 | 488b 9c24 | 0801 0000 

  0x0000780d629d7118: ; implicit exception: dispatches to 0x0000780d629d8036
  0x0000780d629d7118: 483b 0348 

  0x0000780d629d711c: ;   {metadata(method data for {method} {0x0000780c74e1b410} 'forwardInternal' '(Lai/djl/training/ParameterStore;Lai/djl/ndarray/NDList;ZLai/djl/util/PairList;)Lai/djl/ndarray/NDList;' in 'ai/djl/pytorch/engine/PtSymbolBlock')}
  0x0000780d629d711c: 8bd3 48be | 486b ef74 | 0c78 0000 | 8b52 0849 | ba00 0000 | 030d 7800 | 0049 03d2 | 483b 96b0 
  0x0000780d629d713c: 0500 0075 | 0d48 8386 | b805 0000 | 01e9 6600 | 0000 483b | 96c0 0500 | 0075 0d48 | 8386 c805 
  0x0000780d629d715c: 0000 01e9 | 5000 0000 | 4881 beb0 | 0500 0000 | 0000 0075 | 1748 8996 | b005 0000 | 48c7 86b8 
  0x0000780d629d717c: 0500 0001 | 0000 00e9 | 2c00 0000 | 4881 bec0 | 0500 0000 | 0000 0075 | 1748 8996 | c005 0000 
  0x0000780d629d719c: 48c7 86c8 | 0500 0001 | 0000 00e9 | 0800 0000 | 4883 86a0 | 0500 0001 

  0x0000780d629d71b4: ;   {metadata(method data for {method} {0x0000780c74e61e28} 'add' '(Ljava/lang/Object;Ljava/lang/Object;)V' in 'ai/djl/util/PairList')}
  0x0000780d629d71b4: 48ba b014 | ee74 0c78 | 0000 8bb2 | f400 0000 | 83c6 0289 | b2f4 0000 | 0081 e6fe | ff1f 0083 
  0x0000780d629d71d4: fe00 0f84 | 5f0e 0000 | 8b73 0c48 | c1e6 0348 | 3b06 488b 

  0x0000780d629d71e8: ;   {metadata(method data for {method} {0x0000780c74e61e28} 'add' '(Ljava/lang/Object;Ljava/lang/Object;)V' in 'ai/djl/util/PairList')}
  0x0000780d629d71e8: d649 b8b0 | 14ee 740c | 7800 008b | 5208 49ba | 0000 0003 | 0d78 0000 | 4903 d249 | 3b90 4801 
  0x0000780d629d7208: 0000 750d | 4983 8050 | 0100 0001 | e966 0000 | 0049 3b90 | 5801 0000 | 750d 4983 | 8060 0100 
  0x0000780d629d7228: 0001 e950 | 0000 0049 | 81b8 4801 | 0000 0000 | 0000 7517 | 4989 9048 | 0100 0049 | c780 5001 
  0x0000780d629d7248: 0000 0100 | 0000 e92c | 0000 0049 | 81b8 5801 | 0000 0000 | 0000 7517 | 4989 9058 | 0100 0049 
  0x0000780d629d7268: c780 6001 | 0000 0100 | 0000 e908 | 0000 0049 | 8380 3801 | 0000 0148 | 8bd0 6666 | 9048 b840 
  0x0000780d629d7288: e100 030d 

  0x0000780d629d728c: ;   {virtual_call}
  0x0000780d629d728c: 7800 00e8 

  0x0000780d629d7290: ; ImmutableOopMap {[160]=Oop [168]=Oop [144]=Oop [248]=Oop [240]=Oop [136]=Oop [256]=Oop [280]=Oop [272]=Oop [264]=Oop [328]=Oop }
                      ;*invokeinterface add {reexecute=0 rethrow=0 return_oop=0}
                      ; - ai.djl.util.PairList::add@5 (line 116)
                      ; - ai.djl.pytorch.engine.PtSymbolBlock::forwardInternal@199 (line 147)
  0x0000780d629d7290: 0cf2 5806 | 488b 9c24 | 0801 0000 | 8b73 1048 | c1e6 0348 | 3b06 488b 

  0x0000780d629d72a8: ;   {metadata(method data for {method} {0x0000780c74e61e28} 'add' '(Ljava/lang/Object;Ljava/lang/Object;)V' in 'ai/djl/util/PairList')}
  0x0000780d629d72a8: d648 bfb0 | 14ee 740c | 7800 008b | 5208 49ba | 0000 0003 | 0d78 0000 | 4903 d248 | 3b97 8001 
  0x0000780d629d72c8: 0000 750d | 4883 8788 | 0100 0001 | e966 0000 | 0048 3b97 | 9001 0000 | 750d 4883 | 8798 0100 
  0x0000780d629d72e8: 0001 e950 | 0000 0048 | 81bf 8001 | 0000 0000 | 0000 7517 | 4889 9780 | 0100 0048 | c787 8801 
  0x0000780d629d7308: 0000 0100 | 0000 e92c | 0000 0048 | 81bf 9001 | 0000 0000 | 0000 7517 | 4889 9790 | 0100 0048 
  0x0000780d629d7328: c787 9801 | 0000 0100 | 0000 e908 | 0000 0048 | 8387 7001 | 0000 0148 | 8b94 2418 | 0100 0066 
  0x0000780d629d7348: 0f1f 4400 | 0048 b840 | e100 030d 

  0x0000780d629d7354: ;   {virtual_call}
  0x0000780d629d7354: 7800 00e8 

  0x0000780d629d7358: ; ImmutableOopMap {[160]=Oop [168]=Oop [144]=Oop [248]=Oop [240]=Oop [136]=Oop [256]=Oop [280]=Oop [272]=Oop [264]=Oop [328]=Oop }
                      ;*invokeinterface add {reexecute=0 rethrow=0 return_oop=0}
                      ; - ai.djl.util.PairList::add@16 (line 117)
                      ; - ai.djl.pytorch.engine.PtSymbolBlock::forwardInternal@199 (line 147)
  0x0000780d629d7358: 44f1 5806 

  0x0000780d629d735c: ;   {metadata(method data for {method} {0x0000780c74e1b410} 'forwardInternal' '(Lai/djl/training/ParameterStore;Lai/djl/ndarray/NDList;ZLai/djl/util/PairList;)Lai/djl/ndarray/NDList;' in 'ai/djl/pytorch/engine/PtSymbolBlock')}
  0x0000780d629d735c: 48b8 486b | ef74 0c78 | 0000 8bb0 | f800 0000 | 83c6 0289 | b0f8 0000 | 0081 e6fe | 3f00 0083 
  0x0000780d629d737c: fe00 0f84 | e20c 0000 | 4d8b 9748 

  0x0000780d629d7388: ; ImmutableOopMap {[160]=Oop [168]=Oop [144]=Oop [248]=Oop [240]=Oop [136]=Oop [256]=Oop [328]=Oop }
                      ;*goto {reexecute=1 rethrow=0 return_oop=0}
                      ; - (reexecute) ai.djl.pytorch.engine.PtSymbolBlock::forwardInternal@202 (line 148)
                      ;   {poll}
  0x0000780d629d7388: 0300 0041 

  0x0000780d629d738c: ;   {metadata(method data for {method} {0x0000780c74e1b410} 'forwardInternal' '(Lai/djl/training/ParameterStore;Lai/djl/ndarray/NDList;ZLai/djl/util/PairList;)Lai/djl/ndarray/NDList;' in 'ai/djl/pytorch/engine/PtSymbolBlock')}
  0x0000780d629d738c: 8502 48b8 | 486b ef74 | 0c78 0000 | ff80 d805 | 0000 488b | 8424 f000 | 0000 e90d | f9ff ff48 
  0x0000780d629d73ac: 8d84 2440 | 0100 0048 | 8b30 4885 | f60f 840f | 0000 0048 | 8b50 08f0 | 480f b132 | 0f85 b90c 
  0x0000780d629d73cc: ;   {metadata(method data for {method} {0x0000780c74e1b410} 'forwardInternal' '(Lai/djl/training/ParameterStore;Lai/djl/ndarray/NDList;ZLai/djl/util/PairList;)Lai/djl/ndarray/NDList;' in 'ai/djl/pytorch/engine/PtSymbolBlock')}
  0x0000780d629d73cc: 0000 48be | 486b ef74 | 0c78 0000 | ff86 f005 

  0x0000780d629d73dc: ;   {metadata(method data for {method} {0x0000780c74e1b410} 'forwardInternal' '(Lai/djl/training/ParameterStore;Lai/djl/ndarray/NDList;ZLai/djl/util/PairList;)Lai/djl/ndarray/NDList;' in 'ai/djl/pytorch/engine/PtSymbolBlock')}
  0x0000780d629d73dc: 0000 48be | 486b ef74 | 0c78 0000 | 4883 8608 | 0600 0001 | 488b b424 | 8800 0000 | 488b 9424 
  0x0000780d629d73fc: 9000 0000 | 8b8c 2498 

  0x0000780d629d7404: ;   {static_call}
  0x0000780d629d7404: 0000 00e8 

  0x0000780d629d7408: ; ImmutableOopMap {[160]=Oop [168]=Oop [144]=Oop [136]=Oop }
                      ;*invokestatic forward {reexecute=0 rethrow=0 return_oop=0}
                      ; - ai.djl.pytorch.engine.PtSymbolBlock::forwardInternal@233 (line 154)
  0x0000780d629d7408: 942c 0100 | 4881 c460 | 0100 005d 

  0x0000780d629d7414: ;   {poll_return}
  0x0000780d629d7414: 493b a740 | 0300 000f | 877c 0c00 | 00c3 488b | b424 8800 | 0000 c646 | 0e00 488d | 8424 4001 
  0x0000780d629d7434: 0000 488b | 1048 85d2 | 0f84 0f00 | 0000 488b | 7808 f048 | 0fb1 170f | 8562 0c00 | 0048 8b84 
  0x0000780d629d7454: 24f8 0000 | 0048 81c4 | 6001 0000 

  0x0000780d629d7460: ;   {poll_return}
  0x0000780d629d7460: 5d49 3ba7 | 4003 0000 | 0f87 5b0c | 0000 c348 | 899c 2428 | 0100 0090 

  0x0000780d629d7478: ;   {no_reloc}
  0x0000780d629d7478: e971 0c00 | 0000 0000 | 0000 498b | 8708 0100 | 0048 8d78 | 2849 3bbf | 1801 0000 | 0f87 5e0c 
  0x0000780d629d7498: 0000 4989 | bf08 0100 | 0048 c700 | 0100 0000 | 488b ca49 | ba00 0000 | 030d 7800 | 0049 2bca 
  0x0000780d629d74b8: 8948 0848 | 33c9 8948 | 0c48 33c9 | 4889 4810 | 4889 4818 | 4889 4820 

  0x0000780d629d74d0: ;   {metadata(method data for {method} {0x0000780c74e1bcc0} 'getHandle' '()Ljava/lang/Long;' in 'ai/djl/pytorch/engine/PtSymbolBlock')}
  0x0000780d629d74d0: 488b d048 | be08 94ee | 740c 7800 | 0048 8386 | c801 0000 

  0x0000780d629d74e4: ;   {oop("PyTorch model handle has been released!"{0x0000000754558108})}
  0x0000780d629d74e4: 0148 ba08 | 8155 5407 | 0000 0048 | 8bf0 4889 | 8424 2001 | 0000 0f1f 

  0x0000780d629d74fc: ;   {optimized virtual_call}
  0x0000780d629d74fc: 4400 00e8 

  0x0000780d629d7500: ; ImmutableOopMap {[160]=Oop [168]=Oop [144]=Oop [288]=Oop [136]=Oop [296]=Oop }
                      ;*invokespecial <init> {reexecute=0 rethrow=0 return_oop=0}
                      ; - ai.djl.pytorch.engine.PtSymbolBlock::getHandle@21 (line 275)
                      ; - ai.djl.pytorch.jni.JniUtils::enableInferenceMode@4 (line 1779)
                      ; - ai.djl.pytorch.engine.PtSymbolBlock::forwardInternal@28 (line 123)
  0x0000780d629d7500: 7c0b fb05 | 488b 8424 

  0x0000780d629d7508: ; ImmutableOopMap {[160]=Oop [168]=Oop [144]=Oop [136]=Oop [296]=Oop rax=Oop }
                      ;*athrow {reexecute=1 rethrow=0 return_oop=0}
                      ; - (reexecute) ai.djl.pytorch.engine.PtSymbolBlock::getHandle@24 (line 275)
                      ; - ai.djl.pytorch.jni.JniUtils::enableInferenceMode@4 (line 1779)
                      ; - ai.djl.pytorch.engine.PtSymbolBlock::forwardInternal@28 (line 123)
  0x0000780d629d7508: 2001 0000 

  0x0000780d629d750c: ;   {section_word}
  0x0000780d629d750c: 48ba 0c75 | 9d62 0d78 

  0x0000780d629d7514: ;   {runtime_call handle_exception_nofpu Runtime1 stub}
  0x0000780d629d7514: 0000 e865 | 2406 0690 | 4889 9c24 | 3801 0000 | 4c89 8c24 | a800 0000 | 4489 8424 | 9800 0000 
  0x0000780d629d7534: 4889 9424 | a000 0000 | 0f1f 4000 

  0x0000780d629d7540: ;   {no_reloc}
  0x0000780d629d7540: e9cf 0b00 | 0000 0000 | 0000 498b | 8708 0100 | 0048 8d78 | 2849 3bbf | 1801 0000 | 0f87 bc0b 
  0x0000780d629d7560: 0000 4989 | bf08 0100 | 0048 c700 | 0100 0000 | 488b ca49 | ba00 0000 | 030d 7800 | 0049 2bca 
  0x0000780d629d7580: 8948 0848 | 33c9 8948 | 0c48 33c9 | 4889 4810 | 4889 4818 | 4889 4820 

  0x0000780d629d7598: ;   {metadata(method data for {method} {0x0000780c74e1bcc0} 'getHandle' '()Ljava/lang/Long;' in 'ai/djl/pytorch/engine/PtSymbolBlock')}
  0x0000780d629d7598: 488b d048 | be08 94ee | 740c 7800 | 0048 8386 | c801 0000 

  0x0000780d629d75ac: ;   {oop("PyTorch model handle has been released!"{0x0000000754558108})}
  0x0000780d629d75ac: 0148 ba08 | 8155 5407 | 0000 0048 | 8bf0 4889 | 8424 3001 | 0000 0f1f 

  0x0000780d629d75c4: ;   {optimized virtual_call}
  0x0000780d629d75c4: 4400 00e8 

  0x0000780d629d75c8: ; ImmutableOopMap {[136]=Oop [144]=Oop [168]=Oop [160]=Oop [304]=Oop [312]=Oop }
                      ;*invokespecial <init> {reexecute=0 rethrow=0 return_oop=0}
                      ; - ai.djl.pytorch.engine.PtSymbolBlock::getHandle@21 (line 275)
                      ; - ai.djl.pytorch.jni.JniUtils::enableTrainingMode@4 (line 1783)
                      ; - ai.djl.pytorch.engine.PtSymbolBlock::forwardInternal@21 (line 121)
  0x0000780d629d75c8: b40a fb05 | 488b 8424 

  0x0000780d629d75d0: ; ImmutableOopMap {[136]=Oop [144]=Oop [168]=Oop [160]=Oop [312]=Oop rax=Oop }
                      ;*athrow {reexecute=1 rethrow=0 return_oop=0}
                      ; - (reexecute) ai.djl.pytorch.engine.PtSymbolBlock::getHandle@24 (line 275)
                      ; - ai.djl.pytorch.jni.JniUtils::enableTrainingMode@4 (line 1783)
                      ; - ai.djl.pytorch.engine.PtSymbolBlock::forwardInternal@21 (line 121)
  0x0000780d629d75d0: 3001 0000 

  0x0000780d629d75d4: ;   {section_word}
  0x0000780d629d75d4: 48ba d475 | 9d62 0d78 

  0x0000780d629d75dc: ;   {runtime_call handle_exception_nofpu Runtime1 stub}
  0x0000780d629d75dc: 0000 e89d | 2306 0690 | 498b 87d0 | 0300 004d | 33d2 4d89 | 97d0 0300 | 004d 33d2 | 4d89 97d8 
  0x0000780d629d75fc: 0300 0048 | 8bf0 488d | 8424 4001 | 0000 488b | 1048 85d2 | 0f84 0f00 | 0000 488b | 7808 f048 
  0x0000780d629d761c: 0fb1 170f | 8506 0b00 | 004c 8b8c | 24a8 0000 | 0044 8b84 | 2498 0000 | 0048 8b8c | 2490 0000 
  0x0000780d629d763c: 0048 8b9c | 24a0 0000 | 0048 8bbc | 2488 0000 

  0x0000780d629d764c: ; ImmutableOopMap {rsi=Oop rdi=Oop [136]=Oop rcx=Oop [144]=Oop r9=Oop rbx=Oop rax=Oop }
                      ;*athrow {reexecute=1 rethrow=0 return_oop=0}
                      ; - (reexecute) ai.djl.pytorch.engine.PtSymbolBlock::forwardInternal@229 (line 152)
  0x0000780d629d764c: 0048 8bc6 

  0x0000780d629d7650: ;   {section_word}
  0x0000780d629d7650: 48ba 5076 | 9d62 0d78 

  0x0000780d629d7658: ;   {runtime_call handle_exception_nofpu Runtime1 stub}
  0x0000780d629d7658: 0000 e821 | 2306 0690 

  0x0000780d629d7660: ;   {metadata({method} {0x0000780c74e1b410} 'forwardInternal' '(Lai/djl/training/ParameterStore;Lai/djl/ndarray/NDList;ZLai/djl/util/PairList;)Lai/djl/ndarray/NDList;' in 'ai/djl/pytorch/engine/PtSymbolBlock')}
  0x0000780d629d7660: 49ba 10b4 | e174 0c78 | 0000 4c89 | 5424 0848 | c704 24ff 

  0x0000780d629d7674: ;   {runtime_call counter_overflow Runtime1 stub}
  0x0000780d629d7674: ffff ffe8 

  0x0000780d629d7678: ; ImmutableOopMap {rsi=Oop [136]=Oop rdx=Oop rcx=Oop [144]=Oop r9=Oop }
                      ;*synchronization entry
                      ; - ai.djl.pytorch.engine.PtSymbolBlock::forwardInternal@-1 (line 118)
  0x0000780d629d7678: 045f 0606 | e946 d5ff 

  0x0000780d629d7680: ;   {metadata({method} {0x0000780c74d9da68} 'enableTrainingMode' '(Lai/djl/pytorch/engine/PtSymbolBlock;)V' in 'ai/djl/pytorch/jni/JniUtils')}
  0x0000780d629d7680: ff49 ba68 | dad9 740c | 7800 004c | 8954 2408 | 48c7 0424 | ffff ffff 

  0x0000780d629d7698: ;   {runtime_call counter_overflow Runtime1 stub}
  0x0000780d629d7698: e8e3 5e06 

  0x0000780d629d769c: ; ImmutableOopMap {rsi=Oop [136]=Oop rdx=Oop rcx=Oop [144]=Oop r9=Oop }
                      ;*synchronization entry
                      ; - ai.djl.pytorch.jni.JniUtils::enableTrainingMode@-1 (line 1783)
                      ; - ai.djl.pytorch.engine.PtSymbolBlock::forwardInternal@21 (line 121)
  0x0000780d629d769c: 06e9 f2d5 

  0x0000780d629d76a0: ;   {metadata({method} {0x0000780c74e1bcc0} 'getHandle' '()Ljava/lang/Long;' in 'ai/djl/pytorch/engine/PtSymbolBlock')}
  0x0000780d629d76a0: ffff 49ba | c0bc e174 | 0c78 0000 | 4c89 5424 | 0848 c704 | 24ff ffff 

  0x0000780d629d76b8: ;   {runtime_call counter_overflow Runtime1 stub}
  0x0000780d629d76b8: ffe8 c25e 

  0x0000780d629d76bc: ; ImmutableOopMap {rsi=Oop [136]=Oop rdx=Oop rcx=Oop [144]=Oop r9=Oop }
                      ;*synchronization entry
                      ; - ai.djl.pytorch.engine.PtSymbolBlock::getHandle@-1 (line 273)
                      ; - ai.djl.pytorch.jni.JniUtils::enableTrainingMode@4 (line 1783)
                      ; - ai.djl.pytorch.engine.PtSymbolBlock::forwardInternal@21 (line 121)
  0x0000780d629d76bc: 0606 e91f 

  0x0000780d629d76c0: ;   {runtime_call throw_null_pointer_exception Runtime1 stub}
  0x0000780d629d76c0: d6ff ffe8 

  0x0000780d629d76c4: ; ImmutableOopMap {rsi=Oop [136]=Oop rdx=Oop rcx=Oop [144]=Oop r9=Oop rdi=Oop }
                      ;*invokevirtual get {reexecute=0 rethrow=0 return_oop=0}
                      ; - ai.djl.pytorch.engine.PtSymbolBlock::getHandle@4 (line 273)
                      ; - ai.djl.pytorch.jni.JniUtils::enableTrainingMode@4 (line 1783)
                      ; - ai.djl.pytorch.engine.PtSymbolBlock::forwardInternal@21 (line 121)
  0x0000780d629d76c4: d80a 0606 | 4889 3c24 

  0x0000780d629d76cc: ;   {runtime_call throw_class_cast_exception Runtime1 stub}
  0x0000780d629d76cc: e8cf 2e06 

  0x0000780d629d76d0: ; ImmutableOopMap {rsi=Oop [136]=Oop rdx=Oop rcx=Oop [144]=Oop r9=Oop }
                      ;*checkcast {reexecute=0 rethrow=0 return_oop=0}
                      ; - ai.djl.pytorch.engine.PtSymbolBlock::getHandle@7 (line 273)
                      ; - ai.djl.pytorch.jni.JniUtils::enableTrainingMode@4 (line 1783)
                      ; - ai.djl.pytorch.engine.PtSymbolBlock::forwardInternal@21 (line 121)
                      ;   {runtime_call throw_null_pointer_exception Runtime1 stub}
  0x0000780d629d76d0: 06e8 ca0a 

  0x0000780d629d76d4: ; ImmutableOopMap {rbx=Oop [168]=Oop [144]=Oop [160]=Oop [136]=Oop }
                      ;*invokevirtual longValue {reexecute=0 rethrow=0 return_oop=0}
                      ; - ai.djl.pytorch.jni.JniUtils::enableTrainingMode@7 (line 1783)
                      ; - ai.djl.pytorch.engine.PtSymbolBlock::forwardInternal@21 (line 121)
                      ;   {metadata({method} {0x0000780c74d9d9b8} 'enableInferenceMode' '(Lai/djl/pytorch/engine/PtSymbolBlock;)V' in 'ai/djl/pytorch/jni/JniUtils')}
  0x0000780d629d76d4: 0606 49ba | b8d9 d974 | 0c78 0000 | 4c89 5424 | 0848 c704 | 24ff ffff 

  0x0000780d629d76ec: ;   {runtime_call counter_overflow Runtime1 stub}
  0x0000780d629d76ec: ffe8 8e5e 

  0x0000780d629d76f0: ; ImmutableOopMap {[160]=Oop [168]=Oop [144]=Oop rsi=Oop [136]=Oop }
                      ;*synchronization entry
                      ; - ai.djl.pytorch.jni.JniUtils::enableInferenceMode@-1 (line 1779)
                      ; - ai.djl.pytorch.engine.PtSymbolBlock::forwardInternal@28 (line 123)
  0x0000780d629d76f0: 0606 e9fc 

  0x0000780d629d76f4: ;   {metadata({method} {0x0000780c74e1bcc0} 'getHandle' '()Ljava/lang/Long;' in 'ai/djl/pytorch/engine/PtSymbolBlock')}
  0x0000780d629d76f4: d7ff ff49 | bac0 bce1 | 740c 7800 | 004c 8954 | 2408 48c7 | 0424 ffff 

  0x0000780d629d770c: ;   {runtime_call counter_overflow Runtime1 stub}
  0x0000780d629d770c: ffff e86d 

  0x0000780d629d7710: ; ImmutableOopMap {[160]=Oop [168]=Oop [144]=Oop rsi=Oop [136]=Oop }
                      ;*synchronization entry
                      ; - ai.djl.pytorch.engine.PtSymbolBlock::getHandle@-1 (line 273)
                      ; - ai.djl.pytorch.jni.JniUtils::enableInferenceMode@4 (line 1779)
                      ; - ai.djl.pytorch.engine.PtSymbolBlock::forwardInternal@28 (line 123)
  0x0000780d629d7710: 5e06 06e9 | 29d8 ffff 

  0x0000780d629d7718: ;   {runtime_call throw_null_pointer_exception Runtime1 stub}
  0x0000780d629d7718: e883 0a06 

  0x0000780d629d771c: ; ImmutableOopMap {[160]=Oop [168]=Oop [144]=Oop rsi=Oop [136]=Oop rdx=Oop }
                      ;*invokevirtual get {reexecute=0 rethrow=0 return_oop=0}
                      ; - ai.djl.pytorch.engine.PtSymbolBlock::getHandle@4 (line 273)
                      ; - ai.djl.pytorch.jni.JniUtils::enableInferenceMode@4 (line 1779)
                      ; - ai.djl.pytorch.engine.PtSymbolBlock::forwardInternal@28 (line 123)
  0x0000780d629d771c: 0648 8914 

  0x0000780d629d7720: ;   {runtime_call throw_class_cast_exception Runtime1 stub}
  0x0000780d629d7720: 24e8 7a2e 

  0x0000780d629d7724: ; ImmutableOopMap {[160]=Oop [168]=Oop [144]=Oop rsi=Oop [136]=Oop }
                      ;*checkcast {reexecute=0 rethrow=0 return_oop=0}
                      ; - ai.djl.pytorch.engine.PtSymbolBlock::getHandle@7 (line 273)
                      ; - ai.djl.pytorch.jni.JniUtils::enableInferenceMode@4 (line 1779)
                      ; - ai.djl.pytorch.engine.PtSymbolBlock::forwardInternal@28 (line 123)
                      ;   {runtime_call throw_null_pointer_exception Runtime1 stub}
  0x0000780d629d7724: 0606 e875 

  0x0000780d629d7728: ; ImmutableOopMap {[160]=Oop [168]=Oop [144]=Oop rbx=Oop [136]=Oop }
                      ;*invokevirtual longValue {reexecute=0 rethrow=0 return_oop=0}
                      ; - ai.djl.pytorch.jni.JniUtils::enableInferenceMode@7 (line 1779)
                      ; - ai.djl.pytorch.engine.PtSymbolBlock::forwardInternal@28 (line 123)
                      ;   {metadata({method} {0x0000780d0301e310} 'getProperty' '(Ljava/lang/String;)Ljava/lang/String;' in 'java/lang/System')}
  0x0000780d629d7728: 0a06 0649 | ba10 e301 | 030d 7800 | 004c 8954 | 2408 48c7 | 0424 ffff 

  0x0000780d629d7740: ;   {runtime_call counter_overflow Runtime1 stub}
  0x0000780d629d7740: ffff e839 

  0x0000780d629d7744: ; ImmutableOopMap {[160]=Oop [168]=Oop [144]=Oop [136]=Oop }
                      ;*synchronization entry
                      ; - java.lang.System::getProperty@-1 (line 925)
                      ; - ai.djl.pytorch.engine.PtSymbolBlock::forwardInternal@33 (line 127)
  0x0000780d629d7744: 5e06 06e9 | c2d9 ffff 

  0x0000780d629d774c: ;   {metadata({method} {0x0000780d0301e5b8} 'getSecurityManager' '()Ljava/lang/SecurityManager;' in 'java/lang/System')}
  0x0000780d629d774c: 49ba b8e5 | 0103 0d78 | 0000 4c89 | 5424 0848 | c704 24ff 

  0x0000780d629d7760: ;   {runtime_call counter_overflow Runtime1 stub}
  0x0000780d629d7760: ffff ffe8 

  0x0000780d629d7764: ; ImmutableOopMap {[160]=Oop [168]=Oop [144]=Oop [136]=Oop }
                      ;*synchronization entry
                      ; - java.lang.System::getSecurityManager@-1 (line 484)
                      ; - java.lang.System::getProperty@4 (line 927)
                      ; - ai.djl.pytorch.engine.PtSymbolBlock::forwardInternal@33 (line 127)
  0x0000780d629d7764: 185e 0606 | e901 daff 

  0x0000780d629d776c: ;   {metadata({method} {0x0000780d0301e6d0} 'allowSecurityManager' '()Z' in 'java/lang/System')}
  0x0000780d629d776c: ff49 bad0 | e601 030d | 7800 004c | 8954 2408 | 48c7 0424 | ffff ffff 

  0x0000780d629d7784: ;   {runtime_call counter_overflow Runtime1 stub}
  0x0000780d629d7784: e8f7 5d06 

  0x0000780d629d7788: ; ImmutableOopMap {[160]=Oop [168]=Oop [144]=Oop [136]=Oop }
                      ;*synchronization entry
                      ; - java.lang.System::allowSecurityManager@-1 (line 194)
                      ; - java.lang.System::getSecurityManager@0 (line 484)
                      ; - java.lang.System::getProperty@4 (line 927)
                      ; - ai.djl.pytorch.engine.PtSymbolBlock::forwardInternal@33 (line 127)
  0x0000780d629d7788: 06e9 1ada 

  0x0000780d629d778c: ;   {runtime_call throw_null_pointer_exception Runtime1 stub}
  0x0000780d629d778c: ffff e80d 

  0x0000780d629d7790: ; ImmutableOopMap {[160]=Oop [168]=Oop [144]=Oop [136]=Oop rdi=Oop [176]=Oop }
                      ;*invokevirtual checkPropertyAccess {reexecute=0 rethrow=0 return_oop=0}
                      ; - java.lang.System::getProperty@14 (line 929)
                      ; - ai.djl.pytorch.engine.PtSymbolBlock::forwardInternal@33 (line 127)
                      ;   {runtime_call throw_null_pointer_exception Runtime1 stub}
  0x0000780d629d7790: 0a06 06e8 

  0x0000780d629d7794: ; ImmutableOopMap {[160]=Oop [168]=Oop [144]=Oop [136]=Oop [176]=Oop rsi=Oop }
                      ;*invokevirtual getProperty {reexecute=0 rethrow=0 return_oop=0}
                      ; - java.lang.System::getProperty@21 (line 932)
                      ; - ai.djl.pytorch.engine.PtSymbolBlock::forwardInternal@33 (line 127)
  0x0000780d629d7794: 080a 0606 

  0x0000780d629d7798: ;   {metadata({method} {0x0000780d03034368} 'getBoolean' '(Ljava/lang/String;)Z' in 'java/lang/Boolean')}
  0x0000780d629d7798: 49ba 6843 | 0303 0d78 | 0000 4c89 | 5424 0848 | c704 24ff 

  0x0000780d629d77ac: ;   {runtime_call counter_overflow Runtime1 stub}
  0x0000780d629d77ac: ffff ffe8 

  0x0000780d629d77b0: ; ImmutableOopMap {[160]=Oop [168]=Oop [144]=Oop [136]=Oop }
                      ;*synchronization entry
                      ; - java.lang.Boolean::getBoolean@-1 (line 280)
                      ; - ai.djl.pytorch.engine.PtSymbolBlock::forwardInternal@41 (line 134)
  0x0000780d629d77b0: cc5d 0606 | e959 dcff 

  0x0000780d629d77b8: ;   {metadata({method} {0x0000780d0301e310} 'getProperty' '(Ljava/lang/String;)Ljava/lang/String;' in 'java/lang/System')}
  0x0000780d629d77b8: ff49 ba10 | e301 030d | 7800 004c | 8954 2408 | 48c7 0424 | ffff ffff 

  0x0000780d629d77d0: ;   {runtime_call counter_overflow Runtime1 stub}
  0x0000780d629d77d0: e8ab 5d06 

  0x0000780d629d77d4: ; ImmutableOopMap {[160]=Oop [168]=Oop [144]=Oop [136]=Oop }
                      ;*synchronization entry
                      ; - java.lang.System::getProperty@-1 (line 925)
                      ; - java.lang.Boolean::getBoolean@3 (line 282)
                      ; - ai.djl.pytorch.engine.PtSymbolBlock::forwardInternal@41 (line 134)
  0x0000780d629d77d4: 06e9 72dc 

  0x0000780d629d77d8: ;   {metadata({method} {0x0000780d0301e5b8} 'getSecurityManager' '()Ljava/lang/SecurityManager;' in 'java/lang/System')}
  0x0000780d629d77d8: ffff 49ba | b8e5 0103 | 0d78 0000 | 4c89 5424 | 0848 c704 | 24ff ffff 

  0x0000780d629d77f0: ;   {runtime_call counter_overflow Runtime1 stub}
  0x0000780d629d77f0: ffe8 8a5d 

  0x0000780d629d77f4: ; ImmutableOopMap {[160]=Oop [168]=Oop [144]=Oop [136]=Oop }
                      ;*synchronization entry
                      ; - java.lang.System::getSecurityManager@-1 (line 484)
                      ; - java.lang.System::getProperty@4 (line 927)
                      ; - java.lang.Boolean::getBoolean@3 (line 282)
                      ; - ai.djl.pytorch.engine.PtSymbolBlock::forwardInternal@41 (line 134)
  0x0000780d629d77f4: 0606 e9b3 

  0x0000780d629d77f8: ;   {metadata({method} {0x0000780d0301e6d0} 'allowSecurityManager' '()Z' in 'java/lang/System')}
  0x0000780d629d77f8: dcff ff49 | bad0 e601 | 030d 7800 | 004c 8954 | 2408 48c7 | 0424 ffff 

  0x0000780d629d7810: ;   {runtime_call counter_overflow Runtime1 stub}
  0x0000780d629d7810: ffff e869 

  0x0000780d629d7814: ; ImmutableOopMap {[160]=Oop [168]=Oop [144]=Oop [136]=Oop }
                      ;*synchronization entry
                      ; - java.lang.System::allowSecurityManager@-1 (line 194)
                      ; - java.lang.System::getSecurityManager@0 (line 484)
                      ; - java.lang.System::getProperty@4 (line 927)
                      ; - java.lang.Boolean::getBoolean@3 (line 282)
                      ; - ai.djl.pytorch.engine.PtSymbolBlock::forwardInternal@41 (line 134)
  0x0000780d629d7814: 5d06 06e9 | ccdc ffff 

  0x0000780d629d781c: ;   {runtime_call throw_null_pointer_exception Runtime1 stub}
  0x0000780d629d781c: e87f 0906 

  0x0000780d629d7820: ; ImmutableOopMap {[160]=Oop [168]=Oop [144]=Oop [136]=Oop rdi=Oop [184]=Oop }
                      ;*invokevirtual checkPropertyAccess {reexecute=0 rethrow=0 return_oop=0}
                      ; - java.lang.System::getProperty@14 (line 929)
                      ; - java.lang.Boolean::getBoolean@3 (line 282)
                      ; - ai.djl.pytorch.engine.PtSymbolBlock::forwardInternal@41 (line 134)
                      ;   {runtime_call throw_null_pointer_exception Runtime1 stub}
  0x0000780d629d7820: 06e8 7a09 

  0x0000780d629d7824: ; ImmutableOopMap {[160]=Oop [168]=Oop [144]=Oop [136]=Oop [184]=Oop rsi=Oop }
                      ;*invokevirtual getProperty {reexecute=0 rethrow=0 return_oop=0}
                      ; - java.lang.System::getProperty@21 (line 932)
                      ; - java.lang.Boolean::getBoolean@3 (line 282)
                      ; - ai.djl.pytorch.engine.PtSymbolBlock::forwardInternal@41 (line 134)
                      ;   {metadata({method} {0x0000780d03034578} 'parseBoolean' '(Ljava/lang/String;)Z' in 'java/lang/Boolean')}
  0x0000780d629d7824: 0606 49ba | 7845 0303 | 0d78 0000 | 4c89 5424 | 0848 c704 | 24ff ffff 

  0x0000780d629d783c: ;   {runtime_call counter_overflow Runtime1 stub}
  0x0000780d629d783c: ffe8 3e5d 

  0x0000780d629d7840: ; ImmutableOopMap {[160]=Oop [168]=Oop [144]=Oop [136]=Oop rax=Oop }
                      ;*synchronization entry
                      ; - java.lang.Boolean::parseBoolean@-1 (line 149)
                      ; - java.lang.Boolean::getBoolean@6 (line 282)
                      ; - ai.djl.pytorch.engine.PtSymbolBlock::forwardInternal@41 (line 134)
  0x0000780d629d7840: 0606 e9d7 

  0x0000780d629d7844: ;   {metadata({method} {0x0000780c74d9d260} 'setGraphExecutorOptimize' '(Z)V' in 'ai/djl/pytorch/jni/JniUtils')}
  0x0000780d629d7844: deff ff49 | ba60 d2d9 | 740c 7800 | 004c 8954 | 2408 48c7 | 0424 ffff 

  0x0000780d629d785c: ;   {runtime_call counter_overflow Runtime1 stub}
  0x0000780d629d785c: ffff e81d 

  0x0000780d629d7860: ; ImmutableOopMap {[160]=Oop [168]=Oop [144]=Oop [136]=Oop }
                      ;*synchronization entry
                      ; - ai.djl.pytorch.jni.JniUtils::setGraphExecutorOptimize@-1 (line 1701)
                      ; - ai.djl.pytorch.engine.PtSymbolBlock::forwardInternal@48 (line 135)
  0x0000780d629d7860: 5d06 06e9 | 61df ffff | 4889 7424 | 0848 8914 

  0x0000780d629d7870: ;   {runtime_call monitorenter_nofpu Runtime1 stub}
  0x0000780d629d7870: 24e8 0a3c 

  0x0000780d629d7874: ; ImmutableOopMap {[160]=Oop [168]=Oop [144]=Oop rsi=Oop [136]=Oop [328]=Oop }
                      ;*monitorenter {reexecute=0 rethrow=0 return_oop=0}
                      ; - ai.djl.pytorch.engine.PtSymbolBlock::forwardInternal@62 (line 138)
  0x0000780d629d7874: 0606 e9f4 | dfff ff48 

  0x0000780d629d787c: ;   {runtime_call fast_new_instance Runtime1 stub}
  0x0000780d629d787c: 8bd2 e8fd 

  0x0000780d629d7880: ; ImmutableOopMap {[160]=Oop [168]=Oop r8=Oop [144]=Oop rbx=Oop [136]=Oop [328]=Oop }
                      ;*new {reexecute=0 rethrow=0 return_oop=0}
                      ; - ai.djl.pytorch.engine.PtSymbolBlock::forwardInternal@71 (line 140)
  0x0000780d629d7880: 1106 06e9 | 7ce0 ffff 

  0x0000780d629d7888: ;   {metadata({method} {0x0000780c74e61840} '<init>' '()V' in 'ai/djl/util/PairList')}
  0x0000780d629d7888: 49ba 4018 | e674 0c78 | 0000 4c89 | 5424 0848 | c704 24ff 

  0x0000780d629d789c: ;   {runtime_call counter_overflow Runtime1 stub}
  0x0000780d629d789c: ffff ffe8 

  0x0000780d629d78a0: ; ImmutableOopMap {[160]=Oop [168]=Oop r8=Oop [144]=Oop rbx=Oop [136]=Oop r9=Oop [328]=Oop }
                      ;*synchronization entry
                      ; - ai.djl.util.PairList::<init>@-1 (line 37)
                      ; - ai.djl.pytorch.engine.PtSymbolBlock::forwardInternal@75 (line 140)
  0x0000780d629d78a0: dc5c 0606 | e99b e0ff 

  0x0000780d629d78a8: ;   {metadata({method} {0x0000780d034443b8} '<init>' '()V' in 'java/lang/Object')}
  0x0000780d629d78a8: ff49 bab8 | 4344 030d | 7800 004c | 8954 2408 | 48c7 0424 | ffff ffff 

  0x0000780d629d78c0: ;   {runtime_call counter_overflow Runtime1 stub}
  0x0000780d629d78c0: e8bb 5c06 

  0x0000780d629d78c4: ; ImmutableOopMap {[160]=Oop [168]=Oop r8=Oop [144]=Oop rbx=Oop [136]=Oop r9=Oop [328]=Oop }
                      ;*synchronization entry
                      ; - java.lang.Object::<init>@-1 (line 44)
                      ; - ai.djl.util.PairList::<init>@1 (line 37)
                      ; - ai.djl.pytorch.engine.PtSymbolBlock::forwardInternal@75 (line 140)
  0x0000780d629d78c4: 06e9 b7e0 | ffff 488b 

  0x0000780d629d78cc: ;   {runtime_call fast_new_instance Runtime1 stub}
  0x0000780d629d78cc: d2e8 ae11 

  0x0000780d629d78d0: ; ImmutableOopMap {[160]=Oop [168]=Oop r8=Oop [144]=Oop rbx=Oop [136]=Oop r9=Oop [328]=Oop }
                      ;*new {reexecute=0 rethrow=0 return_oop=0}
                      ; - ai.djl.util.PairList::<init>@5 (line 38)
                      ; - ai.djl.pytorch.engine.PtSymbolBlock::forwardInternal@75 (line 140)
  0x0000780d629d78d0: 0606 e9fa 

  0x0000780d629d78d4: ;   {metadata({method} {0x0000780d03432e20} '<init>' '()V' in 'java/util/ArrayList')}
  0x0000780d629d78d4: e0ff ff49 | ba20 2e43 | 030d 7800 | 004c 8954 | 2408 48c7 | 0424 ffff 

  0x0000780d629d78ec: ;   {runtime_call counter_overflow Runtime1 stub}
  0x0000780d629d78ec: ffff e88d 

  0x0000780d629d78f0: ; ImmutableOopMap {[160]=Oop [168]=Oop r8=Oop [144]=Oop rbx=Oop [136]=Oop r9=Oop rax=Oop [328]=Oop }
                      ;*synchronization entry
                      ; - java.util.ArrayList::<init>@-1 (line 168)
                      ; - ai.djl.util.PairList::<init>@9 (line 38)
                      ; - ai.djl.pytorch.engine.PtSymbolBlock::forwardInternal@75 (line 140)
  0x0000780d629d78f0: 5c06 06e9 | 16e1 ffff 

  0x0000780d629d78f8: ;   {metadata({method} {0x0000780d033c7258} '<init>' '()V' in 'java/util/AbstractList')}
  0x0000780d629d78f8: 49ba 5872 | 3c03 0d78 | 0000 4c89 | 5424 0848 | c704 24ff 

  0x0000780d629d790c: ;   {runtime_call counter_overflow Runtime1 stub}
  0x0000780d629d790c: ffff ffe8 

  0x0000780d629d7910: ; ImmutableOopMap {[160]=Oop [168]=Oop r8=Oop [144]=Oop rbx=Oop [136]=Oop r9=Oop rax=Oop [328]=Oop }
                      ;*synchronization entry
                      ; - java.util.AbstractList::<init>@-1 (line 78)
                      ; - java.util.ArrayList::<init>@1 (line 168)
                      ; - ai.djl.util.PairList::<init>@9 (line 38)
                      ; - ai.djl.pytorch.engine.PtSymbolBlock::forwardInternal@75 (line 140)
  0x0000780d629d7910: 6c5c 0606 | e932 e1ff 

  0x0000780d629d7918: ;   {metadata({method} {0x0000780d0306fb00} '<init>' '()V' in 'java/util/AbstractCollection')}
  0x0000780d629d7918: ff49 ba00 | fb06 030d | 7800 004c | 8954 2408 | 48c7 0424 | ffff ffff 

  0x0000780d629d7930: ;   {runtime_call counter_overflow Runtime1 stub}
  0x0000780d629d7930: e84b 5c06 

  0x0000780d629d7934: ; ImmutableOopMap {[160]=Oop [168]=Oop r8=Oop [144]=Oop rbx=Oop [136]=Oop r9=Oop rax=Oop [328]=Oop }
                      ;*synchronization entry
                      ; - java.util.AbstractCollection::<init>@-1 (line 68)
                      ; - java.util.AbstractList::<init>@1 (line 78)
                      ; - java.util.ArrayList::<init>@1 (line 168)
                      ; - ai.djl.util.PairList::<init>@9 (line 38)
                      ; - ai.djl.pytorch.engine.PtSymbolBlock::forwardInternal@75 (line 140)
  0x0000780d629d7934: 06e9 4ee1 

  0x0000780d629d7938: ;   {metadata({method} {0x0000780d034443b8} '<init>' '()V' in 'java/lang/Object')}
  0x0000780d629d7938: ffff 49ba | b843 4403 | 0d78 0000 | 4c89 5424 | 0848 c704 | 24ff ffff 

  0x0000780d629d7950: ;   {runtime_call counter_overflow Runtime1 stub}
  0x0000780d629d7950: ffe8 2a5c 

  0x0000780d629d7954: ; ImmutableOopMap {[160]=Oop [168]=Oop r8=Oop [144]=Oop rbx=Oop [136]=Oop r9=Oop rax=Oop [328]=Oop }
                      ;*synchronization entry
                      ; - java.lang.Object::<init>@-1 (line 44)
                      ; - java.util.AbstractCollection::<init>@1 (line 68)
                      ; - java.util.AbstractList::<init>@1 (line 78)
                      ; - java.util.ArrayList::<init>@1 (line 168)
                      ; - ai.djl.util.PairList::<init>@9 (line 38)
                      ; - ai.djl.pytorch.engine.PtSymbolBlock::forwardInternal@75 (line 140)
  0x0000780d629d7954: 0606 e96a | e1ff ff8b | 5014 48c1 | e203 4883 | fa00 0f84 | 71e1 ffff | 4889 1424 

  0x0000780d629d7970: ;   {runtime_call g1_pre_barrier_slow}
  0x0000780d629d7970: e80b 6206 | 06e9 63e1 | ffff 4883 | fa00 0f84 | 89e1 ffff | 4889 0424 

  0x0000780d629d7988: ;   {runtime_call g1_post_barrier_slow}
  0x0000780d629d7988: e8f3 6406 | 06e9 7be1 | ffff 418b | 510c 48c1 | e203 4883 | fa00 0f84 | 77e1 ffff | 4889 1424 
  0x0000780d629d79a8: ;   {runtime_call g1_pre_barrier_slow}
  0x0000780d629d79a8: e8d3 6106 | 06e9 69e1 | ffff 4883 | f800 0f84 | 7ee1 ffff | 4c89 0c24 

  0x0000780d629d79c0: ;   {runtime_call g1_post_barrier_slow}
  0x0000780d629d79c0: e8bb 6406 | 06e9 70e1 | ffff 488b 

  0x0000780d629d79cc: ;   {runtime_call fast_new_instance Runtime1 stub}
  0x0000780d629d79cc: d2e8 ae10 

  0x0000780d629d79d0: ; ImmutableOopMap {[160]=Oop [168]=Oop r8=Oop [144]=Oop rbx=Oop [136]=Oop r9=Oop [328]=Oop }
                      ;*new {reexecute=0 rethrow=0 return_oop=0}
                      ; - ai.djl.util.PairList::<init>@16 (line 39)
                      ; - ai.djl.pytorch.engine.PtSymbolBlock::forwardInternal@75 (line 140)
  0x0000780d629d79d0: 0606 e9b3 

  0x0000780d629d79d4: ;   {metadata({method} {0x0000780d03432e20} '<init>' '()V' in 'java/util/ArrayList')}
  0x0000780d629d79d4: e1ff ff49 | ba20 2e43 | 030d 7800 | 004c 8954 | 2408 48c7 | 0424 ffff 

  0x0000780d629d79ec: ;   {runtime_call counter_overflow Runtime1 stub}
  0x0000780d629d79ec: ffff e88d 

  0x0000780d629d79f0: ; ImmutableOopMap {[160]=Oop [168]=Oop r8=Oop [144]=Oop rbx=Oop [136]=Oop r9=Oop rax=Oop [328]=Oop }
                      ;*synchronization entry
                      ; - java.util.ArrayList::<init>@-1 (line 168)
                      ; - ai.djl.util.PairList::<init>@20 (line 39)
                      ; - ai.djl.pytorch.engine.PtSymbolBlock::forwardInternal@75 (line 140)
  0x0000780d629d79f0: 5b06 06e9 | cfe1 ffff 

  0x0000780d629d79f8: ;   {metadata({method} {0x0000780d033c7258} '<init>' '()V' in 'java/util/AbstractList')}
  0x0000780d629d79f8: 49ba 5872 | 3c03 0d78 | 0000 4c89 | 5424 0848 | c704 24ff 

  0x0000780d629d7a0c: ;   {runtime_call counter_overflow Runtime1 stub}
  0x0000780d629d7a0c: ffff ffe8 

  0x0000780d629d7a10: ; ImmutableOopMap {[160]=Oop [168]=Oop r8=Oop [144]=Oop rbx=Oop [136]=Oop r9=Oop rax=Oop [328]=Oop }
                      ;*synchronization entry
                      ; - java.util.AbstractList::<init>@-1 (line 78)
                      ; - java.util.ArrayList::<init>@1 (line 168)
                      ; - ai.djl.util.PairList::<init>@20 (line 39)
                      ; - ai.djl.pytorch.engine.PtSymbolBlock::forwardInternal@75 (line 140)
  0x0000780d629d7a10: 6c5b 0606 | e9eb e1ff 

  0x0000780d629d7a18: ;   {metadata({method} {0x0000780d0306fb00} '<init>' '()V' in 'java/util/AbstractCollection')}
  0x0000780d629d7a18: ff49 ba00 | fb06 030d | 7800 004c | 8954 2408 | 48c7 0424 | ffff ffff 

  0x0000780d629d7a30: ;   {runtime_call counter_overflow Runtime1 stub}
  0x0000780d629d7a30: e84b 5b06 

  0x0000780d629d7a34: ; ImmutableOopMap {[160]=Oop [168]=Oop r8=Oop [144]=Oop rbx=Oop [136]=Oop r9=Oop rax=Oop [328]=Oop }
                      ;*synchronization entry
                      ; - java.util.AbstractCollection::<init>@-1 (line 68)
                      ; - java.util.AbstractList::<init>@1 (line 78)
                      ; - java.util.ArrayList::<init>@1 (line 168)
                      ; - ai.djl.util.PairList::<init>@20 (line 39)
                      ; - ai.djl.pytorch.engine.PtSymbolBlock::forwardInternal@75 (line 140)
  0x0000780d629d7a34: 06e9 07e2 

  0x0000780d629d7a38: ;   {metadata({method} {0x0000780d034443b8} '<init>' '()V' in 'java/lang/Object')}
  0x0000780d629d7a38: ffff 49ba | b843 4403 | 0d78 0000 | 4c89 5424 | 0848 c704 | 24ff ffff 

  0x0000780d629d7a50: ;   {runtime_call counter_overflow Runtime1 stub}
  0x0000780d629d7a50: ffe8 2a5b 

  0x0000780d629d7a54: ; ImmutableOopMap {[160]=Oop [168]=Oop r8=Oop [144]=Oop rbx=Oop [136]=Oop r9=Oop rax=Oop [328]=Oop }
                      ;*synchronization entry
                      ; - java.lang.Object::<init>@-1 (line 44)
                      ; - java.util.AbstractCollection::<init>@1 (line 68)
                      ; - java.util.AbstractList::<init>@1 (line 78)
                      ; - java.util.ArrayList::<init>@1 (line 168)
                      ; - ai.djl.util.PairList::<init>@20 (line 39)
                      ; - ai.djl.pytorch.engine.PtSymbolBlock::forwardInternal@75 (line 140)
  0x0000780d629d7a54: 0606 e923 | e2ff ff8b | 5014 48c1 | e203 4883 | fa00 0f84 | 20e2 ffff | 4889 1424 

  0x0000780d629d7a70: ;   {runtime_call g1_pre_barrier_slow}
  0x0000780d629d7a70: e80b 6106 | 06e9 12e2 | ffff 4883 | fa00 0f84 | 38e2 ffff | 4889 0424 

  0x0000780d629d7a88: ;   {runtime_call g1_post_barrier_slow}
  0x0000780d629d7a88: e8f3 6306 | 06e9 2ae2 | ffff 418b | 5110 48c1 | e203 4883 | fa00 0f84 | 26e2 ffff | 4889 1424 
  0x0000780d629d7aa8: ;   {runtime_call g1_pre_barrier_slow}
  0x0000780d629d7aa8: e8d3 6006 | 06e9 18e2 | ffff 4883 | f800 0f84 | 2de2 ffff | 4c89 0c24 

  0x0000780d629d7ac0: ;   {runtime_call g1_post_barrier_slow}
  0x0000780d629d7ac0: e8bb 6306 | 06e9 1fe2 | ffff 8b53 | 2848 c1e2 | 0348 83fa | 000f 841c | e2ff ff48 

  0x0000780d629d7adc: ;   {runtime_call g1_pre_barrier_slow}
  0x0000780d629d7adc: 8914 24e8 | 9c60 0606 | e90e e2ff | ff49 83f9 | 000f 8423 | e2ff ff48 

  0x0000780d629d7af4: ;   {runtime_call g1_post_barrier_slow}
  0x0000780d629d7af4: 891c 24e8 | 8463 0606 | e915 e2ff | ff48 8bd2 

  0x0000780d629d7b04: ;   {runtime_call fast_new_instance Runtime1 stub}
  0x0000780d629d7b04: e877 0f06 

  0x0000780d629d7b08: ; ImmutableOopMap {[160]=Oop [168]=Oop r8=Oop [144]=Oop rbx=Oop [136]=Oop [328]=Oop }
                      ;*new {reexecute=0 rethrow=0 return_oop=0}
                      ; - ai.djl.pytorch.engine.PtSymbolBlock::forwardInternal@82 (line 141)
  0x0000780d629d7b08: 06e9 58e2 

  0x0000780d629d7b0c: ;   {metadata({method} {0x0000780c74e61840} '<init>' '()V' in 'ai/djl/util/PairList')}
  0x0000780d629d7b0c: ffff 49ba | 4018 e674 | 0c78 0000 | 4c89 5424 | 0848 c704 | 24ff ffff 

  0x0000780d629d7b24: ;   {runtime_call counter_overflow Runtime1 stub}
  0x0000780d629d7b24: ffe8 565a 

  0x0000780d629d7b28: ; ImmutableOopMap {[160]=Oop [168]=Oop r8=Oop [144]=Oop rbx=Oop [136]=Oop r9=Oop [328]=Oop }
                      ;*synchronization entry
                      ; - ai.djl.util.PairList::<init>@-1 (line 37)
                      ; - ai.djl.pytorch.engine.PtSymbolBlock::forwardInternal@86 (line 141)
  0x0000780d629d7b28: 0606 e977 

  0x0000780d629d7b2c: ;   {metadata({method} {0x0000780d034443b8} '<init>' '()V' in 'java/lang/Object')}
  0x0000780d629d7b2c: e2ff ff49 | bab8 4344 | 030d 7800 | 004c 8954 | 2408 48c7 | 0424 ffff 

  0x0000780d629d7b44: ;   {runtime_call counter_overflow Runtime1 stub}
  0x0000780d629d7b44: ffff e835 

  0x0000780d629d7b48: ; ImmutableOopMap {[160]=Oop [168]=Oop r8=Oop [144]=Oop rbx=Oop [136]=Oop r9=Oop [328]=Oop }
                      ;*synchronization entry
                      ; - java.lang.Object::<init>@-1 (line 44)
                      ; - ai.djl.util.PairList::<init>@1 (line 37)
                      ; - ai.djl.pytorch.engine.PtSymbolBlock::forwardInternal@86 (line 141)
  0x0000780d629d7b48: 5a06 06e9 | 93e2 ffff 

  0x0000780d629d7b50: ;   {runtime_call fast_new_instance Runtime1 stub}
  0x0000780d629d7b50: 488b d2e8 

  0x0000780d629d7b54: ; ImmutableOopMap {[160]=Oop [168]=Oop r8=Oop [144]=Oop rbx=Oop [136]=Oop r9=Oop [328]=Oop }
                      ;*new {reexecute=0 rethrow=0 return_oop=0}
                      ; - ai.djl.util.PairList::<init>@5 (line 38)
                      ; - ai.djl.pytorch.engine.PtSymbolBlock::forwardInternal@86 (line 141)
  0x0000780d629d7b54: 280f 0606 | e9d6 e2ff 

  0x0000780d629d7b5c: ;   {metadata({method} {0x0000780d03432e20} '<init>' '()V' in 'java/util/ArrayList')}
  0x0000780d629d7b5c: ff49 ba20 | 2e43 030d | 7800 004c | 8954 2408 | 48c7 0424 | ffff ffff 

  0x0000780d629d7b74: ;   {runtime_call counter_overflow Runtime1 stub}
  0x0000780d629d7b74: e807 5a06 

  0x0000780d629d7b78: ; ImmutableOopMap {[160]=Oop [168]=Oop r8=Oop [144]=Oop rbx=Oop [136]=Oop r9=Oop rax=Oop [328]=Oop }
                      ;*synchronization entry
                      ; - java.util.ArrayList::<init>@-1 (line 168)
                      ; - ai.djl.util.PairList::<init>@9 (line 38)
                      ; - ai.djl.pytorch.engine.PtSymbolBlock::forwardInternal@86 (line 141)
  0x0000780d629d7b78: 06e9 f2e2 

  0x0000780d629d7b7c: ;   {metadata({method} {0x0000780d033c7258} '<init>' '()V' in 'java/util/AbstractList')}
  0x0000780d629d7b7c: ffff 49ba | 5872 3c03 | 0d78 0000 | 4c89 5424 | 0848 c704 | 24ff ffff 

  0x0000780d629d7b94: ;   {runtime_call counter_overflow Runtime1 stub}
  0x0000780d629d7b94: ffe8 e659 

  0x0000780d629d7b98: ; ImmutableOopMap {[160]=Oop [168]=Oop r8=Oop [144]=Oop rbx=Oop [136]=Oop r9=Oop rax=Oop [328]=Oop }
                      ;*synchronization entry
                      ; - java.util.AbstractList::<init>@-1 (line 78)
                      ; - java.util.ArrayList::<init>@1 (line 168)
                      ; - ai.djl.util.PairList::<init>@9 (line 38)
                      ; - ai.djl.pytorch.engine.PtSymbolBlock::forwardInternal@86 (line 141)
  0x0000780d629d7b98: 0606 e90e 

  0x0000780d629d7b9c: ;   {metadata({method} {0x0000780d0306fb00} '<init>' '()V' in 'java/util/AbstractCollection')}
  0x0000780d629d7b9c: e3ff ff49 | ba00 fb06 | 030d 7800 | 004c 8954 | 2408 48c7 | 0424 ffff 

  0x0000780d629d7bb4: ;   {runtime_call counter_overflow Runtime1 stub}
  0x0000780d629d7bb4: ffff e8c5 

  0x0000780d629d7bb8: ; ImmutableOopMap {[160]=Oop [168]=Oop r8=Oop [144]=Oop rbx=Oop [136]=Oop r9=Oop rax=Oop [328]=Oop }
                      ;*synchronization entry
                      ; - java.util.AbstractCollection::<init>@-1 (line 68)
                      ; - java.util.AbstractList::<init>@1 (line 78)
                      ; - java.util.ArrayList::<init>@1 (line 168)
                      ; - ai.djl.util.PairList::<init>@9 (line 38)
                      ; - ai.djl.pytorch.engine.PtSymbolBlock::forwardInternal@86 (line 141)
  0x0000780d629d7bb8: 5906 06e9 | 2ae3 ffff 

  0x0000780d629d7bc0: ;   {metadata({method} {0x0000780d034443b8} '<init>' '()V' in 'java/lang/Object')}
  0x0000780d629d7bc0: 49ba b843 | 4403 0d78 | 0000 4c89 | 5424 0848 | c704 24ff 

  0x0000780d629d7bd4: ;   {runtime_call counter_overflow Runtime1 stub}
  0x0000780d629d7bd4: ffff ffe8 

  0x0000780d629d7bd8: ; ImmutableOopMap {[160]=Oop [168]=Oop r8=Oop [144]=Oop rbx=Oop [136]=Oop r9=Oop rax=Oop [328]=Oop }
                      ;*synchronization entry
                      ; - java.lang.Object::<init>@-1 (line 44)
                      ; - java.util.AbstractCollection::<init>@1 (line 68)
                      ; - java.util.AbstractList::<init>@1 (line 78)
                      ; - java.util.ArrayList::<init>@1 (line 168)
                      ; - ai.djl.util.PairList::<init>@9 (line 38)
                      ; - ai.djl.pytorch.engine.PtSymbolBlock::forwardInternal@86 (line 141)
  0x0000780d629d7bd8: a459 0606 | e946 e3ff | ff8b 5014 | 48c1 e203 | 4883 fa00 | 0f84 43e3 | ffff 4889 

  0x0000780d629d7bf4: ;   {runtime_call g1_pre_barrier_slow}
  0x0000780d629d7bf4: 1424 e885 | 5f06 06e9 | 35e3 ffff | 4883 fa00 | 0f84 5be3 | ffff 4889 

  0x0000780d629d7c0c: ;   {runtime_call g1_post_barrier_slow}
  0x0000780d629d7c0c: 0424 e86d | 6206 06e9 | 4de3 ffff | 418b 510c | 48c1 e203 | 4883 fa00 | 0f84 49e3 | ffff 4889 
  0x0000780d629d7c2c: ;   {runtime_call g1_pre_barrier_slow}
  0x0000780d629d7c2c: 1424 e84d | 5f06 06e9 | 3be3 ffff | 4883 f800 | 0f84 50e3 | ffff 4c89 

  0x0000780d629d7c44: ;   {runtime_call g1_post_barrier_slow}
  0x0000780d629d7c44: 0c24 e835 | 6206 06e9 | 42e3 ffff 

  0x0000780d629d7c50: ;   {runtime_call fast_new_instance Runtime1 stub}
  0x0000780d629d7c50: 488b d2e8 

  0x0000780d629d7c54: ; ImmutableOopMap {[160]=Oop [168]=Oop r8=Oop [144]=Oop rbx=Oop [136]=Oop r9=Oop [328]=Oop }
                      ;*new {reexecute=0 rethrow=0 return_oop=0}
                      ; - ai.djl.util.PairList::<init>@16 (line 39)
                      ; - ai.djl.pytorch.engine.PtSymbolBlock::forwardInternal@86 (line 141)
  0x0000780d629d7c54: 280e 0606 | e985 e3ff 

  0x0000780d629d7c5c: ;   {metadata({method} {0x0000780d03432e20} '<init>' '()V' in 'java/util/ArrayList')}
  0x0000780d629d7c5c: ff49 ba20 | 2e43 030d | 7800 004c | 8954 2408 | 48c7 0424 | ffff ffff 

  0x0000780d629d7c74: ;   {runtime_call counter_overflow Runtime1 stub}
  0x0000780d629d7c74: e807 5906 

  0x0000780d629d7c78: ; ImmutableOopMap {[160]=Oop [168]=Oop r8=Oop [144]=Oop rbx=Oop [136]=Oop r9=Oop rax=Oop [328]=Oop }
                      ;*synchronization entry
                      ; - java.util.ArrayList::<init>@-1 (line 168)
                      ; - ai.djl.util.PairList::<init>@20 (line 39)
                      ; - ai.djl.pytorch.engine.PtSymbolBlock::forwardInternal@86 (line 141)
  0x0000780d629d7c78: 06e9 a1e3 

  0x0000780d629d7c7c: ;   {metadata({method} {0x0000780d033c7258} '<init>' '()V' in 'java/util/AbstractList')}
  0x0000780d629d7c7c: ffff 49ba | 5872 3c03 | 0d78 0000 | 4c89 5424 | 0848 c704 | 24ff ffff 

  0x0000780d629d7c94: ;   {runtime_call counter_overflow Runtime1 stub}
  0x0000780d629d7c94: ffe8 e658 

  0x0000780d629d7c98: ; ImmutableOopMap {[160]=Oop [168]=Oop r8=Oop [144]=Oop rbx=Oop [136]=Oop r9=Oop rax=Oop [328]=Oop }
                      ;*synchronization entry
                      ; - java.util.AbstractList::<init>@-1 (line 78)
                      ; - java.util.ArrayList::<init>@1 (line 168)
                      ; - ai.djl.util.PairList::<init>@20 (line 39)
                      ; - ai.djl.pytorch.engine.PtSymbolBlock::forwardInternal@86 (line 141)
  0x0000780d629d7c98: 0606 e9bd 

  0x0000780d629d7c9c: ;   {metadata({method} {0x0000780d0306fb00} '<init>' '()V' in 'java/util/AbstractCollection')}
  0x0000780d629d7c9c: e3ff ff49 | ba00 fb06 | 030d 7800 | 004c 8954 | 2408 48c7 | 0424 ffff 

  0x0000780d629d7cb4: ;   {runtime_call counter_overflow Runtime1 stub}
  0x0000780d629d7cb4: ffff e8c5 

  0x0000780d629d7cb8: ; ImmutableOopMap {[160]=Oop [168]=Oop r8=Oop [144]=Oop rbx=Oop [136]=Oop r9=Oop rax=Oop [328]=Oop }
                      ;*synchronization entry
                      ; - java.util.AbstractCollection::<init>@-1 (line 68)
                      ; - java.util.AbstractList::<init>@1 (line 78)
                      ; - java.util.ArrayList::<init>@1 (line 168)
                      ; - ai.djl.util.PairList::<init>@20 (line 39)
                      ; - ai.djl.pytorch.engine.PtSymbolBlock::forwardInternal@86 (line 141)
  0x0000780d629d7cb8: 5806 06e9 | d9e3 ffff 

  0x0000780d629d7cc0: ;   {metadata({method} {0x0000780d034443b8} '<init>' '()V' in 'java/lang/Object')}
  0x0000780d629d7cc0: 49ba b843 | 4403 0d78 | 0000 4c89 | 5424 0848 | c704 24ff 

  0x0000780d629d7cd4: ;   {runtime_call counter_overflow Runtime1 stub}
  0x0000780d629d7cd4: ffff ffe8 

  0x0000780d629d7cd8: ; ImmutableOopMap {[160]=Oop [168]=Oop r8=Oop [144]=Oop rbx=Oop [136]=Oop r9=Oop rax=Oop [328]=Oop }
                      ;*synchronization entry
                      ; - java.lang.Object::<init>@-1 (line 44)
                      ; - java.util.AbstractCollection::<init>@1 (line 68)
                      ; - java.util.AbstractList::<init>@1 (line 78)
                      ; - java.util.ArrayList::<init>@1 (line 168)
                      ; - ai.djl.util.PairList::<init>@20 (line 39)
                      ; - ai.djl.pytorch.engine.PtSymbolBlock::forwardInternal@86 (line 141)
  0x0000780d629d7cd8: a458 0606 | e9f5 e3ff | ff8b 5014 | 48c1 e203 | 4883 fa00 | 0f84 f2e3 | ffff 4889 

  0x0000780d629d7cf4: ;   {runtime_call g1_pre_barrier_slow}
  0x0000780d629d7cf4: 1424 e885 | 5e06 06e9 | e4e3 ffff | 4883 fa00 | 0f84 0ae4 | ffff 4889 

  0x0000780d629d7d0c: ;   {runtime_call g1_post_barrier_slow}
  0x0000780d629d7d0c: 0424 e86d | 6106 06e9 | fce3 ffff | 418b 5110 | 48c1 e203 | 4883 fa00 | 0f84 f8e3 | ffff 4889 
  0x0000780d629d7d2c: ;   {runtime_call g1_pre_barrier_slow}
  0x0000780d629d7d2c: 1424 e84d | 5e06 06e9 | eae3 ffff | 4883 f800 | 0f84 ffe3 | ffff 4c89 

  0x0000780d629d7d44: ;   {runtime_call g1_post_barrier_slow}
  0x0000780d629d7d44: 0c24 e835 | 6106 06e9 | f1e3 ffff | 8b53 2c48 | c1e2 0348 | 83fa 000f | 84ee e3ff | ff48 8914 
  0x0000780d629d7d64: ;   {runtime_call g1_pre_barrier_slow}
  0x0000780d629d7d64: 24e8 165e | 0606 e9e0 | e3ff ff49 | 83f9 000f | 84f5 e3ff | ff48 891c 

  0x0000780d629d7d7c: ;   {runtime_call g1_post_barrier_slow}
  0x0000780d629d7d7c: 24e8 fe60 | 0606 e9e7 

  0x0000780d629d7d84: ;   {runtime_call throw_null_pointer_exception Runtime1 stub}
  0x0000780d629d7d84: e3ff ffe8 

  0x0000780d629d7d88: ; ImmutableOopMap {[160]=Oop [168]=Oop r8=Oop [144]=Oop rbx=Oop [136]=Oop [328]=Oop }
                      ;*invokevirtual iterator {reexecute=0 rethrow=0 return_oop=0}
                      ; - ai.djl.pytorch.engine.PtSymbolBlock::forwardInternal@93 (line 142)
  0x0000780d629d7d88: 1404 0606 

  0x0000780d629d7d8c: ;   {metadata({method} {0x0000780d034327a0} 'iterator' '()Ljava/util/Iterator;' in 'java/util/ArrayList')}
  0x0000780d629d7d8c: 49ba a027 | 4303 0d78 | 0000 4c89 | 5424 0848 | c704 24ff 

  0x0000780d629d7da0: ;   {runtime_call counter_overflow Runtime1 stub}
  0x0000780d629d7da0: ffff ffe8 

  0x0000780d629d7da4: ; ImmutableOopMap {[160]=Oop [168]=Oop r8=Oop [144]=Oop rbx=Oop [136]=Oop [328]=Oop }
                      ;*synchronization entry
                      ; - java.util.ArrayList::iterator@-1 (line 947)
                      ; - ai.djl.pytorch.engine.PtSymbolBlock::forwardInternal@93 (line 142)
  0x0000780d629d7da4: d857 0606 | e985 e4ff | ff48 8bd2 

  0x0000780d629d7db0: ;   {runtime_call fast_new_instance Runtime1 stub}
  0x0000780d629d7db0: e8cb 0c06 

  0x0000780d629d7db4: ; ImmutableOopMap {[160]=Oop [168]=Oop r8=Oop [144]=Oop rbx=Oop [136]=Oop [328]=Oop }
                      ;*new {reexecute=0 rethrow=0 return_oop=0}
                      ; - java.util.ArrayList::iterator@0 (line 947)
                      ; - ai.djl.pytorch.engine.PtSymbolBlock::forwardInternal@93 (line 142)
  0x0000780d629d7db4: 06e9 cce4 

  0x0000780d629d7db8: ;   {metadata({method} {0x0000780d031bf3f0} '<init>' '(Ljava/util/ArrayList;)V' in 'java/util/ArrayList$Itr')}
  0x0000780d629d7db8: ffff 49ba | f0f3 1b03 | 0d78 0000 | 4c89 5424 | 0848 c704 | 24ff ffff 

  0x0000780d629d7dd0: ;   {runtime_call counter_overflow Runtime1 stub}
  0x0000780d629d7dd0: ffe8 aa57 

  0x0000780d629d7dd4: ; ImmutableOopMap {[160]=Oop [168]=Oop r8=Oop [144]=Oop rbx=Oop [136]=Oop rax=Oop [200]=Oop [328]=Oop }
                      ;*synchronization entry
                      ; - java.util.ArrayList$Itr::<init>@-1 (line 959)
                      ; - java.util.ArrayList::iterator@5 (line 947)
                      ; - ai.djl.pytorch.engine.PtSymbolBlock::forwardInternal@93 (line 142)
  0x0000780d629d7dd4: 0606 e9f0 | e4ff ff8b | 7018 48c1 | e603 4883 | fe00 0f84 | ede4 ffff | 4889 3424 

  0x0000780d629d7df0: ;   {runtime_call g1_pre_barrier_slow}
  0x0000780d629d7df0: e88b 5d06 | 06e9 dfe4 | ffff 4983 | f800 0f84 | f4e4 ffff | 4889 0424 

  0x0000780d629d7e08: ;   {runtime_call g1_post_barrier_slow}
  0x0000780d629d7e08: e873 6006 | 06e9 e6e4 

  0x0000780d629d7e10: ;   {metadata({method} {0x0000780d034443b8} '<init>' '()V' in 'java/lang/Object')}
  0x0000780d629d7e10: ffff 49ba | b843 4403 | 0d78 0000 | 4c89 5424 | 0848 c704 | 24ff ffff 

  0x0000780d629d7e28: ;   {runtime_call counter_overflow Runtime1 stub}
  0x0000780d629d7e28: ffe8 5257 

  0x0000780d629d7e2c: ; ImmutableOopMap {[160]=Oop [168]=Oop r8=Oop [144]=Oop rbx=Oop [136]=Oop rax=Oop [200]=Oop [328]=Oop }
                      ;*synchronization entry
                      ; - java.lang.Object::<init>@-1 (line 44)
                      ; - java.util.ArrayList$Itr::<init>@6 (line 959)
                      ; - java.util.ArrayList::iterator@5 (line 947)
                      ; - ai.djl.pytorch.engine.PtSymbolBlock::forwardInternal@93 (line 142)
  0x0000780d629d7e2c: 0606 e902 

  0x0000780d629d7e30: ;   {metadata({method} {0x0000780d031bf340} 'hasNext' '()Z' in 'java/util/ArrayList$Itr')}
  0x0000780d629d7e30: e5ff ff49 | ba40 f31b | 030d 7800 | 004c 8954 | 2408 48c7 | 0424 ffff 

  0x0000780d629d7e48: ;   {runtime_call counter_overflow Runtime1 stub}
  0x0000780d629d7e48: ffff e831 

  0x0000780d629d7e4c: ; ImmutableOopMap {[160]=Oop [168]=Oop rax=Oop [200]=Oop [144]=Oop [136]=Oop [328]=Oop }
                      ;*synchronization entry
                      ; - java.util.ArrayList$Itr::hasNext@-1 (line 962)
                      ; - ai.djl.pytorch.engine.PtSymbolBlock::forwardInternal@100 (line 142)
  0x0000780d629d7e4c: 5706 06e9 | b5e5 ffff 

  0x0000780d629d7e54: ;   {runtime_call throw_null_pointer_exception Runtime1 stub}
  0x0000780d629d7e54: e847 0306 

  0x0000780d629d7e58: ; ImmutableOopMap {[160]=Oop [168]=Oop rax=Oop [200]=Oop [144]=Oop [136]=Oop [328]=Oop }
                      ;*getfield size {reexecute=1 rethrow=0 return_oop=0}
                      ; - (reexecute) java.util.ArrayList$Itr::hasNext@8 (line 962)
                      ; - ai.djl.pytorch.engine.PtSymbolBlock::forwardInternal@100 (line 142)
  0x0000780d629d7e58: 0648 8904 

  0x0000780d629d7e5c: ;   {runtime_call throw_class_cast_exception Runtime1 stub}
  0x0000780d629d7e5c: 24e8 3e27 

  0x0000780d629d7e60: ; ImmutableOopMap {[160]=Oop [168]=Oop [136]=Oop [144]=Oop [200]=Oop [328]=Oop }
                      ;*checkcast {reexecute=0 rethrow=0 return_oop=0}
                      ; - ai.djl.pytorch.engine.PtSymbolBlock::forwardInternal@115 (line 142)
                      ;   {runtime_call throw_incompatible_class_change_error Runtime1 stub}
  0x0000780d629d7e60: 0606 e839 

  0x0000780d629d7e64: ; ImmutableOopMap {[160]=Oop [168]=Oop [144]=Oop [200]=Oop rdi=Oop [208]=Oop rsi=Oop [136]=Oop rbx=Oop [216]=Oop [328]=Oop }
                      ;*invokeinterface getName {reexecute=0 rethrow=0 return_oop=0}
                      ; - ai.djl.pytorch.engine.PtSymbolBlock::forwardInternal@126 (line 143)
                      ;   {runtime_call throw_null_pointer_exception Runtime1 stub}
  0x0000780d629d7e64: 2a06 06e8 

  0x0000780d629d7e68: ; ImmutableOopMap {[160]=Oop [168]=Oop [144]=Oop [200]=Oop rdi=Oop [208]=Oop rsi=Oop [136]=Oop rbx=Oop [216]=Oop [328]=Oop }
                      ;*invokeinterface getName {reexecute=0 rethrow=0 return_oop=0}
                      ; - ai.djl.pytorch.engine.PtSymbolBlock::forwardInternal@126 (line 143)
  0x0000780d629d7e68: 3403 0606 

  0x0000780d629d7e6c: ;   {runtime_call throw_incompatible_class_change_error Runtime1 stub}
  0x0000780d629d7e6c: e82f 2a06 

  0x0000780d629d7e70: ; ImmutableOopMap {[160]=Oop [168]=Oop [144]=Oop [200]=Oop rdi=Oop [208]=Oop rsi=Oop [136]=Oop rbx=Oop [216]=Oop rax=Oop [224]=Oop [328]=Oop }
                      ;*invokeinterface getShape {reexecute=0 rethrow=0 return_oop=0}
                      ; - ai.djl.pytorch.engine.PtSymbolBlock::forwardInternal@133 (line 143)
                      ;   {metadata({method} {0x0000780c74e2f028} 'getShape' '()Lai/djl/ndarray/types/Shape;' in 'ai/djl/pytorch/engine/PtNDArray')}
  0x0000780d629d7e70: 0649 ba28 | f0e2 740c | 7800 004c | 8954 2408 | 48c7 0424 | ffff ffff 

  0x0000780d629d7e88: ;   {runtime_call counter_overflow Runtime1 stub}
  0x0000780d629d7e88: e8f3 5606 

  0x0000780d629d7e8c: ; ImmutableOopMap {[160]=Oop [168]=Oop [144]=Oop [200]=Oop rdi=Oop [208]=Oop rsi=Oop [136]=Oop rbx=Oop [216]=Oop rax=Oop [224]=Oop [328]=Oop }
                      ;*synchronization entry
                      ; - ai.djl.pytorch.engine.PtNDArray::getShape@-1 (line 144)
                      ; - ai.djl.pytorch.engine.PtSymbolBlock::forwardInternal@133 (line 143)
  0x0000780d629d7e8c: 06e9 d1e8 | ffff 8b57 | 2448 c1e2 | 0348 83fa | 000f 842f | e9ff ff48 

  0x0000780d629d7ea4: ;   {runtime_call g1_pre_barrier_slow}
  0x0000780d629d7ea4: 8914 24e8 | d45c 0606 | e921 e9ff | ff48 83f8 | 000f 8436 | e9ff ff48 

  0x0000780d629d7ebc: ;   {runtime_call g1_post_barrier_slow}
  0x0000780d629d7ebc: 893c 24e8 | bc5f 0606 | e928 e9ff 

  0x0000780d629d7ec8: ;   {runtime_call throw_null_pointer_exception Runtime1 stub}
  0x0000780d629d7ec8: ffe8 d202 

  0x0000780d629d7ecc: ; ImmutableOopMap {[160]=Oop [168]=Oop [144]=Oop [200]=Oop [136]=Oop [232]=Oop [208]=Oop rax=Oop [224]=Oop rbx=Oop [216]=Oop [328]=Oop }
                      ;*invokevirtual add {reexecute=0 rethrow=0 return_oop=0}
                      ; - ai.djl.pytorch.engine.PtSymbolBlock::forwardInternal@138 (line 143)
                      ;   {metadata({method} {0x0000780c74e61e28} 'add' '(Ljava/lang/Object;Ljava/lang/Object;)V' in 'ai/djl/util/PairList')}
  0x0000780d629d7ecc: 0606 49ba | 281e e674 | 0c78 0000 | 4c89 5424 | 0848 c704 | 24ff ffff 

  0x0000780d629d7ee4: ;   {runtime_call counter_overflow Runtime1 stub}
  0x0000780d629d7ee4: ffe8 9656 

  0x0000780d629d7ee8: ; ImmutableOopMap {[160]=Oop [168]=Oop [144]=Oop [200]=Oop [136]=Oop [232]=Oop [208]=Oop rax=Oop [224]=Oop rbx=Oop [216]=Oop [328]=Oop }
                      ;*synchronization entry
                      ; - ai.djl.util.PairList::add@-1 (line 116)
                      ; - ai.djl.pytorch.engine.PtSymbolBlock::forwardInternal@138 (line 143)
  0x0000780d629d7ee8: 0606 e9e5 

  0x0000780d629d7eec: ;   {runtime_call throw_null_pointer_exception Runtime1 stub}
  0x0000780d629d7eec: e9ff ffe8 

  0x0000780d629d7ef0: ; ImmutableOopMap {[160]=Oop [168]=Oop [144]=Oop [200]=Oop [136]=Oop [232]=Oop [208]=Oop rax=Oop [224]=Oop rbx=Oop [216]=Oop rsi=Oop [328]=Oop }
                      ;*invokeinterface add {reexecute=0 rethrow=0 return_oop=0}
                      ; - ai.djl.util.PairList::add@5 (line 116)
                      ; - ai.djl.pytorch.engine.PtSymbolBlock::forwardInternal@138 (line 143)
  0x0000780d629d7ef0: ac02 0606 

  0x0000780d629d7ef4: ;   {runtime_call throw_null_pointer_exception Runtime1 stub}
  0x0000780d629d7ef4: e8a7 0206 

  0x0000780d629d7ef8: ; ImmutableOopMap {[160]=Oop [168]=Oop [144]=Oop [200]=Oop [136]=Oop [208]=Oop [232]=Oop [224]=Oop rbx=Oop [216]=Oop rsi=Oop [328]=Oop }
                      ;*invokeinterface add {reexecute=0 rethrow=0 return_oop=0}
                      ; - ai.djl.util.PairList::add@16 (line 117)
                      ; - ai.djl.pytorch.engine.PtSymbolBlock::forwardInternal@138 (line 143)
                      ;   {metadata({method} {0x0000780c74e1b410} 'forwardInternal' '(Lai/djl/training/ParameterStore;Lai/djl/ndarray/NDList;ZLai/djl/util/PairList;)Lai/djl/ndarray/NDList;' in 'ai/djl/pytorch/engine/PtSymbolBlock')}
  0x0000780d629d7ef8: 0649 ba10 | b4e1 740c | 7800 004c | 8954 2408 | 48c7 0424 | 8d00 0000 

  0x0000780d629d7f10: ;   {runtime_call counter_overflow Runtime1 stub}
  0x0000780d629d7f10: e86b 5606 

  0x0000780d629d7f14: ; ImmutableOopMap {[160]=Oop [168]=Oop [144]=Oop [200]=Oop [136]=Oop [208]=Oop [328]=Oop }
                      ;*goto {reexecute=1 rethrow=0 return_oop=0}
                      ; - (reexecute) ai.djl.pytorch.engine.PtSymbolBlock::forwardInternal@141 (line 144)
  0x0000780d629d7f14: 06e9 62eb 

  0x0000780d629d7f18: ;   {runtime_call throw_null_pointer_exception Runtime1 stub}
  0x0000780d629d7f18: ffff e881 

  0x0000780d629d7f1c: ; ImmutableOopMap {[160]=Oop [168]=Oop [144]=Oop [136]=Oop rax=Oop [248]=Oop [328]=Oop }
                      ;*invokevirtual iterator {reexecute=0 rethrow=0 return_oop=0}
                      ; - ai.djl.pytorch.engine.PtSymbolBlock::forwardInternal@154 (line 146)
                      ;   {metadata({method} {0x0000780d034327a0} 'iterator' '()Ljava/util/Iterator;' in 'java/util/ArrayList')}
  0x0000780d629d7f1c: 0206 0649 | baa0 2743 | 030d 7800 | 004c 8954 | 2408 48c7 | 0424 ffff 

  0x0000780d629d7f34: ;   {runtime_call counter_overflow Runtime1 stub}
  0x0000780d629d7f34: ffff e845 

  0x0000780d629d7f38: ; ImmutableOopMap {[160]=Oop [168]=Oop [144]=Oop [136]=Oop rax=Oop [248]=Oop [328]=Oop }
                      ;*synchronization entry
                      ; - java.util.ArrayList::iterator@-1 (line 947)
                      ; - ai.djl.pytorch.engine.PtSymbolBlock::forwardInternal@154 (line 146)
  0x0000780d629d7f38: 5606 06e9 | 60ec ffff 

  0x0000780d629d7f40: ;   {runtime_call fast_new_instance Runtime1 stub}
  0x0000780d629d7f40: 488b d2e8 

  0x0000780d629d7f44: ; ImmutableOopMap {[160]=Oop [168]=Oop [144]=Oop [136]=Oop rbx=Oop [248]=Oop [328]=Oop }
                      ;*new {reexecute=0 rethrow=0 return_oop=0}
                      ; - java.util.ArrayList::iterator@0 (line 947)
                      ; - ai.djl.pytorch.engine.PtSymbolBlock::forwardInternal@154 (line 146)
  0x0000780d629d7f44: 380b 0606 | e9aa ecff 

  0x0000780d629d7f4c: ;   {metadata({method} {0x0000780d031bf3f0} '<init>' '(Ljava/util/ArrayList;)V' in 'java/util/ArrayList$Itr')}
  0x0000780d629d7f4c: ff49 baf0 | f31b 030d | 7800 004c | 8954 2408 | 48c7 0424 | ffff ffff 

  0x0000780d629d7f64: ;   {runtime_call counter_overflow Runtime1 stub}
  0x0000780d629d7f64: e817 5606 

  0x0000780d629d7f68: ; ImmutableOopMap {[160]=Oop [168]=Oop [144]=Oop [136]=Oop rbx=Oop [248]=Oop rax=Oop [240]=Oop [328]=Oop }
                      ;*synchronization entry
                      ; - java.util.ArrayList$Itr::<init>@-1 (line 959)
                      ; - java.util.ArrayList::iterator@5 (line 947)
                      ; - ai.djl.pytorch.engine.PtSymbolBlock::forwardInternal@154 (line 146)
  0x0000780d629d7f68: 06e9 ceec | ffff 8b70 | 1848 c1e6 | 0348 83fe | 000f 84cb | ecff ff48 

  0x0000780d629d7f80: ;   {runtime_call g1_pre_barrier_slow}
  0x0000780d629d7f80: 8934 24e8 | f85b 0606 | e9bd ecff | ff48 83fb | 000f 84d2 | ecff ff48 

  0x0000780d629d7f98: ;   {runtime_call g1_post_barrier_slow}
  0x0000780d629d7f98: 8904 24e8 | e05e 0606 | e9c4 ecff 

  0x0000780d629d7fa4: ;   {metadata({method} {0x0000780d034443b8} '<init>' '()V' in 'java/lang/Object')}
  0x0000780d629d7fa4: ff49 bab8 | 4344 030d | 7800 004c | 8954 2408 | 48c7 0424 | ffff ffff 

  0x0000780d629d7fbc: ;   {runtime_call counter_overflow Runtime1 stub}
  0x0000780d629d7fbc: e8bf 5506 

  0x0000780d629d7fc0: ; ImmutableOopMap {[160]=Oop [168]=Oop [144]=Oop [136]=Oop rbx=Oop [248]=Oop rax=Oop [240]=Oop [328]=Oop }
                      ;*synchronization entry
                      ; - java.lang.Object::<init>@-1 (line 44)
                      ; - java.util.ArrayList$Itr::<init>@6 (line 959)
                      ; - java.util.ArrayList::iterator@5 (line 947)
                      ; - ai.djl.pytorch.engine.PtSymbolBlock::forwardInternal@154 (line 146)
  0x0000780d629d7fc0: 06e9 e0ec | ffff 4889 

  0x0000780d629d7fc8: ;   {runtime_call throw_class_cast_exception Runtime1 stub}
  0x0000780d629d7fc8: 0424 e8d1 

  0x0000780d629d7fcc: ; ImmutableOopMap {[160]=Oop [168]=Oop [144]=Oop [248]=Oop [240]=Oop [136]=Oop [328]=Oop }
                      ;*checkcast {reexecute=0 rethrow=0 return_oop=0}
                      ; - ai.djl.pytorch.engine.PtSymbolBlock::forwardInternal@176 (line 146)
                      ;   {runtime_call throw_incompatible_class_change_error Runtime1 stub}
  0x0000780d629d7fcc: 2506 06e8 

  0x0000780d629d7fd0: ; ImmutableOopMap {[160]=Oop [168]=Oop [144]=Oop [248]=Oop [240]=Oop rdi=Oop [256]=Oop rsi=Oop [136]=Oop rbx=Oop [264]=Oop [328]=Oop }
                      ;*invokeinterface getName {reexecute=0 rethrow=0 return_oop=0}
                      ; - ai.djl.pytorch.engine.PtSymbolBlock::forwardInternal@187 (line 147)
  0x0000780d629d7fd0: cc28 0606 

  0x0000780d629d7fd4: ;   {runtime_call throw_null_pointer_exception Runtime1 stub}
  0x0000780d629d7fd4: e8c7 0106 

  0x0000780d629d7fd8: ; ImmutableOopMap {[160]=Oop [168]=Oop [144]=Oop [248]=Oop [240]=Oop rdi=Oop [256]=Oop rsi=Oop [136]=Oop rbx=Oop [264]=Oop [328]=Oop }
                      ;*invokeinterface getName {reexecute=0 rethrow=0 return_oop=0}
                      ; - ai.djl.pytorch.engine.PtSymbolBlock::forwardInternal@187 (line 147)
                      ;   {runtime_call throw_incompatible_class_change_error Runtime1 stub}
  0x0000780d629d7fd8: 06e8 c228 

  0x0000780d629d7fdc: ; ImmutableOopMap {[160]=Oop [168]=Oop [144]=Oop [248]=Oop [240]=Oop rdi=Oop [256]=Oop rsi=Oop [136]=Oop rbx=Oop [264]=Oop rax=Oop [272]=Oop [328]=Oop }
                      ;*invokeinterface getShape {reexecute=0 rethrow=0 return_oop=0}
                      ; - ai.djl.pytorch.engine.PtSymbolBlock::forwardInternal@194 (line 147)
                      ;   {metadata({method} {0x0000780c74e2f028} 'getShape' '()Lai/djl/ndarray/types/Shape;' in 'ai/djl/pytorch/engine/PtNDArray')}
  0x0000780d629d7fdc: 0606 49ba | 28f0 e274 | 0c78 0000 | 4c89 5424 | 0848 c704 | 24ff ffff 

  0x0000780d629d7ff4: ;   {runtime_call counter_overflow Runtime1 stub}
  0x0000780d629d7ff4: ffe8 8655 

  0x0000780d629d7ff8: ; ImmutableOopMap {[160]=Oop [168]=Oop [144]=Oop [248]=Oop [240]=Oop rdi=Oop [256]=Oop rsi=Oop [136]=Oop rbx=Oop [264]=Oop rax=Oop [272]=Oop [328]=Oop }
                      ;*synchronization entry
                      ; - ai.djl.pytorch.engine.PtNDArray::getShape@-1 (line 144)
                      ; - ai.djl.pytorch.engine.PtSymbolBlock::forwardInternal@194 (line 147)
  0x0000780d629d7ff8: 0606 e96c | f0ff ff8b | 5724 48c1 | e203 4883 | fa00 0f84 | caf0 ffff | 4889 1424 

  0x0000780d629d8014: ;   {runtime_call g1_pre_barrier_slow}
  0x0000780d629d8014: e867 5b06 | 06e9 bcf0 | ffff 4883 | f800 0f84 | d1f0 ffff | 4889 3c24 

  0x0000780d629d802c: ;   {runtime_call g1_post_barrier_slow}
  0x0000780d629d802c: e84f 5e06 | 06e9 c3f0 

  0x0000780d629d8034: ;   {runtime_call throw_null_pointer_exception Runtime1 stub}
  0x0000780d629d8034: ffff e865 

  0x0000780d629d8038: ; ImmutableOopMap {[160]=Oop [168]=Oop [144]=Oop [248]=Oop [240]=Oop [136]=Oop [280]=Oop [256]=Oop rax=Oop [272]=Oop rbx=Oop [264]=Oop [328]=Oop }
                      ;*invokevirtual add {reexecute=0 rethrow=0 return_oop=0}
                      ; - ai.djl.pytorch.engine.PtSymbolBlock::forwardInternal@199 (line 147)
                      ;   {metadata({method} {0x0000780c74e61e28} 'add' '(Ljava/lang/Object;Ljava/lang/Object;)V' in 'ai/djl/util/PairList')}
  0x0000780d629d8038: 0106 0649 | ba28 1ee6 | 740c 7800 | 004c 8954 | 2408 48c7 | 0424 ffff 

  0x0000780d629d8050: ;   {runtime_call counter_overflow Runtime1 stub}
  0x0000780d629d8050: ffff e829 

  0x0000780d629d8054: ; ImmutableOopMap {[160]=Oop [168]=Oop [144]=Oop [248]=Oop [240]=Oop [136]=Oop [280]=Oop [256]=Oop rax=Oop [272]=Oop rbx=Oop [264]=Oop [328]=Oop }
                      ;*synchronization entry
                      ; - ai.djl.util.PairList::add@-1 (line 116)
                      ; - ai.djl.pytorch.engine.PtSymbolBlock::forwardInternal@199 (line 147)
  0x0000780d629d8054: 5506 06e9 | 80f1 ffff 

  0x0000780d629d805c: ;   {runtime_call throw_null_pointer_exception Runtime1 stub}
  0x0000780d629d805c: e83f 0106 

  0x0000780d629d8060: ; ImmutableOopMap {[160]=Oop [168]=Oop [144]=Oop [248]=Oop [240]=Oop [136]=Oop [280]=Oop [256]=Oop rax=Oop [272]=Oop rbx=Oop [264]=Oop rsi=Oop [328]=Oop }
                      ;*invokeinterface add {reexecute=0 rethrow=0 return_oop=0}
                      ; - ai.djl.util.PairList::add@5 (line 116)
                      ; - ai.djl.pytorch.engine.PtSymbolBlock::forwardInternal@199 (line 147)
                      ;   {runtime_call throw_null_pointer_exception Runtime1 stub}
  0x0000780d629d8060: 06e8 3a01 

  0x0000780d629d8064: ; ImmutableOopMap {[160]=Oop [168]=Oop [144]=Oop [248]=Oop [240]=Oop [136]=Oop [256]=Oop [280]=Oop [272]=Oop rbx=Oop [264]=Oop rsi=Oop [328]=Oop }
                      ;*invokeinterface add {reexecute=0 rethrow=0 return_oop=0}
                      ; - ai.djl.util.PairList::add@16 (line 117)
                      ; - ai.djl.pytorch.engine.PtSymbolBlock::forwardInternal@199 (line 147)
                      ;   {metadata({method} {0x0000780c74e1b410} 'forwardInternal' '(Lai/djl/training/ParameterStore;Lai/djl/ndarray/NDList;ZLai/djl/util/PairList;)Lai/djl/ndarray/NDList;' in 'ai/djl/pytorch/engine/PtSymbolBlock')}
  0x0000780d629d8064: 0606 49ba | 10b4 e174 | 0c78 0000 | 4c89 5424 | 0848 c704 | 24ca 0000 

  0x0000780d629d807c: ;   {runtime_call counter_overflow Runtime1 stub}
  0x0000780d629d807c: 00e8 fe54 

  0x0000780d629d8080: ; ImmutableOopMap {[160]=Oop [168]=Oop [144]=Oop [248]=Oop [240]=Oop [136]=Oop [256]=Oop [328]=Oop }
                      ;*goto {reexecute=1 rethrow=0 return_oop=0}
                      ; - (reexecute) ai.djl.pytorch.engine.PtSymbolBlock::forwardInternal@202 (line 148)
  0x0000780d629d8080: 0606 e9fd | f2ff ff48 | 8d84 2440 | 0100 0048 

  0x0000780d629d8090: ;   {runtime_call monitorexit_nofpu Runtime1 stub}
  0x0000780d629d8090: 8904 24e8 | e839 0606 | e931 f3ff 

  0x0000780d629d809c: ;   {internal_word}
  0x0000780d629d809c: ff49 ba14 | 749d 620d | 7800 004d | 8997 5803 

  0x0000780d629d80ac: ;   {runtime_call SafepointBlob}
  0x0000780d629d80ac: 0000 e94d | 66fb 0548 | 8d84 2440 | 0100 0048 

  0x0000780d629d80bc: ;   {runtime_call monitorexit_nofpu Runtime1 stub}
  0x0000780d629d80bc: 8904 24e8 | bc39 0606 | e988 f3ff 

  0x0000780d629d80c8: ;   {internal_word}
  0x0000780d629d80c8: ff49 ba61 | 749d 620d | 7800 004d | 8997 5803 

  0x0000780d629d80d8: ;   {runtime_call SafepointBlob}
  0x0000780d629d80d8: 0000 e921 

  0x0000780d629d80dc: ;   {metadata(NULL)}
  0x0000780d629d80dc: 66fb 0548 | ba00 0000 | 0000 0000 | 00b8 000f 

  0x0000780d629d80ec: ;   {runtime_call load_klass_patching Runtime1 stub}
  0x0000780d629d80ec: 050a e80d 

  0x0000780d629d80f0: ; ImmutableOopMap {[136]=Oop [296]=Oop [160]=Oop [168]=Oop [144]=Oop }
                      ;*new {reexecute=1 rethrow=0 return_oop=0}
                      ; - (reexecute) ai.djl.pytorch.engine.PtSymbolBlock::getHandle@15 (line 275)
                      ; - ai.djl.pytorch.jni.JniUtils::enableInferenceMode@4 (line 1779)
                      ; - ai.djl.pytorch.engine.PtSymbolBlock::forwardInternal@28 (line 123)
  0x0000780d629d80f0: 4406 06e9 | 80f3 ffff 

  0x0000780d629d80f8: ;   {runtime_call fast_new_instance Runtime1 stub}
  0x0000780d629d80f8: 488b d2e8 

  0x0000780d629d80fc: ; ImmutableOopMap {[296]=Oop [160]=Oop [168]=Oop [144]=Oop [136]=Oop }
                      ;*new {reexecute=0 rethrow=0 return_oop=0}
                      ; - ai.djl.pytorch.engine.PtSymbolBlock::getHandle@15 (line 275)
                      ; - ai.djl.pytorch.jni.JniUtils::enableInferenceMode@4 (line 1779)
                      ; - ai.djl.pytorch.engine.PtSymbolBlock::forwardInternal@28 (line 123)
  0x0000780d629d80fc: 8009 0606 | e9cb f3ff 

  0x0000780d629d8104: ;   {metadata(NULL)}
  0x0000780d629d8104: ff48 ba00 | 0000 0000 | 0000 00b8 | 000f 050a 

  0x0000780d629d8114: ;   {runtime_call load_klass_patching Runtime1 stub}
  0x0000780d629d8114: e8e7 4306 

  0x0000780d629d8118: ; ImmutableOopMap {[312]=Oop [136]=Oop [144]=Oop [168]=Oop [160]=Oop }
                      ;*new {reexecute=1 rethrow=0 return_oop=0}
                      ; - (reexecute) ai.djl.pytorch.engine.PtSymbolBlock::getHandle@15 (line 275)
                      ; - ai.djl.pytorch.jni.JniUtils::enableTrainingMode@4 (line 1783)
                      ; - ai.djl.pytorch.engine.PtSymbolBlock::forwardInternal@21 (line 121)
  0x0000780d629d8118: 06e9 22f4 | ffff 488b 

  0x0000780d629d8120: ;   {runtime_call fast_new_instance Runtime1 stub}
  0x0000780d629d8120: d2e8 5a09 

  0x0000780d629d8124: ; ImmutableOopMap {[312]=Oop [136]=Oop [144]=Oop [168]=Oop [160]=Oop }
                      ;*new {reexecute=0 rethrow=0 return_oop=0}
                      ; - ai.djl.pytorch.engine.PtSymbolBlock::getHandle@15 (line 275)
                      ; - ai.djl.pytorch.jni.JniUtils::enableTrainingMode@4 (line 1783)
                      ; - ai.djl.pytorch.engine.PtSymbolBlock::forwardInternal@21 (line 121)
  0x0000780d629d8124: 0606 e96d | f4ff ff48 | 8d84 2440 | 0100 0048 

  0x0000780d629d8134: ;   {runtime_call monitorexit_nofpu Runtime1 stub}
  0x0000780d629d8134: 8904 24e8 | 4439 0606 | e9e4 f4ff | ff90 9049 | 8b87 d003 | 0000 49c7 | 87d0 0300 | 0000 0000 
  0x0000780d629d8154: 0049 c787 | d803 0000 | 0000 0000 | 4881 c460 | 0100 005d 

  0x0000780d629d8168: ;   {runtime_call unwind_exception Runtime1 stub}
  0x0000780d629d8168: e913 fa05 | 06f4 f4f4 | f4f4 f4f4 | f4f4 f4f4 | f4f4 f4f4 | f4f4 f4f4 
[Stub Code]
  0x0000780d629d8180: ;   {no_reloc}
  0x0000780d629d8180: 0f1f 4400 

  0x0000780d629d8184: ;   {static_stub}
  0x0000780d629d8184: 0048 bb00 | 0000 0000 

  0x0000780d629d818c: ;   {runtime_call}
  0x0000780d629d818c: 0000 00e9 | fbff ffff 

  0x0000780d629d8194: ;   {static_stub}
  0x0000780d629d8194: 9048 bb50 | 9cda 740c 

  0x0000780d629d819c: ;   {runtime_call I2C/C2I adapters}
  0x0000780d629d819c: 7800 00e9 | 3971 fb05 

  0x0000780d629d81a4: ;   {static_stub}
  0x0000780d629d81a4: 9048 bb00 | 0000 0000 

  0x0000780d629d81ac: ;   {runtime_call}
  0x0000780d629d81ac: 0000 00e9 | fbff ffff 

  0x0000780d629d81b4: ;   {static_stub}
  0x0000780d629d81b4: 9048 bb00 | 0000 0000 

  0x0000780d629d81bc: ;   {runtime_call}
  0x0000780d629d81bc: 0000 00e9 | fbff ffff 

  0x0000780d629d81c4: ;   {static_stub}
  0x0000780d629d81c4: 9048 bb00 | 0000 0000 

  0x0000780d629d81cc: ;   {runtime_call}
  0x0000780d629d81cc: 0000 00e9 | fbff ffff 

  0x0000780d629d81d4: ;   {static_stub}
  0x0000780d629d81d4: 9048 bb00 | 0000 0000 

  0x0000780d629d81dc: ;   {runtime_call}
  0x0000780d629d81dc: 0000 00e9 | fbff ffff 

  0x0000780d629d81e4: ;   {static_stub}
  0x0000780d629d81e4: 9048 bb00 | 0000 0000 

  0x0000780d629d81ec: ;   {runtime_call}
  0x0000780d629d81ec: 0000 00e9 | fbff ffff 

  0x0000780d629d81f4: ;   {static_stub}
  0x0000780d629d81f4: 9048 bb00 | 0000 0000 

  0x0000780d629d81fc: ;   {runtime_call}
  0x0000780d629d81fc: 0000 00e9 | fbff ffff 

  0x0000780d629d8204: ;   {static_stub}
  0x0000780d629d8204: 9048 bb00 | 0000 0000 

  0x0000780d629d820c: ;   {runtime_call}
  0x0000780d629d820c: 0000 00e9 | fbff ffff 

  0x0000780d629d8214: ;   {static_stub}
  0x0000780d629d8214: 9048 bb00 | 0000 0000 

  0x0000780d629d821c: ;   {runtime_call}
  0x0000780d629d821c: 0000 00e9 | fbff ffff 

  0x0000780d629d8224: ;   {static_stub}
  0x0000780d629d8224: 9048 bb00 | 0000 0000 

  0x0000780d629d822c: ;   {runtime_call}
  0x0000780d629d822c: 0000 00e9 | fbff ffff 

  0x0000780d629d8234: ;   {static_stub}
  0x0000780d629d8234: 9048 bb00 | 0000 0000 

  0x0000780d629d823c: ;   {runtime_call}
  0x0000780d629d823c: 0000 00e9 | fbff ffff 

  0x0000780d629d8244: ;   {static_stub}
  0x0000780d629d8244: 9048 bb00 | 0000 0000 

  0x0000780d629d824c: ;   {runtime_call}
  0x0000780d629d824c: 0000 00e9 | fbff ffff 

  0x0000780d629d8254: ;   {static_stub}
  0x0000780d629d8254: 9048 bb00 | 0000 0000 

  0x0000780d629d825c: ;   {runtime_call}
  0x0000780d629d825c: 0000 00e9 | fbff ffff 

  0x0000780d629d8264: ;   {static_stub}
  0x0000780d629d8264: 9048 bb00 | 0000 0000 

  0x0000780d629d826c: ;   {runtime_call}
  0x0000780d629d826c: 0000 00e9 | fbff ffff 

  0x0000780d629d8274: ;   {static_stub}
  0x0000780d629d8274: 9048 bb00 | 0000 0000 

  0x0000780d629d827c: ;   {runtime_call}
  0x0000780d629d827c: 0000 00e9 | fbff ffff 

  0x0000780d629d8284: ;   {static_stub}
  0x0000780d629d8284: 9048 bb00 | 0000 0000 

  0x0000780d629d828c: ;   {runtime_call}
  0x0000780d629d828c: 0000 00e9 | fbff ffff 

  0x0000780d629d8294: ;   {static_stub}
  0x0000780d629d8294: 9048 bb00 | 0000 0000 

  0x0000780d629d829c: ;   {runtime_call}
  0x0000780d629d829c: 0000 00e9 | fbff ffff 

  0x0000780d629d82a4: ;   {static_stub}
  0x0000780d629d82a4: 9048 bb00 | 0000 0000 

  0x0000780d629d82ac: ;   {runtime_call}
  0x0000780d629d82ac: 0000 00e9 | fbff ffff 

  0x0000780d629d82b4: ;   {static_stub}
  0x0000780d629d82b4: 9048 bb00 | 0000 0000 

  0x0000780d629d82bc: ;   {runtime_call}
  0x0000780d629d82bc: 0000 00e9 | fbff ffff 

  0x0000780d629d82c4: ;   {static_stub}
  0x0000780d629d82c4: 9048 bbe8 | b8ec 740c 

  0x0000780d629d82cc: ;   {runtime_call I2C/C2I adapters}
  0x0000780d629d82cc: 7800 00e9 | 0ca9 fa05 

  0x0000780d629d82d4: ;   {static_stub}
  0x0000780d629d82d4: 9048 bb00 | 0000 0000 

  0x0000780d629d82dc: ;   {runtime_call}
  0x0000780d629d82dc: 0000 00e9 | fbff ffff 

  0x0000780d629d82e4: ;   {static_stub}
  0x0000780d629d82e4: 9048 bb00 | 0000 0000 

  0x0000780d629d82ec: ;   {runtime_call}
  0x0000780d629d82ec: 0000 00e9 | fbff ffff 
[Exception Handler]
  0x0000780d629d82f4: ;   {runtime_call handle_exception_from_callee Runtime1 stub}
  0x0000780d629d82f4: e887 1c06 

  0x0000780d629d82f8: ;   {external_word}
  0x0000780d629d82f8: 0648 bf3a | f69d 800d | 7800 0048 

  0x0000780d629d8304: ;   {runtime_call MacroAssembler::debug64(char*, long, long*)}
  0x0000780d629d8304: 83e4 f0e8 | 54fc b41d 

  0x0000780d629d830c: ;   {section_word}
  0x0000780d629d830c: f449 ba0d | 839d 620d | 7800 0041 

  0x0000780d629d8318: ;   {runtime_call DeoptimizationBlob}
  0x0000780d629d8318: 52e9 8256 | fb05 f4f4 
[/MachCode]


---------------  P R O C E S S  ---------------

Threads class SMR info:
_java_thread_list=0x0000780cc8003af0, length=31, elements={
0x0000780d78143520, 0x0000780d78144910, 0x0000780d78153fe0, 0x0000780d781551a0,
0x0000780d781564c0, 0x0000780d78157e80, 0x0000780d7815a950, 0x0000780d78163a40,
0x0000780d7817dfe0, 0x0000780d78180e80, 0x0000780d78181ca0, 0x0000780d78185ba0,
0x0000780ca0efeb60, 0x0000780ca10d1fb0, 0x0000780bfc59bcb0, 0x0000780bfcb12d20,
0x0000780d7801f6e0, 0x0000780b255a1f00, 0x0000780b4c0c3cf0, 0x0000780cac3f1f10,
0x0000780bf45d99f0, 0x0000780bf4583630, 0x0000780bf4583ba0, 0x0000780bf4584110,
0x0000780bf4434330, 0x0000780bf4434a70, 0x0000780b74017080, 0x0000780bf48412d0,
0x0000780bf45f9f20, 0x0000780bf45fa490, 0x0000780bf45faa00
}

Java Threads: ( => current thread )
  0x0000780d78143520 JavaThread "Reference Handler" daemon [_thread_blocked, id=133049, stack(0x0000780d5992e000,0x0000780d59a2e000)]
  0x0000780d78144910 JavaThread "Finalizer" daemon [_thread_blocked, id=133050, stack(0x0000780d5982e000,0x0000780d5992e000)]
  0x0000780d78153fe0 JavaThread "Signal Dispatcher" daemon [_thread_blocked, id=133051, stack(0x0000780d594b6000,0x0000780d595b6000)]
  0x0000780d781551a0 JavaThread "Service Thread" daemon [_thread_blocked, id=133052, stack(0x0000780d593b6000,0x0000780d594b6000)]
  0x0000780d781564c0 JavaThread "Monitor Deflation Thread" daemon [_thread_blocked, id=133053, stack(0x0000780d592b6000,0x0000780d593b6000)]
  0x0000780d78157e80 JavaThread "C2 CompilerThread0" daemon [_thread_blocked, id=133054, stack(0x0000780d591b6000,0x0000780d592b6000)]
  0x0000780d7815a950 JavaThread "C1 CompilerThread0" daemon [_thread_blocked, id=133055, stack(0x0000780d590b6000,0x0000780d591b6000)]
  0x0000780d78163a40 JavaThread "Sweeper thread" daemon [_thread_blocked, id=133056, stack(0x0000780d58fb6000,0x0000780d590b6000)]
  0x0000780d7817dfe0 JavaThread "JDWP Transport Listener: dt_socket" daemon [_thread_in_native, id=133058, stack(0x0000780d58eb6000,0x0000780d58fb6000)]
  0x0000780d78180e80 JavaThread "JDWP Event Helper Thread" daemon [_thread_blocked, id=133060, stack(0x0000780d58db6000,0x0000780d58eb6000)]
  0x0000780d78181ca0 JavaThread "Notification Thread" daemon [_thread_blocked, id=133065, stack(0x0000780d58bb6000,0x0000780d58cb6000)]
  0x0000780d78185ba0 JavaThread "Common-Cleaner" daemon [_thread_blocked, id=133067, stack(0x0000780d589b5000,0x0000780d58ab5000)]
  0x0000780ca0efeb60 JavaThread "mysql-cj-abandoned-connection-cleanup" daemon [_thread_blocked, id=133122, stack(0x0000780d581b2000,0x0000780d582b2000)]
  0x0000780ca10d1fb0 JavaThread "Live Reload Server" daemon [_thread_in_native, id=133169, stack(0x0000780cfdff9000,0x0000780cfe0f9000)]
  0x0000780bfc59bcb0 JavaThread "http-nio-8080-exec-3" daemon [_thread_blocked, id=133917, stack(0x0000780bd81f4000,0x0000780bd82f4000)]
  0x0000780bfcb12d20 JavaThread "ThreadPoolTaskScheduler1" [_thread_blocked, id=133927, stack(0x0000780b9d5fb000,0x0000780b9d6fb000)]
  0x0000780d7801f6e0 JavaThread "DestroyJavaVM" [_thread_blocked, id=133042, stack(0x0000780d7f500000,0x0000780d7f600000)]
  0x0000780b255a1f00 JavaThread "ThreadPoolTaskScheduler1" [_thread_blocked, id=135276, stack(0x0000780c05cfd000,0x0000780c05dfd000)]
  0x0000780b4c0c3cf0 JavaThread "Thread-7" [_thread_blocked, id=135286, stack(0x0000780cfe7f9000,0x0000780cfe8f9000)]
  0x0000780cac3f1f10 JavaThread "restartedMain" [_thread_blocked, id=135289, stack(0x0000780cfe5f9000,0x0000780cfe6f9000)]
  0x0000780bf45d99f0 JavaThread "HikariPool-3 housekeeper" daemon [_thread_blocked, id=135296, stack(0x0000780cfe0f9000,0x0000780cfe1f9000)]
  0x0000780bf4583630 JavaThread "Catalina-utility-1" [_thread_blocked, id=135362, stack(0x0000780cfe4f9000,0x0000780cfe5f9000)]
  0x0000780bf4583ba0 JavaThread "Catalina-utility-2" [_thread_blocked, id=135363, stack(0x0000780cfe3f9000,0x0000780cfe4f9000)]
  0x0000780bf4584110 JavaThread "container-0" [_thread_blocked, id=135364, stack(0x0000780cfe1f9000,0x0000780cfe2f9000)]
  0x0000780bf4434330 JavaThread "cluster-ClusterId{value='687b893ad75d6e20169757eb', description='null'}-192.168.12.113:27017" daemon [_thread_in_native, id=135365, stack(0x0000780cfd300000,0x0000780cfd400000)]
  0x0000780bf4434a70 JavaThread "cluster-rtt-ClusterId{value='687b893ad75d6e20169757eb', description='null'}-192.168.12.113:27017" daemon [_thread_blocked, id=135366, stack(0x0000780d588b5000,0x0000780d589b5000)]
  0x0000780b74017080 JavaThread "MaintenanceTimer-3-thread-1" daemon [_thread_blocked, id=135367, stack(0x0000780d583b2000,0x0000780d584b2000)]
  0x0000780bf48412d0 JavaThread "pool-3-thread-1" [_thread_in_native, id=135398, stack(0x0000780d587b5000,0x0000780d588b5000)]
  0x0000780bf45f9f20 JavaThread "pool-3-thread-2" [_thread_in_native, id=135399, stack(0x0000780d582b2000,0x0000780d583b2000)]
  0x0000780bf45fa490 JavaThread "pool-3-thread-3" [_thread_in_native, id=135400, stack(0x0000780cfe6f9000,0x0000780cfe7f9000)]
=>0x0000780bf45faa00 JavaThread "pool-3-thread-4" [_thread_in_native, id=135401, stack(0x0000780cfe2f9000,0x0000780cfe3f9000)]

Other Threads:
  0x0000780d7813f580 VMThread "VM Thread" [stack: 0x0000780d59a2f000,0x0000780d59b2f000] [id=133048]
  0x0000780d78183500 WatcherThread [stack: 0x0000780d58ab6000,0x0000780d58bb6000] [id=133066]
  0x0000780d7801d420 GCTaskThread "GC Thread#0" [stack: 0x0000780d7cf30000,0x0000780d7d030000] [id=133043]
  0x0000780cf80065d0 GCTaskThread "GC Thread#1" [stack: 0x0000780d586b5000,0x0000780d587b5000] [id=133070]
  0x0000780cf8006ff0 GCTaskThread "GC Thread#2" [stack: 0x0000780d585b4000,0x0000780d586b4000] [id=133071]
  0x0000780cf8007a10 GCTaskThread "GC Thread#3" [stack: 0x0000780d584b3000,0x0000780d585b3000] [id=133072]
  0x0000780cf800a7d0 GCTaskThread "GC Thread#4" [stack: 0x0000780d580b2000,0x0000780d581b2000] [id=133096]
  0x0000780cf800b050 GCTaskThread "GC Thread#5" [stack: 0x0000780cfef00000,0x0000780cff000000] [id=133097]
  0x0000780cf800ba70 GCTaskThread "GC Thread#6" [stack: 0x0000780cfedff000,0x0000780cfeeff000] [id=133098]
  0x0000780cf8009150 GCTaskThread "GC Thread#7" [stack: 0x0000780cfecfe000,0x0000780cfedfe000] [id=133099]
  0x0000780cf800ef80 GCTaskThread "GC Thread#8" [stack: 0x0000780cfebfd000,0x0000780cfecfd000] [id=133100]
  0x0000780cf800e610 GCTaskThread "GC Thread#9" [stack: 0x0000780cfeafc000,0x0000780cfebfc000] [id=133110]
  0x0000780d780800e0 ConcurrentGCThread "G1 Main Marker" [stack: 0x0000780d7ce2f000,0x0000780d7cf2f000] [id=133044]
  0x0000780d78081060 ConcurrentGCThread "G1 Conc#0" [stack: 0x0000780d7cd2e000,0x0000780d7ce2e000] [id=133045]
  0x0000780d4c000ea0 ConcurrentGCThread "G1 Conc#1" [stack: 0x0000780cfe9fb000,0x0000780cfeafb000] [id=133112]
  0x0000780d4c001650 ConcurrentGCThread "G1 Conc#2" [stack: 0x0000780cfe8fa000,0x0000780cfe9fa000] [id=133113]
  0x0000780d78113150 ConcurrentGCThread "G1 Refine#0" [stack: 0x0000780d7c223000,0x0000780d7c323000] [id=133046]
  0x0000780d440058c0 ConcurrentGCThread "G1 Refine#1" [stack: 0x0000780cfdef9000,0x0000780cfdff9000] [id=133203]
  0x0000780c7c0014f0 ConcurrentGCThread "G1 Refine#2" [stack: 0x0000780cfddf8000,0x0000780cfdef8000] [id=133204]
  0x0000780c58000ea0 ConcurrentGCThread "G1 Refine#3" [stack: 0x0000780cfdcf7000,0x0000780cfddf7000] [id=133205]
  0x0000780c4c000ea0 ConcurrentGCThread "G1 Refine#4" [stack: 0x0000780cfdbf6000,0x0000780cfdcf6000] [id=133206]
  0x0000780c50000ea0 ConcurrentGCThread "G1 Refine#5" [stack: 0x0000780cfdaf5000,0x0000780cfdbf5000] [id=133207]
  0x0000780c44000ea0 ConcurrentGCThread "G1 Refine#6" [stack: 0x0000780cfd9f4000,0x0000780cfdaf4000] [id=133208]
  0x0000780c48000ea0 ConcurrentGCThread "G1 Refine#7" [stack: 0x0000780cfd8f3000,0x0000780cfd9f3000] [id=133209]
  0x0000780c3c000ea0 ConcurrentGCThread "G1 Refine#8" [stack: 0x0000780cfd7f2000,0x0000780cfd8f2000] [id=133210]
  0x0000780c40000ea0 ConcurrentGCThread "G1 Refine#9" [stack: 0x0000780cfd6f1000,0x0000780cfd7f1000] [id=133211]
  0x0000780d78114060 ConcurrentGCThread "G1 Service" [stack: 0x0000780d7c122000,0x0000780d7c222000] [id=133047]

Threads with active compile tasks:

VM state: not at safepoint (normal execution)

VM Mutex/Monitor currently owned by a thread: None

Heap address: 0x0000000750000000, size: 2816 MB, Compressed Oops mode: Zero based, Oop shift amount: 3

CDS archive(s) mapped at: [0x0000780d03000000-0x0000780d03bc7000-0x0000780d03bc7000), size 12349440, SharedBaseAddress: 0x0000780d03000000, ArchiveRelocationMode: 1.
Compressed class space mapped at: 0x0000780d04000000-0x0000780d44000000, reserved size: 1073741824
Narrow klass base: 0x0000780d03000000, Narrow klass shift: 0, Narrow klass range: 0x100000000

GC Precious Log:
 CPUs: 12 total, 12 available
 Memory: 11262M
 Large Page Support: Disabled
 NUMA Support: Disabled
 Compressed Oops: Enabled (Zero based)
 Heap Region Size: 2M
 Heap Min Capacity: 8M
 Heap Initial Capacity: 176M
 Heap Max Capacity: 2816M
 Pre-touch: Disabled
 Parallel Workers: 10
 Concurrent Workers: 3
 Concurrent Refinement Workers: 10
 Periodic GC: Disabled

Heap:
 garbage-first heap   total 1120256K, used 409446K [0x0000000750000000, 0x0000000800000000)
  region size 2048K, 8 young (16384K), 3 survivors (6144K)
 Metaspace       used 127371K, committed 128256K, reserved 1179648K
  class space    used 13495K, committed 13952K, reserved 1048576K

Heap Regions: E=young(eden), S=young(survivor), O=old, HS=humongous(starts), HC=humongous(continues), CS=collection set, F=free, OA=open archive, CA=closed archive, TAMS=top-at-mark-start (previous, next)
|   0|0x0000000750000000, 0x0000000750200000, 0x0000000750200000|100%|HS|  |TAMS 0x0000000750200000, 0x0000000750000000| Complete 
|   1|0x0000000750200000, 0x0000000750400000, 0x0000000750400000|100%| O|  |TAMS 0x0000000750400000, 0x0000000750200000| Untracked 
|   2|0x0000000750400000, 0x0000000750600000, 0x0000000750600000|100%| O|  |TAMS 0x0000000750600000, 0x0000000750400000| Untracked 
|   3|0x0000000750600000, 0x0000000750800000, 0x0000000750800000|100%| O|  |TAMS 0x0000000750800000, 0x0000000750600000| Untracked 
|   4|0x0000000750800000, 0x0000000750a00000, 0x0000000750a00000|100%| O|  |TAMS 0x0000000750a00000, 0x0000000750800000| Untracked 
|   5|0x0000000750a00000, 0x0000000750c00000, 0x0000000750c00000|100%| O|  |TAMS 0x0000000750c00000, 0x0000000750a00000| Untracked 
|   6|0x0000000750c00000, 0x0000000750e00000, 0x0000000750e00000|100%| O|  |TAMS 0x0000000750e00000, 0x0000000750c00000| Untracked 
|   7|0x0000000750e00000, 0x0000000750fffff8, 0x0000000751000000| 99%| O|  |TAMS 0x0000000750fffff8, 0x0000000750e00000| Untracked 
|   8|0x0000000751000000, 0x00000007511fffd8, 0x0000000751200000| 99%| O|  |TAMS 0x00000007511fffd8, 0x0000000751000000| Untracked 
|   9|0x0000000751200000, 0x00000007513fffd8, 0x0000000751400000| 99%| O|  |TAMS 0x00000007513fffd8, 0x0000000751200000| Untracked 
|  10|0x0000000751400000, 0x00000007515ffff8, 0x0000000751600000| 99%| O|  |TAMS 0x00000007515ffff8, 0x0000000751400000| Untracked 
|  11|0x0000000751600000, 0x0000000751800000, 0x0000000751800000|100%| O|  |TAMS 0x0000000751800000, 0x0000000751600000| Untracked 
|  12|0x0000000751800000, 0x0000000751a00000, 0x0000000751a00000|100%| O|  |TAMS 0x0000000751a00000, 0x0000000751800000| Untracked 
|  13|0x0000000751a00000, 0x0000000751bfffe0, 0x0000000751c00000| 99%| O|  |TAMS 0x0000000751bfffe0, 0x0000000751a00000| Untracked 
|  14|0x0000000751c00000, 0x0000000751dffff0, 0x0000000751e00000| 99%| O|  |TAMS 0x0000000751dffff0, 0x0000000751c00000| Untracked 
|  15|0x0000000751e00000, 0x0000000751ffffc0, 0x0000000752000000| 99%| O|  |TAMS 0x0000000751ffffc0, 0x0000000751e00000| Untracked 
|  16|0x0000000752000000, 0x00000007521ffab0, 0x0000000752200000| 99%| O|  |TAMS 0x00000007521ffab0, 0x0000000752000000| Untracked 
|  17|0x0000000752200000, 0x0000000752400000, 0x0000000752400000|100%| O|  |TAMS 0x0000000752400000, 0x0000000752200000| Untracked 
|  18|0x0000000752400000, 0x0000000752600000, 0x0000000752600000|100%| O|  |TAMS 0x0000000752600000, 0x0000000752400000| Untracked 
|  19|0x0000000752600000, 0x00000007527fffe8, 0x0000000752800000| 99%| O|  |TAMS 0x00000007527fffe8, 0x0000000752600000| Untracked 
|  20|0x0000000752800000, 0x0000000752a00000, 0x0000000752a00000|100%| O|  |TAMS 0x0000000752a00000, 0x0000000752800000| Untracked 
|  21|0x0000000752a00000, 0x0000000752c00000, 0x0000000752c00000|100%| O|  |TAMS 0x0000000752c00000, 0x0000000752a00000| Untracked 
|  22|0x0000000752c00000, 0x0000000752dffff0, 0x0000000752e00000| 99%| O|  |TAMS 0x0000000752dffff0, 0x0000000752c00000| Untracked 
|  23|0x0000000752e00000, 0x0000000752fffff0, 0x0000000753000000| 99%| O|  |TAMS 0x0000000752fffff0, 0x0000000752e00000| Untracked 
|  24|0x0000000753000000, 0x00000007531ffff0, 0x0000000753200000| 99%| O|  |TAMS 0x00000007531ffff0, 0x0000000753000000| Untracked 
|  25|0x0000000753200000, 0x00000007533fff80, 0x0000000753400000| 99%| O|  |TAMS 0x00000007533fff80, 0x0000000753200000| Untracked 
|  26|0x0000000753400000, 0x00000007535fffd0, 0x0000000753600000| 99%| O|  |TAMS 0x00000007535fffd0, 0x0000000753400000| Untracked 
|  27|0x0000000753600000, 0x00000007537ffff0, 0x0000000753800000| 99%| O|  |TAMS 0x00000007537ffff0, 0x0000000753600000| Untracked 
|  28|0x0000000753800000, 0x00000007539fff80, 0x0000000753a00000| 99%| O|  |TAMS 0x00000007539fff80, 0x0000000753800000| Untracked 
|  29|0x0000000753a00000, 0x0000000753c00000, 0x0000000753c00000|100%| O|  |TAMS 0x0000000753c00000, 0x0000000753a00000| Untracked 
|  30|0x0000000753c00000, 0x0000000753dfff78, 0x0000000753e00000| 99%| O|  |TAMS 0x0000000753dfff78, 0x0000000753c00000| Untracked 
|  31|0x0000000753e00000, 0x0000000753ffffd8, 0x0000000754000000| 99%| O|  |TAMS 0x0000000753ffffd8, 0x0000000753e00000| Untracked 
|  32|0x0000000754000000, 0x00000007541fff98, 0x0000000754200000| 99%| O|  |TAMS 0x00000007541fff98, 0x0000000754000000| Untracked 
|  33|0x0000000754200000, 0x0000000754400000, 0x0000000754400000|100%| O|  |TAMS 0x0000000754400000, 0x0000000754200000| Untracked 
|  34|0x0000000754400000, 0x00000007545ffff8, 0x0000000754600000| 99%| O|  |TAMS 0x00000007545ffff8, 0x0000000754400000| Untracked 
|  35|0x0000000754600000, 0x00000007547fffe0, 0x0000000754800000| 99%| O|  |TAMS 0x00000007547fffe0, 0x0000000754600000| Untracked 
|  36|0x0000000754800000, 0x00000007549fffb0, 0x0000000754a00000| 99%| O|  |TAMS 0x00000007549fffb0, 0x0000000754800000| Untracked 
|  37|0x0000000754a00000, 0x0000000754bffff0, 0x0000000754c00000| 99%| O|  |TAMS 0x0000000754bffff0, 0x0000000754a00000| Untracked 
|  38|0x0000000754c00000, 0x0000000754df9990, 0x0000000754e00000| 98%| O|  |TAMS 0x0000000754df9990, 0x0000000754c00000| Untracked 
|  39|0x0000000754e00000, 0x0000000754fffff0, 0x0000000755000000| 99%| O|  |TAMS 0x0000000754fffff0, 0x0000000754e00000| Untracked 
|  40|0x0000000755000000, 0x00000007551fff48, 0x0000000755200000| 99%| O|  |TAMS 0x00000007551fff48, 0x0000000755000000| Untracked 
|  41|0x0000000755200000, 0x00000007553eb838, 0x0000000755400000| 95%| O|  |TAMS 0x00000007553eb838, 0x0000000755200000| Untracked 
|  42|0x0000000755400000, 0x0000000755595778, 0x0000000755600000| 79%| O|  |TAMS 0x0000000755595778, 0x0000000755400000| Untracked 
|  43|0x0000000755600000, 0x0000000755800000, 0x0000000755800000|100%| O|  |TAMS 0x0000000755800000, 0x0000000755600000| Untracked 
|  44|0x0000000755800000, 0x00000007559c69a8, 0x0000000755a00000| 88%| O|  |TAMS 0x00000007559c69a8, 0x0000000755800000| Untracked 
|  45|0x0000000755a00000, 0x0000000755b7ed68, 0x0000000755c00000| 74%| O|  |TAMS 0x0000000755b7ed68, 0x0000000755a00000| Untracked 
|  46|0x0000000755c00000, 0x0000000755e00000, 0x0000000755e00000|100%| O|  |TAMS 0x0000000755e00000, 0x0000000755c00000| Untracked 
|  47|0x0000000755e00000, 0x0000000756000000, 0x0000000756000000|100%| O|  |TAMS 0x0000000756000000, 0x0000000755e00000| Untracked 
|  48|0x0000000756000000, 0x0000000756200000, 0x0000000756200000|100%|HS|  |TAMS 0x0000000756200000, 0x0000000756000000| Complete 
|  49|0x0000000756200000, 0x0000000756400000, 0x0000000756400000|100%| O|  |TAMS 0x0000000756400000, 0x0000000756200000| Untracked 
|  50|0x0000000756400000, 0x00000007565fffa0, 0x0000000756600000| 99%| O|  |TAMS 0x00000007565fffa0, 0x0000000756400000| Untracked 
|  51|0x0000000756600000, 0x0000000756800000, 0x0000000756800000|100%| O|  |TAMS 0x0000000756800000, 0x0000000756600000| Untracked 
|  52|0x0000000756800000, 0x00000007569716c8, 0x0000000756a00000| 72%| O|  |TAMS 0x00000007569716c8, 0x0000000756800000| Untracked 
|  53|0x0000000756a00000, 0x0000000756c00000, 0x0000000756c00000|100%| O|  |TAMS 0x0000000756c00000, 0x0000000756a00000| Untracked 
|  54|0x0000000756c00000, 0x0000000756e00000, 0x0000000756e00000|100%| O|  |TAMS 0x0000000756e00000, 0x0000000756c00000| Untracked 
|  55|0x0000000756e00000, 0x0000000757000000, 0x0000000757000000|100%| O|  |TAMS 0x0000000757000000, 0x0000000756e00000| Untracked 
|  56|0x0000000757000000, 0x0000000757200000, 0x0000000757200000|100%| O|  |TAMS 0x0000000757200000, 0x0000000757000000| Untracked 
|  57|0x0000000757200000, 0x0000000757400000, 0x0000000757400000|100%| O|  |TAMS 0x0000000757400000, 0x0000000757200000| Untracked 
|  58|0x0000000757400000, 0x0000000757600000, 0x0000000757600000|100%| O|  |TAMS 0x0000000757600000, 0x0000000757400000| Untracked 
|  59|0x0000000757600000, 0x0000000757800000, 0x0000000757800000|100%| O|  |TAMS 0x0000000757800000, 0x0000000757600000| Untracked 
|  60|0x0000000757800000, 0x0000000757a00000, 0x0000000757a00000|100%| O|  |TAMS 0x0000000757a00000, 0x0000000757800000| Untracked 
|  61|0x0000000757a00000, 0x0000000757c00000, 0x0000000757c00000|100%| O|  |TAMS 0x0000000757c00000, 0x0000000757a00000| Untracked 
|  62|0x0000000757c00000, 0x0000000757e00000, 0x0000000757e00000|100%| O|  |TAMS 0x0000000757e00000, 0x0000000757c00000| Untracked 
|  63|0x0000000757e00000, 0x0000000758000000, 0x0000000758000000|100%| O|  |TAMS 0x0000000758000000, 0x0000000757e00000| Untracked 
|  64|0x0000000758000000, 0x0000000758200000, 0x0000000758200000|100%|HS|  |TAMS 0x0000000758000000, 0x0000000758000000| Complete 
|  65|0x0000000758200000, 0x0000000758400000, 0x0000000758400000|100%| O|  |TAMS 0x0000000758400000, 0x0000000758200000| Untracked 
|  66|0x0000000758400000, 0x0000000758600000, 0x0000000758600000|100%| O|  |TAMS 0x0000000758600000, 0x0000000758400000| Untracked 
|  67|0x0000000758600000, 0x0000000758800000, 0x0000000758800000|100%| O|  |TAMS 0x0000000758800000, 0x0000000758600000| Untracked 
|  68|0x0000000758800000, 0x0000000758a00000, 0x0000000758a00000|100%| O|  |TAMS 0x0000000758a00000, 0x0000000758800000| Untracked 
|  69|0x0000000758a00000, 0x0000000758c00000, 0x0000000758c00000|100%| O|  |TAMS 0x0000000758c00000, 0x0000000758a00000| Untracked 
|  70|0x0000000758c00000, 0x0000000758e00000, 0x0000000758e00000|100%| O|  |TAMS 0x0000000758e00000, 0x0000000758c00000| Untracked 
|  71|0x0000000758e00000, 0x0000000759000000, 0x0000000759000000|100%| O|  |TAMS 0x0000000759000000, 0x0000000758e00000| Untracked 
|  72|0x0000000759000000, 0x0000000759200000, 0x0000000759200000|100%| O|  |TAMS 0x0000000759200000, 0x0000000759000000| Untracked 
|  73|0x0000000759200000, 0x0000000759400000, 0x0000000759400000|100%| O|  |TAMS 0x0000000759400000, 0x0000000759200000| Untracked 
|  74|0x0000000759400000, 0x0000000759600000, 0x0000000759600000|100%| O|  |TAMS 0x0000000759600000, 0x0000000759400000| Untracked 
|  75|0x0000000759600000, 0x0000000759800000, 0x0000000759800000|100%| O|  |TAMS 0x0000000759800000, 0x0000000759600000| Untracked 
|  76|0x0000000759800000, 0x0000000759a00000, 0x0000000759a00000|100%| O|  |TAMS 0x0000000759a00000, 0x0000000759800000| Untracked 
|  77|0x0000000759a00000, 0x0000000759c00000, 0x0000000759c00000|100%| O|  |TAMS 0x0000000759c00000, 0x0000000759a00000| Untracked 
|  78|0x0000000759c00000, 0x0000000759e00000, 0x0000000759e00000|100%|HS|  |TAMS 0x0000000759e00000, 0x0000000759c00000| Complete 
|  79|0x0000000759e00000, 0x0000000759e00000, 0x000000075a000000|  0%| F|  |TAMS 0x0000000759e00000, 0x0000000759e00000| Untracked 
|  80|0x000000075a000000, 0x000000075a200000, 0x000000075a200000|100%| O|  |TAMS 0x000000075a200000, 0x000000075a000000| Untracked 
|  81|0x000000075a200000, 0x000000075a200000, 0x000000075a400000|  0%| F|  |TAMS 0x000000075a200000, 0x000000075a200000| Untracked 
|  82|0x000000075a400000, 0x000000075a400000, 0x000000075a600000|  0%| F|  |TAMS 0x000000075a400000, 0x000000075a400000| Untracked 
|  83|0x000000075a600000, 0x000000075a600000, 0x000000075a800000|  0%| F|  |TAMS 0x000000075a600000, 0x000000075a600000| Untracked 
|  84|0x000000075a800000, 0x000000075a800000, 0x000000075aa00000|  0%| F|  |TAMS 0x000000075a800000, 0x000000075a800000| Untracked 
|  85|0x000000075aa00000, 0x000000075aa00000, 0x000000075ac00000|  0%| F|  |TAMS 0x000000075aa00000, 0x000000075aa00000| Untracked 
|  86|0x000000075ac00000, 0x000000075ae00000, 0x000000075ae00000|100%| O|  |TAMS 0x000000075ae00000, 0x000000075ac00000| Untracked 
|  87|0x000000075ae00000, 0x000000075b000000, 0x000000075b000000|100%| O|  |TAMS 0x000000075b000000, 0x000000075ae00000| Untracked 
|  88|0x000000075b000000, 0x000000075b200000, 0x000000075b200000|100%| O|  |TAMS 0x000000075b200000, 0x000000075b000000| Untracked 
|  89|0x000000075b200000, 0x000000075b400000, 0x000000075b400000|100%| O|  |TAMS 0x000000075b400000, 0x000000075b200000| Untracked 
|  90|0x000000075b400000, 0x000000075b600000, 0x000000075b600000|100%| O|  |TAMS 0x000000075b600000, 0x000000075b400000| Untracked 
|  91|0x000000075b600000, 0x000000075b800000, 0x000000075b800000|100%| O|  |TAMS 0x000000075b800000, 0x000000075b600000| Untracked 
|  92|0x000000075b800000, 0x000000075b800000, 0x000000075ba00000|  0%| F|  |TAMS 0x000000075b800000, 0x000000075b800000| Untracked 
|  93|0x000000075ba00000, 0x000000075ba00000, 0x000000075bc00000|  0%| F|  |TAMS 0x000000075ba00000, 0x000000075ba00000| Untracked 
|  94|0x000000075bc00000, 0x000000075bc00000, 0x000000075be00000|  0%| F|  |TAMS 0x000000075bc00000, 0x000000075bc00000| Untracked 
|  95|0x000000075be00000, 0x000000075c000000, 0x000000075c000000|100%|HS|  |TAMS 0x000000075c000000, 0x000000075be00000| Complete 
|  96|0x000000075c000000, 0x000000075c200000, 0x000000075c200000|100%| O|  |TAMS 0x000000075c200000, 0x000000075c000000| Untracked 
|  97|0x000000075c200000, 0x000000075c400000, 0x000000075c400000|100%| O|  |TAMS 0x000000075c400000, 0x000000075c200000| Untracked 
|  98|0x000000075c400000, 0x000000075c600000, 0x000000075c600000|100%| O|  |TAMS 0x000000075c600000, 0x000000075c400000| Untracked 
|  99|0x000000075c600000, 0x000000075c800000, 0x000000075c800000|100%| O|  |TAMS 0x000000075c800000, 0x000000075c600000| Untracked 
| 100|0x000000075c800000, 0x000000075ca00000, 0x000000075ca00000|100%| O|  |TAMS 0x000000075ca00000, 0x000000075c800000| Untracked 
| 101|0x000000075ca00000, 0x000000075cc00000, 0x000000075cc00000|100%| O|  |TAMS 0x000000075cc00000, 0x000000075ca00000| Untracked 
| 102|0x000000075cc00000, 0x000000075ce00000, 0x000000075ce00000|100%| O|  |TAMS 0x000000075ce00000, 0x000000075cc00000| Untracked 
| 103|0x000000075ce00000, 0x000000075d000000, 0x000000075d000000|100%| O|  |TAMS 0x000000075d000000, 0x000000075ce00000| Untracked 
| 104|0x000000075d000000, 0x000000075d200000, 0x000000075d200000|100%| O|  |TAMS 0x000000075d200000, 0x000000075d000000| Untracked 
| 105|0x000000075d200000, 0x000000075d400000, 0x000000075d400000|100%| O|  |TAMS 0x000000075d400000, 0x000000075d200000| Untracked 
| 106|0x000000075d400000, 0x000000075d600000, 0x000000075d600000|100%| O|  |TAMS 0x000000075d600000, 0x000000075d400000| Untracked 
| 107|0x000000075d600000, 0x000000075d800000, 0x000000075d800000|100%| O|  |TAMS 0x000000075d800000, 0x000000075d600000| Untracked 
| 108|0x000000075d800000, 0x000000075da00000, 0x000000075da00000|100%| O|  |TAMS 0x000000075da00000, 0x000000075d800000| Untracked 
| 109|0x000000075da00000, 0x000000075dc00000, 0x000000075dc00000|100%| O|  |TAMS 0x000000075dc00000, 0x000000075da00000| Untracked 
| 110|0x000000075dc00000, 0x000000075de00000, 0x000000075de00000|100%| O|  |TAMS 0x000000075de00000, 0x000000075dc00000| Untracked 
| 111|0x000000075de00000, 0x000000075e000000, 0x000000075e000000|100%| O|  |TAMS 0x000000075e000000, 0x000000075de00000| Untracked 
| 112|0x000000075e000000, 0x000000075e200000, 0x000000075e200000|100%| O|  |TAMS 0x000000075e200000, 0x000000075e000000| Untracked 
| 113|0x000000075e200000, 0x000000075e400000, 0x000000075e400000|100%| O|  |TAMS 0x000000075e400000, 0x000000075e200000| Untracked 
| 114|0x000000075e400000, 0x000000075e600000, 0x000000075e600000|100%| O|  |TAMS 0x000000075e600000, 0x000000075e400000| Untracked 
| 115|0x000000075e600000, 0x000000075e800000, 0x000000075e800000|100%| O|  |TAMS 0x000000075e800000, 0x000000075e600000| Untracked 
| 116|0x000000075e800000, 0x000000075ea00000, 0x000000075ea00000|100%| O|  |TAMS 0x000000075ea00000, 0x000000075e800000| Complete 
| 117|0x000000075ea00000, 0x000000075ec00000, 0x000000075ec00000|100%| O|  |TAMS 0x000000075ec00000, 0x000000075ea00000| Untracked 
| 118|0x000000075ec00000, 0x000000075ee00000, 0x000000075ee00000|100%| O|  |TAMS 0x000000075ee00000, 0x000000075ec00000| Untracked 
| 119|0x000000075ee00000, 0x000000075f000000, 0x000000075f000000|100%| O|  |TAMS 0x000000075f000000, 0x000000075ee00000| Untracked 
| 120|0x000000075f000000, 0x000000075f200000, 0x000000075f200000|100%| O|  |TAMS 0x000000075f200000, 0x000000075f000000| Untracked 
| 121|0x000000075f200000, 0x000000075f400000, 0x000000075f400000|100%| O|  |TAMS 0x000000075f400000, 0x000000075f200000| Untracked 
| 122|0x000000075f400000, 0x000000075f600000, 0x000000075f600000|100%| O|  |TAMS 0x000000075f600000, 0x000000075f400000| Untracked 
| 123|0x000000075f600000, 0x000000075f800000, 0x000000075f800000|100%| O|  |TAMS 0x000000075f800000, 0x000000075f600000| Untracked 
| 124|0x000000075f800000, 0x000000075fa00000, 0x000000075fa00000|100%| O|  |TAMS 0x000000075fa00000, 0x000000075f800000| Untracked 
| 125|0x000000075fa00000, 0x000000075fc00000, 0x000000075fc00000|100%|HS|  |TAMS 0x000000075fc00000, 0x000000075fa00000| Complete 
| 126|0x000000075fc00000, 0x000000075fe00000, 0x000000075fe00000|100%|HC|  |TAMS 0x000000075fe00000, 0x000000075fc00000| Complete 
| 127|0x000000075fe00000, 0x0000000760000000, 0x0000000760000000|100%| O|  |TAMS 0x0000000760000000, 0x000000075fe00000| Untracked 
| 128|0x0000000760000000, 0x0000000760200000, 0x0000000760200000|100%| O|  |TAMS 0x0000000760200000, 0x0000000760000000| Untracked 
| 129|0x0000000760200000, 0x0000000760400000, 0x0000000760400000|100%| O|  |TAMS 0x0000000760400000, 0x0000000760200000| Untracked 
| 130|0x0000000760400000, 0x0000000760600000, 0x0000000760600000|100%| O|  |TAMS 0x0000000760600000, 0x0000000760400000| Untracked 
| 131|0x0000000760600000, 0x0000000760800000, 0x0000000760800000|100%| O|  |TAMS 0x0000000760800000, 0x0000000760600000| Untracked 
| 132|0x0000000760800000, 0x0000000760a00000, 0x0000000760a00000|100%| O|  |TAMS 0x0000000760a00000, 0x0000000760800000| Untracked 
| 133|0x0000000760a00000, 0x0000000760c00000, 0x0000000760c00000|100%| O|  |TAMS 0x0000000760c00000, 0x0000000760a00000| Untracked 
| 134|0x0000000760c00000, 0x0000000760e00000, 0x0000000760e00000|100%|HS|  |TAMS 0x0000000760e00000, 0x0000000760c00000| Complete 
| 135|0x0000000760e00000, 0x0000000761000000, 0x0000000761000000|100%| O|  |TAMS 0x0000000761000000, 0x0000000760e00000| Untracked 
| 136|0x0000000761000000, 0x0000000761200000, 0x0000000761200000|100%| O|  |TAMS 0x0000000761200000, 0x0000000761000000| Untracked 
| 137|0x0000000761200000, 0x0000000761400000, 0x0000000761400000|100%| O|  |TAMS 0x0000000761400000, 0x0000000761200000| Untracked 
| 138|0x0000000761400000, 0x0000000761600000, 0x0000000761600000|100%| O|  |TAMS 0x0000000761600000, 0x0000000761400000| Untracked 
| 139|0x0000000761600000, 0x0000000761800000, 0x0000000761800000|100%| O|  |TAMS 0x0000000761800000, 0x0000000761600000| Untracked 
| 140|0x0000000761800000, 0x0000000761a00000, 0x0000000761a00000|100%|HS|  |TAMS 0x0000000761a00000, 0x0000000761800000| Complete 
| 141|0x0000000761a00000, 0x0000000761c00000, 0x0000000761c00000|100%|HC|  |TAMS 0x0000000761c00000, 0x0000000761a00000| Complete 
| 142|0x0000000761c00000, 0x0000000761e00000, 0x0000000761e00000|100%| O|  |TAMS 0x0000000761e00000, 0x0000000761c00000| Untracked 
| 143|0x0000000761e00000, 0x0000000762000000, 0x0000000762000000|100%| O|  |TAMS 0x0000000762000000, 0x0000000761e00000| Untracked 
| 144|0x0000000762000000, 0x0000000762200000, 0x0000000762200000|100%| O|  |TAMS 0x0000000762200000, 0x0000000762000000| Untracked 
| 145|0x0000000762200000, 0x0000000762400000, 0x0000000762400000|100%| O|  |TAMS 0x0000000762400000, 0x0000000762200000| Untracked 
| 146|0x0000000762400000, 0x0000000762600000, 0x0000000762600000|100%| O|  |TAMS 0x0000000762600000, 0x0000000762400000| Untracked 
| 147|0x0000000762600000, 0x0000000762800000, 0x0000000762800000|100%| O|  |TAMS 0x0000000762800000, 0x0000000762600000| Untracked 
| 148|0x0000000762800000, 0x0000000762a00000, 0x0000000762a00000|100%| O|  |TAMS 0x0000000762a00000, 0x0000000762800000| Untracked 
| 149|0x0000000762a00000, 0x0000000762c00000, 0x0000000762c00000|100%| O|  |TAMS 0x0000000762c00000, 0x0000000762a00000| Untracked 
| 150|0x0000000762c00000, 0x0000000762e00000, 0x0000000762e00000|100%| O|  |TAMS 0x0000000762e00000, 0x0000000762c00000| Untracked 
| 151|0x0000000762e00000, 0x0000000763000000, 0x0000000763000000|100%| O|  |TAMS 0x0000000763000000, 0x0000000762e00000| Untracked 
| 152|0x0000000763000000, 0x0000000763200000, 0x0000000763200000|100%| O|  |TAMS 0x0000000763200000, 0x0000000763000000| Untracked 
| 153|0x0000000763200000, 0x0000000763400000, 0x0000000763400000|100%| O|  |TAMS 0x0000000763400000, 0x0000000763200000| Untracked 
| 154|0x0000000763400000, 0x0000000763600000, 0x0000000763600000|100%| O|  |TAMS 0x0000000763600000, 0x0000000763400000| Untracked 
| 155|0x0000000763600000, 0x0000000763800000, 0x0000000763800000|100%| O|  |TAMS 0x0000000763800000, 0x0000000763600000| Untracked 
| 156|0x0000000763800000, 0x0000000763a00000, 0x0000000763a00000|100%| O|  |TAMS 0x0000000763a00000, 0x0000000763800000| Untracked 
| 157|0x0000000763a00000, 0x0000000763c00000, 0x0000000763c00000|100%| O|  |TAMS 0x0000000763c00000, 0x0000000763a00000| Untracked 
| 158|0x0000000763c00000, 0x0000000763e00000, 0x0000000763e00000|100%| O|  |TAMS 0x0000000763e00000, 0x0000000763c00000| Untracked 
| 159|0x0000000763e00000, 0x0000000764000000, 0x0000000764000000|100%| O|  |TAMS 0x0000000764000000, 0x0000000763e00000| Untracked 
| 160|0x0000000764000000, 0x0000000764200000, 0x0000000764200000|100%| O|  |TAMS 0x0000000764200000, 0x0000000764000000| Untracked 
| 161|0x0000000764200000, 0x0000000764400000, 0x0000000764400000|100%| O|  |TAMS 0x0000000764400000, 0x0000000764200000| Untracked 
| 162|0x0000000764400000, 0x0000000764600000, 0x0000000764600000|100%| O|  |TAMS 0x0000000764600000, 0x0000000764400000| Untracked 
| 163|0x0000000764600000, 0x0000000764800000, 0x0000000764800000|100%| O|  |TAMS 0x0000000764800000, 0x0000000764600000| Untracked 
| 164|0x0000000764800000, 0x0000000764a00000, 0x0000000764a00000|100%| O|  |TAMS 0x0000000764a00000, 0x0000000764800000| Untracked 
| 165|0x0000000764a00000, 0x0000000764c00000, 0x0000000764c00000|100%| O|  |TAMS 0x0000000764c00000, 0x0000000764a00000| Untracked 
| 166|0x0000000764c00000, 0x0000000764e00000, 0x0000000764e00000|100%| O|  |TAMS 0x0000000764e00000, 0x0000000764c00000| Untracked 
| 167|0x0000000764e00000, 0x0000000765000000, 0x0000000765000000|100%| O|  |TAMS 0x0000000765000000, 0x0000000764e00000| Untracked 
| 168|0x0000000765000000, 0x0000000765200000, 0x0000000765200000|100%| O|  |TAMS 0x0000000765200000, 0x0000000765000000| Untracked 
| 169|0x0000000765200000, 0x0000000765400000, 0x0000000765400000|100%| O|  |TAMS 0x0000000765400000, 0x0000000765200000| Untracked 
| 170|0x0000000765400000, 0x0000000765600000, 0x0000000765600000|100%| O|  |TAMS 0x0000000765600000, 0x0000000765400000| Untracked 
| 171|0x0000000765600000, 0x0000000765800000, 0x0000000765800000|100%| O|  |TAMS 0x0000000765800000, 0x0000000765600000| Untracked 
| 172|0x0000000765800000, 0x0000000765a00000, 0x0000000765a00000|100%| O|  |TAMS 0x0000000765a00000, 0x0000000765800000| Untracked 
| 173|0x0000000765a00000, 0x0000000765c00000, 0x0000000765c00000|100%| O|  |TAMS 0x0000000765c00000, 0x0000000765a00000| Untracked 
| 174|0x0000000765c00000, 0x0000000765e00000, 0x0000000765e00000|100%| O|  |TAMS 0x0000000765e00000, 0x0000000765c00000| Untracked 
| 175|0x0000000765e00000, 0x0000000766000000, 0x0000000766000000|100%| O|  |TAMS 0x0000000766000000, 0x0000000765e00000| Untracked 
| 176|0x0000000766000000, 0x0000000766200000, 0x0000000766200000|100%| O|  |TAMS 0x0000000766200000, 0x0000000766000000| Untracked 
| 177|0x0000000766200000, 0x0000000766400000, 0x0000000766400000|100%| O|  |TAMS 0x0000000766400000, 0x0000000766200000| Untracked 
| 178|0x0000000766400000, 0x0000000766600000, 0x0000000766600000|100%| O|  |TAMS 0x0000000766600000, 0x0000000766400000| Untracked 
| 179|0x0000000766600000, 0x0000000766800000, 0x0000000766800000|100%| O|  |TAMS 0x0000000766800000, 0x0000000766600000| Untracked 
| 180|0x0000000766800000, 0x0000000766a00000, 0x0000000766a00000|100%| O|  |TAMS 0x0000000766a00000, 0x0000000766800000| Untracked 
| 181|0x0000000766a00000, 0x0000000766c00000, 0x0000000766c00000|100%| O|  |TAMS 0x0000000766c00000, 0x0000000766a00000| Untracked 
| 182|0x0000000766c00000, 0x0000000766e00000, 0x0000000766e00000|100%| O|  |TAMS 0x0000000766e00000, 0x0000000766c00000| Untracked 
| 183|0x0000000766e00000, 0x0000000767000000, 0x0000000767000000|100%| O|  |TAMS 0x0000000767000000, 0x0000000766e00000| Untracked 
| 184|0x0000000767000000, 0x0000000767200000, 0x0000000767200000|100%| O|  |TAMS 0x0000000767200000, 0x0000000767000000| Untracked 
| 185|0x0000000767200000, 0x0000000767400000, 0x0000000767400000|100%| O|  |TAMS 0x0000000767400000, 0x0000000767200000| Untracked 
| 186|0x0000000767400000, 0x0000000767600000, 0x0000000767600000|100%|HS|  |TAMS 0x0000000767400000, 0x0000000767400000| Complete 
| 187|0x0000000767600000, 0x0000000767800000, 0x0000000767800000|100%| O|  |TAMS 0x0000000767800000, 0x0000000767600000| Untracked 
| 188|0x0000000767800000, 0x0000000767a00000, 0x0000000767a00000|100%| O|  |TAMS 0x0000000767a00000, 0x0000000767800000| Untracked 
| 189|0x0000000767a00000, 0x0000000767c00000, 0x0000000767c00000|100%| O|  |TAMS 0x0000000767c00000, 0x0000000767a00000| Complete 
| 190|0x0000000767c00000, 0x0000000767e00000, 0x0000000767e00000|100%| O|  |TAMS 0x0000000767e00000, 0x0000000767c00000| Untracked 
| 191|0x0000000767e00000, 0x0000000768000000, 0x0000000768000000|100%| O|  |TAMS 0x0000000768000000, 0x0000000767e00000| Untracked 
| 192|0x0000000768000000, 0x0000000768200000, 0x0000000768200000|100%| O|  |TAMS 0x0000000768200000, 0x0000000768000000| Untracked 
| 193|0x0000000768200000, 0x0000000768400000, 0x0000000768400000|100%|HS|  |TAMS 0x0000000768400000, 0x0000000768200000| Complete 
| 194|0x0000000768400000, 0x0000000768400000, 0x0000000768600000|  0%| F|  |TAMS 0x0000000768400000, 0x0000000768400000| Untracked 
| 195|0x0000000768600000, 0x0000000768600000, 0x0000000768800000|  0%| F|  |TAMS 0x0000000768600000, 0x0000000768600000| Untracked 
| 196|0x0000000768800000, 0x0000000768800000, 0x0000000768a00000|  0%| F|  |TAMS 0x0000000768800000, 0x0000000768800000| Untracked 
| 197|0x0000000768a00000, 0x0000000768a00000, 0x0000000768c00000|  0%| F|  |TAMS 0x0000000768a00000, 0x0000000768a00000| Untracked 
| 198|0x0000000768c00000, 0x0000000768c00000, 0x0000000768e00000|  0%| F|  |TAMS 0x0000000768c00000, 0x0000000768c00000| Untracked 
| 199|0x0000000768e00000, 0x0000000769000000, 0x0000000769000000|100%|HS|  |TAMS 0x0000000769000000, 0x0000000768e00000| Complete 
| 200|0x0000000769000000, 0x0000000769200000, 0x0000000769200000|100%|HC|  |TAMS 0x0000000769200000, 0x0000000769000000| Complete 
| 201|0x0000000769200000, 0x0000000769400000, 0x0000000769400000|100%| O|  |TAMS 0x0000000769400000, 0x0000000769200000| Untracked 
| 202|0x0000000769400000, 0x0000000769600000, 0x0000000769600000|100%| O|  |TAMS 0x0000000769600000, 0x0000000769400000| Untracked 
| 203|0x0000000769600000, 0x0000000769800000, 0x0000000769800000|100%| O|  |TAMS 0x0000000769800000, 0x0000000769600000| Untracked 
| 204|0x0000000769800000, 0x0000000769a00000, 0x0000000769a00000|100%| O|  |TAMS 0x0000000769a00000, 0x0000000769800000| Untracked 
| 205|0x0000000769a00000, 0x0000000769c00000, 0x0000000769c00000|100%| O|  |TAMS 0x0000000769c00000, 0x0000000769a00000| Untracked 
| 206|0x0000000769c00000, 0x0000000769cefe00, 0x0000000769e00000| 46%| O|  |TAMS 0x0000000769cefe00, 0x0000000769c00000| Untracked 
| 207|0x0000000769e00000, 0x000000076a000000, 0x000000076a000000|100%|HS|  |TAMS 0x0000000769e00000, 0x0000000769e00000| Complete 
| 208|0x000000076a000000, 0x000000076a000000, 0x000000076a200000|  0%| F|  |TAMS 0x000000076a000000, 0x000000076a000000| Untracked 
| 209|0x000000076a200000, 0x000000076a200000, 0x000000076a400000|  0%| F|  |TAMS 0x000000076a200000, 0x000000076a200000| Untracked 
| 210|0x000000076a400000, 0x000000076a400000, 0x000000076a600000|  0%| F|  |TAMS 0x000000076a400000, 0x000000076a400000| Untracked 
| 211|0x000000076a600000, 0x000000076a600000, 0x000000076a800000|  0%| F|  |TAMS 0x000000076a600000, 0x000000076a600000| Untracked 
| 212|0x000000076a800000, 0x000000076a800000, 0x000000076aa00000|  0%| F|  |TAMS 0x000000076a800000, 0x000000076a800000| Untracked 
| 213|0x000000076aa00000, 0x000000076aa00000, 0x000000076ac00000|  0%| F|  |TAMS 0x000000076aa00000, 0x000000076aa00000| Untracked 
| 214|0x000000076ac00000, 0x000000076ac00000, 0x000000076ae00000|  0%| F|  |TAMS 0x000000076ac00000, 0x000000076ac00000| Untracked 
| 215|0x000000076ae00000, 0x000000076ae00000, 0x000000076b000000|  0%| F|  |TAMS 0x000000076ae00000, 0x000000076ae00000| Untracked 
| 216|0x000000076b000000, 0x000000076b000000, 0x000000076b200000|  0%| F|  |TAMS 0x000000076b000000, 0x000000076b000000| Untracked 
| 217|0x000000076b200000, 0x000000076b200000, 0x000000076b400000|  0%| F|  |TAMS 0x000000076b200000, 0x000000076b200000| Untracked 
| 218|0x000000076b400000, 0x000000076b400000, 0x000000076b600000|  0%| F|  |TAMS 0x000000076b400000, 0x000000076b400000| Untracked 
| 219|0x000000076b600000, 0x000000076b600000, 0x000000076b800000|  0%| F|  |TAMS 0x000000076b600000, 0x000000076b600000| Untracked 
| 220|0x000000076b800000, 0x000000076b800000, 0x000000076ba00000|  0%| F|  |TAMS 0x000000076b800000, 0x000000076b800000| Untracked 
| 221|0x000000076ba00000, 0x000000076ba00000, 0x000000076bc00000|  0%| F|  |TAMS 0x000000076ba00000, 0x000000076ba00000| Untracked 
| 222|0x000000076bc00000, 0x000000076bc00000, 0x000000076be00000|  0%| F|  |TAMS 0x000000076bc00000, 0x000000076bc00000| Untracked 
| 223|0x000000076be00000, 0x000000076be00000, 0x000000076c000000|  0%| F|  |TAMS 0x000000076be00000, 0x000000076be00000| Untracked 
| 224|0x000000076c000000, 0x000000076c000000, 0x000000076c200000|  0%| F|  |TAMS 0x000000076c000000, 0x000000076c000000| Untracked 
| 225|0x000000076c200000, 0x000000076c200000, 0x000000076c400000|  0%| F|  |TAMS 0x000000076c200000, 0x000000076c200000| Untracked 
| 226|0x000000076c400000, 0x000000076c400000, 0x000000076c600000|  0%| F|  |TAMS 0x000000076c400000, 0x000000076c400000| Untracked 
| 227|0x000000076c600000, 0x000000076c600000, 0x000000076c800000|  0%| F|  |TAMS 0x000000076c600000, 0x000000076c600000| Untracked 
| 228|0x000000076c800000, 0x000000076c800000, 0x000000076ca00000|  0%| F|  |TAMS 0x000000076c800000, 0x000000076c800000| Untracked 
| 229|0x000000076ca00000, 0x000000076ca00000, 0x000000076cc00000|  0%| F|  |TAMS 0x000000076ca00000, 0x000000076ca00000| Untracked 
| 230|0x000000076cc00000, 0x000000076cc00000, 0x000000076ce00000|  0%| F|  |TAMS 0x000000076cc00000, 0x000000076cc00000| Untracked 
| 231|0x000000076ce00000, 0x000000076ce00000, 0x000000076d000000|  0%| F|  |TAMS 0x000000076ce00000, 0x000000076ce00000| Untracked 
| 232|0x000000076d000000, 0x000000076d000000, 0x000000076d200000|  0%| F|  |TAMS 0x000000076d000000, 0x000000076d000000| Untracked 
| 233|0x000000076d200000, 0x000000076d200000, 0x000000076d400000|  0%| F|  |TAMS 0x000000076d200000, 0x000000076d200000| Untracked 
| 234|0x000000076d400000, 0x000000076d400000, 0x000000076d600000|  0%| F|  |TAMS 0x000000076d400000, 0x000000076d400000| Untracked 
| 235|0x000000076d600000, 0x000000076d600000, 0x000000076d800000|  0%| F|  |TAMS 0x000000076d600000, 0x000000076d600000| Untracked 
| 236|0x000000076d800000, 0x000000076d800000, 0x000000076da00000|  0%| F|  |TAMS 0x000000076d800000, 0x000000076d800000| Untracked 
| 237|0x000000076da00000, 0x000000076da00000, 0x000000076dc00000|  0%| F|  |TAMS 0x000000076da00000, 0x000000076da00000| Untracked 
| 238|0x000000076dc00000, 0x000000076dc00000, 0x000000076de00000|  0%| F|  |TAMS 0x000000076dc00000, 0x000000076dc00000| Untracked 
| 239|0x000000076de00000, 0x000000076de00000, 0x000000076e000000|  0%| F|  |TAMS 0x000000076de00000, 0x000000076de00000| Untracked 
| 240|0x000000076e000000, 0x000000076e000000, 0x000000076e200000|  0%| F|  |TAMS 0x000000076e000000, 0x000000076e000000| Untracked 
| 241|0x000000076e200000, 0x000000076e200000, 0x000000076e400000|  0%| F|  |TAMS 0x000000076e200000, 0x000000076e200000| Untracked 
| 242|0x000000076e400000, 0x000000076e400000, 0x000000076e600000|  0%| F|  |TAMS 0x000000076e400000, 0x000000076e400000| Untracked 
| 243|0x000000076e600000, 0x000000076e600000, 0x000000076e800000|  0%| F|  |TAMS 0x000000076e600000, 0x000000076e600000| Untracked 
| 244|0x000000076e800000, 0x000000076e800000, 0x000000076ea00000|  0%| F|  |TAMS 0x000000076e800000, 0x000000076e800000| Untracked 
| 245|0x000000076ea00000, 0x000000076ea00000, 0x000000076ec00000|  0%| F|  |TAMS 0x000000076ea00000, 0x000000076ea00000| Untracked 
| 246|0x000000076ec00000, 0x000000076ec00000, 0x000000076ee00000|  0%| F|  |TAMS 0x000000076ec00000, 0x000000076ec00000| Untracked 
| 247|0x000000076ee00000, 0x000000076ee00000, 0x000000076f000000|  0%| F|  |TAMS 0x000000076ee00000, 0x000000076ee00000| Untracked 
| 248|0x000000076f000000, 0x000000076f000000, 0x000000076f200000|  0%| F|  |TAMS 0x000000076f000000, 0x000000076f000000| Untracked 
| 249|0x000000076f200000, 0x000000076f200000, 0x000000076f400000|  0%| F|  |TAMS 0x000000076f200000, 0x000000076f200000| Untracked 
| 250|0x000000076f400000, 0x000000076f400000, 0x000000076f600000|  0%| F|  |TAMS 0x000000076f400000, 0x000000076f400000| Untracked 
| 251|0x000000076f600000, 0x000000076f600000, 0x000000076f800000|  0%| F|  |TAMS 0x000000076f600000, 0x000000076f600000| Untracked 
| 252|0x000000076f800000, 0x000000076f800000, 0x000000076fa00000|  0%| F|  |TAMS 0x000000076f800000, 0x000000076f800000| Untracked 
| 253|0x000000076fa00000, 0x000000076fa00000, 0x000000076fc00000|  0%| F|  |TAMS 0x000000076fa00000, 0x000000076fa00000| Untracked 
| 254|0x000000076fc00000, 0x000000076fc00000, 0x000000076fe00000|  0%| F|  |TAMS 0x000000076fc00000, 0x000000076fc00000| Untracked 
| 255|0x000000076fe00000, 0x000000076fe00000, 0x0000000770000000|  0%| F|  |TAMS 0x000000076fe00000, 0x000000076fe00000| Untracked 
| 256|0x0000000770000000, 0x0000000770000000, 0x0000000770200000|  0%| F|  |TAMS 0x0000000770000000, 0x0000000770000000| Untracked 
| 257|0x0000000770200000, 0x0000000770200000, 0x0000000770400000|  0%| F|  |TAMS 0x0000000770200000, 0x0000000770200000| Untracked 
| 258|0x0000000770400000, 0x0000000770400000, 0x0000000770600000|  0%| F|  |TAMS 0x0000000770400000, 0x0000000770400000| Untracked 
| 259|0x0000000770600000, 0x0000000770600000, 0x0000000770800000|  0%| F|  |TAMS 0x0000000770600000, 0x0000000770600000| Untracked 
| 260|0x0000000770800000, 0x0000000770800000, 0x0000000770a00000|  0%| F|  |TAMS 0x0000000770800000, 0x0000000770800000| Untracked 
| 261|0x0000000770a00000, 0x0000000770a00000, 0x0000000770c00000|  0%| F|  |TAMS 0x0000000770a00000, 0x0000000770a00000| Untracked 
| 262|0x0000000770c00000, 0x0000000770c00000, 0x0000000770e00000|  0%| F|  |TAMS 0x0000000770c00000, 0x0000000770c00000| Untracked 
| 263|0x0000000770e00000, 0x0000000770e00000, 0x0000000771000000|  0%| F|  |TAMS 0x0000000770e00000, 0x0000000770e00000| Untracked 
| 264|0x0000000771000000, 0x0000000771000000, 0x0000000771200000|  0%| F|  |TAMS 0x0000000771000000, 0x0000000771000000| Untracked 
| 265|0x0000000771200000, 0x0000000771200000, 0x0000000771400000|  0%| F|  |TAMS 0x0000000771200000, 0x0000000771200000| Untracked 
| 266|0x0000000771400000, 0x0000000771400000, 0x0000000771600000|  0%| F|  |TAMS 0x0000000771400000, 0x0000000771400000| Untracked 
| 267|0x0000000771600000, 0x0000000771600000, 0x0000000771800000|  0%| F|  |TAMS 0x0000000771600000, 0x0000000771600000| Untracked 
| 268|0x0000000771800000, 0x0000000771800000, 0x0000000771a00000|  0%| F|  |TAMS 0x0000000771800000, 0x0000000771800000| Untracked 
| 269|0x0000000771a00000, 0x0000000771a00000, 0x0000000771c00000|  0%| F|  |TAMS 0x0000000771a00000, 0x0000000771a00000| Untracked 
| 270|0x0000000771c00000, 0x0000000771c00000, 0x0000000771e00000|  0%| F|  |TAMS 0x0000000771c00000, 0x0000000771c00000| Untracked 
| 271|0x0000000771e00000, 0x0000000771e00000, 0x0000000772000000|  0%| F|  |TAMS 0x0000000771e00000, 0x0000000771e00000| Untracked 
| 272|0x0000000772000000, 0x0000000772000000, 0x0000000772200000|  0%| F|  |TAMS 0x0000000772000000, 0x0000000772000000| Untracked 
| 273|0x0000000772200000, 0x0000000772200000, 0x0000000772400000|  0%| F|  |TAMS 0x0000000772200000, 0x0000000772200000| Untracked 
| 274|0x0000000772400000, 0x0000000772400000, 0x0000000772600000|  0%| F|  |TAMS 0x0000000772400000, 0x0000000772400000| Untracked 
| 275|0x0000000772600000, 0x0000000772600000, 0x0000000772800000|  0%| F|  |TAMS 0x0000000772600000, 0x0000000772600000| Untracked 
| 276|0x0000000772800000, 0x0000000772800000, 0x0000000772a00000|  0%| F|  |TAMS 0x0000000772800000, 0x0000000772800000| Untracked 
| 277|0x0000000772a00000, 0x0000000772a00000, 0x0000000772c00000|  0%| F|  |TAMS 0x0000000772a00000, 0x0000000772a00000| Untracked 
| 278|0x0000000772c00000, 0x0000000772c00000, 0x0000000772e00000|  0%| F|  |TAMS 0x0000000772c00000, 0x0000000772c00000| Untracked 
| 279|0x0000000772e00000, 0x0000000772e00000, 0x0000000773000000|  0%| F|  |TAMS 0x0000000772e00000, 0x0000000772e00000| Untracked 
| 280|0x0000000773000000, 0x0000000773000000, 0x0000000773200000|  0%| F|  |TAMS 0x0000000773000000, 0x0000000773000000| Untracked 
| 281|0x0000000773200000, 0x0000000773200000, 0x0000000773400000|  0%| F|  |TAMS 0x0000000773200000, 0x0000000773200000| Untracked 
| 282|0x0000000773400000, 0x0000000773400000, 0x0000000773600000|  0%| F|  |TAMS 0x0000000773400000, 0x0000000773400000| Untracked 
| 283|0x0000000773600000, 0x0000000773600000, 0x0000000773800000|  0%| F|  |TAMS 0x0000000773600000, 0x0000000773600000| Untracked 
| 284|0x0000000773800000, 0x0000000773800000, 0x0000000773a00000|  0%| F|  |TAMS 0x0000000773800000, 0x0000000773800000| Untracked 
| 285|0x0000000773a00000, 0x0000000773a00000, 0x0000000773c00000|  0%| F|  |TAMS 0x0000000773a00000, 0x0000000773a00000| Untracked 
| 286|0x0000000773c00000, 0x0000000773c00000, 0x0000000773e00000|  0%| F|  |TAMS 0x0000000773c00000, 0x0000000773c00000| Untracked 
| 287|0x0000000773e00000, 0x0000000773e00000, 0x0000000774000000|  0%| F|  |TAMS 0x0000000773e00000, 0x0000000773e00000| Untracked 
| 288|0x0000000774000000, 0x0000000774000000, 0x0000000774200000|  0%| F|  |TAMS 0x0000000774000000, 0x0000000774000000| Untracked 
| 289|0x0000000774200000, 0x0000000774200000, 0x0000000774400000|  0%| F|  |TAMS 0x0000000774200000, 0x0000000774200000| Untracked 
| 290|0x0000000774400000, 0x0000000774400000, 0x0000000774600000|  0%| F|  |TAMS 0x0000000774400000, 0x0000000774400000| Untracked 
| 291|0x0000000774600000, 0x0000000774600000, 0x0000000774800000|  0%| F|  |TAMS 0x0000000774600000, 0x0000000774600000| Untracked 
| 292|0x0000000774800000, 0x0000000774800000, 0x0000000774a00000|  0%| F|  |TAMS 0x0000000774800000, 0x0000000774800000| Untracked 
| 293|0x0000000774a00000, 0x0000000774a00000, 0x0000000774c00000|  0%| F|  |TAMS 0x0000000774a00000, 0x0000000774a00000| Untracked 
| 294|0x0000000774c00000, 0x0000000774c00000, 0x0000000774e00000|  0%| F|  |TAMS 0x0000000774c00000, 0x0000000774c00000| Untracked 
| 295|0x0000000774e00000, 0x0000000774e00000, 0x0000000775000000|  0%| F|  |TAMS 0x0000000774e00000, 0x0000000774e00000| Untracked 
| 296|0x0000000775000000, 0x0000000775000000, 0x0000000775200000|  0%| F|  |TAMS 0x0000000775000000, 0x0000000775000000| Untracked 
| 297|0x0000000775200000, 0x0000000775200000, 0x0000000775400000|  0%| F|  |TAMS 0x0000000775200000, 0x0000000775200000| Untracked 
| 298|0x0000000775400000, 0x0000000775400000, 0x0000000775600000|  0%| F|  |TAMS 0x0000000775400000, 0x0000000775400000| Untracked 
| 299|0x0000000775600000, 0x0000000775600000, 0x0000000775800000|  0%| F|  |TAMS 0x0000000775600000, 0x0000000775600000| Untracked 
| 300|0x0000000775800000, 0x0000000775800000, 0x0000000775a00000|  0%| F|  |TAMS 0x0000000775800000, 0x0000000775800000| Untracked 
| 301|0x0000000775a00000, 0x0000000775a00000, 0x0000000775c00000|  0%| F|  |TAMS 0x0000000775a00000, 0x0000000775a00000| Untracked 
| 302|0x0000000775c00000, 0x0000000775c00000, 0x0000000775e00000|  0%| F|  |TAMS 0x0000000775c00000, 0x0000000775c00000| Untracked 
| 303|0x0000000775e00000, 0x0000000775e00000, 0x0000000776000000|  0%| F|  |TAMS 0x0000000775e00000, 0x0000000775e00000| Untracked 
| 304|0x0000000776000000, 0x0000000776000000, 0x0000000776200000|  0%| F|  |TAMS 0x0000000776000000, 0x0000000776000000| Untracked 
| 305|0x0000000776200000, 0x0000000776200000, 0x0000000776400000|  0%| F|  |TAMS 0x0000000776200000, 0x0000000776200000| Untracked 
| 306|0x0000000776400000, 0x0000000776400000, 0x0000000776600000|  0%| F|  |TAMS 0x0000000776400000, 0x0000000776400000| Untracked 
| 307|0x0000000776600000, 0x0000000776600000, 0x0000000776800000|  0%| F|  |TAMS 0x0000000776600000, 0x0000000776600000| Untracked 
| 308|0x0000000776800000, 0x0000000776800000, 0x0000000776a00000|  0%| F|  |TAMS 0x0000000776800000, 0x0000000776800000| Untracked 
| 309|0x0000000776a00000, 0x0000000776a00000, 0x0000000776c00000|  0%| F|  |TAMS 0x0000000776a00000, 0x0000000776a00000| Untracked 
| 310|0x0000000776c00000, 0x0000000776c00000, 0x0000000776e00000|  0%| F|  |TAMS 0x0000000776c00000, 0x0000000776c00000| Untracked 
| 311|0x0000000776e00000, 0x0000000776e00000, 0x0000000777000000|  0%| F|  |TAMS 0x0000000776e00000, 0x0000000776e00000| Untracked 
| 312|0x0000000777000000, 0x0000000777000000, 0x0000000777200000|  0%| F|  |TAMS 0x0000000777000000, 0x0000000777000000| Untracked 
| 313|0x0000000777200000, 0x0000000777200000, 0x0000000777400000|  0%| F|  |TAMS 0x0000000777200000, 0x0000000777200000| Untracked 
| 314|0x0000000777400000, 0x0000000777400000, 0x0000000777600000|  0%| F|  |TAMS 0x0000000777400000, 0x0000000777400000| Untracked 
| 315|0x0000000777600000, 0x0000000777600000, 0x0000000777800000|  0%| F|  |TAMS 0x0000000777600000, 0x0000000777600000| Untracked 
| 316|0x0000000777800000, 0x0000000777800000, 0x0000000777a00000|  0%| F|  |TAMS 0x0000000777800000, 0x0000000777800000| Untracked 
| 317|0x0000000777a00000, 0x0000000777a00000, 0x0000000777c00000|  0%| F|  |TAMS 0x0000000777a00000, 0x0000000777a00000| Untracked 
| 318|0x0000000777c00000, 0x0000000777c00000, 0x0000000777e00000|  0%| F|  |TAMS 0x0000000777c00000, 0x0000000777c00000| Untracked 
| 319|0x0000000777e00000, 0x0000000777e00000, 0x0000000778000000|  0%| F|  |TAMS 0x0000000777e00000, 0x0000000777e00000| Untracked 
| 320|0x0000000778000000, 0x0000000778000000, 0x0000000778200000|  0%| F|  |TAMS 0x0000000778000000, 0x0000000778000000| Untracked 
| 321|0x0000000778200000, 0x0000000778200000, 0x0000000778400000|  0%| F|  |TAMS 0x0000000778200000, 0x0000000778200000| Untracked 
| 322|0x0000000778400000, 0x0000000778400000, 0x0000000778600000|  0%| F|  |TAMS 0x0000000778400000, 0x0000000778400000| Untracked 
| 323|0x0000000778600000, 0x0000000778600000, 0x0000000778800000|  0%| F|  |TAMS 0x0000000778600000, 0x0000000778600000| Untracked 
| 324|0x0000000778800000, 0x0000000778800000, 0x0000000778a00000|  0%| F|  |TAMS 0x0000000778800000, 0x0000000778800000| Untracked 
| 325|0x0000000778a00000, 0x0000000778a00000, 0x0000000778c00000|  0%| F|  |TAMS 0x0000000778a00000, 0x0000000778a00000| Untracked 
| 326|0x0000000778c00000, 0x0000000778c00000, 0x0000000778e00000|  0%| F|  |TAMS 0x0000000778c00000, 0x0000000778c00000| Untracked 
| 327|0x0000000778e00000, 0x0000000778e00000, 0x0000000779000000|  0%| F|  |TAMS 0x0000000778e00000, 0x0000000778e00000| Untracked 
| 328|0x0000000779000000, 0x0000000779000000, 0x0000000779200000|  0%| F|  |TAMS 0x0000000779000000, 0x0000000779000000| Untracked 
| 329|0x0000000779200000, 0x0000000779200000, 0x0000000779400000|  0%| F|  |TAMS 0x0000000779200000, 0x0000000779200000| Untracked 
| 330|0x0000000779400000, 0x0000000779400000, 0x0000000779600000|  0%| F|  |TAMS 0x0000000779400000, 0x0000000779400000| Untracked 
| 331|0x0000000779600000, 0x0000000779600000, 0x0000000779800000|  0%| F|  |TAMS 0x0000000779600000, 0x0000000779600000| Untracked 
| 332|0x0000000779800000, 0x0000000779800000, 0x0000000779a00000|  0%| F|  |TAMS 0x0000000779800000, 0x0000000779800000| Untracked 
| 333|0x0000000779a00000, 0x0000000779a00000, 0x0000000779c00000|  0%| F|  |TAMS 0x0000000779a00000, 0x0000000779a00000| Untracked 
| 334|0x0000000779c00000, 0x0000000779c00000, 0x0000000779e00000|  0%| F|  |TAMS 0x0000000779c00000, 0x0000000779c00000| Untracked 
| 335|0x0000000779e00000, 0x0000000779e00000, 0x000000077a000000|  0%| F|  |TAMS 0x0000000779e00000, 0x0000000779e00000| Untracked 
| 336|0x000000077a000000, 0x000000077a000000, 0x000000077a200000|  0%| F|  |TAMS 0x000000077a000000, 0x000000077a000000| Untracked 
| 337|0x000000077a200000, 0x000000077a200000, 0x000000077a400000|  0%| F|  |TAMS 0x000000077a200000, 0x000000077a200000| Untracked 
| 338|0x000000077a400000, 0x000000077a400000, 0x000000077a600000|  0%| F|  |TAMS 0x000000077a400000, 0x000000077a400000| Untracked 
| 339|0x000000077a600000, 0x000000077a600000, 0x000000077a800000|  0%| F|  |TAMS 0x000000077a600000, 0x000000077a600000| Untracked 
| 340|0x000000077a800000, 0x000000077a800000, 0x000000077aa00000|  0%| F|  |TAMS 0x000000077a800000, 0x000000077a800000| Untracked 
| 341|0x000000077aa00000, 0x000000077aa00000, 0x000000077ac00000|  0%| F|  |TAMS 0x000000077aa00000, 0x000000077aa00000| Untracked 
| 342|0x000000077ac00000, 0x000000077ac00000, 0x000000077ae00000|  0%| F|  |TAMS 0x000000077ac00000, 0x000000077ac00000| Untracked 
| 343|0x000000077ae00000, 0x000000077ae00000, 0x000000077b000000|  0%| F|  |TAMS 0x000000077ae00000, 0x000000077ae00000| Untracked 
| 344|0x000000077b000000, 0x000000077b000000, 0x000000077b200000|  0%| F|  |TAMS 0x000000077b000000, 0x000000077b000000| Untracked 
| 345|0x000000077b200000, 0x000000077b200000, 0x000000077b400000|  0%| F|  |TAMS 0x000000077b200000, 0x000000077b200000| Untracked 
| 346|0x000000077b400000, 0x000000077b400000, 0x000000077b600000|  0%| F|  |TAMS 0x000000077b400000, 0x000000077b400000| Untracked 
| 347|0x000000077b600000, 0x000000077b600000, 0x000000077b800000|  0%| F|  |TAMS 0x000000077b600000, 0x000000077b600000| Untracked 
| 348|0x000000077b800000, 0x000000077b800000, 0x000000077ba00000|  0%| F|  |TAMS 0x000000077b800000, 0x000000077b800000| Untracked 
| 349|0x000000077ba00000, 0x000000077ba00000, 0x000000077bc00000|  0%| F|  |TAMS 0x000000077ba00000, 0x000000077ba00000| Untracked 
| 350|0x000000077bc00000, 0x000000077bc00000, 0x000000077be00000|  0%| F|  |TAMS 0x000000077bc00000, 0x000000077bc00000| Untracked 
| 351|0x000000077be00000, 0x000000077be00000, 0x000000077c000000|  0%| F|  |TAMS 0x000000077be00000, 0x000000077be00000| Untracked 
| 352|0x000000077c000000, 0x000000077c000000, 0x000000077c200000|  0%| F|  |TAMS 0x000000077c000000, 0x000000077c000000| Untracked 
| 353|0x000000077c200000, 0x000000077c200000, 0x000000077c400000|  0%| F|  |TAMS 0x000000077c200000, 0x000000077c200000| Untracked 
| 354|0x000000077c400000, 0x000000077c400000, 0x000000077c600000|  0%| F|  |TAMS 0x000000077c400000, 0x000000077c400000| Untracked 
| 355|0x000000077c600000, 0x000000077c600000, 0x000000077c800000|  0%| F|  |TAMS 0x000000077c600000, 0x000000077c600000| Untracked 
| 356|0x000000077c800000, 0x000000077c800000, 0x000000077ca00000|  0%| F|  |TAMS 0x000000077c800000, 0x000000077c800000| Untracked 
| 357|0x000000077ca00000, 0x000000077ca00000, 0x000000077cc00000|  0%| F|  |TAMS 0x000000077ca00000, 0x000000077ca00000| Untracked 
| 358|0x000000077cc00000, 0x000000077cc00000, 0x000000077ce00000|  0%| F|  |TAMS 0x000000077cc00000, 0x000000077cc00000| Untracked 
| 359|0x000000077ce00000, 0x000000077ce00000, 0x000000077d000000|  0%| F|  |TAMS 0x000000077ce00000, 0x000000077ce00000| Untracked 
| 360|0x000000077d000000, 0x000000077d000000, 0x000000077d200000|  0%| F|  |TAMS 0x000000077d000000, 0x000000077d000000| Untracked 
| 361|0x000000077d200000, 0x000000077d200000, 0x000000077d400000|  0%| F|  |TAMS 0x000000077d200000, 0x000000077d200000| Untracked 
| 362|0x000000077d400000, 0x000000077d400000, 0x000000077d600000|  0%| F|  |TAMS 0x000000077d400000, 0x000000077d400000| Untracked 
| 363|0x000000077d600000, 0x000000077d600000, 0x000000077d800000|  0%| F|  |TAMS 0x000000077d600000, 0x000000077d600000| Untracked 
| 364|0x000000077d800000, 0x000000077d800000, 0x000000077da00000|  0%| F|  |TAMS 0x000000077d800000, 0x000000077d800000| Untracked 
| 365|0x000000077da00000, 0x000000077da00000, 0x000000077dc00000|  0%| F|  |TAMS 0x000000077da00000, 0x000000077da00000| Untracked 
| 366|0x000000077dc00000, 0x000000077dc00000, 0x000000077de00000|  0%| F|  |TAMS 0x000000077dc00000, 0x000000077dc00000| Untracked 
| 367|0x000000077de00000, 0x000000077de00000, 0x000000077e000000|  0%| F|  |TAMS 0x000000077de00000, 0x000000077de00000| Untracked 
| 368|0x000000077e000000, 0x000000077e000000, 0x000000077e200000|  0%| F|  |TAMS 0x000000077e000000, 0x000000077e000000| Untracked 
| 369|0x000000077e200000, 0x000000077e200000, 0x000000077e400000|  0%| F|  |TAMS 0x000000077e200000, 0x000000077e200000| Untracked 
| 370|0x000000077e400000, 0x000000077e400000, 0x000000077e600000|  0%| F|  |TAMS 0x000000077e400000, 0x000000077e400000| Untracked 
| 371|0x000000077e600000, 0x000000077e600000, 0x000000077e800000|  0%| F|  |TAMS 0x000000077e600000, 0x000000077e600000| Untracked 
| 372|0x000000077e800000, 0x000000077e800000, 0x000000077ea00000|  0%| F|  |TAMS 0x000000077e800000, 0x000000077e800000| Untracked 
| 373|0x000000077ea00000, 0x000000077ea00000, 0x000000077ec00000|  0%| F|  |TAMS 0x000000077ea00000, 0x000000077ea00000| Untracked 
| 374|0x000000077ec00000, 0x000000077ec00000, 0x000000077ee00000|  0%| F|  |TAMS 0x000000077ec00000, 0x000000077ec00000| Untracked 
| 375|0x000000077ee00000, 0x000000077ee00000, 0x000000077f000000|  0%| F|  |TAMS 0x000000077ee00000, 0x000000077ee00000| Untracked 
| 376|0x000000077f000000, 0x000000077f000000, 0x000000077f200000|  0%| F|  |TAMS 0x000000077f000000, 0x000000077f000000| Untracked 
| 377|0x000000077f200000, 0x000000077f200000, 0x000000077f400000|  0%| F|  |TAMS 0x000000077f200000, 0x000000077f200000| Untracked 
| 378|0x000000077f400000, 0x000000077f400000, 0x000000077f600000|  0%| F|  |TAMS 0x000000077f400000, 0x000000077f400000| Untracked 
| 379|0x000000077f600000, 0x000000077f600000, 0x000000077f800000|  0%| F|  |TAMS 0x000000077f600000, 0x000000077f600000| Untracked 
| 380|0x000000077f800000, 0x000000077f800000, 0x000000077fa00000|  0%| F|  |TAMS 0x000000077f800000, 0x000000077f800000| Untracked 
| 381|0x000000077fa00000, 0x000000077fa00000, 0x000000077fc00000|  0%| F|  |TAMS 0x000000077fa00000, 0x000000077fa00000| Untracked 
| 382|0x000000077fc00000, 0x000000077fc00000, 0x000000077fe00000|  0%| F|  |TAMS 0x000000077fc00000, 0x000000077fc00000| Untracked 
| 383|0x000000077fe00000, 0x000000077fe00000, 0x0000000780000000|  0%| F|  |TAMS 0x000000077fe00000, 0x000000077fe00000| Untracked 
| 384|0x0000000780000000, 0x0000000780000000, 0x0000000780200000|  0%| F|  |TAMS 0x0000000780000000, 0x0000000780000000| Untracked 
| 385|0x0000000780200000, 0x0000000780200000, 0x0000000780400000|  0%| F|  |TAMS 0x0000000780200000, 0x0000000780200000| Untracked 
| 386|0x0000000780400000, 0x0000000780400000, 0x0000000780600000|  0%| F|  |TAMS 0x0000000780400000, 0x0000000780400000| Untracked 
| 387|0x0000000780600000, 0x0000000780600000, 0x0000000780800000|  0%| F|  |TAMS 0x0000000780600000, 0x0000000780600000| Untracked 
| 388|0x0000000780800000, 0x0000000780800000, 0x0000000780a00000|  0%| F|  |TAMS 0x0000000780800000, 0x0000000780800000| Untracked 
| 389|0x0000000780a00000, 0x0000000780a00000, 0x0000000780c00000|  0%| F|  |TAMS 0x0000000780a00000, 0x0000000780a00000| Untracked 
| 390|0x0000000780c00000, 0x0000000780c00000, 0x0000000780e00000|  0%| F|  |TAMS 0x0000000780c00000, 0x0000000780c00000| Untracked 
| 391|0x0000000780e00000, 0x0000000780e00000, 0x0000000781000000|  0%| F|  |TAMS 0x0000000780e00000, 0x0000000780e00000| Untracked 
| 392|0x0000000781000000, 0x0000000781000000, 0x0000000781200000|  0%| F|  |TAMS 0x0000000781000000, 0x0000000781000000| Untracked 
| 393|0x0000000781200000, 0x0000000781200000, 0x0000000781400000|  0%| F|  |TAMS 0x0000000781200000, 0x0000000781200000| Untracked 
| 394|0x0000000781400000, 0x0000000781400000, 0x0000000781600000|  0%| F|  |TAMS 0x0000000781400000, 0x0000000781400000| Untracked 
| 395|0x0000000781600000, 0x0000000781600000, 0x0000000781800000|  0%| F|  |TAMS 0x0000000781600000, 0x0000000781600000| Untracked 
| 396|0x0000000781800000, 0x0000000781800000, 0x0000000781a00000|  0%| F|  |TAMS 0x0000000781800000, 0x0000000781800000| Untracked 
| 397|0x0000000781a00000, 0x0000000781a00000, 0x0000000781c00000|  0%| F|  |TAMS 0x0000000781a00000, 0x0000000781a00000| Untracked 
| 398|0x0000000781c00000, 0x0000000781c00000, 0x0000000781e00000|  0%| F|  |TAMS 0x0000000781c00000, 0x0000000781c00000| Untracked 
| 399|0x0000000781e00000, 0x0000000781e00000, 0x0000000782000000|  0%| F|  |TAMS 0x0000000781e00000, 0x0000000781e00000| Untracked 
| 400|0x0000000782000000, 0x0000000782000000, 0x0000000782200000|  0%| F|  |TAMS 0x0000000782000000, 0x0000000782000000| Untracked 
| 401|0x0000000782200000, 0x0000000782200000, 0x0000000782400000|  0%| F|  |TAMS 0x0000000782200000, 0x0000000782200000| Untracked 
| 402|0x0000000782400000, 0x0000000782400000, 0x0000000782600000|  0%| F|  |TAMS 0x0000000782400000, 0x0000000782400000| Untracked 
| 403|0x0000000782600000, 0x0000000782600000, 0x0000000782800000|  0%| F|  |TAMS 0x0000000782600000, 0x0000000782600000| Untracked 
| 404|0x0000000782800000, 0x0000000782800000, 0x0000000782a00000|  0%| F|  |TAMS 0x0000000782800000, 0x0000000782800000| Untracked 
| 405|0x0000000782a00000, 0x0000000782a00000, 0x0000000782c00000|  0%| F|  |TAMS 0x0000000782a00000, 0x0000000782a00000| Untracked 
| 406|0x0000000782c00000, 0x0000000782c00000, 0x0000000782e00000|  0%| F|  |TAMS 0x0000000782c00000, 0x0000000782c00000| Untracked 
| 407|0x0000000782e00000, 0x0000000782e00000, 0x0000000783000000|  0%| F|  |TAMS 0x0000000782e00000, 0x0000000782e00000| Untracked 
| 408|0x0000000783000000, 0x0000000783000000, 0x0000000783200000|  0%| F|  |TAMS 0x0000000783000000, 0x0000000783000000| Untracked 
| 409|0x0000000783200000, 0x0000000783200000, 0x0000000783400000|  0%| F|  |TAMS 0x0000000783200000, 0x0000000783200000| Untracked 
| 410|0x0000000783400000, 0x0000000783400000, 0x0000000783600000|  0%| F|  |TAMS 0x0000000783400000, 0x0000000783400000| Untracked 
| 411|0x0000000783600000, 0x0000000783600000, 0x0000000783800000|  0%| F|  |TAMS 0x0000000783600000, 0x0000000783600000| Untracked 
| 412|0x0000000783800000, 0x0000000783800000, 0x0000000783a00000|  0%| F|  |TAMS 0x0000000783800000, 0x0000000783800000| Untracked 
| 413|0x0000000783a00000, 0x0000000783a00000, 0x0000000783c00000|  0%| F|  |TAMS 0x0000000783a00000, 0x0000000783a00000| Untracked 
| 414|0x0000000783c00000, 0x0000000783c00000, 0x0000000783e00000|  0%| F|  |TAMS 0x0000000783c00000, 0x0000000783c00000| Untracked 
| 415|0x0000000783e00000, 0x0000000783e00000, 0x0000000784000000|  0%| F|  |TAMS 0x0000000783e00000, 0x0000000783e00000| Untracked 
| 416|0x0000000784000000, 0x0000000784000000, 0x0000000784200000|  0%| F|  |TAMS 0x0000000784000000, 0x0000000784000000| Untracked 
| 417|0x0000000784200000, 0x0000000784200000, 0x0000000784400000|  0%| F|  |TAMS 0x0000000784200000, 0x0000000784200000| Untracked 
| 418|0x0000000784400000, 0x0000000784400000, 0x0000000784600000|  0%| F|  |TAMS 0x0000000784400000, 0x0000000784400000| Untracked 
| 419|0x0000000784600000, 0x0000000784600000, 0x0000000784800000|  0%| F|  |TAMS 0x0000000784600000, 0x0000000784600000| Untracked 
| 420|0x0000000784800000, 0x0000000784800000, 0x0000000784a00000|  0%| F|  |TAMS 0x0000000784800000, 0x0000000784800000| Untracked 
| 421|0x0000000784a00000, 0x0000000784a00000, 0x0000000784c00000|  0%| F|  |TAMS 0x0000000784a00000, 0x0000000784a00000| Untracked 
| 422|0x0000000784c00000, 0x0000000784c00000, 0x0000000784e00000|  0%| F|  |TAMS 0x0000000784c00000, 0x0000000784c00000| Untracked 
| 423|0x0000000784e00000, 0x0000000784e00000, 0x0000000785000000|  0%| F|  |TAMS 0x0000000784e00000, 0x0000000784e00000| Untracked 
| 424|0x0000000785000000, 0x0000000785000000, 0x0000000785200000|  0%| F|  |TAMS 0x0000000785000000, 0x0000000785000000| Untracked 
| 425|0x0000000785200000, 0x0000000785200000, 0x0000000785400000|  0%| F|  |TAMS 0x0000000785200000, 0x0000000785200000| Untracked 
| 426|0x0000000785400000, 0x0000000785400000, 0x0000000785600000|  0%| F|  |TAMS 0x0000000785400000, 0x0000000785400000| Untracked 
| 427|0x0000000785600000, 0x0000000785600000, 0x0000000785800000|  0%| F|  |TAMS 0x0000000785600000, 0x0000000785600000| Untracked 
| 428|0x0000000785800000, 0x0000000785800000, 0x0000000785a00000|  0%| F|  |TAMS 0x0000000785800000, 0x0000000785800000| Untracked 
| 429|0x0000000785a00000, 0x0000000785a00000, 0x0000000785c00000|  0%| F|  |TAMS 0x0000000785a00000, 0x0000000785a00000| Untracked 
| 430|0x0000000785c00000, 0x0000000785c00000, 0x0000000785e00000|  0%| F|  |TAMS 0x0000000785c00000, 0x0000000785c00000| Untracked 
| 431|0x0000000785e00000, 0x0000000785e00000, 0x0000000786000000|  0%| F|  |TAMS 0x0000000785e00000, 0x0000000785e00000| Untracked 
| 432|0x0000000786000000, 0x0000000786000000, 0x0000000786200000|  0%| F|  |TAMS 0x0000000786000000, 0x0000000786000000| Untracked 
| 433|0x0000000786200000, 0x0000000786200000, 0x0000000786400000|  0%| F|  |TAMS 0x0000000786200000, 0x0000000786200000| Untracked 
| 434|0x0000000786400000, 0x0000000786400000, 0x0000000786600000|  0%| F|  |TAMS 0x0000000786400000, 0x0000000786400000| Untracked 
| 435|0x0000000786600000, 0x0000000786600000, 0x0000000786800000|  0%| F|  |TAMS 0x0000000786600000, 0x0000000786600000| Untracked 
| 436|0x0000000786800000, 0x0000000786800000, 0x0000000786a00000|  0%| F|  |TAMS 0x0000000786800000, 0x0000000786800000| Untracked 
| 437|0x0000000786a00000, 0x0000000786a00000, 0x0000000786c00000|  0%| F|  |TAMS 0x0000000786a00000, 0x0000000786a00000| Untracked 
| 438|0x0000000786c00000, 0x0000000786c00000, 0x0000000786e00000|  0%| F|  |TAMS 0x0000000786c00000, 0x0000000786c00000| Untracked 
| 439|0x0000000786e00000, 0x0000000786e00000, 0x0000000787000000|  0%| F|  |TAMS 0x0000000786e00000, 0x0000000786e00000| Untracked 
| 440|0x0000000787000000, 0x0000000787000000, 0x0000000787200000|  0%| F|  |TAMS 0x0000000787000000, 0x0000000787000000| Untracked 
| 441|0x0000000787200000, 0x0000000787200000, 0x0000000787400000|  0%| F|  |TAMS 0x0000000787200000, 0x0000000787200000| Untracked 
| 442|0x0000000787400000, 0x0000000787400000, 0x0000000787600000|  0%| F|  |TAMS 0x0000000787400000, 0x0000000787400000| Untracked 
| 443|0x0000000787600000, 0x0000000787600000, 0x0000000787800000|  0%| F|  |TAMS 0x0000000787600000, 0x0000000787600000| Untracked 
| 444|0x0000000787800000, 0x0000000787800000, 0x0000000787a00000|  0%| F|  |TAMS 0x0000000787800000, 0x0000000787800000| Untracked 
| 445|0x0000000787a00000, 0x0000000787a00000, 0x0000000787c00000|  0%| F|  |TAMS 0x0000000787a00000, 0x0000000787a00000| Untracked 
| 446|0x0000000787c00000, 0x0000000787c00000, 0x0000000787e00000|  0%| F|  |TAMS 0x0000000787c00000, 0x0000000787c00000| Untracked 
| 447|0x0000000787e00000, 0x0000000787e00000, 0x0000000788000000|  0%| F|  |TAMS 0x0000000787e00000, 0x0000000787e00000| Untracked 
| 448|0x0000000788000000, 0x0000000788000000, 0x0000000788200000|  0%| F|  |TAMS 0x0000000788000000, 0x0000000788000000| Untracked 
| 449|0x0000000788200000, 0x0000000788200000, 0x0000000788400000|  0%| F|  |TAMS 0x0000000788200000, 0x0000000788200000| Untracked 
| 450|0x0000000788400000, 0x0000000788400000, 0x0000000788600000|  0%| F|  |TAMS 0x0000000788400000, 0x0000000788400000| Untracked 
| 451|0x0000000788600000, 0x0000000788600000, 0x0000000788800000|  0%| F|  |TAMS 0x0000000788600000, 0x0000000788600000| Untracked 
| 452|0x0000000788800000, 0x0000000788800000, 0x0000000788a00000|  0%| F|  |TAMS 0x0000000788800000, 0x0000000788800000| Untracked 
| 453|0x0000000788a00000, 0x0000000788a00000, 0x0000000788c00000|  0%| F|  |TAMS 0x0000000788a00000, 0x0000000788a00000| Untracked 
| 454|0x0000000788c00000, 0x0000000788c00000, 0x0000000788e00000|  0%| F|  |TAMS 0x0000000788c00000, 0x0000000788c00000| Untracked 
| 455|0x0000000788e00000, 0x0000000788e00000, 0x0000000789000000|  0%| F|  |TAMS 0x0000000788e00000, 0x0000000788e00000| Untracked 
| 456|0x0000000789000000, 0x0000000789000000, 0x0000000789200000|  0%| F|  |TAMS 0x0000000789000000, 0x0000000789000000| Untracked 
| 457|0x0000000789200000, 0x0000000789200000, 0x0000000789400000|  0%| F|  |TAMS 0x0000000789200000, 0x0000000789200000| Untracked 
| 458|0x0000000789400000, 0x0000000789400000, 0x0000000789600000|  0%| F|  |TAMS 0x0000000789400000, 0x0000000789400000| Untracked 
| 459|0x0000000789600000, 0x0000000789600000, 0x0000000789800000|  0%| F|  |TAMS 0x0000000789600000, 0x0000000789600000| Untracked 
| 460|0x0000000789800000, 0x0000000789800000, 0x0000000789a00000|  0%| F|  |TAMS 0x0000000789800000, 0x0000000789800000| Untracked 
| 461|0x0000000789a00000, 0x0000000789a00000, 0x0000000789c00000|  0%| F|  |TAMS 0x0000000789a00000, 0x0000000789a00000| Untracked 
| 462|0x0000000789c00000, 0x0000000789c00000, 0x0000000789e00000|  0%| F|  |TAMS 0x0000000789c00000, 0x0000000789c00000| Untracked 
| 463|0x0000000789e00000, 0x0000000789e00000, 0x000000078a000000|  0%| F|  |TAMS 0x0000000789e00000, 0x0000000789e00000| Untracked 
| 464|0x000000078a000000, 0x000000078a000000, 0x000000078a200000|  0%| F|  |TAMS 0x000000078a000000, 0x000000078a000000| Untracked 
| 465|0x000000078a200000, 0x000000078a200000, 0x000000078a400000|  0%| F|  |TAMS 0x000000078a200000, 0x000000078a200000| Untracked 
| 466|0x000000078a400000, 0x000000078a400000, 0x000000078a600000|  0%| F|  |TAMS 0x000000078a400000, 0x000000078a400000| Untracked 
| 467|0x000000078a600000, 0x000000078a600000, 0x000000078a800000|  0%| F|  |TAMS 0x000000078a600000, 0x000000078a600000| Untracked 
| 468|0x000000078a800000, 0x000000078a800000, 0x000000078aa00000|  0%| F|  |TAMS 0x000000078a800000, 0x000000078a800000| Untracked 
| 469|0x000000078aa00000, 0x000000078aa00000, 0x000000078ac00000|  0%| F|  |TAMS 0x000000078aa00000, 0x000000078aa00000| Untracked 
| 470|0x000000078ac00000, 0x000000078ac00000, 0x000000078ae00000|  0%| F|  |TAMS 0x000000078ac00000, 0x000000078ac00000| Untracked 
| 471|0x000000078ae00000, 0x000000078ae00000, 0x000000078b000000|  0%| F|  |TAMS 0x000000078ae00000, 0x000000078ae00000| Untracked 
| 472|0x000000078b000000, 0x000000078b000000, 0x000000078b200000|  0%| F|  |TAMS 0x000000078b000000, 0x000000078b000000| Untracked 
| 473|0x000000078b200000, 0x000000078b200000, 0x000000078b400000|  0%| F|  |TAMS 0x000000078b200000, 0x000000078b200000| Untracked 
| 474|0x000000078b400000, 0x000000078b400000, 0x000000078b600000|  0%| F|  |TAMS 0x000000078b400000, 0x000000078b400000| Untracked 
| 475|0x000000078b600000, 0x000000078b600000, 0x000000078b800000|  0%| F|  |TAMS 0x000000078b600000, 0x000000078b600000| Untracked 
| 476|0x000000078b800000, 0x000000078b800000, 0x000000078ba00000|  0%| F|  |TAMS 0x000000078b800000, 0x000000078b800000| Untracked 
| 477|0x000000078ba00000, 0x000000078ba00000, 0x000000078bc00000|  0%| F|  |TAMS 0x000000078ba00000, 0x000000078ba00000| Untracked 
| 478|0x000000078bc00000, 0x000000078bc00000, 0x000000078be00000|  0%| F|  |TAMS 0x000000078bc00000, 0x000000078bc00000| Untracked 
| 479|0x000000078be00000, 0x000000078be00000, 0x000000078c000000|  0%| F|  |TAMS 0x000000078be00000, 0x000000078be00000| Untracked 
| 480|0x000000078c000000, 0x000000078c000000, 0x000000078c200000|  0%| F|  |TAMS 0x000000078c000000, 0x000000078c000000| Untracked 
| 481|0x000000078c200000, 0x000000078c200000, 0x000000078c400000|  0%| F|  |TAMS 0x000000078c200000, 0x000000078c200000| Untracked 
| 482|0x000000078c400000, 0x000000078c400000, 0x000000078c600000|  0%| F|  |TAMS 0x000000078c400000, 0x000000078c400000| Untracked 
| 483|0x000000078c600000, 0x000000078c600000, 0x000000078c800000|  0%| F|  |TAMS 0x000000078c600000, 0x000000078c600000| Untracked 
| 484|0x000000078c800000, 0x000000078c800000, 0x000000078ca00000|  0%| F|  |TAMS 0x000000078c800000, 0x000000078c800000| Untracked 
| 485|0x000000078ca00000, 0x000000078ca00000, 0x000000078cc00000|  0%| F|  |TAMS 0x000000078ca00000, 0x000000078ca00000| Untracked 
| 486|0x000000078cc00000, 0x000000078cc00000, 0x000000078ce00000|  0%| F|  |TAMS 0x000000078cc00000, 0x000000078cc00000| Untracked 
| 487|0x000000078ce00000, 0x000000078ce00000, 0x000000078d000000|  0%| F|  |TAMS 0x000000078ce00000, 0x000000078ce00000| Untracked 
| 488|0x000000078d000000, 0x000000078d000000, 0x000000078d200000|  0%| F|  |TAMS 0x000000078d000000, 0x000000078d000000| Untracked 
| 489|0x000000078d200000, 0x000000078d200000, 0x000000078d400000|  0%| F|  |TAMS 0x000000078d200000, 0x000000078d200000| Untracked 
| 490|0x000000078d400000, 0x000000078d400000, 0x000000078d600000|  0%| F|  |TAMS 0x000000078d400000, 0x000000078d400000| Untracked 
| 491|0x000000078d600000, 0x000000078d600000, 0x000000078d800000|  0%| F|  |TAMS 0x000000078d600000, 0x000000078d600000| Untracked 
| 492|0x000000078d800000, 0x000000078d800000, 0x000000078da00000|  0%| F|  |TAMS 0x000000078d800000, 0x000000078d800000| Untracked 
| 493|0x000000078da00000, 0x000000078dacc030, 0x000000078dc00000| 39%| S|CS|TAMS 0x000000078da00000, 0x000000078da00000| Complete 
| 494|0x000000078dc00000, 0x000000078de00000, 0x000000078de00000|100%| S|CS|TAMS 0x000000078dc00000, 0x000000078dc00000| Complete 
| 495|0x000000078de00000, 0x000000078e000000, 0x000000078e000000|100%| S|CS|TAMS 0x000000078de00000, 0x000000078de00000| Complete 
| 496|0x000000078e000000, 0x000000078e000000, 0x000000078e200000|  0%| F|  |TAMS 0x000000078e000000, 0x000000078e000000| Untracked 
| 497|0x000000078e200000, 0x000000078e200000, 0x000000078e400000|  0%| F|  |TAMS 0x000000078e200000, 0x000000078e200000| Untracked 
| 498|0x000000078e400000, 0x000000078e400000, 0x000000078e600000|  0%| F|  |TAMS 0x000000078e400000, 0x000000078e400000| Untracked 
| 499|0x000000078e600000, 0x000000078e600000, 0x000000078e800000|  0%| F|  |TAMS 0x000000078e600000, 0x000000078e600000| Untracked 
| 500|0x000000078e800000, 0x000000078e800000, 0x000000078ea00000|  0%| F|  |TAMS 0x000000078e800000, 0x000000078e800000| Untracked 
| 501|0x000000078ea00000, 0x000000078ea00000, 0x000000078ec00000|  0%| F|  |TAMS 0x000000078ea00000, 0x000000078ea00000| Untracked 
| 502|0x000000078ec00000, 0x000000078ec00000, 0x000000078ee00000|  0%| F|  |TAMS 0x000000078ec00000, 0x000000078ec00000| Untracked 
| 503|0x000000078ee00000, 0x000000078ee00000, 0x000000078f000000|  0%| F|  |TAMS 0x000000078ee00000, 0x000000078ee00000| Untracked 
| 504|0x000000078f000000, 0x000000078f000000, 0x000000078f200000|  0%| F|  |TAMS 0x000000078f000000, 0x000000078f000000| Untracked 
| 505|0x000000078f200000, 0x000000078f200000, 0x000000078f400000|  0%| F|  |TAMS 0x000000078f200000, 0x000000078f200000| Untracked 
| 506|0x000000078f400000, 0x000000078f400000, 0x000000078f600000|  0%| F|  |TAMS 0x000000078f400000, 0x000000078f400000| Untracked 
| 507|0x000000078f600000, 0x000000078f600000, 0x000000078f800000|  0%| F|  |TAMS 0x000000078f600000, 0x000000078f600000| Untracked 
| 508|0x000000078f800000, 0x000000078f800000, 0x000000078fa00000|  0%| F|  |TAMS 0x000000078f800000, 0x000000078f800000| Untracked 
| 509|0x000000078fa00000, 0x000000078fa00000, 0x000000078fc00000|  0%| F|  |TAMS 0x000000078fa00000, 0x000000078fa00000| Untracked 
| 510|0x000000078fc00000, 0x000000078fc00000, 0x000000078fe00000|  0%| F|  |TAMS 0x000000078fc00000, 0x000000078fc00000| Untracked 
| 511|0x000000078fe00000, 0x000000078fe00000, 0x0000000790000000|  0%| F|  |TAMS 0x000000078fe00000, 0x000000078fe00000| Untracked 
| 512|0x0000000790000000, 0x0000000790000000, 0x0000000790200000|  0%| F|  |TAMS 0x0000000790000000, 0x0000000790000000| Untracked 
| 513|0x0000000790200000, 0x0000000790200000, 0x0000000790400000|  0%| F|  |TAMS 0x0000000790200000, 0x0000000790200000| Untracked 
| 514|0x0000000790400000, 0x0000000790400000, 0x0000000790600000|  0%| F|  |TAMS 0x0000000790400000, 0x0000000790400000| Untracked 
| 515|0x0000000790600000, 0x0000000790600000, 0x0000000790800000|  0%| F|  |TAMS 0x0000000790600000, 0x0000000790600000| Untracked 
| 516|0x0000000790800000, 0x0000000790800000, 0x0000000790a00000|  0%| F|  |TAMS 0x0000000790800000, 0x0000000790800000| Untracked 
| 517|0x0000000790a00000, 0x0000000790a00000, 0x0000000790c00000|  0%| F|  |TAMS 0x0000000790a00000, 0x0000000790a00000| Untracked 
| 518|0x0000000790c00000, 0x0000000790c00000, 0x0000000790e00000|  0%| F|  |TAMS 0x0000000790c00000, 0x0000000790c00000| Untracked 
| 519|0x0000000790e00000, 0x0000000790e00000, 0x0000000791000000|  0%| F|  |TAMS 0x0000000790e00000, 0x0000000790e00000| Untracked 
| 520|0x0000000791000000, 0x0000000791000000, 0x0000000791200000|  0%| F|  |TAMS 0x0000000791000000, 0x0000000791000000| Untracked 
| 521|0x0000000791200000, 0x0000000791200000, 0x0000000791400000|  0%| F|  |TAMS 0x0000000791200000, 0x0000000791200000| Untracked 
| 522|0x0000000791400000, 0x0000000791400000, 0x0000000791600000|  0%| F|  |TAMS 0x0000000791400000, 0x0000000791400000| Untracked 
| 523|0x0000000791600000, 0x0000000791600000, 0x0000000791800000|  0%| F|  |TAMS 0x0000000791600000, 0x0000000791600000| Untracked 
| 524|0x0000000791800000, 0x0000000791800000, 0x0000000791a00000|  0%| F|  |TAMS 0x0000000791800000, 0x0000000791800000| Untracked 
| 525|0x0000000791a00000, 0x0000000791a00000, 0x0000000791c00000|  0%| F|  |TAMS 0x0000000791a00000, 0x0000000791a00000| Untracked 
| 526|0x0000000791c00000, 0x0000000791c00000, 0x0000000791e00000|  0%| F|  |TAMS 0x0000000791c00000, 0x0000000791c00000| Untracked 
| 527|0x0000000791e00000, 0x0000000791e00000, 0x0000000792000000|  0%| F|  |TAMS 0x0000000791e00000, 0x0000000791e00000| Untracked 
| 528|0x0000000792000000, 0x0000000792000000, 0x0000000792200000|  0%| F|  |TAMS 0x0000000792000000, 0x0000000792000000| Untracked 
| 529|0x0000000792200000, 0x0000000792200000, 0x0000000792400000|  0%| F|  |TAMS 0x0000000792200000, 0x0000000792200000| Untracked 
| 530|0x0000000792400000, 0x0000000792400000, 0x0000000792600000|  0%| F|  |TAMS 0x0000000792400000, 0x0000000792400000| Untracked 
| 531|0x0000000792600000, 0x0000000792600000, 0x0000000792800000|  0%| F|  |TAMS 0x0000000792600000, 0x0000000792600000| Untracked 
| 532|0x0000000792800000, 0x0000000792800000, 0x0000000792a00000|  0%| F|  |TAMS 0x0000000792800000, 0x0000000792800000| Untracked 
| 533|0x0000000792a00000, 0x0000000792a00000, 0x0000000792c00000|  0%| F|  |TAMS 0x0000000792a00000, 0x0000000792a00000| Untracked 
| 534|0x0000000792c00000, 0x0000000792c00000, 0x0000000792e00000|  0%| F|  |TAMS 0x0000000792c00000, 0x0000000792c00000| Untracked 
| 535|0x0000000792e00000, 0x0000000792e00000, 0x0000000793000000|  0%| F|  |TAMS 0x0000000792e00000, 0x0000000792e00000| Untracked 
| 536|0x0000000793000000, 0x0000000793000000, 0x0000000793200000|  0%| F|  |TAMS 0x0000000793000000, 0x0000000793000000| Untracked 
| 537|0x0000000793200000, 0x0000000793200000, 0x0000000793400000|  0%| F|  |TAMS 0x0000000793200000, 0x0000000793200000| Untracked 
| 538|0x0000000793400000, 0x0000000793400000, 0x0000000793600000|  0%| F|  |TAMS 0x0000000793400000, 0x0000000793400000| Untracked 
| 539|0x0000000793600000, 0x0000000793600000, 0x0000000793800000|  0%| F|  |TAMS 0x0000000793600000, 0x0000000793600000| Untracked 
| 540|0x0000000793800000, 0x0000000793903c38, 0x0000000793a00000| 50%| E|  |TAMS 0x0000000793800000, 0x0000000793800000| Complete 
| 541|0x0000000793a00000, 0x0000000793c00000, 0x0000000793c00000|100%| E|CS|TAMS 0x0000000793a00000, 0x0000000793a00000| Complete 
| 542|0x0000000793c00000, 0x0000000793e00000, 0x0000000793e00000|100%| E|CS|TAMS 0x0000000793c00000, 0x0000000793c00000| Complete 
| 543|0x0000000793e00000, 0x0000000794000000, 0x0000000794000000|100%| E|CS|TAMS 0x0000000793e00000, 0x0000000793e00000| Complete 
| 544|0x0000000794000000, 0x0000000794200000, 0x0000000794200000|100%| E|CS|TAMS 0x0000000794000000, 0x0000000794000000| Complete 
|1406|0x00000007ffc00000, 0x00000007ffd75000, 0x00000007ffe00000| 72%|OA|  |TAMS 0x00000007ffd75000, 0x00000007ffc00000| Untracked 
|1407|0x00000007ffe00000, 0x00000007ffe78000, 0x0000000800000000| 23%|CA|  |TAMS 0x00000007ffe78000, 0x00000007ffe00000| Untracked 

Card table byte_map: [0x0000780d7d60b000,0x0000780d7db8b000] _byte_map_base: 0x0000780d79b8b000

Marking Bits (Prev, Next): (CMBitMap*) 0x0000780d78074550, (CMBitMap*) 0x0000780d78074590
 Prev Bits: [0x0000780d5e800000, 0x0000780d61400000)
 Next Bits: [0x0000780d5bc00000, 0x0000780d5e800000)

Polling page: 0x0000780d81116000

Metaspace:

Usage:
  Non-class:    111.21 MB used.
      Class:     13.18 MB used.
       Both:    124.39 MB used.

Virtual space:
  Non-class space:      128.00 MB reserved,     111.62 MB ( 87%) committed,  2 nodes.
      Class space:        1.00 GB reserved,      13.62 MB (  1%) committed,  1 nodes.
             Both:        1.12 GB reserved,     125.25 MB ( 11%) committed. 

Chunk freelists:
   Non-Class:  15.56 MB
       Class:  2.25 MB
        Both:  17.82 MB

MaxMetaspaceSize: unlimited
CompressedClassSpaceSize: 1.00 GB
Initial GC threshold: 21.00 MB
Current GC threshold: 208.75 MB
CDS: on
MetaspaceReclaimPolicy: balanced
 - commit_granule_bytes: 65536.
 - commit_granule_words: 8192.
 - virtual_space_node_default_size: 8388608.
 - enlarge_chunks_in_place: 1.
 - new_chunks_are_fully_committed: 0.
 - uncommit_free_chunks: 1.
 - use_allocation_guard: 0.
 - handle_deallocations: 1.


Internal statistics:

num_allocs_failed_limit: 9.
num_arena_births: 1652.
num_arena_deaths: 134.
num_vsnodes_births: 3.
num_vsnodes_deaths: 0.
num_space_committed: 2004.
num_space_uncommitted: 0.
num_chunks_returned_to_freelist: 210.
num_chunks_taken_from_freelist: 6978.
num_chunk_merges: 37.
num_chunk_splits: 4437.
num_chunks_enlarged: 2923.
num_inconsistent_stats: 0.

CodeHeap 'non-profiled nmethods': size=120028Kb used=16090Kb max_used=16090Kb free=103937Kb
 bounds [0x0000780d68ec9000, 0x0000780d69e89000, 0x0000780d70400000]
CodeHeap 'profiled nmethods': size=120028Kb used=31832Kb max_used=31968Kb free=88195Kb
 bounds [0x0000780d61400000, 0x0000780d63380000, 0x0000780d68937000]
CodeHeap 'non-nmethods': size=5704Kb used=1510Kb max_used=1615Kb free=4193Kb
 bounds [0x0000780d68937000, 0x0000780d68ba7000, 0x0000780d68ec9000]
 total_blobs=16712 nmethods=15905 adapters=719
 compilation: enabled
              stopped_count=0, restarted_count=0
 full_count=0

Compilation events (20 events):
Event: 352.115 Thread 0x0000780d78157e80 21490       4       org.hibernate.engine.internal.StatefulPersistenceContext::addEntry (117 bytes)
Event: 352.115 Thread 0x0000780d7815a950 21494       3       com.apmosys.employeeportal.model.QuestionMaster::<init> (5 bytes)
Event: 352.116 Thread 0x0000780d7815a950 nmethod 21494 0x0000780d625ccf10 code [0x0000780d625cd0c0, 0x0000780d625cd210]
Event: 352.116 Thread 0x0000780d7815a950 21495   !   3       jdk.internal.reflect.GeneratedConstructorAccessor164::newInstance (49 bytes)
Event: 352.116 Thread 0x0000780d7815a950 nmethod 21495 0x0000780d62cba010 code [0x0000780d62cba200, 0x0000780d62cba6a0]
Event: 352.124 Thread 0x0000780d78157e80 nmethod 21490 0x0000780d69bc2390 code [0x0000780d69bc2560, 0x0000780d69bc3048]
Event: 352.124 Thread 0x0000780d78157e80 21491       4       org.hibernate.engine.internal.MutableEntityEntryFactory::createEntityEntry (25 bytes)
Event: 352.131 Thread 0x0000780d78157e80 nmethod 21491 0x0000780d69bc1610 code [0x0000780d69bc17a0, 0x0000780d69bc2138]
Event: 352.131 Thread 0x0000780d78157e80 21492       4       org.hibernate.engine.internal.EntityEntryContext::addEntityEntry (338 bytes)
Event: 352.137 Thread 0x0000780d7815a950 21499       1       org.hibernate.engine.jdbc.internal.JdbcCoordinatorImpl::getLogicalConnection (5 bytes)
Event: 352.137 Thread 0x0000780d7815a950 nmethod 21499 0x0000780d69bc1310 code [0x0000780d69bc14a0, 0x0000780d69bc1570]
Event: 352.162 Thread 0x0000780d78157e80 nmethod 21492 0x0000780d69bbf210 code [0x0000780d69bbf420, 0x0000780d69bc09d0]
Event: 352.163 Thread 0x0000780d78157e80 21493       4       org.hibernate.engine.internal.MutableEntityEntry::<init> (22 bytes)
Event: 352.170 Thread 0x0000780d78157e80 nmethod 21493 0x0000780d69bbe510 code [0x0000780d69bbe6a0, 0x0000780d69bbf038]
Event: 352.170 Thread 0x0000780d78157e80 21496       4       org.hibernate.engine.internal.AbstractEntityEntry::<init> (89 bytes)
Event: 352.176 Thread 0x0000780d78157e80 nmethod 21496 0x0000780d69bbd910 code [0x0000780d69bbdaa0, 0x0000780d69bbe378]
Event: 352.176 Thread 0x0000780d78157e80 21497       4       org.hibernate.engine.spi.EntityKey::<init> (37 bytes)
Event: 352.189 Thread 0x0000780d78157e80 nmethod 21497 0x0000780d69e7e490 code [0x0000780d69e7e680, 0x0000780d69e7f018]
Event: 352.189 Thread 0x0000780d78157e80 21498       4       org.hibernate.engine.spi.EntityKey::generateHashCode (66 bytes)
Event: 352.200 Thread 0x0000780d78157e80 nmethod 21498 0x0000780d69e7f610 code [0x0000780d69e7f800, 0x0000780d69e7ff78]

GC Heap History (20 events):
Event: 350.101 GC heap before
{Heap before GC invocations=115 (full 2):
 garbage-first heap   total 567296K, used 189940K [0x0000000750000000, 0x0000000800000000)
  region size 2048K, 14 young (28672K), 8 survivors (16384K)
 Metaspace       used 126155K, committed 127104K, reserved 1179648K
  class space    used 13432K, committed 13952K, reserved 1048576K
}
Event: 350.113 GC heap after
{Heap after GC invocations=116 (full 2):
 garbage-first heap   total 567296K, used 184389K [0x0000000750000000, 0x0000000800000000)
  region size 2048K, 14 young (28672K), 14 survivors (28672K)
 Metaspace       used 126155K, committed 127104K, reserved 1179648K
  class space    used 13432K, committed 13952K, reserved 1048576K
}
Event: 350.208 GC heap before
{Heap before GC invocations=117 (full 2):
 garbage-first heap   total 567296K, used 213061K [0x0000000750000000, 0x0000000800000000)
  region size 2048K, 23 young (47104K), 14 survivors (28672K)
 Metaspace       used 126155K, committed 127104K, reserved 1179648K
  class space    used 13432K, committed 13952K, reserved 1048576K
}
Event: 350.231 GC heap after
{Heap after GC invocations=118 (full 2):
 garbage-first heap   total 567296K, used 201798K [0x0000000750000000, 0x0000000800000000)
  region size 2048K, 11 young (22528K), 11 survivors (22528K)
 Metaspace       used 126155K, committed 127104K, reserved 1179648K
  class space    used 13432K, committed 13952K, reserved 1048576K
}
Event: 350.348 GC heap before
{Heap before GC invocations=119 (full 2):
 garbage-first heap   total 567296K, used 234566K [0x0000000750000000, 0x0000000800000000)
  region size 2048K, 20 young (40960K), 11 survivors (22528K)
 Metaspace       used 126155K, committed 127104K, reserved 1179648K
  class space    used 13432K, committed 13952K, reserved 1048576K
}
Event: 350.369 GC heap after
{Heap after GC invocations=120 (full 2):
 garbage-first heap   total 567296K, used 230805K [0x0000000750000000, 0x0000000800000000)
  region size 2048K, 9 young (18432K), 9 survivors (18432K)
 Metaspace       used 126155K, committed 127104K, reserved 1179648K
  class space    used 13432K, committed 13952K, reserved 1048576K
}
Event: 350.522 GC heap before
{Heap before GC invocations=121 (full 2):
 garbage-first heap   total 567296K, used 251285K [0x0000000750000000, 0x0000000800000000)
  region size 2048K, 17 young (34816K), 9 survivors (18432K)
 Metaspace       used 126135K, committed 127104K, reserved 1179648K
  class space    used 13428K, committed 13952K, reserved 1048576K
}
Event: 350.540 GC heap after
{Heap after GC invocations=122 (full 2):
 garbage-first heap   total 567296K, used 249752K [0x0000000750000000, 0x0000000800000000)
  region size 2048K, 7 young (14336K), 7 survivors (14336K)
 Metaspace       used 126135K, committed 127104K, reserved 1179648K
  class space    used 13428K, committed 13952K, reserved 1048576K
}
Event: 350.882 GC heap before
{Heap before GC invocations=123 (full 2):
 garbage-first heap   total 567296K, used 382872K [0x0000000750000000, 0x0000000800000000)
  region size 2048K, 46 young (94208K), 7 survivors (14336K)
 Metaspace       used 126136K, committed 127104K, reserved 1179648K
  class space    used 13428K, committed 13952K, reserved 1048576K
}
Event: 350.944 GC heap after
{Heap after GC invocations=124 (full 2):
 garbage-first heap   total 567296K, used 360026K [0x0000000750000000, 0x0000000800000000)
  region size 2048K, 6 young (12288K), 6 survivors (12288K)
 Metaspace       used 126136K, committed 127104K, reserved 1179648K
  class space    used 13428K, committed 13952K, reserved 1048576K
}
Event: 351.022 GC heap before
{Heap before GC invocations=124 (full 2):
 garbage-first heap   total 567296K, used 380506K [0x0000000750000000, 0x0000000800000000)
  region size 2048K, 13 young (26624K), 6 survivors (12288K)
 Metaspace       used 126143K, committed 127104K, reserved 1179648K
  class space    used 13429K, committed 13952K, reserved 1048576K
}
Event: 351.044 GC heap after
{Heap after GC invocations=125 (full 2):
 garbage-first heap   total 567296K, used 383083K [0x0000000750000000, 0x0000000800000000)
  region size 2048K, 2 young (4096K), 2 survivors (4096K)
 Metaspace       used 126143K, committed 127104K, reserved 1179648K
  class space    used 13429K, committed 13952K, reserved 1048576K
}
Event: 351.097 GC heap before
{Heap before GC invocations=125 (full 2):
 garbage-first heap   total 567296K, used 391275K [0x0000000750000000, 0x0000000800000000)
  region size 2048K, 7 young (14336K), 2 survivors (4096K)
 Metaspace       used 126143K, committed 127104K, reserved 1179648K
  class space    used 13429K, committed 13952K, reserved 1048576K
}
Event: 351.107 GC heap after
{Heap after GC invocations=126 (full 2):
 garbage-first heap   total 1120256K, used 394271K [0x0000000750000000, 0x0000000800000000)
  region size 2048K, 3 young (6144K), 3 survivors (6144K)
 Metaspace       used 126143K, committed 127104K, reserved 1179648K
  class space    used 13429K, committed 13952K, reserved 1048576K
}
Event: 351.470 GC heap before
{Heap before GC invocations=127 (full 2):
 garbage-first heap   total 1120256K, used 580639K [0x0000000750000000, 0x0000000800000000)
  region size 2048K, 95 young (194560K), 3 survivors (6144K)
 Metaspace       used 126667K, committed 127552K, reserved 1179648K
  class space    used 13457K, committed 13952K, reserved 1048576K
}
Event: 351.496 GC heap after
{Heap after GC invocations=128 (full 2):
 garbage-first heap   total 1120256K, used 418479K [0x0000000750000000, 0x0000000800000000)
  region size 2048K, 12 young (24576K), 12 survivors (24576K)
 Metaspace       used 126667K, committed 127552K, reserved 1179648K
  class space    used 13457K, committed 13952K, reserved 1048576K
}
Event: 351.536 GC heap before
{Heap before GC invocations=128 (full 2):
 garbage-first heap   total 1120256K, used 449199K [0x0000000750000000, 0x0000000800000000)
  region size 2048K, 27 young (55296K), 12 survivors (24576K)
 Metaspace       used 126954K, committed 127808K, reserved 1179648K
  class space    used 13473K, committed 13952K, reserved 1048576K
}
Event: 351.557 GC heap after
{Heap after GC invocations=129 (full 2):
 garbage-first heap   total 1120256K, used 422514K [0x0000000750000000, 0x0000000800000000)
  region size 2048K, 2 young (4096K), 2 survivors (4096K)
 Metaspace       used 126954K, committed 127808K, reserved 1179648K
  class space    used 13473K, committed 13952K, reserved 1048576K
}
Event: 352.019 GC heap before
{Heap before GC invocations=129 (full 2):
 garbage-first heap   total 1120256K, used 516722K [0x0000000750000000, 0x0000000800000000)
  region size 2048K, 49 young (100352K), 2 survivors (4096K)
 Metaspace       used 127371K, committed 128192K, reserved 1179648K
  class space    used 13495K, committed 13952K, reserved 1048576K
}
Event: 352.022 GC heap after
{Heap after GC invocations=130 (full 2):
 garbage-first heap   total 1120256K, used 423782K [0x0000000750000000, 0x0000000800000000)
  region size 2048K, 3 young (6144K), 3 survivors (6144K)
 Metaspace       used 127371K, committed 128192K, reserved 1179648K
  class space    used 13495K, committed 13952K, reserved 1048576K
}

Dll operation events (17 events):
Event: 0.004 Loaded shared library /usr/lib/jvm/java-17-openjdk-amd64/lib/libjava.so
Event: 0.027 Loaded shared library /usr/lib/jvm/java-17-openjdk-amd64/lib/libjsvml.so
Event: 0.224 Loaded shared library /usr/lib/jvm/java-17-openjdk-amd64/lib/libnio.so
Event: 0.226 Loaded shared library /usr/lib/jvm/java-17-openjdk-amd64/lib/libzip.so
Event: 0.284 Loaded shared library /usr/lib/jvm/java-17-openjdk-amd64/lib/libverify.so
Event: 0.287 Loaded shared library /usr/lib/jvm/java-17-openjdk-amd64/lib/libjimage.so
Event: 0.321 Loaded shared library /usr/lib/jvm/java-17-openjdk-amd64/lib/libnet.so
Event: 0.509 Loaded shared library /usr/lib/jvm/java-17-openjdk-amd64/lib/libmanagement.so
Event: 0.510 Loaded shared library /usr/lib/jvm/java-17-openjdk-amd64/lib/libmanagement_ext.so
Event: 3.924 Loaded shared library /usr/lib/jvm/java-17-openjdk-amd64/lib/libextnet.so
Event: 17.764 Loaded shared library /home/rishabh.verma@apmosys.mahape/.cache/JNA/temp/jna11750924225630744781.tmp
Event: 17.797 Loaded shared library /home/rishabh.verma@apmosys.mahape/.djl.ai/pytorch/2.0.1-cpu-linux-x86_64/libc10.so
Event: 17.797 Loaded shared library /home/rishabh.verma@apmosys.mahape/.djl.ai/pytorch/2.0.1-cpu-linux-x86_64/libgomp-52f2fd74.so.1
Event: 18.062 Loaded shared library /home/rishabh.verma@apmosys.mahape/.djl.ai/pytorch/2.0.1-cpu-linux-x86_64/libtorch_cpu.so
Event: 18.063 Loaded shared library /home/rishabh.verma@apmosys.mahape/.djl.ai/pytorch/2.0.1-cpu-linux-x86_64/libtorch.so
Event: 18.063 Loaded shared library /home/rishabh.verma@apmosys.mahape/.djl.ai/pytorch/2.0.1-cpu-linux-x86_64/0.24.0-libdjl_torch.so
Event: 18.442 Loaded shared library /home/rishabh.verma@apmosys.mahape/.djl.ai/tokenizers/0.13.3-0.24.0-linux-x86_64/libtokenizers.so

Deoptimization events (20 events):
Event: 351.652 Thread 0x0000780cac3f1f10 DEOPT PACKING pc=0x0000780d61d76614 sp=0x0000780cfe6f3b80
Event: 351.652 Thread 0x0000780cac3f1f10 DEOPT UNPACKING pc=0x0000780d6898de2f sp=0x0000780cfe6f3078 mode 1
Event: 351.652 Thread 0x0000780cac3f1f10 DEOPT PACKING pc=0x0000780d61666c1c sp=0x0000780cfe6f3c00
Event: 351.652 Thread 0x0000780cac3f1f10 DEOPT UNPACKING pc=0x0000780d6898de2f sp=0x0000780cfe6f30b8 mode 1
Event: 351.652 Thread 0x0000780cac3f1f10 DEOPT PACKING pc=0x0000780d623d5b9f sp=0x0000780cfe6f3910
Event: 351.652 Thread 0x0000780cac3f1f10 DEOPT UNPACKING pc=0x0000780d6898de2f sp=0x0000780cfe6f2ea0 mode 1
Event: 351.652 Thread 0x0000780cac3f1f10 DEOPT PACKING pc=0x0000780d6216ad14 sp=0x0000780cfe6f3a40
Event: 351.652 Thread 0x0000780cac3f1f10 DEOPT UNPACKING pc=0x0000780d6898de2f sp=0x0000780cfe6f2eb0 mode 1
Event: 351.652 Thread 0x0000780cac3f1f10 DEOPT PACKING pc=0x0000780d618902f4 sp=0x0000780cfe6f3aa0
Event: 351.652 Thread 0x0000780cac3f1f10 DEOPT UNPACKING pc=0x0000780d6898de2f sp=0x0000780cfe6f2fa0 mode 1
Event: 351.652 Thread 0x0000780cac3f1f10 DEOPT PACKING pc=0x0000780d69ba9a2c sp=0x0000780cfe6f3b30
Event: 351.652 Thread 0x0000780cac3f1f10 DEOPT UNPACKING pc=0x0000780d6898de2f sp=0x0000780cfe6f2f30 mode 1
Event: 351.652 Thread 0x0000780cac3f1f10 DEOPT PACKING pc=0x0000780d61d76614 sp=0x0000780cfe6f3bd0
Event: 351.652 Thread 0x0000780cac3f1f10 DEOPT UNPACKING pc=0x0000780d6898de2f sp=0x0000780cfe6f30c8 mode 1
Event: 351.652 Thread 0x0000780cac3f1f10 DEOPT PACKING pc=0x0000780d61666c1c sp=0x0000780cfe6f3c50
Event: 351.652 Thread 0x0000780cac3f1f10 DEOPT UNPACKING pc=0x0000780d6898de2f sp=0x0000780cfe6f3108 mode 1
Event: 351.652 Thread 0x0000780cac3f1f10 DEOPT PACKING pc=0x0000780d62f8b27c sp=0x0000780cfe6f3d60
Event: 351.652 Thread 0x0000780cac3f1f10 DEOPT UNPACKING pc=0x0000780d6898de2f sp=0x0000780cfe6f3388 mode 1
Event: 351.652 Thread 0x0000780cac3f1f10 DEOPT PACKING pc=0x0000780d61ed1194 sp=0x0000780cfe6f3f30
Event: 351.652 Thread 0x0000780cac3f1f10 DEOPT UNPACKING pc=0x0000780d6898de2f sp=0x0000780cfe6f3400 mode 1

Classes loaded (20 events):
Event: 351.579 Loading class java/lang/ObjectCustomizer
Event: 351.579 Loading class java/lang/ObjectCustomizer done
Event: 351.579 Loading class java/lang/ObjectCustomizer
Event: 351.579 Loading class java/lang/ObjectCustomizer done
Event: 351.603 Loading class java/lang/ObjectCustomizer
Event: 351.603 Loading class java/lang/ObjectCustomizer done
Event: 351.603 Loading class java/lang/ObjectCustomizer
Event: 351.603 Loading class java/lang/ObjectCustomizer done
Event: 351.614 Loading class java/lang/ObjectCustomizer
Event: 351.614 Loading class java/lang/ObjectCustomizer done
Event: 351.614 Loading class java/lang/ObjectCustomizer
Event: 351.614 Loading class java/lang/ObjectCustomizer done
Event: 351.633 Loading class java/lang/ObjectCustomizer
Event: 351.633 Loading class java/lang/ObjectCustomizer done
Event: 351.633 Loading class java/lang/ObjectCustomizer
Event: 351.633 Loading class java/lang/ObjectCustomizer done
Event: 351.647 Loading class java/lang/ObjectCustomizer
Event: 351.647 Loading class java/lang/ObjectCustomizer done
Event: 351.647 Loading class java/lang/ObjectCustomizer
Event: 351.647 Loading class java/lang/ObjectCustomizer done

Classes unloaded (20 events):
Event: 342.723 Thread 0x0000780d7813f580 Unloading class 0x0000780d04ce4400 'jdk/internal/reflect/GeneratedSerializationConstructorAccessor41'
Event: 342.723 Thread 0x0000780d7813f580 Unloading class 0x0000780d04ced000 'jdk/internal/reflect/GeneratedSerializationConstructorAccessor40'
Event: 349.166 Thread 0x0000780d7813f580 Unloading class 0x0000780d04d80400 'jdk/internal/reflect/GeneratedSerializationConstructorAccessor48'
Event: 349.166 Thread 0x0000780d7813f580 Unloading class 0x0000780d04d80000 'jdk/internal/reflect/GeneratedSerializationConstructorAccessor47'
Event: 350.060 Thread 0x0000780d7813f580 Unloading class 0x0000780d04d99000 'jdk/internal/reflect/GeneratedSerializationConstructorAccessor56'
Event: 350.060 Thread 0x0000780d7813f580 Unloading class 0x0000780d04d98c00 'jdk/internal/reflect/GeneratedSerializationConstructorAccessor55'
Event: 350.060 Thread 0x0000780d7813f580 Unloading class 0x0000780d04d98800 'jdk/internal/reflect/GeneratedSerializationConstructorAccessor54'
Event: 350.060 Thread 0x0000780d7813f580 Unloading class 0x0000780d04d98400 'jdk/internal/reflect/GeneratedSerializationConstructorAccessor53'
Event: 350.060 Thread 0x0000780d7813f580 Unloading class 0x0000780d04d98000 'jdk/internal/reflect/GeneratedSerializationConstructorAccessor52'
Event: 350.060 Thread 0x0000780d7813f580 Unloading class 0x0000780d04d80400 'jdk/internal/reflect/GeneratedSerializationConstructorAccessor51'
Event: 350.060 Thread 0x0000780d7813f580 Unloading class 0x0000780d04d80000 'jdk/internal/reflect/GeneratedSerializationConstructorAccessor50'
Event: 350.060 Thread 0x0000780d7813f580 Unloading class 0x0000780d04d88400 'jdk/internal/reflect/GeneratedSerializationConstructorAccessor49'
Event: 350.453 Thread 0x0000780d7813f580 Unloading class 0x0000780d04dac000 'jdk/internal/reflect/GeneratedSerializationConstructorAccessor62'
Event: 350.453 Thread 0x0000780d7813f580 Unloading class 0x0000780d04da4c00 'jdk/internal/reflect/GeneratedSerializationConstructorAccessor61'
Event: 350.453 Thread 0x0000780d7813f580 Unloading class 0x0000780d04da4800 'jdk/internal/reflect/GeneratedSerializationConstructorAccessor60'
Event: 350.453 Thread 0x0000780d7813f580 Unloading class 0x0000780d04da4400 'jdk/internal/reflect/GeneratedSerializationConstructorAccessor59'
Event: 350.453 Thread 0x0000780d7813f580 Unloading class 0x0000780d04da4000 'jdk/internal/reflect/GeneratedSerializationConstructorAccessor58'
Event: 350.453 Thread 0x0000780d7813f580 Unloading class 0x0000780d04d99400 'jdk/internal/reflect/GeneratedSerializationConstructorAccessor57'
Event: 352.151 Thread 0x0000780d7813f580 Unloading class 0x0000780d04dac400 'jdk/internal/reflect/GeneratedSerializationConstructorAccessor64'
Event: 352.151 Thread 0x0000780d7813f580 Unloading class 0x0000780d04dac000 'jdk/internal/reflect/GeneratedSerializationConstructorAccessor63'

Classes redefined (0 events):
No events

Internal exceptions (20 events):
Event: 351.465 Thread 0x0000780cac3f1f10 Exception <a 'java/lang/ClassNotFoundException'{0x00000007889bebe8}: com/apmosys/employeeportal/model/QuestionnaireCustomizer> (0x00000007889bebe8) 
thrown [./src/hotspot/share/classfile/systemDictionary.cpp, line 256]
Event: 351.466 Thread 0x0000780cac3f1f10 Exception <a 'java/lang/ClassNotFoundException'{0x00000007889fe6e8}: java/lang/ObjectCustomizer> (0x00000007889fe6e8) 
thrown [./src/hotspot/share/classfile/systemDictionary.cpp, line 256]
Event: 351.466 Thread 0x0000780cac3f1f10 Exception <a 'java/lang/ClassNotFoundException'{0x0000000788607750}: com/apmosys/employeeportal/model/QuestionCustomizer> (0x0000000788607750) 
thrown [./src/hotspot/share/classfile/systemDictionary.cpp, line 256]
Event: 351.516 Thread 0x0000780cac3f1f10 Exception <a 'java/lang/ClassNotFoundException'{0x000000079373cd88}: java/lang/ObjectCustomizer> (0x000000079373cd88) 
thrown [./src/hotspot/share/classfile/systemDictionary.cpp, line 256]
Event: 351.516 Thread 0x0000780cac3f1f10 Exception <a 'java/lang/ClassNotFoundException'{0x0000000793745d80}: com/apmosys/employeeportal/model/ReimbursementDataCustomizer> (0x0000000793745d80) 
thrown [./src/hotspot/share/classfile/systemDictionary.cpp, line 256]
Event: 351.558 Thread 0x0000780cac3f1f10 Exception <a 'java/lang/ClassNotFoundException'{0x0000000794049cb8}: java/lang/ObjectCustomizer> (0x0000000794049cb8) 
thrown [./src/hotspot/share/classfile/systemDictionary.cpp, line 256]
Event: 351.559 Thread 0x0000780cac3f1f10 Exception <a 'java/lang/ClassNotFoundException'{0x0000000794052c70}: com/apmosys/employeeportal/model/RewardsCategoryCustomizer> (0x0000000794052c70) 
thrown [./src/hotspot/share/classfile/systemDictionary.cpp, line 256]
Event: 351.569 Thread 0x0000780cac3f1f10 Exception <a 'java/lang/ClassNotFoundException'{0x00000007937dd1a0}: java/lang/ObjectCustomizer> (0x00000007937dd1a0) 
thrown [./src/hotspot/share/classfile/systemDictionary.cpp, line 256]
Event: 351.570 Thread 0x0000780cac3f1f10 Exception <a 'java/lang/ClassNotFoundException'{0x00000007937e60c8}: com/apmosys/employeeportal/model/RewardConfigCustomizer> (0x00000007937e60c8) 
thrown [./src/hotspot/share/classfile/systemDictionary.cpp, line 256]
Event: 351.579 Thread 0x0000780cac3f1f10 Exception <a 'java/lang/ClassNotFoundException'{0x00000007928469c0}: java/lang/ObjectCustomizer> (0x00000007928469c0) 
thrown [./src/hotspot/share/classfile/systemDictionary.cpp, line 256]
Event: 351.580 Thread 0x0000780cac3f1f10 Exception <a 'java/lang/ClassNotFoundException'{0x000000079284f978}: com/apmosys/employeeportal/model/EmployeeRewardsCustomizer> (0x000000079284f978) 
thrown [./src/hotspot/share/classfile/systemDictionary.cpp, line 256]
Event: 351.603 Thread 0x0000780cac3f1f10 Exception <a 'java/lang/ClassNotFoundException'{0x000000079179bb28}: java/lang/ObjectCustomizer> (0x000000079179bb28) 
thrown [./src/hotspot/share/classfile/systemDictionary.cpp, line 256]
Event: 351.603 Thread 0x0000780cac3f1f10 Exception <a 'java/lang/ClassNotFoundException'{0x00000007917a4910}: com/apmosys/employeeportal/model/SurveyCustomizer> (0x00000007917a4910) 
thrown [./src/hotspot/share/classfile/systemDictionary.cpp, line 256]
Event: 351.614 Thread 0x0000780cac3f1f10 Exception <a 'java/lang/ClassNotFoundException'{0x0000000790a17328}: java/lang/ObjectCustomizer> (0x0000000790a17328) 
thrown [./src/hotspot/share/classfile/systemDictionary.cpp, line 256]
Event: 351.614 Thread 0x0000780cac3f1f10 Exception <a 'java/lang/ClassNotFoundException'{0x0000000790a204b0}: com/apmosys/employeeportal/model/SurveyEmployeeResponseCustomizer> (0x0000000790a204b0) 
thrown [./src/hotspot/share/classfile/systemDictionary.cpp, line 256]
Event: 351.633 Thread 0x0000780cac3f1f10 Exception <a 'java/lang/ClassNotFoundException'{0x000000078fc3bb88}: java/lang/ObjectCustomizer> (0x000000078fc3bb88) 
thrown [./src/hotspot/share/classfile/systemDictionary.cpp, line 256]
Event: 351.633 Thread 0x0000780cac3f1f10 Exception <a 'java/lang/ClassNotFoundException'{0x000000078fc449b0}: com/apmosys/employeeportal/model/TravelDeskCustomizer> (0x000000078fc449b0) 
thrown [./src/hotspot/share/classfile/systemDictionary.cpp, line 256]
Event: 351.633 Thread 0x0000780cac3f1f10 Implicit null exception at 0x0000780d69e776fd to 0x0000780d69e78404
Event: 351.647 Thread 0x0000780cac3f1f10 Exception <a 'java/lang/ClassNotFoundException'{0x000000078ec71d38}: java/lang/ObjectCustomizer> (0x000000078ec71d38) 
thrown [./src/hotspot/share/classfile/systemDictionary.cpp, line 256]
Event: 351.647 Thread 0x0000780cac3f1f10 Exception <a 'java/lang/ClassNotFoundException'{0x000000078ec7ac60}: com/apmosys/employeeportal/model/TypeDocumentCustomizer> (0x000000078ec7ac60) 
thrown [./src/hotspot/share/classfile/systemDictionary.cpp, line 256]

VM Operations (20 events):
Event: 351.022 Executing VM operation: G1CollectForAllocation
Event: 351.044 Executing VM operation: G1CollectForAllocation done
Event: 351.097 Executing VM operation: G1TryInitiateConcMark
Event: 351.107 Executing VM operation: G1TryInitiateConcMark done
Event: 351.217 Executing VM operation: G1PauseRemark
Event: 351.221 Executing VM operation: G1PauseRemark done
Event: 351.280 Executing VM operation: G1PauseCleanup
Event: 351.280 Executing VM operation: G1PauseCleanup done
Event: 351.470 Executing VM operation: G1CollectForAllocation
Event: 351.496 Executing VM operation: G1CollectForAllocation done
Event: 351.536 Executing VM operation: G1CollectForAllocation
Event: 351.557 Executing VM operation: G1CollectForAllocation done
Event: 351.627 Executing VM operation: HandshakeAllThreads
Event: 351.627 Executing VM operation: HandshakeAllThreads done
Event: 352.019 Executing VM operation: G1TryInitiateConcMark
Event: 352.022 Executing VM operation: G1TryInitiateConcMark done
Event: 352.151 Executing VM operation: G1PauseRemark
Event: 352.161 Executing VM operation: G1PauseRemark done
Event: 352.231 Executing VM operation: G1PauseCleanup
Event: 352.231 Executing VM operation: G1PauseCleanup done

Memory protections (20 events):
Event: 342.778 Protecting memory [0x0000780cfe5f9000,0x0000780cfe5fd000] with protection modes 0
Event: 342.778 Protecting memory [0x0000780cfe5f9000,0x0000780cfe5fd000] with protection modes 0
Event: 342.798 Protecting memory [0x0000780cfe0f9000,0x0000780cfe0fd000] with protection modes 0
Event: 342.798 Protecting memory [0x0000780d582b2000,0x0000780d582b6000] with protection modes 0
Event: 342.866 Protecting memory [0x0000780cfe4f9000,0x0000780cfe4fd000] with protection modes 0
Event: 343.624 Protecting memory [0x0000780cfe0f9000,0x0000780cfe0fd000] with protection modes 0
Event: 343.633 Protecting memory [0x0000780d582b2000,0x0000780d582b6000] with protection modes 0
Event: 343.636 Protecting memory [0x0000780cfe4f9000,0x0000780cfe4fd000] with protection modes 0
Event: 343.724 Protecting memory [0x0000780d587b5000,0x0000780d587b9000] with protection modes 0
Event: 347.187 Protecting memory [0x0000780d582b2000,0x0000780d582b6000] with protection modes 0
Event: 348.555 Protecting memory [0x0000780cfe4f9000,0x0000780cfe4fd000] with protection modes 0
Event: 348.555 Protecting memory [0x0000780cfe3f9000,0x0000780cfe3fd000] with protection modes 0
Event: 348.556 Protecting memory [0x0000780cfe1f9000,0x0000780cfe1fd000] with protection modes 0
Event: 348.779 Protecting memory [0x0000780cfd300000,0x0000780cfd304000] with protection modes 0
Event: 348.779 Protecting memory [0x0000780d588b5000,0x0000780d588b9000] with protection modes 0
Event: 348.791 Protecting memory [0x0000780d583b2000,0x0000780d583b6000] with protection modes 0
Event: 352.145 Protecting memory [0x0000780d587b5000,0x0000780d587b9000] with protection modes 0
Event: 352.145 Protecting memory [0x0000780d582b2000,0x0000780d582b6000] with protection modes 0
Event: 352.145 Protecting memory [0x0000780cfe6f9000,0x0000780cfe6fd000] with protection modes 0
Event: 352.145 Protecting memory [0x0000780cfe2f9000,0x0000780cfe2fd000] with protection modes 0

Nmethod flushes (20 events):
Event: 351.637 Thread 0x0000780d78163a40 flushing  nmethod 0x0000780d61ecbf90
Event: 351.638 Thread 0x0000780d78163a40 flushing  nmethod 0x0000780d6214bb90
Event: 351.638 Thread 0x0000780d78163a40 flushing  nmethod 0x0000780d62183610
Event: 351.641 Thread 0x0000780d78163a40 flushing  nmethod 0x0000780d62536690
Event: 351.641 Thread 0x0000780d78163a40 flushing  nmethod 0x0000780d62578e10
Event: 351.641 Thread 0x0000780d78163a40 flushing  nmethod 0x0000780d6257e610
Event: 351.641 Thread 0x0000780d78163a40 flushing  nmethod 0x0000780d62590510
Event: 351.641 Thread 0x0000780d78163a40 flushing  nmethod 0x0000780d625ccf10
Event: 351.641 Thread 0x0000780d78163a40 flushing  nmethod 0x0000780d625e8690
Event: 351.641 Thread 0x0000780d78163a40 flushing  nmethod 0x0000780d625ecd10
Event: 351.641 Thread 0x0000780d78163a40 flushing  nmethod 0x0000780d625edd10
Event: 351.641 Thread 0x0000780d78163a40 flushing  nmethod 0x0000780d62606390
Event: 351.641 Thread 0x0000780d78163a40 flushing  nmethod 0x0000780d62606e10
Event: 351.641 Thread 0x0000780d78163a40 flushing  nmethod 0x0000780d6260c390
Event: 351.642 Thread 0x0000780d78163a40 flushing  nmethod 0x0000780d6268f810
Event: 351.642 Thread 0x0000780d78163a40 flushing  nmethod 0x0000780d626eb210
Event: 351.642 Thread 0x0000780d78163a40 flushing  nmethod 0x0000780d62700010
Event: 351.642 Thread 0x0000780d78163a40 flushing  nmethod 0x0000780d62720a10
Event: 351.643 Thread 0x0000780d78163a40 flushing  nmethod 0x0000780d628a6110
Event: 351.643 Thread 0x0000780d78163a40 flushing  nmethod 0x0000780d629f6f90

Events (20 events):
Event: 343.624 Thread 0x0000780cac3f1f10 Thread added: 0x0000780bf45d99f0
Event: 343.633 Thread 0x0000780d7815a950 Thread added: 0x0000780cd868b050
Event: 343.636 Thread 0x0000780d7815a950 Thread added: 0x0000780cd8c2d940
Event: 343.724 Thread 0x0000780bf45d99f0 Thread added: 0x0000780c54fc6860
Event: 344.439 Thread 0x0000780cd8c2d940 Thread exited: 0x0000780cd8c2d940
Event: 344.439 Thread 0x0000780cd868b050 Thread exited: 0x0000780cd868b050
Event: 347.187 Thread 0x0000780d7815a950 Thread added: 0x0000780cd8a17810
Event: 348.555 Thread 0x0000780cac3f1f10 Thread added: 0x0000780bf4583630
Event: 348.555 Thread 0x0000780cac3f1f10 Thread added: 0x0000780bf4583ba0
Event: 348.556 Thread 0x0000780cac3f1f10 Thread added: 0x0000780bf4584110
Event: 348.779 Thread 0x0000780cac3f1f10 Thread added: 0x0000780bf4434330
Event: 348.779 Thread 0x0000780cac3f1f10 Thread added: 0x0000780bf4434a70
Event: 348.791 Thread 0x0000780bf4434330 Thread added: 0x0000780b74017080
Event: 350.672 Thread 0x0000780cd8a17810 Thread exited: 0x0000780cd8a17810
Event: 350.674 Thread 0x0000780c54fc6860 Thread exited: 0x0000780c54fc6860
Event: 352.145 Thread 0x0000780cac3f1f10 Thread added: 0x0000780bf48412d0
Event: 352.145 Thread 0x0000780cac3f1f10 Thread added: 0x0000780bf45f9f20
Event: 352.145 Thread 0x0000780cac3f1f10 Thread added: 0x0000780bf45fa490
Event: 352.145 Thread 0x0000780cac3f1f10 Thread added: 0x0000780bf45faa00
Event: 353.964 Thread 0x0000780cd0001120 Thread exited: 0x0000780cd0001120


Dynamic libraries:
750000000-794200000 rw-p 00000000 00:00 0 
794200000-7ffc00000 ---p 00000000 00:00 0 
7ffc00000-7ffd00000 rw-p 00000000 00:00 0 
7ffd00000-7ffd75000 rw-p 00c77000 103:03 1615452                         /usr/lib/jvm/java-17-openjdk-amd64/lib/server/classes.jsa
7ffd75000-7ffe00000 rw-p 00000000 00:00 0 
7ffe00000-7ffe78000 rw-p 00bff000 103:03 1615452                         /usr/lib/jvm/java-17-openjdk-amd64/lib/server/classes.jsa
7ffe78000-800000000 rw-p 00000000 00:00 0 
55bc2c9be000-55bc2c9bf000 r--p 00000000 103:03 1615298                   /usr/lib/jvm/java-17-openjdk-amd64/bin/java
55bc2c9bf000-55bc2c9c0000 r-xp 00001000 103:03 1615298                   /usr/lib/jvm/java-17-openjdk-amd64/bin/java
55bc2c9c0000-55bc2c9c1000 r--p 00002000 103:03 1615298                   /usr/lib/jvm/java-17-openjdk-amd64/bin/java
55bc2c9c1000-55bc2c9c2000 r--p 00002000 103:03 1615298                   /usr/lib/jvm/java-17-openjdk-amd64/bin/java
55bc2c9c2000-55bc2c9c3000 rw-p 00003000 103:03 1615298                   /usr/lib/jvm/java-17-openjdk-amd64/bin/java
55bc57cd0000-55bc57f10000 rw-p 00000000 00:00 0                          [heap]
780b0ff16000-780b14000000 rw-p 00000000 00:00 0 
780b14000000-780b17f01000 rw-p 00000000 00:00 0 
780b17f01000-780b18000000 ---p 00000000 00:00 0 
780b18000000-780b1a40e000 rw-p 00000000 00:00 0 
780b1a40e000-780b1c000000 ---p 00000000 00:00 0 
780b1c000000-780b1ff01000 rw-p 00000000 00:00 0 
780b1ff01000-780b20000000 ---p 00000000 00:00 0 
780b20000000-780b23f01000 rw-p 00000000 00:00 0 
780b23f01000-780b24000000 ---p 00000000 00:00 0 
780b24000000-780b25cc0000 rw-p 00000000 00:00 0 
780b25cc0000-780b28000000 ---p 00000000 00:00 0 
780b28000000-780b2bf01000 rw-p 00000000 00:00 0 
780b2bf01000-780b2c000000 ---p 00000000 00:00 0 
780b2c000000-780b2ff09000 rw-p 00000000 00:00 0 
780b2ff09000-780b30000000 ---p 00000000 00:00 0 
780b30000000-780b33f1e000 rw-p 00000000 00:00 0 
780b33f1e000-780b34000000 ---p 00000000 00:00 0 
780b34000000-780b37f01000 rw-p 00000000 00:00 0 
780b37f01000-780b38000000 ---p 00000000 00:00 0 
780b38000000-780b3bf01000 rw-p 00000000 00:00 0 
780b3bf01000-780b3c000000 ---p 00000000 00:00 0 
780b3c000000-780b3c41c000 rw-p 00000000 00:00 0 
780b3c41c000-780b40000000 ---p 00000000 00:00 0 
780b40000000-780b4014a000 rw-p 00000000 00:00 0 
780b4014a000-780b44000000 ---p 00000000 00:00 0 
780b44000000-780b44311000 rw-p 00000000 00:00 0 
780b44311000-780b48000000 ---p 00000000 00:00 0 
780b48000000-780b48b0f000 rw-p 00000000 00:00 0 
780b48b0f000-780b4c000000 ---p 00000000 00:00 0 
780b4c000000-780b4e460000 rw-p 00000000 00:00 0 
780b4e460000-780b50000000 ---p 00000000 00:00 0 
780b50000000-780b50109000 rw-p 00000000 00:00 0 
780b50109000-780b54000000 ---p 00000000 00:00 0 
780b54000000-780b54102000 rw-p 00000000 00:00 0 
780b54102000-780b58000000 ---p 00000000 00:00 0 
780b58000000-780b581d5000 rw-p 00000000 00:00 0 
780b581d5000-780b5c000000 ---p 00000000 00:00 0 
780b5c000000-780b5c104000 rw-p 00000000 00:00 0 
780b5c104000-780b60000000 ---p 00000000 00:00 0 
780b60000000-780b6191c000 rw-p 00000000 00:00 0 
780b6191c000-780b64000000 ---p 00000000 00:00 0 
780b64000000-780b641c9000 rw-p 00000000 00:00 0 
780b641c9000-780b68000000 ---p 00000000 00:00 0 
780b6c000000-780b6c1cc000 rw-p 00000000 00:00 0 
780b6c1cc000-780b70000000 ---p 00000000 00:00 0 
780b74000000-780b74b7e000 rw-p 00000000 00:00 0 
780b74b7e000-780b78000000 ---p 00000000 00:00 0 
780b78000000-780b7862a000 rw-p 00000000 00:00 0 
780b7862a000-780b7c000000 ---p 00000000 00:00 0 
780b7c000000-780b7ce58000 rw-p 00000000 00:00 0 
780b7ce58000-780b80000000 ---p 00000000 00:00 0 
780b80000000-780b801c9000 rw-p 00000000 00:00 0 
780b801c9000-780b84000000 ---p 00000000 00:00 0 
780b88000000-780b88102000 rw-p 00000000 00:00 0 
780b88102000-780b8c000000 ---p 00000000 00:00 0 
780b90000000-780b901c9000 rw-p 00000000 00:00 0 
780b901c9000-780b94000000 ---p 00000000 00:00 0 
780b98000000-780b981c9000 rw-p 00000000 00:00 0 
780b981c9000-780b9c000000 ---p 00000000 00:00 0 
780b9d5fb000-780b9d5ff000 ---p 00000000 00:00 0 
780b9d5ff000-780b9d6fb000 rw-p 00000000 00:00 0 
780ba0000000-780ba01c9000 rw-p 00000000 00:00 0 
780ba01c9000-780ba4000000 ---p 00000000 00:00 0 
780ba4000000-780ba4cdb000 rw-p 00000000 00:00 0 
780ba4cdb000-780ba8000000 ---p 00000000 00:00 0 
780ba8000000-780ba81d2000 rw-p 00000000 00:00 0 
780ba81d2000-780bac000000 ---p 00000000 00:00 0 
780bb0000000-780bb0291000 rw-p 00000000 00:00 0 
780bb0291000-780bb4000000 ---p 00000000 00:00 0 
780bb4000000-780bb41cc000 rw-p 00000000 00:00 0 
780bb41cc000-780bb8000000 ---p 00000000 00:00 0 
780bb8000000-780bb8021000 rw-p 00000000 00:00 0 
780bb8021000-780bbc000000 ---p 00000000 00:00 0 
780bbc000000-780bbc021000 rw-p 00000000 00:00 0 
780bbc021000-780bc0000000 ---p 00000000 00:00 0 
780bc0000000-780bc0021000 rw-p 00000000 00:00 0 
780bc0021000-780bc4000000 ---p 00000000 00:00 0 
780bc4000000-780bc4021000 rw-p 00000000 00:00 0 
780bc4021000-780bc8000000 ---p 00000000 00:00 0 
780bc8000000-780bc8021000 rw-p 00000000 00:00 0 
780bc8021000-780bcc000000 ---p 00000000 00:00 0 
780bcc000000-780bcc021000 rw-p 00000000 00:00 0 
780bcc021000-780bd0000000 ---p 00000000 00:00 0 
780bd0000000-780bd0021000 rw-p 00000000 00:00 0 
780bd0021000-780bd4000000 ---p 00000000 00:00 0 
780bd4000000-780bd4021000 rw-p 00000000 00:00 0 
780bd4021000-780bd8000000 ---p 00000000 00:00 0 
780bd81f4000-780bd81f8000 ---p 00000000 00:00 0 
780bd81f8000-780bd82f4000 rw-p 00000000 00:00 0 
780bdb3fa000-780bdb3fb000 ---p 00000000 00:00 0 
780bdb3fb000-780bdb5fb000 rw-p 00000000 00:00 0 
780bdb5fb000-780bdb5fc000 ---p 00000000 00:00 0 
780bdb5fc000-780bdb7fc000 rw-p 00000000 00:00 0 
780bdb7fc000-780bdb7fd000 ---p 00000000 00:00 0 
780bdb7fd000-780bdb9fd000 rw-p 00000000 00:00 0 
780bdb9fd000-780bdb9fe000 ---p 00000000 00:00 0 
780bdb9fe000-780bdbbfe000 rw-p 00000000 00:00 0 
780bdbbfe000-780bdbbff000 ---p 00000000 00:00 0 
780bdbbff000-780bdbdff000 rw-p 00000000 00:00 0 
780bdbdff000-780bdbe00000 ---p 00000000 00:00 0 
780bdbe00000-780bdc000000 rw-p 00000000 00:00 0 
780bdc000000-780bdc021000 rw-p 00000000 00:00 0 
780bdc021000-780be0000000 ---p 00000000 00:00 0 
780be0000000-780be0021000 rw-p 00000000 00:00 0 
780be0021000-780be4000000 ---p 00000000 00:00 0 
780be4000000-780be4021000 rw-p 00000000 00:00 0 
780be4021000-780be8000000 ---p 00000000 00:00 0 
780be8000000-780be8021000 rw-p 00000000 00:00 0 
780be8021000-780bec000000 ---p 00000000 00:00 0 
780bec000000-780bec287000 rw-p 00000000 00:00 0 
780bec287000-780bf0000000 ---p 00000000 00:00 0 
780bf0000000-780bf11dc000 rw-p 00000000 00:00 0 
780bf11dc000-780bf4000000 ---p 00000000 00:00 0 
780bf4000000-780bf7f61000 rw-p 00000000 00:00 0 
780bf7f61000-780bf8000000 ---p 00000000 00:00 0 
780bf8000000-780bf9128000 rw-p 00000000 00:00 0 
780bf9128000-780bfc000000 ---p 00000000 00:00 0 
780bfc000000-780bfcc63000 rw-p 00000000 00:00 0 
780bfcc63000-780c00000000 ---p 00000000 00:00 0 
780c001fe000-780c001ff000 ---p 00000000 00:00 0 
780c001ff000-780c003ff000 rw-p 00000000 00:00 0 
780c003ff000-780c00400000 ---p 00000000 00:00 0 
780c00400000-780c00600000 rw-p 00000000 00:00 0 
780c00600000-780c0100d000 r-xp 00000000 103:05 4591129                   /home/rishabh.verma@apmosys.mahape/.djl.ai/tokenizers/0.13.3-0.24.0-linux-x86_64/libtokenizers.so
780c0100d000-780c0120d000 ---p 00a0d000 103:05 4591129                   /home/rishabh.verma@apmosys.mahape/.djl.ai/tokenizers/0.13.3-0.24.0-linux-x86_64/libtokenizers.so
780c0120d000-780c012bd000 r--p 00a0d000 103:05 4591129                   /home/rishabh.verma@apmosys.mahape/.djl.ai/tokenizers/0.13.3-0.24.0-linux-x86_64/libtokenizers.so
780c012bd000-780c012ca000 rw-p 00abd000 103:05 4591129                   /home/rishabh.verma@apmosys.mahape/.djl.ai/tokenizers/0.13.3-0.24.0-linux-x86_64/libtokenizers.so
780c012ca000-780c012e1000 rw-p 00000000 00:00 0 
780c037d0000-780c044fa000 rw-p 00000000 00:00 0 
780c044fa000-780c044fb000 ---p 00000000 00:00 0 
780c044fb000-780c04cfb000 rw-p 00000000 00:00 0 
780c04cfb000-780c04cfc000 ---p 00000000 00:00 0 
780c04cfc000-780c054fc000 rw-p 00000000 00:00 0 
780c054fc000-780c054fd000 ---p 00000000 00:00 0 
780c054fd000-780c05cfd000 rw-p 00000000 00:00 0 
780c05cfd000-780c05d01000 ---p 00000000 00:00 0 
780c05d01000-780c05dfd000 rw-p 00000000 00:00 0 
780c05ffc000-780c05ffd000 ---p 00000000 00:00 0 
780c05ffd000-780c067fd000 rw-p 00000000 00:00 0 
780c067fd000-780c067fe000 ---p 00000000 00:00 0 
780c067fe000-780c06ffe000 rw-p 00000000 00:00 0 
780c06ffe000-780c06fff000 ---p 00000000 00:00 0 
780c06fff000-780c077ff000 rw-p 00000000 00:00 0 
780c077ff000-780c07800000 ---p 00000000 00:00 0 
780c07800000-780c08000000 rw-p 00000000 00:00 0 
780c08000000-780c0bf34000 rw-p 00000000 00:00 0 
780c0bf34000-780c0c000000 ---p 00000000 00:00 0 
780c0c184000-780c0c185000 ---p 00000000 00:00 0 
780c0c185000-780c0c385000 rw-p 00000000 00:00 0 
780c0c684000-780c0c685000 ---p 00000000 00:00 0 
780c0c685000-780c0ce85000 rw-p 00000000 00:00 0 
780c0ce85000-780c0ce86000 ---p 00000000 00:00 0 
780c0ce86000-780c0d686000 rw-p 00000000 00:00 0 
780c0d686000-780c0d687000 ---p 00000000 00:00 0 
780c0d687000-780c0de87000 rw-p 00000000 00:00 0 
780c0de87000-780c0de88000 ---p 00000000 00:00 0 
780c0de88000-780c0e688000 rw-p 00000000 00:00 0 
780c0e688000-780c0e689000 ---p 00000000 00:00 0 
780c0e689000-780c0ee89000 rw-p 00000000 00:00 0 
780c0ee89000-780c0ee8a000 ---p 00000000 00:00 0 
780c0ee8a000-780c0f68a000 rw-p 00000000 00:00 0 
780c0f68a000-780c0f68b000 ---p 00000000 00:00 0 
780c0f68b000-780c0fe8b000 rw-p 00000000 00:00 0 
780c0fe8b000-780c0fe8c000 ---p 00000000 00:00 0 
780c0fe8c000-780c1068c000 rw-p 00000000 00:00 0 
780c1068c000-780c1068d000 ---p 00000000 00:00 0 
780c1068d000-780c10e8d000 rw-p 00000000 00:00 0 
780c10e8d000-780c10e8e000 ---p 00000000 00:00 0 
780c10e8e000-780c1168e000 rw-p 00000000 00:00 0 
780c1168e000-780c1168f000 ---p 00000000 00:00 0 
780c1168f000-780c11e8f000 rw-p 00000000 00:00 0 
780c11e8f000-780c11e90000 ---p 00000000 00:00 0 
780c11e90000-780c12690000 rw-p 00000000 00:00 0 
780c12690000-780c18000000 rw-p 00000000 00:00 0 
780c18000000-780c1bf47000 rw-p 00000000 00:00 0 
780c1bf47000-780c1c000000 ---p 00000000 00:00 0 
780c1c0fd000-780c1c0fe000 ---p 00000000 00:00 0 
780c1c0fe000-780c1c2fe000 rw-p 00000000 00:00 0 
780c1c2fe000-780c1c2ff000 ---p 00000000 00:00 0 
780c1c2ff000-780c1c4ff000 rw-p 00000000 00:00 0 
780c1c4ff000-780c1c500000 ---p 00000000 00:00 0 
780c1c500000-780c1c700000 rw-p 00000000 00:00 0 
780c1c800000-780c332bc000 r-xp 00000000 103:05 4591123                   /home/rishabh.verma@apmosys.mahape/.djl.ai/pytorch/2.0.1-cpu-linux-x86_64/libtorch_cpu.so
780c332bc000-780c332bd000 ---p 16abc000 103:05 4591123                   /home/rishabh.verma@apmosys.mahape/.djl.ai/pytorch/2.0.1-cpu-linux-x86_64/libtorch_cpu.so
780c332bd000-780c33672000 r--p 16abc000 103:05 4591123                   /home/rishabh.verma@apmosys.mahape/.djl.ai/pytorch/2.0.1-cpu-linux-x86_64/libtorch_cpu.so
780c33672000-780c33793000 rw-p 16e71000 103:05 4591123                   /home/rishabh.verma@apmosys.mahape/.djl.ai/pytorch/2.0.1-cpu-linux-x86_64/libtorch_cpu.so
780c33793000-780c3385f000 rw-p 00000000 00:00 0 
780c3385f000-780c33fd5000 rw-p 1bda6000 103:05 4591123                   /home/rishabh.verma@apmosys.mahape/.djl.ai/pytorch/2.0.1-cpu-linux-x86_64/libtorch_cpu.so
780c34000000-780c34021000 rw-p 00000000 00:00 0 
780c34021000-780c38000000 ---p 00000000 00:00 0 
780c38000000-780c3ae18000 rw-p 00000000 00:00 0 
780c3ae18000-780c3c000000 ---p 00000000 00:00 0 
780c3c000000-780c3c021000 rw-p 00000000 00:00 0 
780c3c021000-780c40000000 ---p 00000000 00:00 0 
780c40000000-780c40021000 rw-p 00000000 00:00 0 
780c40021000-780c44000000 ---p 00000000 00:00 0 
780c44000000-780c44021000 rw-p 00000000 00:00 0 
780c44021000-780c48000000 ---p 00000000 00:00 0 
780c48000000-780c48021000 rw-p 00000000 00:00 0 
780c48021000-780c4c000000 ---p 00000000 00:00 0 
780c4c000000-780c4c021000 rw-p 00000000 00:00 0 
780c4c021000-780c50000000 ---p 00000000 00:00 0 
780c50000000-780c50021000 rw-p 00000000 00:00 0 
780c50021000-780c54000000 ---p 00000000 00:00 0 
780c54000000-780c55f10000 rw-p 00000000 00:00 0 
780c55f10000-780c58000000 ---p 00000000 00:00 0 
780c58000000-780c58021000 rw-p 00000000 00:00 0 
780c58021000-780c5c000000 ---p 00000000 00:00 0 
780c5c000000-780c5db14000 rw-p 00000000 00:00 0 
780c5db14000-780c60000000 ---p 00000000 00:00 0 
780c60000000-780c60021000 rw-p 00000000 00:00 0 
780c60021000-780c64000000 ---p 00000000 00:00 0 
780c64000000-780c641cd000 rw-p 00000000 00:00 0 
780c641cd000-780c68000000 ---p 00000000 00:00 0 
780c68000000-780c6bdc6000 rw-p 00000000 00:00 0 
780c6bdc6000-780c6c000000 ---p 00000000 00:00 0 
780c6c000000-780c6c104000 rw-p 00000000 00:00 0 
780c6c104000-780c70000000 ---p 00000000 00:00 0 
780c70000000-780c701d3000 rw-p 00000000 00:00 0 
780c701d3000-780c74000000 ---p 00000000 00:00 0 
780c74000000-780c748f0000 rw-p 00000000 00:00 0 
780c748f0000-780c749f0000 rw-p 00000000 00:00 0 
780c749f0000-780c74db0000 rw-p 00000000 00:00 0 
780c74db0000-780c74df0000 rw-p 00000000 00:00 0 
780c74df0000-780c74ef0000 rw-p 00000000 00:00 0 
780c74ef0000-780c74ff0000 rw-p 00000000 00:00 0 
780c74ff0000-780c768f0000 rw-p 00000000 00:00 0 
780c768f0000-780c76920000 rw-p 00000000 00:00 0 
780c76920000-780c76a00000 ---p 00000000 00:00 0 
780c76a00000-780c77080000 rw-p 00000000 00:00 0 
780c77080000-780c78000000 ---p 00000000 00:00 0 
780c78000000-780c7a1d6000 rw-p 00000000 00:00 0 
780c7a1d6000-780c7c000000 ---p 00000000 00:00 0 
780c7c000000-780c7c021000 rw-p 00000000 00:00 0 
780c7c021000-780c80000000 ---p 00000000 00:00 0 
780c80000000-780c80021000 rw-p 00000000 00:00 0 
780c80021000-780c84000000 ---p 00000000 00:00 0 
780c84000000-780c84021000 rw-p 00000000 00:00 0 
780c84021000-780c88000000 ---p 00000000 00:00 0 
780c88000000-780c88048000 rw-p 00000000 00:00 0 
780c88048000-780c8c000000 ---p 00000000 00:00 0 
780c8c000000-780c8c08e000 rw-p 00000000 00:00 0 
780c8c08e000-780c90000000 ---p 00000000 00:00 0 
780c90000000-780c90042000 rw-p 00000000 00:00 0 
780c90042000-780c94000000 ---p 00000000 00:00 0 
780c94000000-780c94044000 rw-p 00000000 00:00 0 
780c94044000-780c98000000 ---p 00000000 00:00 0 
780c98000000-780c98042000 rw-p 00000000 00:00 0 
780c98042000-780c9c000000 ---p 00000000 00:00 0 
780c9c000000-780c9c03b000 rw-p 00000000 00:00 0 
780c9c03b000-780ca0000000 ---p 00000000 00:00 0 
780ca0000000-780ca4000000 rw-p 00000000 00:00 0 
780ca4000000-780ca41db000 rw-p 00000000 00:00 0 
780ca41db000-780ca8000000 ---p 00000000 00:00 0 
780ca8000000-780ca803a000 rw-p 00000000 00:00 0 
780ca803a000-780cac000000 ---p 00000000 00:00 0 
780cac000000-780cae3e4000 rw-p 00000000 00:00 0 
780cae3e4000-780cb0000000 ---p 00000000 00:00 0 
780cb0000000-780cb006b000 rw-p 00000000 00:00 0 
780cb006b000-780cb4000000 ---p 00000000 00:00 0 
780cb4000000-780cb4046000 rw-p 00000000 00:00 0 
780cb4046000-780cb8000000 ---p 00000000 00:00 0 
780cb8000000-780cbaf4f000 rw-p 00000000 00:00 0 
780cbaf4f000-780cbc000000 ---p 00000000 00:00 0 
780cbc000000-780cbdf3c000 rw-p 00000000 00:00 0 
780cbdf3c000-780cc0000000 ---p 00000000 00:00 0 
780cc0000000-780cc0021000 rw-p 00000000 00:00 0 
780cc0021000-780cc4000000 ---p 00000000 00:00 0 
780cc4000000-780cc4021000 rw-p 00000000 00:00 0 
780cc4021000-780cc8000000 ---p 00000000 00:00 0 
780cc8000000-780cc8021000 rw-p 00000000 00:00 0 
780cc8021000-780ccc000000 ---p 00000000 00:00 0 
780ccc000000-780ccc021000 rw-p 00000000 00:00 0 
780ccc021000-780cd0000000 ---p 00000000 00:00 0 
780cd0000000-780cd0705000 rw-p 00000000 00:00 0 
780cd0705000-780cd4000000 ---p 00000000 00:00 0 
780cd4000000-780cd4034000 rw-p 00000000 00:00 0 
780cd4034000-780cd8000000 ---p 00000000 00:00 0 
780cd8000000-780cd992f000 rw-p 00000000 00:00 0 
780cd992f000-780cdc000000 ---p 00000000 00:00 0 
780cdc000000-780cdc2c9000 rw-p 00000000 00:00 0 
780cdc2c9000-780ce0000000 ---p 00000000 00:00 0 
780ce0000000-780ce0021000 rw-p 00000000 00:00 0 
780ce0021000-780ce4000000 ---p 00000000 00:00 0 
780ce4000000-780ce7b74000 rw-p 00000000 00:00 0 
780ce7b74000-780ce8000000 ---p 00000000 00:00 0 
780ce8000000-780ce8021000 rw-p 00000000 00:00 0 
780ce8021000-780cec000000 ---p 00000000 00:00 0 
780cec000000-780cec086000 rw-p 00000000 00:00 0 
780cec086000-780cf0000000 ---p 00000000 00:00 0 
780cf0000000-780cf0021000 rw-p 00000000 00:00 0 
780cf0021000-780cf4000000 ---p 00000000 00:00 0 
780cf4000000-780cf4021000 rw-p 00000000 00:00 0 
780cf4021000-780cf8000000 ---p 00000000 00:00 0 
780cf8000000-780cfa1ff000 rw-p 00000000 00:00 0 
780cfa1ff000-780cfc000000 ---p 00000000 00:00 0 
780cfc1ff000-780cfc200000 ---p 00000000 00:00 0 
780cfc200000-780cfca00000 rw-p 00000000 00:00 0 
780cfca00000-780cfcbfa000 r-xp 00000000 103:05 4591126                   /home/rishabh.verma@apmosys.mahape/.djl.ai/pytorch/2.0.1-cpu-linux-x86_64/0.24.0-libdjl_torch.so
780cfcbfa000-780cfcdf9000 ---p 001fa000 103:05 4591126                   /home/rishabh.verma@apmosys.mahape/.djl.ai/pytorch/2.0.1-cpu-linux-x86_64/0.24.0-libdjl_torch.so
780cfcdf9000-780cfcdfa000 r--p 001f9000 103:05 4591126                   /home/rishabh.verma@apmosys.mahape/.djl.ai/pytorch/2.0.1-cpu-linux-x86_64/0.24.0-libdjl_torch.so
780cfcdfa000-780cfce05000 rw-p 001fa000 103:05 4591126                   /home/rishabh.verma@apmosys.mahape/.djl.ai/pytorch/2.0.1-cpu-linux-x86_64/0.24.0-libdjl_torch.so
780cfd000000-780cfd02e000 r-xp 00000000 103:05 4591125                   /home/rishabh.verma@apmosys.mahape/.djl.ai/pytorch/2.0.1-cpu-linux-x86_64/libgomp-52f2fd74.so.1
780cfd02e000-780cfd22d000 ---p 0002e000 103:05 4591125                   /home/rishabh.verma@apmosys.mahape/.djl.ai/pytorch/2.0.1-cpu-linux-x86_64/libgomp-52f2fd74.so.1
780cfd22d000-780cfd22e000 r--p 0002d000 103:05 4591125                   /home/rishabh.verma@apmosys.mahape/.djl.ai/pytorch/2.0.1-cpu-linux-x86_64/libgomp-52f2fd74.so.1
780cfd22e000-780cfd233000 rw-p 0002e000 103:05 4591125                   /home/rishabh.verma@apmosys.mahape/.djl.ai/pytorch/2.0.1-cpu-linux-x86_64/libgomp-52f2fd74.so.1
780cfd300000-780cfd304000 ---p 00000000 00:00 0 
780cfd304000-780cfd400000 rw-p 00000000 00:00 0 
780cfd400000-780cfd41e000 r-xp 00000000 103:05 4502151                   /home/rishabh.verma@apmosys.mahape/.cache/JNA/temp/jna11750924225630744781.tmp (deleted)
780cfd41e000-780cfd61d000 ---p 0001e000 103:05 4502151                   /home/rishabh.verma@apmosys.mahape/.cache/JNA/temp/jna11750924225630744781.tmp (deleted)
780cfd61d000-780cfd61e000 rw-p 0001d000 103:05 4502151                   /home/rishabh.verma@apmosys.mahape/.cache/JNA/temp/jna11750924225630744781.tmp (deleted)
780cfd61e000-780cfd61f000 rw-p 00000000 00:00 0 
780cfd6f0000-780cfd6f1000 ---p 00000000 00:00 0 
780cfd6f1000-780cfd7f1000 rw-p 00000000 00:00 0 
780cfd7f1000-780cfd7f2000 ---p 00000000 00:00 0 
780cfd7f2000-780cfd8f2000 rw-p 00000000 00:00 0 
780cfd8f2000-780cfd8f3000 ---p 00000000 00:00 0 
780cfd8f3000-780cfd9f3000 rw-p 00000000 00:00 0 
780cfd9f3000-780cfd9f4000 ---p 00000000 00:00 0 
780cfd9f4000-780cfdaf4000 rw-p 00000000 00:00 0 
780cfdaf4000-780cfdaf5000 ---p 00000000 00:00 0 
780cfdaf5000-780cfdbf5000 rw-p 00000000 00:00 0 
780cfdbf5000-780cfdbf6000 ---p 00000000 00:00 0 
780cfdbf6000-780cfdcf6000 rw-p 00000000 00:00 0 
780cfdcf6000-780cfdcf7000 ---p 00000000 00:00 0 
780cfdcf7000-780cfddf7000 rw-p 00000000 00:00 0 
780cfddf7000-780cfddf8000 ---p 00000000 00:00 0 
780cfddf8000-780cfdef8000 rw-p 00000000 00:00 0 
780cfdef8000-780cfdef9000 ---p 00000000 00:00 0 
780cfdef9000-780cfdff9000 rw-p 00000000 00:00 0 
780cfdff9000-780cfdffd000 ---p 00000000 00:00 0 
780cfdffd000-780cfe0f9000 rw-p 00000000 00:00 0 
780cfe0f9000-780cfe0fd000 ---p 00000000 00:00 0 
780cfe0fd000-780cfe1f9000 rw-p 00000000 00:00 0 
780cfe1f9000-780cfe1fd000 ---p 00000000 00:00 0 
780cfe1fd000-780cfe2f9000 rw-p 00000000 00:00 0 
780cfe2f9000-780cfe2fd000 ---p 00000000 00:00 0 
780cfe2fd000-780cfe3f9000 rw-p 00000000 00:00 0 
780cfe3f9000-780cfe3fd000 ---p 00000000 00:00 0 
780cfe3fd000-780cfe4f9000 rw-p 00000000 00:00 0 
780cfe4f9000-780cfe4fd000 ---p 00000000 00:00 0 
780cfe4fd000-780cfe5f9000 rw-p 00000000 00:00 0 
780cfe5f9000-780cfe5fd000 ---p 00000000 00:00 0 
780cfe5fd000-780cfe6f9000 rw-p 00000000 00:00 0 
780cfe6f9000-780cfe6fd000 ---p 00000000 00:00 0 
780cfe6fd000-780cfe7f9000 rw-p 00000000 00:00 0 
780cfe7f9000-780cfe7fd000 ---p 00000000 00:00 0 
780cfe7fd000-780cfe8f9000 rw-p 00000000 00:00 0 
780cfe8f9000-780cfe8fa000 ---p 00000000 00:00 0 
780cfe8fa000-780cfe9fa000 rw-p 00000000 00:00 0 
780cfe9fa000-780cfe9fb000 ---p 00000000 00:00 0 
780cfe9fb000-780cfeafb000 rw-p 00000000 00:00 0 
780cfeafb000-780cfeafc000 ---p 00000000 00:00 0 
780cfeafc000-780cfebfc000 rw-p 00000000 00:00 0 
780cfebfc000-780cfebfd000 ---p 00000000 00:00 0 
780cfebfd000-780cfecfd000 rw-p 00000000 00:00 0 
780cfecfd000-780cfecfe000 ---p 00000000 00:00 0 
780cfecfe000-780cfedfe000 rw-p 00000000 00:00 0 
780cfedfe000-780cfedff000 ---p 00000000 00:00 0 
780cfedff000-780cfeeff000 rw-p 00000000 00:00 0 
780cfeeff000-780cfef00000 ---p 00000000 00:00 0 
780cfef00000-780cff000000 rw-p 00000000 00:00 0 
780cff000000-780cff3f0000 rw-p 00000000 00:00 0 
780cff3f0000-780cffd70000 rw-p 00000000 00:00 0 
780cffd70000-780cffdf0000 rw-p 00000000 00:00 0 
780cffdf0000-780d003b0000 rw-p 00000000 00:00 0 
780d003b0000-780d003f0000 rw-p 00000000 00:00 0 
780d003f0000-780d00770000 rw-p 00000000 00:00 0 
780d00770000-780d007f0000 rw-p 00000000 00:00 0 
780d007f0000-780d008f0000 rw-p 00000000 00:00 0 
780d008f0000-780d009f0000 rw-p 00000000 00:00 0 
780d009f0000-780d010f0000 rw-p 00000000 00:00 0 
780d010f0000-780d011f0000 rw-p 00000000 00:00 0 
780d011f0000-780d012f0000 rw-p 00000000 00:00 0 
780d012f0000-780d013f0000 rw-p 00000000 00:00 0 
780d013f0000-780d01470000 rw-p 00000000 00:00 0 
780d01470000-780d014f0000 rw-p 00000000 00:00 0 
780d014f0000-780d016f0000 rw-p 00000000 00:00 0 
780d016f0000-780d017f0000 rw-p 00000000 00:00 0 
780d017f0000-780d01bb0000 rw-p 00000000 00:00 0 
780d01bb0000-780d01df0000 rw-p 00000000 00:00 0 
780d01df0000-780d02af0000 rw-p 00000000 00:00 0 
780d02af0000-780d02bf0000 rw-p 00000000 00:00 0 
780d02bf0000-780d03000000 rw-p 00000000 00:00 0 
780d03000000-780d03bc7000 rw-p 00001000 103:03 1615452                   /usr/lib/jvm/java-17-openjdk-amd64/lib/server/classes.jsa
780d03bc7000-780d04000000 ---p 00000000 00:00 0 
780d04000000-780d04030000 rw-p 00000000 00:00 0 
780d04030000-780d04070000 rw-p 00000000 00:00 0 
780d04070000-780d040b0000 rw-p 00000000 00:00 0 
780d040b0000-780d040f0000 rw-p 00000000 00:00 0 
780d040f0000-780d04370000 rw-p 00000000 00:00 0 
780d04370000-780d044f0000 rw-p 00000000 00:00 0 
780d044f0000-780d04530000 rw-p 00000000 00:00 0 
780d04530000-780d04630000 rw-p 00000000 00:00 0 
780d04630000-780d046f0000 rw-p 00000000 00:00 0 
780d046f0000-780d04ab0000 rw-p 00000000 00:00 0 
780d04ab0000-780d04ae0000 rw-p 00000000 00:00 0 
780d04ae0000-780d04b00000 ---p 00000000 00:00 0 
780d04b00000-780d04dc0000 rw-p 00000000 00:00 0 
780d04dc0000-780d44000000 ---p 00000000 00:00 0 
780d44000000-780d44021000 rw-p 00000000 00:00 0 
780d44021000-780d48000000 ---p 00000000 00:00 0 
780d48000000-780d48021000 rw-p 00000000 00:00 0 
780d48021000-780d4c000000 ---p 00000000 00:00 0 
780d4c000000-780d4c021000 rw-p 00000000 00:00 0 
780d4c021000-780d50000000 ---p 00000000 00:00 0 
780d50000000-780d5002a000 rw-p 00000000 00:00 0 
780d5002a000-780d54000000 ---p 00000000 00:00 0 
780d54000000-780d54048000 rw-p 00000000 00:00 0 
780d54048000-780d58000000 ---p 00000000 00:00 0 
780d5800b000-780d580a5000 r-xp 00000000 103:05 4591122                   /home/rishabh.verma@apmosys.mahape/.djl.ai/pytorch/2.0.1-cpu-linux-x86_64/libc10.so
780d580a5000-780d580a6000 ---p 0009a000 103:05 4591122                   /home/rishabh.verma@apmosys.mahape/.djl.ai/pytorch/2.0.1-cpu-linux-x86_64/libc10.so
780d580a6000-780d580a8000 r--p 0009a000 103:05 4591122                   /home/rishabh.verma@apmosys.mahape/.djl.ai/pytorch/2.0.1-cpu-linux-x86_64/libc10.so
780d580a8000-780d580ae000 rw-p 0009c000 103:05 4591122                   /home/rishabh.verma@apmosys.mahape/.djl.ai/pytorch/2.0.1-cpu-linux-x86_64/libc10.so
780d580ae000-780d580b1000 rw-p 00000000 00:00 0 
780d580b1000-780d580b2000 ---p 00000000 00:00 0 
780d580b2000-780d581b2000 rw-p 00000000 00:00 0 
780d581b2000-780d581b6000 ---p 00000000 00:00 0 
780d581b6000-780d582b2000 rw-p 00000000 00:00 0 
780d582b2000-780d582b6000 ---p 00000000 00:00 0 
780d582b6000-780d583b2000 rw-p 00000000 00:00 0 
780d583b2000-780d583b6000 ---p 00000000 00:00 0 
780d583b6000-780d584b2000 rw-p 00000000 00:00 0 
780d584b2000-780d584b3000 ---p 00000000 00:00 0 
780d584b3000-780d585b3000 rw-p 00000000 00:00 0 
780d585b3000-780d585b4000 ---p 00000000 00:00 0 
780d585b4000-780d586b4000 rw-p 00000000 00:00 0 
780d586b4000-780d586b5000 ---p 00000000 00:00 0 
780d586b5000-780d587b5000 rw-p 00000000 00:00 0 
780d587b5000-780d587b9000 ---p 00000000 00:00 0 
780d587b9000-780d588b5000 rw-p 00000000 00:00 0 
780d588b5000-780d588b9000 ---p 00000000 00:00 0 
780d588b9000-780d589b5000 rw-p 00000000 00:00 0 
780d589b5000-780d589b9000 ---p 00000000 00:00 0 
780d589b9000-780d58ab5000 rw-p 00000000 00:00 0 
780d58ab5000-780d58ab6000 ---p 00000000 00:00 0 
780d58ab6000-780d58bb6000 rw-p 00000000 00:00 0 
780d58bb6000-780d58bba000 ---p 00000000 00:00 0 
780d58bba000-780d58cb6000 rw-p 00000000 00:00 0 
780d58cb6000-780d58cba000 ---p 00000000 00:00 0 
780d58cba000-780d58db6000 rw-p 00000000 00:00 0 
780d58db6000-780d58dba000 ---p 00000000 00:00 0 
780d58dba000-780d58eb6000 rw-p 00000000 00:00 0 
780d58eb6000-780d58eba000 ---p 00000000 00:00 0 
780d58eba000-780d58fb6000 rw-p 00000000 00:00 0 
780d58fb6000-780d58fba000 ---p 00000000 00:00 0 
780d58fba000-780d590b6000 rw-p 00000000 00:00 0 
780d590b6000-780d590ba000 ---p 00000000 00:00 0 
780d590ba000-780d591b6000 rw-p 00000000 00:00 0 
780d591b6000-780d591ba000 ---p 00000000 00:00 0 
780d591ba000-780d592b6000 rw-p 00000000 00:00 0 
780d592b6000-780d592ba000 ---p 00000000 00:00 0 
780d592ba000-780d593b6000 rw-p 00000000 00:00 0 
780d593b6000-780d593ba000 ---p 00000000 00:00 0 
780d593ba000-780d594b6000 rw-p 00000000 00:00 0 
780d594b6000-780d594ba000 ---p 00000000 00:00 0 
780d594ba000-780d595b6000 rw-p 00000000 00:00 0 
780d595b6000-780d5982e000 r--p 00000000 07:01 188                        /snap/code/198/usr/lib/locale/aa_DJ.utf8/LC_COLLATE
780d5982e000-780d59832000 ---p 00000000 00:00 0 
780d59832000-780d5992e000 rw-p 00000000 00:00 0 
780d5992e000-780d59932000 ---p 00000000 00:00 0 
780d59932000-780d59a2e000 rw-p 00000000 00:00 0 
780d59a2e000-780d59a2f000 ---p 00000000 00:00 0 
780d59a2f000-780d59b2f000 rw-p 00000000 00:00 0 
780d59b2f000-780d59b34000 r--p 00000000 103:03 1615434                   /usr/lib/jvm/java-17-openjdk-amd64/lib/libjsvml.so
780d59b34000-780d59b75000 r-xp 00005000 103:03 1615434                   /usr/lib/jvm/java-17-openjdk-amd64/lib/libjsvml.so
780d59b75000-780d59bfe000 r--p 00046000 103:03 1615434                   /usr/lib/jvm/java-17-openjdk-amd64/lib/libjsvml.so
780d59bfe000-780d59bff000 r--p 000ce000 103:03 1615434                   /usr/lib/jvm/java-17-openjdk-amd64/lib/libjsvml.so
780d59bff000-780d59c00000 rw-p 000cf000 103:03 1615434                   /usr/lib/jvm/java-17-openjdk-amd64/lib/libjsvml.so
780d59c00000-780d5cd08000 rw-p 00000000 00:00 0 
780d5cd08000-780d5e7f0000 ---p 00000000 00:00 0 
780d5e7f0000-780d5f908000 rw-p 00000000 00:00 0 
780d5f908000-780d613f0000 ---p 00000000 00:00 0 
780d613f0000-780d61400000 rw-p 00000000 00:00 0 
780d61400000-780d63380000 rwxp 00000000 00:00 0 
780d63380000-780d68937000 ---p 00000000 00:00 0 
780d68937000-780d68ba7000 rwxp 00000000 00:00 0 
780d68ba7000-780d68ec9000 ---p 00000000 00:00 0 
780d68ec9000-780d69e89000 rwxp 00000000 00:00 0 
780d69e89000-780d70400000 ---p 00000000 00:00 0 
780d70400000-780d77eb4000 r--s 00000000 103:03 1615449                   /usr/lib/jvm/java-17-openjdk-amd64/lib/modules
780d77f1c000-780d77f1d000 r--p 00000000 103:03 1048703                   /usr/lib/x86_64-linux-gnu/librt.so.1
780d77f1d000-780d77f1e000 r-xp 00001000 103:03 1048703                   /usr/lib/x86_64-linux-gnu/librt.so.1
780d77f1e000-780d77f1f000 r--p 00002000 103:03 1048703                   /usr/lib/x86_64-linux-gnu/librt.so.1
780d77f1f000-780d77f20000 r--p 00002000 103:03 1048703                   /usr/lib/x86_64-linux-gnu/librt.so.1
780d77f20000-780d77f21000 rw-p 00003000 103:03 1048703                   /usr/lib/x86_64-linux-gnu/librt.so.1
780d77f21000-780d77f22000 r--p 00000000 103:03 1048700                   /usr/lib/x86_64-linux-gnu/libpthread.so.0
780d77f22000-780d77f23000 r-xp 00001000 103:03 1048700                   /usr/lib/x86_64-linux-gnu/libpthread.so.0
780d77f23000-780d77f24000 r--p 00002000 103:03 1048700                   /usr/lib/x86_64-linux-gnu/libpthread.so.0
780d77f24000-780d77f25000 r--p 00002000 103:03 1048700                   /usr/lib/x86_64-linux-gnu/libpthread.so.0
780d77f25000-780d77f26000 rw-p 00003000 103:03 1048700                   /usr/lib/x86_64-linux-gnu/libpthread.so.0
780d77f26000-780d77f27000 r--p 00000000 103:03 1048682                   /usr/lib/x86_64-linux-gnu/libdl.so.2
780d77f27000-780d77f28000 r-xp 00001000 103:03 1048682                   /usr/lib/x86_64-linux-gnu/libdl.so.2
780d77f28000-780d77f29000 r--p 00002000 103:03 1048682                   /usr/lib/x86_64-linux-gnu/libdl.so.2
780d77f29000-780d77f2a000 r--p 00002000 103:03 1048682                   /usr/lib/x86_64-linux-gnu/libdl.so.2
780d77f2a000-780d77f2b000 rw-p 00003000 103:03 1048682                   /usr/lib/x86_64-linux-gnu/libdl.so.2
780d77f2b000-780d77f7f000 r--p 00000000 07:01 189                        /snap/code/198/usr/lib/locale/aa_DJ.utf8/LC_CTYPE
780d77f7f000-780d78000000 rw-p 00000000 00:00 0 
780d78000000-780d7880c000 rw-p 00000000 00:00 0 
780d7880c000-780d7c000000 ---p 00000000 00:00 0 
780d7c035000-780d7c037000 r--p 00000000 103:03 1615438                   /usr/lib/jvm/java-17-openjdk-amd64/lib/libmanagement_ext.so
780d7c037000-780d7c03a000 r-xp 00002000 103:03 1615438                   /usr/lib/jvm/java-17-openjdk-amd64/lib/libmanagement_ext.so
780d7c03a000-780d7c03c000 r--p 00005000 103:03 1615438                   /usr/lib/jvm/java-17-openjdk-amd64/lib/libmanagement_ext.so
780d7c03c000-780d7c03d000 r--p 00006000 103:03 1615438                   /usr/lib/jvm/java-17-openjdk-amd64/lib/libmanagement_ext.so
780d7c03d000-780d7c03e000 rw-p 00007000 103:03 1615438                   /usr/lib/jvm/java-17-openjdk-amd64/lib/libmanagement_ext.so
780d7c03e000-780d7c042000 r--p 00000000 103:03 1615447                   /usr/lib/jvm/java-17-openjdk-amd64/lib/libverify.so
780d7c042000-780d7c049000 r-xp 00004000 103:03 1615447                   /usr/lib/jvm/java-17-openjdk-amd64/lib/libverify.so
780d7c049000-780d7c04b000 r--p 0000b000 103:03 1615447                   /usr/lib/jvm/java-17-openjdk-amd64/lib/libverify.so
780d7c04b000-780d7c04d000 r--p 0000c000 103:03 1615447                   /usr/lib/jvm/java-17-openjdk-amd64/lib/libverify.so
780d7c04d000-780d7c04e000 rw-p 0000e000 103:03 1615447                   /usr/lib/jvm/java-17-openjdk-amd64/lib/libverify.so
780d7c04e000-780d7c0a9000 rw-p 00000000 00:00 0 
780d7c0dd000-780d7c0eb000 r-xp 00000000 00:00 0 
780d7c0eb000-780d7c0ec000 r--p 00000000 103:03 1615420                   /usr/lib/jvm/java-17-openjdk-amd64/lib/libextnet.so
780d7c0ec000-780d7c0ed000 r-xp 00001000 103:03 1615420                   /usr/lib/jvm/java-17-openjdk-amd64/lib/libextnet.so
780d7c0ed000-780d7c0ee000 r--p 00002000 103:03 1615420                   /usr/lib/jvm/java-17-openjdk-amd64/lib/libextnet.so
780d7c0ee000-780d7c0ef000 r--p 00002000 103:03 1615420                   /usr/lib/jvm/java-17-openjdk-amd64/lib/libextnet.so
780d7c0ef000-780d7c0f0000 rw-p 00003000 103:03 1615420                   /usr/lib/jvm/java-17-openjdk-amd64/lib/libextnet.so
780d7c0f0000-780d7c121000 rw-p 00000000 00:00 0 
780d7c121000-780d7c122000 ---p 00000000 00:00 0 
780d7c122000-780d7c222000 rw-p 00000000 00:00 0 
780d7c222000-780d7c223000 ---p 00000000 00:00 0 
780d7c223000-780d7c323000 rw-p 00000000 00:00 0 
780d7c323000-780d7cd2d000 rw-p 00000000 00:00 0 
780d7cd2d000-780d7cd2e000 ---p 00000000 00:00 0 
780d7cd2e000-780d7ce2e000 rw-p 00000000 00:00 0 
780d7ce2e000-780d7ce2f000 ---p 00000000 00:00 0 
780d7ce2f000-780d7cf2f000 rw-p 00000000 00:00 0 
780d7cf2f000-780d7cf30000 ---p 00000000 00:00 0 
780d7cf30000-780d7d030000 rw-p 00000000 00:00 0 
780d7d030000-780d7d2ac000 rw-p 00000000 00:00 0 
780d7d2ac000-780d7d609000 ---p 00000000 00:00 0 
780d7d609000-780d7d82c000 rw-p 00000000 00:00 0 
780d7d82c000-780d7db89000 ---p 00000000 00:00 0 
780d7db89000-780d7ddac000 rw-p 00000000 00:00 0 
780d7ddac000-780d7e109000 ---p 00000000 00:00 0 
780d7e109000-780d7eb35000 rw-p 00000000 00:00 0 
780d7eb35000-780d7ec00000 ---p 00000000 00:00 0 
780d7ec00000-780d7f4d4000 r--s 00000000 103:03 784920                    /var/lib/sss/mc/passwd
780d7f4d4000-780d7f4d7000 r-xp 00000000 00:00 0 
780d7f4d7000-780d7f4d9000 r--p 00000000 103:03 1615436                   /usr/lib/jvm/java-17-openjdk-amd64/lib/libmanagement.so
780d7f4d9000-780d7f4da000 r-xp 00002000 103:03 1615436                   /usr/lib/jvm/java-17-openjdk-amd64/lib/libmanagement.so
780d7f4da000-780d7f4db000 r--p 00003000 103:03 1615436                   /usr/lib/jvm/java-17-openjdk-amd64/lib/libmanagement.so
780d7f4db000-780d7f4dc000 r--p 00003000 103:03 1615436                   /usr/lib/jvm/java-17-openjdk-amd64/lib/libmanagement.so
780d7f4dc000-780d7f4dd000 rw-p 00004000 103:03 1615436                   /usr/lib/jvm/java-17-openjdk-amd64/lib/libmanagement.so
780d7f4dd000-780d7f4df000 r--p 00000000 103:03 1615448                   /usr/lib/jvm/java-17-openjdk-amd64/lib/libzip.so
780d7f4df000-780d7f4e4000 r-xp 00002000 103:03 1615448                   /usr/lib/jvm/java-17-openjdk-amd64/lib/libzip.so
780d7f4e4000-780d7f4e6000 r--p 00007000 103:03 1615448                   /usr/lib/jvm/java-17-openjdk-amd64/lib/libzip.so
780d7f4e6000-780d7f4e7000 r--p 00008000 103:03 1615448                   /usr/lib/jvm/java-17-openjdk-amd64/lib/libzip.so
780d7f4e7000-780d7f4e8000 rw-p 00009000 103:03 1615448                   /usr/lib/jvm/java-17-openjdk-amd64/lib/libzip.so
780d7f4e8000-780d7f4ec000 r--p 00000000 103:03 1615440                   /usr/lib/jvm/java-17-openjdk-amd64/lib/libnet.so
780d7f4ec000-780d7f4fa000 r-xp 00004000 103:03 1615440                   /usr/lib/jvm/java-17-openjdk-amd64/lib/libnet.so
780d7f4fa000-780d7f4fe000 r--p 00012000 103:03 1615440                   /usr/lib/jvm/java-17-openjdk-amd64/lib/libnet.so
780d7f4fe000-780d7f4ff000 r--p 00015000 103:03 1615440                   /usr/lib/jvm/java-17-openjdk-amd64/lib/libnet.so
780d7f4ff000-780d7f500000 rw-p 00016000 103:03 1615440                   /usr/lib/jvm/java-17-openjdk-amd64/lib/libnet.so
780d7f500000-780d7f504000 ---p 00000000 00:00 0 
780d7f504000-780d7f600000 rw-p 00000000 00:00 0 
780d7f600000-780d7f69a000 r--p 00000000 103:03 1048579                   /usr/lib/x86_64-linux-gnu/libstdc++.so.6.0.30
780d7f69a000-780d7f7ab000 r-xp 0009a000 103:03 1048579                   /usr/lib/x86_64-linux-gnu/libstdc++.so.6.0.30
780d7f7ab000-780d7f81a000 r--p 001ab000 103:03 1048579                   /usr/lib/x86_64-linux-gnu/libstdc++.so.6.0.30
780d7f81a000-780d7f81b000 ---p 0021a000 103:03 1048579                   /usr/lib/x86_64-linux-gnu/libstdc++.so.6.0.30
780d7f81b000-780d7f826000 r--p 0021a000 103:03 1048579                   /usr/lib/x86_64-linux-gnu/libstdc++.so.6.0.30
780d7f826000-780d7f829000 rw-p 00225000 103:03 1048579                   /usr/lib/x86_64-linux-gnu/libstdc++.so.6.0.30
780d7f829000-780d7f82c000 rw-p 00000000 00:00 0 
780d7f82c000-780d7f82d000 r-xp 00000000 00:00 0 
780d7f82d000-780d7f82e000 r--p 00000000 00:00 0 
780d7f82e000-780d7f86d000 rw-p 00000000 00:00 0 
780d7f86d000-780d7f919000 ---p 00000000 00:00 0 
780d7f919000-780d7f927000 r--p 00000000 103:03 1048683                   /usr/lib/x86_64-linux-gnu/libm.so.6
780d7f927000-780d7f9a3000 r-xp 0000e000 103:03 1048683                   /usr/lib/x86_64-linux-gnu/libm.so.6
780d7f9a3000-780d7f9fe000 r--p 0008a000 103:03 1048683                   /usr/lib/x86_64-linux-gnu/libm.so.6
780d7f9fe000-780d7f9ff000 r--p 000e4000 103:03 1048683                   /usr/lib/x86_64-linux-gnu/libm.so.6
780d7f9ff000-780d7fa00000 rw-p 000e5000 103:03 1048683                   /usr/lib/x86_64-linux-gnu/libm.so.6
780d7fa00000-780d7fc51000 r--p 00000000 103:03 1615455                   /usr/lib/jvm/java-17-openjdk-amd64/lib/server/libjvm.so
780d7fc51000-780d809c6000 r-xp 00251000 103:03 1615455                   /usr/lib/jvm/java-17-openjdk-amd64/lib/server/libjvm.so
780d809c6000-780d80c49000 r--p 00fc6000 103:03 1615455                   /usr/lib/jvm/java-17-openjdk-amd64/lib/server/libjvm.so
780d80c49000-780d80c4a000 ---p 01249000 103:03 1615455                   /usr/lib/jvm/java-17-openjdk-amd64/lib/server/libjvm.so
780d80c4a000-780d80d02000 r--p 01249000 103:03 1615455                   /usr/lib/jvm/java-17-openjdk-amd64/lib/server/libjvm.so
780d80d02000-780d80d37000 rw-p 01301000 103:03 1615455                   /usr/lib/jvm/java-17-openjdk-amd64/lib/server/libjvm.so
780d80d37000-780d80d91000 rw-p 00000000 00:00 0 
780d80d91000-780d80d92000 r-xp 00000000 103:05 4591124                   /home/rishabh.verma@apmosys.mahape/.djl.ai/pytorch/2.0.1-cpu-linux-x86_64/libtorch.so
780d80d92000-780d80d93000 r--p 00000000 103:05 4591124                   /home/rishabh.verma@apmosys.mahape/.djl.ai/pytorch/2.0.1-cpu-linux-x86_64/libtorch.so
780d80d93000-780d80d94000 rw-p 00001000 103:05 4591124                   /home/rishabh.verma@apmosys.mahape/.djl.ai/pytorch/2.0.1-cpu-linux-x86_64/libtorch.so
780d80d94000-780d80d9b000 r--p 00000000 103:03 1615441                   /usr/lib/jvm/java-17-openjdk-amd64/lib/libnio.so
780d80d9b000-780d80da4000 r-xp 00007000 103:03 1615441                   /usr/lib/jvm/java-17-openjdk-amd64/lib/libnio.so
780d80da4000-780d80da8000 r--p 00010000 103:03 1615441                   /usr/lib/jvm/java-17-openjdk-amd64/lib/libnio.so
780d80da8000-780d80da9000 ---p 00014000 103:03 1615441                   /usr/lib/jvm/java-17-openjdk-amd64/lib/libnio.so
780d80da9000-780d80daa000 r--p 00014000 103:03 1615441                   /usr/lib/jvm/java-17-openjdk-amd64/lib/libnio.so
780d80daa000-780d80dab000 rw-p 00015000 103:03 1615441                   /usr/lib/jvm/java-17-openjdk-amd64/lib/libnio.so
780d80dab000-780d80dac000 r--p 00000000 103:03 1615419                   /usr/lib/jvm/java-17-openjdk-amd64/lib/libdt_socket.so
780d80dac000-780d80daf000 r-xp 00001000 103:03 1615419                   /usr/lib/jvm/java-17-openjdk-amd64/lib/libdt_socket.so
780d80daf000-780d80db0000 r--p 00004000 103:03 1615419                   /usr/lib/jvm/java-17-openjdk-amd64/lib/libdt_socket.so
780d80db0000-780d80db1000 ---p 00005000 103:03 1615419                   /usr/lib/jvm/java-17-openjdk-amd64/lib/libdt_socket.so
780d80db1000-780d80db2000 r--p 00005000 103:03 1615419                   /usr/lib/jvm/java-17-openjdk-amd64/lib/libdt_socket.so
780d80db2000-780d80db3000 rw-p 00006000 103:03 1615419                   /usr/lib/jvm/java-17-openjdk-amd64/lib/libdt_socket.so
780d80db3000-780d80db9000 r--p 00000000 103:03 1046755                   /usr/lib/x86_64-linux-gnu/libnss_systemd.so.2
780d80db9000-780d80deb000 r-xp 00006000 103:03 1046755                   /usr/lib/x86_64-linux-gnu/libnss_systemd.so.2
780d80deb000-780d80dfb000 r--p 00038000 103:03 1046755                   /usr/lib/x86_64-linux-gnu/libnss_systemd.so.2
780d80dfb000-780d80dff000 r--p 00047000 103:03 1046755                   /usr/lib/x86_64-linux-gnu/libnss_systemd.so.2
780d80dff000-780d80e00000 rw-p 0004b000 103:03 1046755                   /usr/lib/x86_64-linux-gnu/libnss_systemd.so.2
780d80e00000-780d80e28000 r--p 00000000 103:03 1048680                   /usr/lib/x86_64-linux-gnu/libc.so.6
780d80e28000-780d80fbd000 r-xp 00028000 103:03 1048680                   /usr/lib/x86_64-linux-gnu/libc.so.6
780d80fbd000-780d81015000 r--p 001bd000 103:03 1048680                   /usr/lib/x86_64-linux-gnu/libc.so.6
780d81015000-780d81016000 ---p 00215000 103:03 1048680                   /usr/lib/x86_64-linux-gnu/libc.so.6
780d81016000-780d8101a000 r--p 00215000 103:03 1048680                   /usr/lib/x86_64-linux-gnu/libc.so.6
780d8101a000-780d8101c000 rw-p 00219000 103:03 1048680                   /usr/lib/x86_64-linux-gnu/libc.so.6
780d8101c000-780d81029000 rw-p 00000000 00:00 0 
780d81029000-780d8102a000 r--p 00000000 07:01 238                        /snap/code/198/usr/lib/locale/aa_ET/LC_NUMERIC
780d8102a000-780d8102b000 r--p 00000000 07:01 2383                       /snap/code/198/usr/lib/locale/en_US.utf8/LC_TIME
780d8102b000-780d8102c000 r--p 00000000 07:01 1426                       /snap/code/198/usr/lib/locale/chr_US/LC_MONETARY
780d8102c000-780d8102d000 r--p 00000000 07:01 1957                       /snap/code/198/usr/lib/locale/en_AG/LC_MESSAGES/SYS_LC_MESSAGES
780d8102d000-780d8102e000 r--p 00000000 07:01 1429                       /snap/code/198/usr/lib/locale/chr_US/LC_PAPER
780d8102e000-780d8102f000 r--p 00000000 07:01 1105                       /snap/code/198/usr/lib/locale/bi_VU/LC_NAME
780d8102f000-780d81034000 rw-p 00000000 00:00 0 
780d81034000-780d8103b000 ---p 00000000 00:00 0 
780d8103b000-780d8103d000 r--p 00000000 103:03 1049982                   /usr/lib/x86_64-linux-gnu/libnss_sss.so.2
780d8103d000-780d81044000 r-xp 00002000 103:03 1049982                   /usr/lib/x86_64-linux-gnu/libnss_sss.so.2
780d81044000-780d81046000 r--p 00009000 103:03 1049982                   /usr/lib/x86_64-linux-gnu/libnss_sss.so.2
780d81046000-780d81047000 r--p 0000a000 103:03 1049982                   /usr/lib/x86_64-linux-gnu/libnss_sss.so.2
780d81047000-780d81048000 rw-p 0000b000 103:03 1049982                   /usr/lib/x86_64-linux-gnu/libnss_sss.so.2
780d81048000-780d8104f000 r--s 00000000 103:03 1049048                   /usr/lib/x86_64-linux-gnu/gconv/gconv-modules.cache
780d8104f000-780d81057000 rw-s 00000000 103:03 654145                    /tmp/hsperfdata_rishabh.verma@apmosys.mahape/133041
780d81057000-780d81063000 r--p 00000000 103:03 1615427                   /usr/lib/jvm/java-17-openjdk-amd64/lib/libjava.so
780d81063000-780d81076000 r-xp 0000c000 103:03 1615427                   /usr/lib/jvm/java-17-openjdk-amd64/lib/libjava.so
780d81076000-780d8107c000 r--p 0001f000 103:03 1615427                   /usr/lib/jvm/java-17-openjdk-amd64/lib/libjava.so
780d8107c000-780d8107d000 r--p 00024000 103:03 1615427                   /usr/lib/jvm/java-17-openjdk-amd64/lib/libjava.so
780d8107d000-780d8107e000 rw-p 00025000 103:03 1615427                   /usr/lib/jvm/java-17-openjdk-amd64/lib/libjava.so
780d8107e000-780d8107f000 rw-p 00000000 00:00 0 
780d8107f000-780d81082000 r--p 00000000 103:03 1615429                   /usr/lib/jvm/java-17-openjdk-amd64/lib/libjdwp.so
780d81082000-780d810b0000 r-xp 00003000 103:03 1615429                   /usr/lib/jvm/java-17-openjdk-amd64/lib/libjdwp.so
780d810b0000-780d810be000 r--p 00031000 103:03 1615429                   /usr/lib/jvm/java-17-openjdk-amd64/lib/libjdwp.so
780d810be000-780d810bf000 ---p 0003f000 103:03 1615429                   /usr/lib/jvm/java-17-openjdk-amd64/lib/libjdwp.so
780d810bf000-780d810c0000 r--p 0003f000 103:03 1615429                   /usr/lib/jvm/java-17-openjdk-amd64/lib/libjdwp.so
780d810c0000-780d810c1000 rw-p 00040000 103:03 1615429                   /usr/lib/jvm/java-17-openjdk-amd64/lib/libjdwp.so
780d810c1000-780d810c2000 rw-p 00000000 00:00 0 
780d810c2000-780d810c5000 r--p 00000000 103:03 1048584                   /usr/lib/x86_64-linux-gnu/libgcc_s.so.1
780d810c5000-780d810dc000 r-xp 00003000 103:03 1048584                   /usr/lib/x86_64-linux-gnu/libgcc_s.so.1
780d810dc000-780d810e0000 r--p 0001a000 103:03 1048584                   /usr/lib/x86_64-linux-gnu/libgcc_s.so.1
780d810e0000-780d810e1000 r--p 0001d000 103:03 1048584                   /usr/lib/x86_64-linux-gnu/libgcc_s.so.1
780d810e1000-780d810e2000 rw-p 0001e000 103:03 1048584                   /usr/lib/x86_64-linux-gnu/libgcc_s.so.1
780d810e2000-780d810e5000 rw-p 00000000 00:00 0 
780d810e5000-780d810e7000 r--p 00000000 103:03 1615431                   /usr/lib/jvm/java-17-openjdk-amd64/lib/libjli.so
780d810e7000-780d810f1000 r-xp 00002000 103:03 1615431                   /usr/lib/jvm/java-17-openjdk-amd64/lib/libjli.so
780d810f1000-780d810f4000 r--p 0000c000 103:03 1615431                   /usr/lib/jvm/java-17-openjdk-amd64/lib/libjli.so
780d810f4000-780d810f5000 r--p 0000e000 103:03 1615431                   /usr/lib/jvm/java-17-openjdk-amd64/lib/libjli.so
780d810f5000-780d810f6000 rw-p 0000f000 103:03 1615431                   /usr/lib/jvm/java-17-openjdk-amd64/lib/libjli.so
780d810f6000-780d810f8000 r--p 00000000 103:03 1074728                   /usr/lib/x86_64-linux-gnu/libz.so.1.2.11
780d810f8000-780d81109000 r-xp 00002000 103:03 1074728                   /usr/lib/x86_64-linux-gnu/libz.so.1.2.11
780d81109000-780d8110f000 r--p 00013000 103:03 1074728                   /usr/lib/x86_64-linux-gnu/libz.so.1.2.11
780d8110f000-780d81110000 ---p 00019000 103:03 1074728                   /usr/lib/x86_64-linux-gnu/libz.so.1.2.11
780d81110000-780d81111000 r--p 00019000 103:03 1074728                   /usr/lib/x86_64-linux-gnu/libz.so.1.2.11
780d81111000-780d81112000 rw-p 0001a000 103:03 1074728                   /usr/lib/x86_64-linux-gnu/libz.so.1.2.11
780d81112000-780d81113000 r--p 00000000 07:01 2371                       /snap/code/198/usr/lib/locale/en_US.utf8/LC_ADDRESS
780d81113000-780d81114000 r--p 00000000 07:01 1430                       /snap/code/198/usr/lib/locale/chr_US/LC_TELEPHONE
780d81114000-780d81115000 r--p 00000000 07:01 1423                       /snap/code/198/usr/lib/locale/chr_US/LC_MEASUREMENT
780d81115000-780d81116000 r--p 00000000 07:01 2374                       /snap/code/198/usr/lib/locale/en_US.utf8/LC_IDENTIFICATION
780d81116000-780d81117000 ---p 00000000 00:00 0 
780d81117000-780d81118000 r--p 00000000 00:00 0 
780d81118000-780d8111a000 r--p 00000000 103:03 1615430                   /usr/lib/jvm/java-17-openjdk-amd64/lib/libjimage.so
780d8111a000-780d8111d000 r-xp 00002000 103:03 1615430                   /usr/lib/jvm/java-17-openjdk-amd64/lib/libjimage.so
780d8111d000-780d8111e000 r--p 00005000 103:03 1615430                   /usr/lib/jvm/java-17-openjdk-amd64/lib/libjimage.so
780d8111e000-780d8111f000 ---p 00006000 103:03 1615430                   /usr/lib/jvm/java-17-openjdk-amd64/lib/libjimage.so
780d8111f000-780d81120000 r--p 00006000 103:03 1615430                   /usr/lib/jvm/java-17-openjdk-amd64/lib/libjimage.so
780d81120000-780d81121000 rw-p 00007000 103:03 1615430                   /usr/lib/jvm/java-17-openjdk-amd64/lib/libjimage.so
780d81121000-780d81123000 rw-p 00000000 00:00 0 
780d81123000-780d81125000 r--p 00000000 103:03 1048671                   /usr/lib/x86_64-linux-gnu/ld-linux-x86-64.so.2
780d81125000-780d8114f000 r-xp 00002000 103:03 1048671                   /usr/lib/x86_64-linux-gnu/ld-linux-x86-64.so.2
780d8114f000-780d8115a000 r--p 0002c000 103:03 1048671                   /usr/lib/x86_64-linux-gnu/ld-linux-x86-64.so.2
780d8115a000-780d8115b000 ---p 00000000 00:00 0 
780d8115b000-780d8115d000 r--p 00037000 103:03 1048671                   /usr/lib/x86_64-linux-gnu/ld-linux-x86-64.so.2
780d8115d000-780d8115f000 rw-p 00039000 103:03 1048671                   /usr/lib/x86_64-linux-gnu/ld-linux-x86-64.so.2
7ffd76d7a000-7ffd76d9c000 rw-p 00000000 00:00 0                          [stack]
7ffd76db3000-7ffd76db7000 r--p 00000000 00:00 0                          [vvar]
7ffd76db7000-7ffd76db9000 r-xp 00000000 00:00 0                          [vdso]
ffffffffff600000-ffffffffff601000 --xp 00000000 00:00 0                  [vsyscall]


VM Arguments:
jvm_args: -agentlib:jdwp=transport=dt_socket,server=n,suspend=y,address=localhost:42195 -XX:+ShowCodeDetailsInExceptionMessages 
java_command: com.apmosys.employeeportal.EmployeeportalApplication
java_class_path (initial): /home/rishabh.verma@apmosys.mahape/Videos/employeeportal_java/target/classes:/home/rishabh.verma@apmosys.mahape/.m2/repository/org/springframework/boot/spring-boot-starter-data-jpa/2.6.7/spring-boot-starter-data-jpa-2.6.7.jar:/home/rishabh.verma@apmosys.mahape/.m2/repository/org/springframework/boot/spring-boot-starter-aop/2.6.7/spring-boot-starter-aop-2.6.7.jar:/home/rishabh.verma@apmosys.mahape/.m2/repository/org/aspectj/aspectjweaver/1.9.7/aspectjweaver-1.9.7.jar:/home/rishabh.verma@apmosys.mahape/.m2/repository/org/springframework/boot/spring-boot-starter-jdbc/2.6.7/spring-boot-starter-jdbc-2.6.7.jar:/home/rishabh.verma@apmosys.mahape/.m2/repository/com/zaxxer/HikariCP/4.0.3/HikariCP-4.0.3.jar:/home/rishabh.verma@apmosys.mahape/.m2/repository/org/springframework/spring-jdbc/5.3.19/spring-jdbc-5.3.19.jar:/home/rishabh.verma@apmosys.mahape/.m2/repository/jakarta/transaction/jakarta.transaction-api/1.3.3/jakarta.transaction-api-1.3.3.jar:/home/rishabh.verma@apmosys.mahape/.m2/repository/jakarta/persistence/jakarta.persistence-api/2.2.3/jakarta.persistence-api-2.2.3.jar:/home/rishabh.verma@apmosys.mahape/.m2/repository/org/hibernate/hibernate-core/5.6.8.Final/hibernate-core-5.6.8.Final.jar:/home/rishabh.verma@apmosys.mahape/.m2/repository/net/bytebuddy/byte-buddy/1.11.22/byte-buddy-1.11.22.jar:/home/rishabh.verma@apmosys.mahape/.m2/repository/antlr/antlr/2.7.7/antlr-2.7.7.jar:/home/rishabh.verma@apmosys.mahape/.m2/repository/org/jboss/jandex/2.4.2.Final/jandex-2.4.2.Final.jar:/home/rishabh.verma@apmosys.mahape/.m2/repository/com/fasterxml/classmate/1.5.1/classmate-1.5.1.jar:/home/rishabh.verma@apmosys.mahape/.m2/repository/org/hibernate/common/hibernate-commons-annotations/5.1.2.Final/hibernate-commons-annotations-5.1.2.Final.jar:/home/rishabh.verma@apmosys.mahape/.m2/repository/org/springframework/data/spring-data-jpa/2.6.4/spring-data-jpa-2.6.4.jar:/home/rishabh.verma@apmosys.mahape/.m2/repository/org/springframework/data/spring-data-c
Launcher Type: SUN_STANDARD

[Global flags]
     intx CICompilerCount                          = 4                                         {product} {ergonomic}
     uint ConcGCThreads                            = 3                                         {product} {ergonomic}
     uint G1ConcRefinementThreads                  = 10                                        {product} {ergonomic}
   size_t G1HeapRegionSize                         = 2097152                                   {product} {ergonomic}
    uintx GCDrainStackTargetSize                   = 64                                        {product} {ergonomic}
   size_t InitialHeapSize                          = 184549376                                 {product} {ergonomic}
   size_t MarkStackSize                            = 4194304                                   {product} {ergonomic}
   size_t MaxHeapSize                              = 2952790016                                {product} {ergonomic}
   size_t MaxNewSize                               = 1769996288                                {product} {ergonomic}
   size_t MinHeapDeltaBytes                        = 2097152                                   {product} {ergonomic}
   size_t MinHeapSize                              = 8388608                                   {product} {ergonomic}
    uintx NonNMethodCodeHeapSize                   = 5839372                                {pd product} {ergonomic}
    uintx NonProfiledCodeHeapSize                  = 122909434                              {pd product} {ergonomic}
    uintx ProfiledCodeHeapSize                     = 122909434                              {pd product} {ergonomic}
    uintx ReservedCodeCacheSize                    = 251658240                              {pd product} {ergonomic}
     bool SegmentedCodeCache                       = true                                      {product} {ergonomic}
     bool ShowCodeDetailsInExceptionMessages       = true                                   {manageable} {command line}
   size_t SoftMaxHeapSize                          = 2952790016                             {manageable} {ergonomic}
     bool UseCompressedClassPointers               = true                           {product lp64_product} {ergonomic}
     bool UseCompressedOops                        = true                           {product lp64_product} {ergonomic}
     bool UseG1GC                                  = true                                      {product} {ergonomic}

Logging:
Log output configuration:
 #0: stdout all=warning uptime,level,tags
 #1: stderr all=off uptime,level,tags

Environment Variables:
JAVA_HOME=/usr/lib/jvm/java-17-openjdk-amd64
PATH=/home/rishabh.verma@apmosys.mahape/.nvm/versions/node/v20.19.3/bin:/usr/local/sbin:/usr/local/bin:/usr/sbin:/usr/bin:/sbin:/bin:/usr/games:/usr/local/games:/snap/bin:/snap/bin:/usr/lib/jvm/java-17-openjdk-amd64/bin:/usr/lib/jvm/java-17-openjdk-amd64/bin
USERNAME=rishabh.verma@apmosys.mahape
SHELL=/bin/bash
DISPLAY=:0
LANG=en_US.UTF-8
TERM=xterm-256color

Active Locale:
LC_ALL=en_US.UTF-8
LC_COLLATE=en_US.UTF-8
LC_CTYPE=en_US.UTF-8
LC_MESSAGES=en_US.UTF-8
LC_MONETARY=en_US.UTF-8
LC_NUMERIC=en_US.UTF-8
LC_TIME=en_US.UTF-8

Signal Handlers:
   SIGSEGV: crash_handler in libjvm.so, mask=11100100010111111101111111111110, flags=SA_RESTART|SA_SIGINFO, unblocked
    SIGBUS: crash_handler in libjvm.so, mask=11100100010111111101111111111110, flags=SA_RESTART|SA_SIGINFO, unblocked
    SIGFPE: crash_handler in libjvm.so, mask=11100100010111111101111111111110, flags=SA_RESTART|SA_SIGINFO, unblocked
   SIGPIPE: javaSignalHandler in libjvm.so, mask=11100100010111111101111111111110, flags=SA_RESTART|SA_SIGINFO, blocked
   SIGXFSZ: javaSignalHandler in libjvm.so, mask=11100100010111111101111111111110, flags=SA_RESTART|SA_SIGINFO, blocked
    SIGILL: crash_handler in libjvm.so, mask=11100100010111111101111111111110, flags=SA_RESTART|SA_SIGINFO, unblocked
   SIGUSR2: SR_handler in libjvm.so, mask=00000000000000000000000000000000, flags=SA_RESTART|SA_SIGINFO, blocked
    SIGHUP: UserHandler in libjvm.so, mask=11100100010111111101111111111110, flags=SA_RESTART|SA_SIGINFO, blocked
    SIGINT: UserHandler in libjvm.so, mask=11100100010111111101111111111110, flags=SA_RESTART|SA_SIGINFO, blocked
   SIGTERM: UserHandler in libjvm.so, mask=11100100010111111101111111111110, flags=SA_RESTART|SA_SIGINFO, blocked
   SIGQUIT: UserHandler in libjvm.so, mask=11100100010111111101111111111110, flags=SA_RESTART|SA_SIGINFO, blocked
   SIGTRAP: crash_handler in libjvm.so, mask=11100100010111111101111111111110, flags=SA_RESTART|SA_SIGINFO, unblocked


Periodic native trim disabled


---------------  S Y S T E M  ---------------

OS:
DISTRIB_ID=Ubuntu
DISTRIB_RELEASE=22.04
DISTRIB_CODENAME=jammy
DISTRIB_DESCRIPTION="Ubuntu 22.04.2 LTS"
uname: Linux 6.8.0-60-generic #63~22.04.1-Ubuntu SMP PREEMPT_DYNAMIC Tue Apr 22 19:00:15 UTC 2 x86_64
OS uptime: 0 days 6:43 hours
libc: glibc 2.35 NPTL 2.35 
rlimit (soft/hard): STACK 8192k/infinity , CORE 0k/infinity , NPROC 44724/44724 , NOFILE 1048576/1048576 , AS infinity/infinity , CPU infinity/infinity , DATA infinity/infinity , FSIZE infinity/infinity , MEMLOCK 1441536k/1441536k
load average: 14.36 11.90 9.20

/proc/meminfo:
MemTotal:       11532304 kB
MemFree:          165896 kB
MemAvailable:    1279924 kB
Buffers:           11128 kB
Cached:          1360736 kB
SwapCached:        48312 kB
Active:          6764660 kB
Inactive:        3153296 kB
Active(anon):    6267244 kB
Inactive(anon):  2372088 kB
Active(file):     497416 kB
Inactive(file):   781208 kB
Unevictable:          64 kB
Mlocked:              64 kB
SwapTotal:      11718652 kB
SwapFree:        3936864 kB
Zswap:                 0 kB
Zswapped:              0 kB
Dirty:               964 kB
Writeback:             0 kB
AnonPages:       8509256 kB
Mapped:           649688 kB
Shmem:             93232 kB
KReclaimable:     138388 kB
Slab:             476076 kB
SReclaimable:     138388 kB
SUnreclaim:       337688 kB
KernelStack:       29136 kB
PageTables:       154804 kB
SecPageTables:         0 kB
NFS_Unstable:          0 kB
Bounce:                0 kB
WritebackTmp:          0 kB
CommitLimit:    17484804 kB
Committed_AS:   43402576 kB
VmallocTotal:   34359738367 kB
VmallocUsed:       81764 kB
VmallocChunk:          0 kB
Percpu:            17856 kB
HardwareCorrupted:     0 kB
AnonHugePages:         0 kB
ShmemHugePages:        0 kB
ShmemPmdMapped:        0 kB
FileHugePages:         0 kB
FilePmdMapped:         0 kB
Unaccepted:            0 kB
HugePages_Total:       0
HugePages_Free:        0
HugePages_Rsvd:        0
HugePages_Surp:        0
Hugepagesize:       2048 kB
Hugetlb:               0 kB
DirectMap4k:     1952132 kB
DirectMap2M:     9910272 kB
DirectMap1G:     1048576 kB

/sys/kernel/mm/transparent_hugepage/enabled: always [madvise] never
/sys/kernel/mm/transparent_hugepage/hpage_pmd_size: 2097152
/sys/kernel/mm/transparent_hugepage/defrag (defrag/compaction efforts parameter): always defer defer+madvise [madvise] never

Process Memory:
Virtual Size: 12563140K (peak: 12563200K)
Resident Set Size: 2714072K (peak: 2714072K) (anon: 2607988K, file: 106084K, shmem: 0K)
Swapped out: 0K

[error occurred during error reporting (printing OS information), id 0xb, SIGSEGV (0xb) at pc=0x0000780d80ea0d98]

CPU: total 12 (initial active 12) (12 cores per cpu, 2 threads per core) family 25 model 80 stepping 0 microcode 0xa50000f, cx8, cmov, fxsr, ht, mmx, 3dnowpref, sse, sse2, sse3, ssse3, sse4a, sse4.1, sse4.2, popcnt, lzcnt, tsc, tscinvbit, avx, avx2, aes, erms, clmul, bmi1, bmi2, adx, sha, fma, vzeroupper, clflush, clflushopt
CPU Model and flags from /proc/cpuinfo:
model name	: AMD Ryzen 5 5625U with Radeon Graphics
flags		: fpu vme de pse tsc msr pae mce cx8 apic sep mtrr pge mca cmov pat pse36 clflush mmx fxsr sse sse2 ht syscall nx mmxext fxsr_opt pdpe1gb rdtscp lm constant_tsc rep_good nopl nonstop_tsc cpuid extd_apicid aperfmperf rapl pni pclmulqdq monitor ssse3 fma cx16 sse4_1 sse4_2 movbe popcnt aes xsave avx f16c rdrand lahf_lm cmp_legacy svm extapic cr8_legacy abm sse4a misalignsse 3dnowprefetch osvw ibs skinit wdt tce topoext perfctr_core perfctr_nb bpext perfctr_llc mwaitx cpb cat_l3 cdp_l3 hw_pstate ssbd mba ibrs ibpb stibp vmmcall fsgsbase bmi1 avx2 smep bmi2 erms invpcid cqm rdt_a rdseed adx smap clflushopt clwb sha_ni xsaveopt xsavec xgetbv1 xsaves cqm_llc cqm_occup_llc cqm_mbm_total cqm_mbm_local user_shstk clzero irperf xsaveerptr rdpru wbnoinvd cppc arat npt lbrv svm_lock nrip_save tsc_scale vmcb_clean flushbyasid decodeassists pausefilter pfthreshold avic v_vmsave_vmload vgif v_spec_ctrl umip pku ospke vaes vpclmulqdq rdpid overflow_recov succor smca fsrm debug_swap

Online cpus: 0-11
Offline cpus: 12-15
BIOS frequency limitation: <Not Available>
Frequency switch latency (ns): 0
Available cpu frequencies: <Not Available>
Current governor: powersave
Core performance/turbo boost: <Not Available>

Memory: 4k page, physical 11532304k(165640k free), swap 11718652k(3936864k free)
Page Sizes: 4k

vm_info: OpenJDK 64-Bit Server VM (17.0.15+6-Ubuntu-0ubuntu122.04) for linux-amd64 JRE (17.0.15+6-Ubuntu-0ubuntu122.04), built on Apr 21 2025 05:41:34 by "buildd" with gcc 11.4.0

END.
