#
# A fatal error has been detected by the Java Runtime Environment:
#
#  SIGSEGV (0xb) at pc=0x000070b1709c9334, pid=459904, tid=515702
#
# JRE version: OpenJDK Runtime Environment (17.0.15+6) (build 17.0.15+6-Ubuntu-0ubuntu122.04)
# Java VM: OpenJDK 64-Bit Server VM (17.0.15+6-Ubuntu-0ubuntu122.04, mixed mode, sharing, tiered, compressed oops, compressed class ptrs, g1 gc, linux-amd64)
# Problematic frame:
# C  [libtorch_cpu.so+0x101c9334]  dnnl::impl::primitive_execute(dnnl_primitive const*, dnnl::impl::exec_ctx_t&)+0x34
#
# Core dump will be written. Default location: Core dumps may be processed with "/usr/share/apport/apport -p%p -s%s -c%c -d%d -P%P -u%u -g%g -F%F -- %E" (or dumping to /home/rishabh.verma@apmosys.mahape/Videos/employeeportal_java/core.459904)
#
# If you would like to submit a bug report, please visit:
#   https://bugs.launchpad.net/ubuntu/+source/openjdk-17
# The crash happened outside the Java Virtual Machine in native code.
# See problematic frame for where to report the bug.
#

---------------  S U M M A R Y ------------

Command Line: -agentlib:jdwp=transport=dt_socket,server=n,suspend=y,address=localhost:34735 -XX:+ShowCodeDetailsInExceptionMessages com.apmosys.employeeportal.EmployeeportalApplication

Host: AMD Ryzen 5 5625U with Radeon Graphics, 12 cores, 10G, Ubuntu 22.04.2 LTS
Time: Mon Jul 28 17:00:12 2025 IST elapsed time: 9047.598898 seconds (0d 2h 30m 47s)

---------------  T H R E A D  ---------------

Current thread (0x000070b03de00b60):  JavaThread "pool-7-thread-3" [_thread_in_native, id=515702, stack(0x000070b0cbf00000,0x000070b0cc000000)]

Stack: [0x000070b0cbf00000,0x000070b0cc000000],  sp=0x000070b0cbffaed0,  free space=1003k
Native frames: (J=compiled Java code, j=interpreted, Vv=VM code, C=native code)
C  [libtorch_cpu.so+0x101c9334]  dnnl::impl::primitive_execute(dnnl_primitive const*, dnnl::impl::exec_ctx_t&)+0x34

Java frames: (J=compiled Java code, j=interpreted, Vv=VM code)
J 29261  ai.djl.pytorch.jni.PyTorchLibrary.moduleRunMethod(JLjava/lang/String;[JZZ)J (0 bytes) @ 0x000070b301f1358f [0x000070b301f13520+0x000000000000006f]
J 33679 c2 ai.djl.pytorch.jni.IValueUtils.forward(Lai/djl/pytorch/engine/PtSymbolBlock;Lai/djl/ndarray/NDList;Z)Lai/djl/ndarray/NDList; (151 bytes) @ 0x000070b302492bbc [0x000070b302492200+0x00000000000009bc]
J 34065 c2 ai.djl.pytorch.engine.PtSymbolBlock.forwardInternal(Lai/djl/training/ParameterStore;Lai/djl/ndarray/NDList;ZLai/djl/util/PairList;)Lai/djl/ndarray/NDList; (237 bytes) @ 0x000070b302575ad0 [0x000070b302575620+0x00000000000004b0]
J 34059 c2 ai.djl.inference.Predictor.predict(Ljava/lang/Object;)Ljava/lang/Object; (15 bytes) @ 0x000070b30256a428 [0x000070b30256a0c0+0x0000000000000368]
j  com.apmosys.employeeportal.utility.SimilarityFinder.lambda$0(Ljava/util/List;)V+35
j  com.apmosys.employeeportal.utility.SimilarityFinder$$Lambda$1667+0x000070b295c13cb0.run()V+8
j  java.util.concurrent.CompletableFuture$AsyncRun.run()V+36 java.base@17.0.15
J 29542 c1 java.util.concurrent.ThreadPoolExecutor.runWorker(Ljava/util/concurrent/ThreadPoolExecutor$Worker;)V java.base@17.0.15 (187 bytes) @ 0x000070b2f8fa6d8c [0x000070b2f8fa64a0+0x00000000000008ec]
J 32356 c1 java.util.concurrent.ThreadPoolExecutor$Worker.run()V java.base@17.0.15 (9 bytes) @ 0x000070b2fa4fccc4 [0x000070b2fa4fcc40+0x0000000000000084]
J 29507 c1 java.lang.Thread.run()V java.base@17.0.15 (17 bytes) @ 0x000070b2fb43b184 [0x000070b2fb43b040+0x0000000000000144]
v  ~StubRoutines::call_stub

siginfo: si_signo: 11 (SIGSEGV), si_code: 1 (SEGV_MAPERR), si_addr: 0x000000070b238745

Registers:
RAX=0x000000070b238725, RBX=0x000070b238725b00, RCX=0x000070b0f45f12f0, RDX=0x000070b170999890
RSP=0x000070b0cbffaed0, RBP=0x000070b0f4507c80, RSI=0x000070b0cbffafd0, RDI=0x000070b0f4507c80
R8 =0x0000000000000580, R9 =0x0000000000000000, R10=0x000070b0cbffafc0, R11=0x0000000000000000
R12=0x000070b0cbffafd0, R13=0x000070b0f4507c80, R14=0x000070b0f461bcb0, R15=0x000070b0f4507c80
RIP=0x000070b1709c9334, EFLAGS=0x0000000000010246, CSGSFS=0x002b000000000033, ERR=0x0000000000000004
  TRAPNO=0x000000000000000e

XMM[0]=0x0000000000000000 0x0000000000000000
XMM[1]=0x0000000000000000 0x43e0000000000000
XMM[2]=0x0000000000000000 0x0000000000000000
XMM[3]=0x0000000000000000 0x0000000000000000
XMM[4]=0x0000000000000000 0x3ff0000000000000
XMM[5]=0x0000000000000000 0x000070b0f4000090
XMM[6]=0x0000000000000000 0x000000003f800000
XMM[7]=0x0000000000000000 0x000000003f800000
XMM[8]=0xbfdf9cd5bf6c8d32 0xc0516866c01096fc
XMM[9]=0xbfd83d9a3ed8b2b8 0xc0368ff0c014075b
XMM[10]=0xbfef4016bf88d71c 0xc075c9a5bf5f67d2
XMM[11]=0xc0080ae8bfc351fa 0xbf2bf4b9bfaa7691
XMM[12]=0x3e0f335d3e0f335d 0x3e0f335d3e0f335d
XMM[13]=0xbe2acee6be2acee6 0xbe2acee6be2acee6
XMM[14]=0x0000000000000000 0x00000000b93e3f11
XMM[15]=0xbd1a5884bd1a5884 0xbd1a588480000000
  MXCSR=0x00001fb7


Register to memory mapping:

RAX=0x000000070b238725 is an unknown value
RBX=0x000070b238725b00 points into unknown readable memory: 0x000000070b238725 | 25 87 23 0b 07 00 00 00
RCX=0x000070b0f45f12f0 points into unknown readable memory: 0x0000000000000000 | 00 00 00 00 00 00 00 00
RDX=0x000070b170999890: <offset 0x0000000010199890> in /home/rishabh.verma@apmosys.mahape/.djl.ai/pytorch/2.0.1-cpu-linux-x86_64/libtorch_cpu.so at 0x000070b160800000
RSP=0x000070b0cbffaed0 is pointing into the stack for thread: 0x000070b03de00b60
RBP=0x000070b0f4507c80 points into unknown readable memory: 0x00000001f46db201 | 01 b2 6d f4 01 00 00 00
RSI=0x000070b0cbffafd0 is pointing into the stack for thread: 0x000070b03de00b60
RDI=0x000070b0f4507c80 points into unknown readable memory: 0x00000001f46db201 | 01 b2 6d f4 01 00 00 00
R8 =0x0000000000000580 is an unknown value
R9 =0x0 is NULL
R10=0x000070b0cbffafc0 is pointing into the stack for thread: 0x000070b03de00b60
R11=0x0 is NULL
R12=0x000070b0cbffafd0 is pointing into the stack for thread: 0x000070b03de00b60
R13=0x000070b0f4507c80 points into unknown readable memory: 0x00000001f46db201 | 01 b2 6d f4 01 00 00 00
R14=0x000070b0f461bcb0 points into unknown readable memory: 0x0000000000000050 | 50 00 00 00 00 00 00 00
R15=0x000070b0f4507c80 points into unknown readable memory: 0x00000001f46db201 | 01 b2 6d f4 01 00 00 00


Top of Stack: (sp=0x000070b0cbffaed0)
0x000070b0cbffaed0:   000000000000000d 92d1909f15a33a00
0x000070b0cbffaee0:   0000000000000020 0000000000000001
0x000070b0cbffaef0:   000070b0f461bcd0 000070b238dd6800
0x000070b0cbffaf00:   000070b0f4507980 000070b171b157b0
0x000070b0cbffaf10:   0000000100000000 0000000000000001
0x000070b0cbffaf20:   0000000100000001 0000000000000001
0x000070b0cbffaf30:   000070b0cbffaf90 0000000000000040
0x000070b0cbffaf40:   0000000000000028 92d1909f15a33a00
0x000070b0cbffaf50:   000070b0cbffb150 000070b0cbffafd0
0x000070b0cbffaf60:   000070b0f4507c80 0000000000000000
0x000070b0cbffaf70:   000070b0cbffaf90 000070b0f461bcb0
0x000070b0cbffaf80:   000070b0f4507c80 000070b1709c98a6
0x000070b0cbffaf90:   000070b0cbffafc0 0000000000000001
0x000070b0cbffafa0:   0000000000000000 0000000000000000
0x000070b0cbffafb0:   000070b03f800000 0000000000000000
0x000070b0cbffafc0:   0000000000000000 000070b23ebf5500
0x000070b0cbffafd0:   000070b238725b00 000070b0f45f12f0
0x000070b0cbffafe0:   000000000000000d 000070b0f466fac0
0x000070b0cbffaff0:   0000000000000002 000070b03f800000
0x000070b0cbffb000:   000000000000000d 0000000000000000
0x000070b0cbffb010:   000070b0cbffb040 0000000000000001
0x000070b0cbffb020:   0000000000000000 0000000000000000
0x000070b0cbffb030:   000000003f800000 0000000000000000
0x000070b0cbffb040:   0000000000000000 0000000000000000
0x000070b0cbffb050:   0000000000000000 92d1909f15a33a00
0x000070b0cbffb060:   0000000000000000 000070b17779b5d0
0x000070b0cbffb070:   000070b0cbffb140 000070b0cbffb0a0
0x000070b0cbffb080:   000070b0cbffb0b0 000070b161e2977e
0x000070b0cbffb090:   0000000000000050 000070b161e29cab
0x000070b0cbffb0a0:   0000000000000001 000070b0f4507980
0x000070b0cbffb0b0:   000070b0f461bcb0 000070b0f461bce0
0x000070b0cbffb0c0:   000070b0f461bce0 92d1909f15a33a00 

Instructions: (pc=0x000070b1709c9334)
0x000070b1709c9234:   1f 44 00 00 48 89 74 24 20 48 89 54 24 28 48 89
0x000070b1709c9244:   44 24 30 49 8d 7d 10 48 89 7c 24 60 e9 17 ff ff
0x000070b1709c9254:   ff 0f 1f 00 48 8b 54 24 68 48 85 d2 74 1e 48 83
0x000070b1709c9264:   fa 01 74 3f e8 b3 95 ef f0 48 8b 54 24 68 48 8b
0x000070b1709c9274:   7c 24 20 66 0f 1f 84 00 00 00 00 00 48 89 54 24
0x000070b1709c9284:   28 c6 04 17 00 48 8b 7c 24 60 e9 d9 fe ff ff 0f
0x000070b1709c9294:   1f 44 00 00 f3 0f 6f 40 10 0f 29 44 24 70 e9 58
0x000070b1709c92a4:   fe ff ff 0f b6 44 24 70 88 07 48 8b 54 24 68 48
0x000070b1709c92b4:   8b 7c 24 20 eb c6 e8 31 95 ef f0 48 8b 7c 24 40
0x000070b1709c92c4:   49 83 c6 10 48 89 c3 4c 39 f7 74 05 e8 fb 94 ef
0x000070b1709c92d4:   f0 48 8b 7c 24 20 48 83 c5 10 48 39 ef 74 05 e8
0x000070b1709c92e4:   e8 94 ef f0 48 89 df e8 f0 94 ef f0 48 89 c3 eb
0x000070b1709c92f4:   e0 90 66 2e 0f 1f 84 00 00 00 00 00 41 57 41 56
0x000070b1709c9304:   48 8d 15 85 05 fd ff 41 55 41 54 49 89 fd 55 53
0x000070b1709c9314:   49 89 f4 48 81 ec 88 00 00 00 48 8b 1e 64 48 8b
0x000070b1709c9324:   04 25 28 00 00 00 48 89 44 24 78 31 c0 48 8b 03
0x000070b1709c9334:   48 8b 40 20 48 39 d0 0f 85 7f 02 00 00 bf 01 00
0x000070b1709c9344:   00 00 e8 05 ce 0d 01 84 c0 89 c5 0f 85 4b 02 00
0x000070b1709c9354:   00 e8 f6 af 00 00 85 c0 48 8b 03 0f 84 0b 01 00
0x000070b1709c9364:   00 48 89 df ff 50 18 e8 f0 b2 00 00 48 8b 03 4c
0x000070b1709c9374:   89 e2 f2 0f 11 04 24 4c 89 ee 48 89 df 4c 8d 64
0x000070b1709c9384:   24 10 ff 50 10 41 89 c6 48 8b 03 48 89 df ff 50
0x000070b1709c9394:   18 e8 c6 b2 00 00 66 0f 28 c8 49 8d 44 24 10 48
0x000070b1709c93a4:   c7 44 24 18 00 00 00 00 c6 44 24 20 00 f2 0f 5c
0x000070b1709c93b4:   0c 24 48 89 44 24 10 f2 0f 11 4c 24 08 e8 ca b1
0x000070b1709c93c4:   00 00 84 c0 0f 85 ba 00 00 00 49 8b 7d 20 e8 79
0x000070b1709c93d4:   a4 fe ff 48 8b 54 24 10 f2 0f 10 44 24 08 48 8d
0x000070b1709c93e4:   35 32 d2 d4 02 48 89 c1 bf 01 00 00 00 b8 01 00
0x000070b1709c93f4:   00 00 e8 75 d7 f9 f0 48 8b 05 0e c4 c9 06 48 8b
0x000070b1709c9404:   38 e8 26 a3 f1 f0 48 8b 7c 24 10 49 83 c4 10 4c
0x000070b1709c9414:   39 e7 74 05 e8 b3 93 ef f0 40 84 ed 74 05 e8 29
0x000070b1709c9424:   d6 0d 01 48 8b 03 48 8d 15 6f 04 fd ff 48 8b 40 


Stack slot to memory mapping:
stack at sp + 0 slots: 0x000000000000000d is an unknown value
stack at sp + 1 slots: 0x92d1909f15a33a00 is an unknown value
stack at sp + 2 slots: 0x0000000000000020 is an unknown value
stack at sp + 3 slots: 0x0000000000000001 is an unknown value
stack at sp + 4 slots: 0x000070b0f461bcd0 points into unknown readable memory: 0x0000000000000001 | 01 00 00 00 00 00 00 00
stack at sp + 5 slots: 0x000070b238dd6800 points into unknown readable memory: 0x000070b177505c60 | 60 5c 50 77 b1 70 00 00
stack at sp + 6 slots: 0x000070b0f4507980 points into unknown readable memory: 0x000070b1774dcfc0 | c0 cf 4d 77 b1 70 00 00
stack at sp + 7 slots: 0x000070b171b157b0: <offset 0x00000000113157b0> in /home/rishabh.verma@apmosys.mahape/.djl.ai/pytorch/2.0.1-cpu-linux-x86_64/libtorch_cpu.so at 0x000070b160800000


Compiled method (n/a) 9047641 29261     n 0       ai.djl.pytorch.jni.PyTorchLibrary::moduleRunMethod (native)
 total in heap  [0x000070b301f13390,0x000070b301f13730] = 928
 relocation     [0x000070b301f134f0,0x000070b301f13520] = 48
 main code      [0x000070b301f13520,0x000070b301f13728] = 520
 oops           [0x000070b301f13728,0x000070b301f13730] = 8

[Constant Pool (empty)]

[MachCode]
[Entry Point]
  # {method} {0x000070b18ac5d350} 'moduleRunMethod' '(JLjava/lang/String;[JZZ)J' in 'ai/djl/pytorch/jni/PyTorchLibrary'
  # this:     rsi:rsi   = 'ai/djl/pytorch/jni/PyTorchLibrary'
  # parm0:    rdx:rdx   = long
  # parm1:    rcx:rcx   = 'java/lang/String'
  # parm2:    r8:r8     = '[J'
  # parm3:    r9        = boolean
  # parm4:    rdi       = boolean
  #           [sp+0x50]  (sp of caller)
  0x000070b301f13520: 448b 5608 | 49bb 0000 | 0093 b270 | 0000 4d03 | d349 3bc2 | 0f84 0600 

  0x000070b301f13538: ;   {runtime_call ic_miss_stub}
  0x000070b301f13538: 0000 e941 | 4807 fe90 
[Verified Entry Point]
  0x000070b301f13540: 8984 2400 | c0fe ff55 | 488b ec48 | 83ec 4048 | 893c 244c | 8944 2420 | 4983 f800 | 4c8d 4424 
  0x000070b301f13560: 204c 0f44 | 4424 2048 | 894c 2418 | 4883 f900 | 488d 4c24 | 1848 0f44 | 4c24 1848 | 8974 2408 
  0x000070b301f13580: 4883 fe00 | 488d 7424 | 0848 0f44 | 7424 08c5 

  0x000070b301f13590: ;   {internal_word}
  0x000070b301f13590: f877 49ba | 8f35 f101 | b370 0000 | 4d89 9798 | 0200 0049 | 89a7 9002 

  0x000070b301f135a8: ;   {external_word}
  0x000070b301f135a8: 0000 803d | 749b c313 | 000f 843e | 0000 0056 | 5251 4150 

  0x000070b301f135bc: ;   {metadata({method} {0x000070b18ac5d350} 'moduleRunMethod' '(JLjava/lang/String;[JZZ)J' in 'ai/djl/pytorch/jni/PyTorchLibrary')}
  0x000070b301f135bc: 4151 48be | 50d3 c58a | b170 0000 | 498b fff7 | c40f 0000 | 000f 8412 | 0000 0048 

  0x000070b301f135d8: ;   {runtime_call SharedRuntime::dtrace_method_entry(JavaThread*, Method*)}
  0x000070b301f135d8: 83ec 08e8 | 80fb 5e13 | 4883 c408 | e905 0000 

  0x000070b301f135e8: ;   {runtime_call SharedRuntime::dtrace_method_entry(JavaThread*, Method*)}
  0x000070b301f135e8: 00e8 72fb | 5e13 4159 | 4158 595a | 5e49 8dbf | b002 0000 | 41c7 8738 | 0300 0004 

  0x000070b301f13604: ;   {runtime_call Java_ai_djl_pytorch_jni_PyTorchLibrary_moduleRunMethod}
  0x000070b301f13604: 0000 00e8 | 6d8e 818a | c5f8 7741 | c787 3803 | 0000 0500 | 0000 f083 | 4424 c000 | 493b af40 
  0x000070b301f13624: 0300 000f | 8711 0000 | 0041 81bf | 2803 0000 | 0000 0000 | 0f84 2400 | 0000 c5f8 | 7748 8945 
  0x000070b301f13644: f849 8bff | 4c8b e448 | 83ec 0048 

  0x000070b301f13650: ;   {runtime_call JavaThread::check_special_condition_for_native_trans(JavaThread*)}
  0x000070b301f13650: 83e4 f0e8 | d80d 7b13 | 498b e44d | 33e4 488b | 45f8 41c7 | 8738 0300 | 0008 0000 | 0041 81bf 
  0x000070b301f13670: a803 0000 | 0200 0000 | 0f84 8400 

  0x000070b301f1367c: ;   {external_word}
  0x000070b301f1367c: 0000 803d | a09a c313 | 000f 8438 | 0000 0048 

  0x000070b301f1368c: ;   {metadata({method} {0x000070b18ac5d350} 'moduleRunMethod' '(JLjava/lang/String;[JZZ)J' in 'ai/djl/pytorch/jni/PyTorchLibrary')}
  0x000070b301f1368c: 8945 f848 | be50 d3c5 | 8ab1 7000 | 0049 8bff | f7c4 0f00 | 0000 0f84 | 1200 0000 | 4883 ec08 
  0x000070b301f136ac: ;   {runtime_call SharedRuntime::dtrace_method_exit(JavaThread*, Method*)}
  0x000070b301f136ac: e85f fb5e | 1348 83c4 | 08e9 0500 

  0x000070b301f136b8: ;   {runtime_call SharedRuntime::dtrace_method_exit(JavaThread*, Method*)}
  0x000070b301f136b8: 0000 e851 | fb5e 1348 | 8b45 f849 | c787 9002 | 0000 0000 | 0000 49c7 | 8798 0200 | 0000 0000 
  0x000070b301f136d8: 00c5 f877 | 498b 8fd8 | 0000 00c7 | 8100 0100 | 0000 0000 | 00c9 4981 | 7f08 0000 | 0000 0f85 
  0x000070b301f136f8: 0100 0000 

  0x000070b301f136fc: ;   {runtime_call StubRoutines (1)}
  0x000070b301f136fc: c3e9 fe44 | 02fe c5f8 | 7748 8945 | f84c 8be4 | 4883 ec00 | 4883 e4f0 

  0x000070b301f13714: ;   {runtime_call SharedRuntime::reguard_yellow_pages()}
  0x000070b301f13714: e8e7 095f | 1349 8be4 | 4d33 e448 | 8b45 f8e9 | 56ff ffff 
[/MachCode]


Compiled method (c2) 9047724 33679   !   4       ai.djl.pytorch.jni.IValueUtils::forward (151 bytes)
 total in heap  [0x000070b302491e90,0x000070b302496e88] = 20472
 relocation     [0x000070b302491ff0,0x000070b302492200] = 528
 main code      [0x000070b302492200,0x000070b302494ce0] = 10976
 stub code      [0x000070b302494ce0,0x000070b302494d80] = 160
 oops           [0x000070b302494d80,0x000070b302494dc0] = 64
 metadata       [0x000070b302494dc0,0x000070b3024950f8] = 824
 scopes data    [0x000070b3024950f8,0x000070b3024962c8] = 4560
 scopes pcs     [0x000070b3024962c8,0x000070b302496978] = 1712
 dependencies   [0x000070b302496978,0x000070b302496a60] = 232
 handler table  [0x000070b302496a60,0x000070b302496dc0] = 864
 nul chk table  [0x000070b302496dc0,0x000070b302496e88] = 200

[Constant Pool (empty)]

[MachCode]
[Verified Entry Point]
  # {method} {0x000070b18b807d40} 'forward' '(Lai/djl/pytorch/engine/PtSymbolBlock;Lai/djl/ndarray/NDList;Z)Lai/djl/ndarray/NDList;' in 'ai/djl/pytorch/jni/IValueUtils'
  # parm0:    rsi:rsi   = 'ai/djl/pytorch/engine/PtSymbolBlock'
  # parm1:    rdx:rdx   = 'ai/djl/ndarray/NDList'
  # parm2:    rcx       = boolean
  #           [sp+0xf0]  (sp of caller)
  0x000070b302492200: 8984 2400 | c0fe ff55 | 4881 ece0 | 0000 0089 | 4c24 1048 | 8974 2438 | 4889 5424 | 3048 8bf2 
  0x000070b302492220: ;   {static_call}
  0x000070b302492220: 6666 90e8 

  0x000070b302492224: ; ImmutableOopMap {[48]=Oop [56]=Oop }
                      ;*invokestatic getInputs {reexecute=0 rethrow=0 return_oop=1}
                      ; - ai.djl.pytorch.jni.IValueUtils::forward@1 (line 52)
  0x000070b302492224: 5841 efff | 4c8b c044 | 8b48 0c47 | 8b5c cc08 

  0x000070b302492234: ;   {metadata('ai/djl/pytorch/jni/IValue'[])}
  0x000070b302492234: 4181 fb50 | 3124 020f | 85ff 2000 | 0044 8b58 | 1049 c1e1 | 0347 8b54 

  0x000070b30249224c: ;   {metadata('java/lang/String')}
  0x000070b30249224c: dc08 4181 | fa20 ec00 | 000f 8509 | 2100 0045 | 8b51 0c4b | 8d0c dc49 | 8b87 0801 | 0000 4c8b 
  0x000070b30249226c: d849 83c3 | 204d 3b9f | 1801 0000 | 0f83 a515 | 0000 4d89 | 9f08 0100 | 0041 0f18 | 8300 0100 
  0x000070b30249228c: 0048 c700 | 0100 0000 

  0x000070b302492294: ;   {metadata('java/util/Spliterators$ArraySpliterator')}
  0x000070b302492294: c740 0808 | b410 0044 | 8960 0c44 | 8960 1c44 | 8950 10c7 | 4014 5044 | 0000 4d8b | d949 c1eb 
  0x000070b3024922b4: 0344 8958 | 1849 8baf | 0801 0000 | 488b dd48 | 83c3 3849 | 3b9f 1801 | 0000 0f83 | 8615 0000 
  0x000070b3024922d4: 4989 9f08 | 0100 000f | 1883 0001 | 0000 48c7 | 4500 0100 

  0x000070b3024922e8: ;   {metadata('java/util/stream/ReferencePipeline$Head')}
  0x000070b3024922e8: 0000 c745 | 0858 9c0f | 0044 8965 | 0c4c 8965 | 104c 8965 | 184c 8965 | 204c 8965 | 284c 8965 
  0x000070b302492308: 304c 8944 | 2418 4c89 | 4c24 2044 | 8954 2414 | 4889 4c24 | 2844 895c | 2440 4889 | 0424 4889 
  0x000070b302492328: 6c24 0848 | 8b34 2466 | 9048 b808 | b410 93b2 

  0x000070b302492338: ;   {virtual_call}
  0x000070b302492338: 7000 00e8 

  0x000070b30249233c: ; ImmutableOopMap {rbp=Oop [0]=Oop [8]=Oop [24]=Oop [32]=Oop [40]=Oop [48]=Oop [56]=Oop [64]=NarrowOop }
                      ;*invokeinterface characteristics {reexecute=0 rethrow=0 return_oop=0}
                      ; - java.util.stream.StreamOpFlag::fromCharacteristics@1 (line 750)
                      ; - java.util.stream.StreamSupport::stream@11 (line 70)
                      ; - java.util.Arrays::stream@7 (line 5447)
                      ; - java.util.Arrays::stream@4 (line 5428)
                      ; - ai.djl.pytorch.jni.IValueUtils::forward@25 (line 55)
  0x000070b30249233c: 60c8 0ffe | 8be8 f7c0 | 0400 0000 | 0f85 ee0e | 0000 4c8b | 2c24 83e5 | 5541 807f | 3800 0f85 
  0x000070b30249235c: 9c0f 0000 | 4c8b 7424 | 0841 807f | 3800 0f85 | c80f 0000 | 4d8b d645 | 8966 2045 | 8b42 0844 
  0x000070b30249237c: 8944 2404 | 498b de48 | c1eb 034d | 8bc5 49c1 | e803 4589 | 4628 83e5 | 554d 8bdd | 448b c541 
  0x000070b30249239c: d1e0 4d8b | ce4d 33d9 | 49c1 eb15 | b9ff 0000 | 00c4 6238 | f2e9 4d85 | db74 1a49 | c1e9 0948 
  0x000070b3024923bc: bf00 a0e7 | f3b2 7000 | 0049 03f9 | 803f 040f | 85c4 1100 | 0041 807f | 3800 0f85 | 930f 0000 
  0x000070b3024923dc: 4189 5e1c | 4189 6e0c | 4589 6e14 | 4589 6610 | 4588 661a | 448b 5c24 

  0x000070b3024923f4: ;   {metadata('java/util/stream/ReferencePipeline$Head')}
  0x000070b3024923f4: 0441 81fb | 589c 0f00 | 0f85 ce16 | 0000 4d8b | 8708 0100 | 004d 8bd8 | 4983 c340 | 4d3b 9f18 
  0x000070b302492414: 0100 000f | 837b 1400 | 004d 899f | 0801 0000 | 410f 1883 | 0001 0000 | 49c7 0001 

  0x000070b302492430: ;   {metadata('java/util/stream/ReferencePipeline$5')}
  0x000070b302492430: 0000 0041 | c740 0810 | 8416 0245 | 8960 0c4d | 8960 104d | 8960 184d | 8960 204d | 8960 2845 
  0x000070b302492450: 8960 304d 

  0x000070b302492454: ;   {oop(a 'ai/djl/pytorch/jni/IValueUtils$$Lambda$1593+0x000070b295243348'{0x00000007535f7208})}
  0x000070b302492454: 8960 3841 | c740 3441 | ee6b ea41 | 0fb6 6a18 | 4d8b f249 | c1ee 0345 | 8970 3885 | ed0f 851e 
  0x000070b302492474: 1b00 0041 | 807f 3800 | 0f85 240f | 0000 4d8b | d841 c642 | 1801 418b | 5b08 4d8b | c849 c1e9 
  0x000070b302492494: 0345 894a | 244d 8bca | 498b c849 | 33c9 48c1 | e915 41bd | f0ff ffff | 4885 c974 | 1a49 c1e9 
  0x000070b3024924b4: 0948 bf00 | a0e7 f3b2 | 7000 0049 | 03f9 803f | 040f 8520 | 1100 0041 | 807f 3800 | 0f85 070f 
  0x000070b3024924d4: 0000 4589 | 7020 4d8b | ca49 8bc8 | 4c33 c949 | c1e9 154d | 85c9 741a | 48c1 e909 | 48bf 00a0 
  0x000070b3024924f4: e7f3 b270 | 0000 4803 | f980 3f04 | 0f85 4311 | 0000 4180 | 7f38 000f | 8502 0f00 | 0045 236a 
  0x000070b302492514: 1441 c740 | 0c0a 0000 | 0041 8b52 | 1c41 8950 | 1c41 83cd | 0a45 8968 | 144c 8bca | 49c1 e103 
  0x000070b302492534: 498b c84c | 33c9 49c1 | e915 4d85 | c974 1e85 | d274 1a48 | c1e9 0948 | bf00 a0e7 | f3b2 7000 
  0x000070b302492554: 0048 03f9 | 803f 040f | 85ea 1100 | 0045 8b4a | 1041 ffc1 | 4589 4810 

  0x000070b30249256c: ;   {metadata('java/util/stream/ReferencePipeline$5')}
  0x000070b30249256c: 81fb 1084 | 1602 0f85 | 9415 0000 | 410f b66b | 1885 ed0f | 8543 1a00 | 0041 c643 | 1801 418b 
  0x000070b30249258c: 5b1c 410f | b66c dc1a | 85ed 0f85 | 501a 0000 | 458b 4cdc | 2845 85c9 | 0f84 661a | 0000 4180 
  0x000070b3024925ac: 7f38 000f | 8594 0e00 | 0045 8964 

  0x000070b3024925b8: ;   {oop(a 'java/util/stream/StreamOpFlag'{0x0000000750979a18})}
  0x000070b3024925b8: dc28 49ba | 189a 9750 | 0700 0000 | 418b 5b14 | 8bcb 4123 | 4a20 458b | 4218 413b | c80f 85e9 
  0x000070b3024925d8: 1300 0089 | 5c24 5c4c | 895c 2448 | 4d8b d149 | c1e2 034c | 8914 2444 | 894c 2458 | 498b f24c 
  0x000070b3024925f8: 895c 2408 | 418b e966 | 9048 b808 | b410 93b2 

  0x000070b302492608: ;   {virtual_call}
  0x000070b302492608: 7000 00e8 

  0x000070b30249260c: ; ImmutableOopMap {rbp=NarrowOop [0]=Oop [8]=Oop [24]=Oop [32]=Oop [40]=Oop [48]=Oop [56]=Oop [64]=NarrowOop [72]=Oop [88]=NarrowOop }
                      ;*invokeinterface getExactSizeIfKnown {reexecute=0 rethrow=0 return_oop=0}
                      ; - java.util.stream.AbstractPipeline::exactOutputSizeIfKnown@16 (line 470)
                      ; - java.util.stream.AbstractPipeline::evaluate@19 (line 574)
                      ; - java.util.stream.AbstractPipeline::evaluateToArrayNode@74 (line 260)
                      ; - java.util.stream.LongPipeline::toArray@6 (line 545)
                      ; - ai.djl.pytorch.jni.IValueUtils::forward@38 (line 55)
  0x000070b30249260c: 1090 59fe | 4883 f8ff | 0f84 a213 

  0x000070b302492618: ;   {oop(a 'java/util/stream/StreamOpFlag'{0x0000000750979928})}
  0x000070b302492618: 0000 49ba | 2899 9750 | 0700 0000 | 458b 4220 | 458b 5218 | 4423 4424 | 5c45 3bc2 | 0f84 ee13 
  0x000070b302492638: 0000 4885 | c00f 8cef | 1700 0048 | 81f8 f7ff | ff7f 0f8d | 101a 0000 | 498b 9f08 | 0100 004c 
  0x000070b302492658: 8bd3 4983 | c218 4d3b | 9718 0100 | 000f 834c | 1200 004d | 8997 0801 | 0000 410f | 1882 0001 
  0x000070b302492678: 0000 48c7 | 0301 0000 

  0x000070b302492680: ;   {metadata('java/util/stream/Nodes$LongFixedNodeBuilder')}
  0x000070b302492680: 00c7 4308 | 5091 1602 | 4489 630c | 4c89 6310 | 8bd0 81fa | 0000 0200 | 0f87 ca13 | 0000 4863 
  0x000070b3024926a0: ca81 fa00 | 0002 000f | 872d 1200 | 004d 8b87 | 0801 0000 | 4d8d 54c8 | 104d 3b97 | 1801 0000 
  0x000070b3024926c0: 0f83 1412 | 0000 4d89 | 9708 0100 | 0041 0f18 | 8200 0100 | 0049 c700 | 0100 0000 | 410f 1882 
  0x000070b3024926e0: 4001 0000 

  0x000070b3024926e4: ;   {metadata({type array long})}
  0x000070b3024926e4: 41c7 4008 | 8011 0000 | 4189 500c | 410f 1882 | 8001 0000 | 498b f848 | 83c7 1049 | baff ffff 
  0x000070b302492704: ffff ffff | 1f48 83c1 | 0249 23ca | 4883 c1fe | 4833 c048 | 83f9 087f | 1048 ffc9 | 784f 4889 
  0x000070b302492724: 04cf 48ff | c97d f7eb | 44c5 fdef | c0e9 0d00 | 0000 c5fe | 7f07 c5fe | 7f47 2048 | 83c7 4048 
  0x000070b302492744: 83e9 087d | ed48 83c1 | 047c 0cc5 | fe7f 0748 | 83c7 2048 | 83e9 0448 | 83c1 047e | 1048 ffc9 
  0x000070b302492764: c5f9 d607 | 4883 c708 | 48ff c97d | f34c 8bdb | 458b 5308 | 4c89 5c24 | 504d 8bd8 | 49c1 eb03 
  0x000070b302492784: 4489 5b10 | 4d8b d84c | 8bc3 4d33 | d849 c1eb | 1549 b900 | 0000 93b2 | 7000 004d | 03ca 4c89 
  0x000070b3024927a4: 4c24 6049 | 8b69 204d | 85db 741a | 49c1 e809 | 48bf 00a0 | e7f3 b270 | 0000 4903 | f880 3f04 
  0x000070b3024927c4: 0f85 d90e | 0000 4489 

  0x000070b3024927cc: ;   {metadata('java/util/stream/Sink')}
  0x000070b3024927cc: 630c 49ba | c0d3 1d93 | b270 0000 | 493b ea0f | 852c 0900 | 0048 896c | 2478 4889 | 5c24 7048 
  0x000070b3024927ec: 8b4c 2450 | 4c8b 5424 | 4845 8b5a | 1045 85db | 7f1c 4889 | 4c24 6849 | ba00 a0e7 | f3b2 7000 
  0x000070b30249280c: 004c 8994 | 2480 0000 | 00e9 9700 | 0000 4d8b | da49 ba00 | a0e7 f3b2 | 7000 00eb | 130f 1f80 
  0x000070b30249282c: 0000 0000 | 4f8d 1cd4 | 4c8b 9424 | 8000 0000 | 458b 4320 

  0x000070b302492840: ; implicit exception: dispatches to 0x000070b302494500
  0x000070b302492840: 438b 54c4 | 144c 895c | 2408 4c89 | 9424 8000 | 0000 498b | f38b 6c24 | 5889 6c24 | 4448 8b6c 
  0x000070b302492860: 2448 4889 | 8c24 a800 | 0000 6666 | 9048 b810 | 8416 95b2 

  0x000070b302492874: ;   {virtual_call}
  0x000070b302492874: 7000 00e8 

  0x000070b302492878: ; ImmutableOopMap {rbp=Oop [0]=Oop [8]=Oop [24]=Oop [32]=Oop [40]=Oop [48]=Oop [56]=Oop [64]=NarrowOop [68]=NarrowOop [72]=Oop [80]=Oop [88]=NarrowOop [112]=Oop [168]=Oop }
                      ;*invokevirtual opWrapSink {reexecute=0 rethrow=0 return_oop=1}
                      ; - java.util.stream.AbstractPipeline::wrapSink@23 (line 547)
                      ; - java.util.stream.AbstractPipeline::wrapAndCopyInto@9 (line 499)
                      ; - java.util.stream.AbstractPipeline::evaluate@32 (line 575)
                      ; - java.util.stream.AbstractPipeline::evaluateToArrayNode@74 (line 260)
                      ; - java.util.stream.LongPipeline::toArray@6 (line 545)
                      ; - ai.djl.pytorch.jni.IValueUtils::forward@38 (line 55)
  0x000070b302492878: a468 72ff | 488b c84d | 8b9f 4803 | 0000 4c8b | 5424 0845 

  0x000070b30249288c: ; ImmutableOopMap {r10=NarrowOop rcx=Oop rax=Oop rbp=Oop [0]=Oop [24]=Oop [32]=Oop [40]=Oop [48]=Oop [56]=Oop [64]=NarrowOop [68]=NarrowOop [72]=Oop [80]=Oop [88]=NarrowOop [112]=Oop }
                      ;*goto {reexecute=1 rethrow=0 return_oop=0}
                      ; - (reexecute) java.util.stream.AbstractPipeline::wrapSink@32 (line 546)
                      ; - java.util.stream.AbstractPipeline::wrapAndCopyInto@9 (line 499)
                      ; - java.util.stream.AbstractPipeline::evaluate@32 (line 575)
                      ; - java.util.stream.AbstractPipeline::evaluateToArrayNode@74 (line 260)
                      ; - java.util.stream.LongPipeline::toArray@6 (line 545)
                      ; - ai.djl.pytorch.jni.IValueUtils::forward@38 (line 55)
                      ;   {poll}
  0x000070b30249288c: 8b52 2041 | 8503 478b | 44d4 1045 | 85c0 7f94 | 4885 c00f | 843b 1a00 | 004c 8bd5 | 458b 5a10 
  0x000070b3024928ac: 4889 4424 

  0x000070b3024928b0: ;   {oop(a 'java/util/stream/StreamOpFlag'{0x00000007509799a0})}
  0x000070b3024928b0: 6849 b8a0 | 9997 5007 | 0000 0045 | 8b50 204c | 8b4c 2448 | 4523 5114 | 458b 4818 | 453b d174 
  0x000070b3024928d0: 7448 8b34 | 244c 8b54 | 2448 4c89 | 1424 448b | 5424 5844 | 8954 2444 | 9048 b808 | b410 93b2 
  0x000070b3024928f0: ;   {virtual_call}
  0x000070b3024928f0: 7000 00e8 

  0x000070b3024928f4: ; ImmutableOopMap {[0]=Oop [24]=Oop [32]=Oop [40]=Oop [48]=Oop [56]=Oop [64]=NarrowOop [68]=NarrowOop [72]=Oop [80]=Oop [88]=NarrowOop [104]=Oop [112]=Oop }
                      ;*invokeinterface getExactSizeIfKnown {reexecute=0 rethrow=0 return_oop=0}
                      ; - java.util.stream.AbstractPipeline::copyInto@20 (line 508)
                      ; - java.util.stream.AbstractPipeline::wrapAndCopyInto@13 (line 499)
                      ; - java.util.stream.AbstractPipeline::evaluate@32 (line 575)
                      ; - java.util.stream.AbstractPipeline::evaluateToArrayNode@74 (line 260)
                      ; - java.util.stream.LongPipeline::toArray@6 (line 545)
                      ; - ai.djl.pytorch.jni.IValueUtils::forward@38 (line 55)
  0x000070b3024928f4: 288d 59fe | 488b 7424 | 6848 8bd0 | 8b6c 2444 | 9048 b8a0 | 9616 95b2 

  0x000070b30249290c: ;   {virtual_call}
  0x000070b30249290c: 7000 00e8 

  0x000070b302492910: ; ImmutableOopMap {rbp=NarrowOop [0]=Oop [24]=Oop [32]=Oop [40]=Oop [48]=Oop [56]=Oop [64]=NarrowOop [72]=Oop [80]=Oop [88]=NarrowOop [104]=Oop [112]=Oop }
                      ;*invokeinterface begin {reexecute=0 rethrow=0 return_oop=0}
                      ; - java.util.stream.AbstractPipeline::copyInto@25 (line 508)
                      ; - java.util.stream.AbstractPipeline::wrapAndCopyInto@13 (line 499)
                      ; - java.util.stream.AbstractPipeline::evaluate@32 (line 575)
                      ; - java.util.stream.AbstractPipeline::evaluateToArrayNode@74 (line 260)
                      ; - java.util.stream.LongPipeline::toArray@6 (line 545)
                      ; - ai.djl.pytorch.jni.IValueUtils::forward@38 (line 55)
  0x000070b302492910: 0c9d 3ffe | 498d 34ec | 488b 5424 | 6848 b808 | b410 93b2 

  0x000070b302492924: ;   {virtual_call}
  0x000070b302492924: 7000 00e8 

  0x000070b302492928: ; ImmutableOopMap {rbp=NarrowOop [0]=Oop [24]=Oop [32]=Oop [40]=Oop [48]=Oop [56]=Oop [64]=NarrowOop [72]=Oop [80]=Oop [88]=NarrowOop [104]=Oop [112]=Oop }
                      ;*invokeinterface forEachRemaining {reexecute=0 rethrow=0 return_oop=0}
                      ; - java.util.stream.AbstractPipeline::copyInto@32 (line 509)
                      ; - java.util.stream.AbstractPipeline::wrapAndCopyInto@13 (line 499)
                      ; - java.util.stream.AbstractPipeline::evaluate@32 (line 575)
                      ; - java.util.stream.AbstractPipeline::evaluateToArrayNode@74 (line 260)
                      ; - java.util.stream.LongPipeline::toArray@6 (line 545)
                      ; - ai.djl.pytorch.jni.IValueUtils::forward@38 (line 55)
  0x000070b302492928: f484 d1fe | 488b 7424 | 6848 b8a0 | 9616 95b2 

  0x000070b302492938: ;   {virtual_call}
  0x000070b302492938: 7000 00e8 

  0x000070b30249293c: ; ImmutableOopMap {rbp=NarrowOop [0]=Oop [24]=Oop [32]=Oop [40]=Oop [48]=Oop [56]=Oop [64]=NarrowOop [72]=Oop [80]=Oop [88]=NarrowOop [104]=Oop [112]=Oop }
                      ;*invokeinterface end {reexecute=0 rethrow=0 return_oop=0}
                      ; - java.util.stream.AbstractPipeline::copyInto@38 (line 510)
                      ; - java.util.stream.AbstractPipeline::wrapAndCopyInto@13 (line 499)
                      ; - java.util.stream.AbstractPipeline::evaluate@32 (line 575)
                      ; - java.util.stream.AbstractPipeline::evaluateToArrayNode@74 (line 260)
                      ; - java.util.stream.LongPipeline::toArray@6 (line 545)
                      ; - ai.djl.pytorch.jni.IValueUtils::forward@38 (line 55)
  0x000070b30249293c: e089 59fe | e93b 0100 | 0045 85db | 7f0f 4c8b | 5424 484c | 8994 24b0 | 0000 00eb | 2b4c 8b54 
  0x000070b30249295c: 2448 6690 | 4d8b 9f48 | 0300 0045 

  0x000070b302492968: ; ImmutableOopMap {r10=NarrowOop [0]=Oop [24]=Oop [32]=Oop [40]=Oop [48]=Oop [56]=Oop [64]=NarrowOop [72]=Oop [80]=Oop [88]=NarrowOop [104]=Oop [112]=Oop }
                      ;*goto {reexecute=1 rethrow=0 return_oop=0}
                      ; - (reexecute) java.util.stream.AbstractPipeline::copyIntoWithCancel@14 (line 523)
                      ; - java.util.stream.AbstractPipeline::copyInto@49 (line 513)
                      ; - java.util.stream.AbstractPipeline::wrapAndCopyInto@13 (line 499)
                      ; - java.util.stream.AbstractPipeline::evaluate@32 (line 575)
                      ; - java.util.stream.AbstractPipeline::evaluateToArrayNode@74 (line 260)
                      ; - java.util.stream.LongPipeline::toArray@6 (line 545)
                      ; - ai.djl.pytorch.jni.IValueUtils::forward@38 (line 55)
                      ;   {poll}
  0x000070b302492968: 8b52 2041 | 8503 478b | 5cd4 1049 | c1e2 0345 | 85db 7fe4 | 4c89 9424 | b000 0000 | 488b 3424 
  0x000070b302492988: 4c8b 5424 | 484c 8914 | 2444 8b54 | 2458 4489 | 5424 4466 | 9048 b8ff | ffff ffff 

  0x000070b3024929a4: ;   {virtual_call}
  0x000070b3024929a4: ffff ffe8 

  0x000070b3024929a8: ; ImmutableOopMap {[0]=Oop [24]=Oop [32]=Oop [40]=Oop [48]=Oop [56]=Oop [64]=NarrowOop [68]=NarrowOop [72]=Oop [80]=Oop [88]=NarrowOop [104]=Oop [112]=Oop [176]=Oop }
                      ;*invokeinterface getExactSizeIfKnown {reexecute=0 rethrow=0 return_oop=0}
                      ; - java.util.stream.AbstractPipeline::copyIntoWithCancel@19 (line 526)
                      ; - java.util.stream.AbstractPipeline::copyInto@49 (line 513)
                      ; - java.util.stream.AbstractPipeline::wrapAndCopyInto@13 (line 499)
                      ; - java.util.stream.AbstractPipeline::evaluate@32 (line 575)
                      ; - java.util.stream.AbstractPipeline::evaluateToArrayNode@74 (line 260)
                      ; - java.util.stream.LongPipeline::toArray@6 (line 545)
                      ; - ai.djl.pytorch.jni.IValueUtils::forward@38 (line 55)
  0x000070b3024929a8: d459 affd | 488b 7424 | 6848 8bd0 | 8b6c 2444 | 9048 b8ff | ffff ffff 

  0x000070b3024929c0: ;   {virtual_call}
  0x000070b3024929c0: ffff ffe8 

  0x000070b3024929c4: ; ImmutableOopMap {rbp=NarrowOop [0]=Oop [24]=Oop [32]=Oop [40]=Oop [48]=Oop [56]=Oop [64]=NarrowOop [68]=NarrowOop [72]=Oop [80]=Oop [88]=NarrowOop [104]=Oop [112]=Oop [176]=Oop }
                      ;*invokeinterface begin {reexecute=0 rethrow=0 return_oop=0}
                      ; - java.util.stream.AbstractPipeline::copyIntoWithCancel@24 (line 526)
                      ; - java.util.stream.AbstractPipeline::copyInto@49 (line 513)
                      ; - java.util.stream.AbstractPipeline::wrapAndCopyInto@13 (line 499)
                      ; - java.util.stream.AbstractPipeline::evaluate@32 (line 575)
                      ; - java.util.stream.AbstractPipeline::evaluateToArrayNode@74 (line 260)
                      ; - java.util.stream.LongPipeline::toArray@6 (line 545)
                      ; - ai.djl.pytorch.jni.IValueUtils::forward@38 (line 55)
  0x000070b3024929c4: b859 affd | 488b ac24 | b000 0000 | 448b 5d08 | 448b 4c24 | 444f 8d14 

  0x000070b3024929dc: ;   {metadata('java/util/stream/ReferencePipeline$Head')}
  0x000070b3024929dc: cc41 81fb | 589c 0f00 | 0f85 d308 | 0000 4c89 | 1424 48ff | b424 b000 | 0000 488f | 8424 8800 
  0x000070b3024929fc: 0000 488b | 7424 684c | 8b54 2448 | 4c89 5424 | 0848 b8ff | ffff ffff 

  0x000070b302492a14: ;   {virtual_call}
  0x000070b302492a14: ffff ffe8 

  0x000070b302492a18: ; ImmutableOopMap {rbp=Oop [0]=Oop [8]=Oop [24]=Oop [32]=Oop [40]=Oop [48]=Oop [56]=Oop [64]=NarrowOop [68]=NarrowOop [72]=Oop [80]=Oop [88]=NarrowOop [104]=Oop [112]=Oop [136]=Oop }
                      ;*invokeinterface cancellationRequested {reexecute=0 rethrow=0 return_oop=0}
                      ; - java.util.stream.ReferencePipeline::forEachWithCancel@1 (line 129)
                      ; - java.util.stream.AbstractPipeline::copyIntoWithCancel@32 (line 527)
                      ; - java.util.stream.AbstractPipeline::copyInto@49 (line 513)
                      ; - java.util.stream.AbstractPipeline::wrapAndCopyInto@13 (line 499)
                      ; - java.util.stream.AbstractPipeline::evaluate@32 (line 575)
                      ; - java.util.stream.AbstractPipeline::evaluateToArrayNode@74 (line 260)
                      ; - java.util.stream.LongPipeline::toArray@6 (line 545)
                      ; - ai.djl.pytorch.jni.IValueUtils::forward@38 (line 55)
  0x000070b302492a18: 6459 affd | 85c0 7536 | 488b 3424 | 488b 5424 | 684c 8b54 | 2448 4c89 | 5424 0844 | 8b54 2458 
  0x000070b302492a38: 4489 5424 | 4448 b8ff | ffff ffff 

  0x000070b302492a44: ;   {virtual_call}
  0x000070b302492a44: ffff ffe8 

  0x000070b302492a48: ; ImmutableOopMap {rbp=Oop [0]=Oop [8]=Oop [24]=Oop [32]=Oop [40]=Oop [48]=Oop [56]=Oop [64]=NarrowOop [68]=NarrowOop [72]=Oop [80]=Oop [88]=NarrowOop [104]=Oop [112]=Oop [136]=Oop }
                      ;*invokeinterface tryAdvance {reexecute=0 rethrow=0 return_oop=0}
                      ; - java.util.stream.ReferencePipeline::forEachWithCancel@13 (line 129)
                      ; - java.util.stream.AbstractPipeline::copyIntoWithCancel@32 (line 527)
                      ; - java.util.stream.AbstractPipeline::copyInto@49 (line 513)
                      ; - java.util.stream.AbstractPipeline::wrapAndCopyInto@13 (line 499)
                      ; - java.util.stream.AbstractPipeline::evaluate@32 (line 575)
                      ; - java.util.stream.AbstractPipeline::evaluateToArrayNode@74 (line 260)
                      ; - java.util.stream.LongPipeline::toArray@6 (line 545)
                      ; - ai.djl.pytorch.jni.IValueUtils::forward@38 (line 55)
  0x000070b302492a48: 3459 affd | 85c0 0f85 | 9706 0000 | 33c0 8904 | 2448 8b74 | 2468 448b | 5424 5844 | 8954 2404 
  0x000070b302492a68: 448b 5c24 | 0441 8beb | 9048 b8ff | ffff ffff 

  0x000070b302492a78: ;   {virtual_call}
  0x000070b302492a78: ffff ffe8 

  0x000070b302492a7c: ; ImmutableOopMap {rbp=NarrowOop [4]=NarrowOop [24]=Oop [32]=Oop [40]=Oop [48]=Oop [56]=Oop [64]=NarrowOop [72]=Oop [80]=Oop [88]=NarrowOop [104]=Oop [112]=Oop [136]=Oop }
                      ;*invokeinterface end {reexecute=0 rethrow=0 return_oop=0}
                      ; - java.util.stream.AbstractPipeline::copyIntoWithCancel@38 (line 528)
                      ; - java.util.stream.AbstractPipeline::copyInto@49 (line 513)
                      ; - java.util.stream.AbstractPipeline::wrapAndCopyInto@13 (line 499)
                      ; - java.util.stream.AbstractPipeline::evaluate@32 (line 575)
                      ; - java.util.stream.AbstractPipeline::evaluateToArrayNode@74 (line 260)
                      ; - java.util.stream.LongPipeline::toArray@6 (line 545)
                      ; - ai.djl.pytorch.jni.IValueUtils::forward@38 (line 55)
  0x000070b302492a7c: 0059 affd 

  0x000070b302492a80: ;   {metadata('java/util/stream/Node$Builder')}
  0x000070b302492a80: 48b8 802b | 0794 b270 | 0000 4c8b | 5424 784c | 3bd0 0f85 | f806 0000 | 4c8b 4424 | 5045 8b50 
  0x000070b302492aa0: ;   {metadata('java/util/stream/Nodes$FixedNodeBuilder')}
  0x000070b302492aa0: 0841 81fa | 3030 0701 

  0x000070b302492aa8: ;   {metadata('java/util/stream/Nodes$LongFixedNodeBuilder')}
  0x000070b302492aa8: 746a 4181 | fa50 9116 | 020f 8586 | 1700 0045 | 8b58 1041 | 8b48 0c43 | 8b6c dc0c | 3bcd 7d61 
  0x000070b302492ac8: be45 ffff | ff4c 8b54 | 2438 4c89 | 1424 4c8b | 5424 304c | 8954 2408 | 4c8b 5424 | 484c 8954 
  0x000070b302492ae8: 2438 4c89 | 5424 4044 | 8b54 2458 | 4489 5424 | 144c 8b54 | 2450 4c89 | 5424 484c | 8944 2458 
  0x000070b302492b08: 894c 2460 

  0x000070b302492b0c: ;   {runtime_call UncommonTrapBlob}
  0x000070b302492b0c: 6666 90e8 

  0x000070b302492b10: ; ImmutableOopMap {[0]=Oop [8]=Oop [20]=NarrowOop [24]=Oop [32]=Oop [40]=Oop [56]=Oop [64]=Oop [72]=Oop [88]=Oop }
                      ;*if_icmpge {reexecute=1 rethrow=0 return_oop=0}
                      ; - (reexecute) java.util.stream.Nodes$LongFixedNodeBuilder::build@9 (line 1541)
                      ; - java.util.stream.Nodes$LongFixedNodeBuilder::build@1 (line 1530)
                      ; - java.util.stream.AbstractPipeline::evaluate@38 (line 575)
                      ; - java.util.stream.AbstractPipeline::evaluateToArrayNode@74 (line 260)
                      ; - java.util.stream.LongPipeline::toArray@6 (line 545)
                      ; - ai.djl.pytorch.jni.IValueUtils::forward@38 (line 55)
  0x000070b302492b10: ecaa affd | 458b 5010 | 418b 480c 

  0x000070b302492b1c: ; implicit exception: dispatches to 0x000070b302494ab8
  0x000070b302492b1c: 438b 6cd4 | 0c3b cd0f | 8c6b 1700 | 004c 8b44 | 2470 458b 

  0x000070b302492b30: ;   {metadata('java/util/stream/Nodes$LongFixedNodeBuilder')}
  0x000070b302492b30: 5808 4181 | fb50 9116 | 020f 854d | 1800 0045 

  0x000070b302492b40: ;   {metadata('java/util/stream/Nodes$LongFixedNodeBuilder')}
  0x000070b302492b40: 8b58 0841 | 81fb 5091 | 1602 0f85 | f80f 0000 | 458b 4810 

  0x000070b302492b54: ; implicit exception: dispatches to 0x000070b302494694
  0x000070b302492b54: 478b 54cc | 0c41 8b68 | 0c44 3bd5 | 0f85 1313 | 0000 4c8b | 4424 3845 | 8b50 1c43 | 8b6c d40c 
  0x000070b302492b74: ; implicit exception: dispatches to 0x000070b302494740
  0x000070b302492b74: 458b 5cec 

  0x000070b302492b78: ;   {metadata('java/lang/Long')}
  0x000070b302492b78: 0841 81fb | 2839 0400 | 0f85 4e18 | 0000 4c89 | 0424 4d8b | c149 c1e0 | 0344 894c | 2444 4d8d 
  0x000070b302492b98: 14ec 498b 

  0x000070b302492b9c: ;   {oop(a 'ai/djl/pytorch/jni/PyTorchLibrary'{0x000000075279c550})}
  0x000070b302492b9c: 5210 48be | 50c5 7952 | 0700 0000 | 488b 4c24 | 2844 8b4c | 2410 33ff 

  0x000070b302492bb4: ;   {optimized virtual_call}
  0x000070b302492bb4: 6666 90e8 

  0x000070b302492bb8: ; ImmutableOopMap {[0]=Oop [24]=Oop [32]=Oop [40]=Oop [48]=Oop [64]=NarrowOop [68]=NarrowOop }
                      ;*invokevirtual moduleRunMethod {reexecute=0 rethrow=0 return_oop=0}
                      ; - ai.djl.pytorch.jni.IValueUtils::forward@63 (line 57)
  0x000070b302492bb8: 8409 a8ff | 4889 4424 | 484c 8b54 | 2430 418b | 6a10 85ed | 0f8c be0f | 0000 85ed | 0f84 960e 
  0x000070b302492bd8: 0000 418b | 6a14 458b | 5cec 0c45 | 85db 0f86 | b00f 0000 | 418b 6cec | 1045 8b44 

  0x000070b302492bf4: ;   {metadata('ai/djl/pytorch/engine/PtNDArray')}
  0x000070b302492bf4: ec08 4181 | f8d0 8f18 | 020f 85f1 | 1700 004d | 8d1c ec45 | 8b5b 3049 | 8beb 48c1 | e503 448b 
  0x000070b302492c14: ;   {metadata('ai/djl/pytorch/engine/PtNDManager')}
  0x000070b302492c14: 5d08 4181 | fb00 5418 | 020f 85e1 | 1700 004c | 8bcd 498b | 8708 0100 | 004c 8bd8 | 4983 c320 
  0x000070b302492c34: 4d3b 9f18 | 0100 000f | 83c6 0c00 | 004d 899f | 0801 0000 | 410f 1883 | 0001 0000 | 48c7 0001 
  0x000070b302492c54: ;   {metadata('java/util/Spliterators$ArraySpliterator')}
  0x000070b302492c54: 0000 00c7 | 4008 08b4 | 1000 4489 | 600c 4489 | 601c 448b | 5c24 1444 | 8958 10c7 | 4014 5044 
  0x000070b302492c74: 0000 448b | 4424 4044 | 8940 1849 | 8b8f 0801 | 0000 4c8b | c149 83c0 | 384d 3b87 | 1801 0000 
  0x000070b302492c94: 0f83 930c | 0000 4d89 | 8708 0100 | 0041 0f18 | 8000 0100 | 0048 c701 | 0100 0000 

  0x000070b302492cb0: ;   {metadata('java/util/stream/ReferencePipeline$Head')}
  0x000070b302492cb0: c741 0858 | 9c0f 0044 | 8961 0c4c | 8961 104c | 8961 184c | 8961 204c | 8961 284c | 8961 304c 
  0x000070b302492cd0: 8954 2408 | 4c89 4c24 | 3048 8be8 | 4889 4c24 | 3848 8bf5 | 9048 b808 | b410 93b2 

  0x000070b302492cec: ;   {virtual_call}
  0x000070b302492cec: 7000 00e8 

  0x000070b302492cf0: ; ImmutableOopMap {rbp=Oop [0]=Oop [8]=Oop [24]=Oop [32]=Oop [40]=Oop [48]=Oop [56]=Oop [68]=NarrowOop }
                      ;*invokeinterface characteristics {reexecute=0 rethrow=0 return_oop=0}
                      ; - java.util.stream.StreamOpFlag::fromCharacteristics@1 (line 750)
                      ; - java.util.stream.StreamSupport::stream@11 (line 70)
                      ; - java.util.Arrays::stream@7 (line 5447)
                      ; - java.util.Arrays::stream@4 (line 5428)
                      ; - ai.djl.pytorch.jni.IValueUtils::forward@88 (line 60)
  0x000070b302492cf0: acbe 0ffe | f7c0 0400 | 0000 0f85 | 7605 0000 | 4c8b dd83 | e055 4180 | 7f38 000f | 8570 0700 
  0x000070b302492d10: 004c 8b54 | 2438 4180 | 7f38 000f | 859c 0700 | 0049 8bd2 | 4589 6220 | 8b6a 084d | 8bc3 49c1 
  0x000070b302492d30: e803 4589 | 4228 498b | da48 c1eb | 0383 e055 | 448b c041 | d1e0 b9ff | 0000 00c4 | 6238 f2f1 
  0x000070b302492d50: 4d8b c24d | 33d8 49c1 | eb15 4d85 | db74 1949 | c1e8 094c | 8b8c 2480 | 0000 004d | 03c8 4180 
  0x000070b302492d70: 3904 0f85 | 7109 0000 | 4180 7f38 | 000f 8571 | 0700 0041 | 895a 1c45 | 8972 1441 | 8942 0c45 
  0x000070b302492d90: 8862 1a45 

  0x000070b302492d94: ;   {metadata('java/util/stream/ReferencePipeline$Head')}
  0x000070b302492d94: 8962 1081 | fd58 9c0f | 000f 850d | 0e00 000f | b66a 1885 | ed0f 8505 | 1300 00c6 | 4218 0141 
  0x000070b302492db4: 8b6a 2841 | 8b5c ec08 | 4180 7f38 | 000f 8564 | 0700 0045 | 8962 2849 

  0x000070b302492dcc: ;   {metadata('java/util/Spliterators$ArraySpliterator')}
  0x000070b302492dcc: 8d34 ec81 | fb08 b410 | 000f 8535 | 0400 004c | 8bc6 418b | 4818 418b | 7ccc 0c45 | 8b48 1041 
  0x000070b302492dec: 3bf9 0f8c | e412 0000 | 458b 500c | 4585 d20f | 8c43 1300 | 0045 8948 | 0c45 3bd1 | 0f8d a704 
  0x000070b302492e0c: 0000 443b | d70f 83dd | 0d00 0049 | 8d04 cc42 | 8b6c 9010 

  0x000070b302492e20: ; implicit exception: dispatches to 0x000070b3024948fc
  0x000070b302492e20: 458b 5cec 

  0x000070b302492e24: ;   {metadata('ai/djl/pytorch/jni/IValue')}
  0x000070b302492e24: 0841 81fb | 382e 2402 | 0f85 e215 | 0000 498d | 1cec 8b73 | 0c85 f60f | 841f 0e00 | 0048 895c 
  0x000070b302492e44: 2468 4889 | 4424 6044 | 8954 245c | 4489 4c24 | 5889 7c24 | 1489 4c24 | 404c 8944 | 2450 4889 
  0x000070b302492e64: 5424 3848 | 33ed 4187 | 6cf4 0c41 | 807f 3800 | 0f85 2909 | 0000 458b 

  0x000070b302492e7c: ;   {metadata('java/lang/Long')}
  0x000070b302492e7c: 5cec 0841 | 81fb 2839 | 0400 0f85 | c015 0000 | 48c1 e503 | 488b 5510 

  0x000070b302492e94: ;   {oop(a 'ai/djl/pytorch/jni/PyTorchLibrary'{0x000000075279c550})}
  0x000070b302492e94: 48be 50c5 | 7952 0700 

  0x000070b302492e9c: ;   {optimized virtual_call}
  0x000070b302492e9c: 0000 90e8 

  0x000070b302492ea0: ; ImmutableOopMap {rbp=Oop [0]=Oop [8]=Oop [24]=Oop [32]=Oop [40]=Oop [48]=Oop [56]=Oop [64]=NarrowOop [68]=NarrowOop [80]=Oop [96]=Oop [104]=Oop }
                      ;*invokevirtual torchDeleteIValue {reexecute=0 rethrow=0 return_oop=0}
                      ; - ai.djl.pytorch.jni.IValue::close@23 (line 508)
                      ; - ai.djl.pytorch.jni.IValueUtils$$Lambda$1594/0x000070b295243568::accept@4
                      ; - java.util.Spliterators$ArraySpliterator::forEachRemaining@53 (line 992)
                      ; - java.util.stream.ReferencePipeline$Head::forEach@12 (line 762)
                      ; - ai.djl.pytorch.jni.IValueUtils::forward@96 (line 60)
  0x000070b302492ea0: 9c3f a7ff | 448b 4c24 | 5c41 ffc1 | 443b 4c24 | 580f 8dc0 | 0000 0044 | 3b4c 2414 | 0f83 0313 
  0x000070b302492ec0: 0000 4c63 | 5424 144c | 635c 2458 | 49ff cb4d | 3bda 0f83 | ed12 0000 | 4833 c948 | 8b5c 2460 
  0x000070b302492ee0: 428b 6c8b | 1045 8b5c 

  0x000070b302492ee8: ;   {metadata('ai/djl/pytorch/jni/IValue')}
  0x000070b302492ee8: ec08 4181 | fb38 2e24 | 020f 8569 | 1500 004d | 8d04 ec45 | 8b50 0c45 | 85d2 0f84 | c80d 0000 
  0x000070b302492f08: 4833 ed43 | 876c d40c | 4180 7f38 | 000f 85ba | 0800 0045 | 8b5c ec08 

  0x000070b302492f20: ;   {metadata('java/lang/Long')}
  0x000070b302492f20: 4181 fb28 | 3904 000f | 854f 1500 | 0048 895c | 2460 4489 | 4c24 5c89 | 4c24 1448 | c1e5 0348 
  0x000070b302492f40: ;   {oop(a 'ai/djl/pytorch/jni/PyTorchLibrary'{0x000000075279c550})}
  0x000070b302492f40: 8b55 1048 | be50 c579 | 5207 0000 | 004c 8944 

  0x000070b302492f50: ;   {optimized virtual_call}
  0x000070b302492f50: 2470 90e8 

  0x000070b302492f54: ; ImmutableOopMap {rbp=Oop [0]=Oop [8]=Oop [20]=NarrowOop [24]=Oop [32]=Oop [40]=Oop [48]=Oop [56]=Oop [64]=NarrowOop [68]=NarrowOop [80]=Oop [96]=Oop [112]=Oop }
                      ;*invokevirtual torchDeleteIValue {reexecute=0 rethrow=0 return_oop=0}
                      ; - ai.djl.pytorch.jni.IValue::close@23 (line 508)
                      ; - ai.djl.pytorch.jni.IValueUtils$$Lambda$1594/0x000070b295243568::accept@4
                      ; - java.util.Spliterators$ArraySpliterator::forEachRemaining@53 (line 992)
                      ; - java.util.stream.ReferencePipeline$Head::forEach@12 (line 762)
                      ; - ai.djl.pytorch.jni.IValueUtils::forward@96 (line 60)
  0x000070b302492f54: e83e a7ff | 448b 4c24 | 5c41 ffc1 | 443b 4c24 | 587d 098b | 4c24 14e9 | 6bff ffff | 448b 4c24 
  0x000070b302492f74: 14eb 034d | 33c9 498b | 8708 0100 | 004c 8bd0 | 4983 c218 | 4d3b 9718 | 0100 000f | 83bf 0900 
  0x000070b302492f94: 004d 8997 | 0801 0000 | 410f 1882 | 0001 0000 | 48c7 0001 

  0x000070b302492fa8: ;   {metadata('ai/djl/pytorch/jni/IValue')}
  0x000070b302492fa8: 0000 00c7 | 4008 382e | 2402 4489 | 600c 4c89 | 6010 4c8b | 4424 4849 | 83f8 800f | 8c73 0f00 
  0x000070b302492fc8: 0049 83f8 | 7f7e 4b49 | 8b97 0801 | 0000 4c8b | d249 83c2 | 184d 3b97 | 1801 0000 | 0f83 8609 
  0x000070b302492fe8: 0000 4d89 | 9708 0100 | 0041 0f18 | 8200 0100 | 0048 c702 | 0100 0000 

  0x000070b302493000: ;   {metadata('java/lang/Long')}
  0x000070b302493000: c742 0828 | 3904 0044 | 8962 0c4c | 8962 104c | 8942 1044 | 894c 2414 | eb36 458b | d041 8bea 
  0x000070b302493020: 81c5 8000 | 0000 81fd | 0001 0000 | 0f83 120d | 0000 4d63 

  0x000070b302493034: ;   {oop(a 'java/lang/Long'[256] {0x00000007ffe71ae0})}
  0x000070b302493034: d249 bbe0 | 1ae7 ff07 | 0000 0047 | 8b94 9310 | 0200 004b | 8d14 d444 | 894c 2414 | 4889 4424 
  0x000070b302493054: 484c 8944 | 2438 488b | f049 8be8 

  0x000070b302493060: ;   {optimized virtual_call}
  0x000070b302493060: 6666 90e8 

  0x000070b302493064: ; ImmutableOopMap {[0]=Oop [8]=Oop [20]=NarrowOop [24]=Oop [32]=Oop [40]=Oop [48]=Oop [68]=NarrowOop [72]=Oop }
                      ;*invokespecial <init> {reexecute=0 rethrow=0 return_oop=0}
                      ; - ai.djl.pytorch.jni.IValue::<init>@5 (line 34)
                      ; - ai.djl.pytorch.jni.IValueUtils::forward@107 (line 61)
  0x000070b302493064: 9844 a8ff | 488b 7424 | 4848 8b54 

  0x000070b302493070: ;   {optimized virtual_call}
  0x000070b302493070: 2430 90e8 

  0x000070b302493074: ; ImmutableOopMap {[0]=Oop [8]=Oop [20]=NarrowOop [24]=Oop [32]=Oop [40]=Oop [48]=Oop [68]=NarrowOop [72]=Oop }
                      ;*invokevirtual toNDList {reexecute=0 rethrow=0 return_oop=1}
                      ; - ai.djl.pytorch.jni.IValueUtils::forward@116 (line 62)
  0x000070b302493074: e8d2 0d00 | 4889 4424 | 5048 8b5c | 2448 448b | 530c 4585 | d20f 84ed | 0900 0044 | 8b6c 2414 
  0x000070b302493094: 4787 6cd4 | 0c41 807f | 3800 0f85 | be04 0000 

  0x000070b3024930a4: ; implicit exception: dispatches to 0x000070b302494854
  0x000070b3024930a4: 478b 5cec 

  0x000070b3024930a8: ;   {metadata('java/lang/Long')}
  0x000070b3024930a8: 0841 81fb | 2839 0400 | 0f85 e613 | 0000 4b8d | 2cec 488b 

  0x000070b3024930bc: ;   {oop(a 'ai/djl/pytorch/jni/PyTorchLibrary'{0x000000075279c550})}
  0x000070b3024930bc: 5510 48be | 50c5 7952 | 0700 0000 

  0x000070b3024930c8: ;   {optimized virtual_call}
  0x000070b3024930c8: 6666 90e8 

  0x000070b3024930cc: ; ImmutableOopMap {rbp=Oop [0]=Oop [8]=Oop [24]=Oop [32]=Oop [40]=Oop [48]=Oop [68]=NarrowOop [72]=Oop [80]=Oop }
                      ;*invokevirtual torchDeleteIValue {reexecute=0 rethrow=0 return_oop=0}
                      ; - ai.djl.pytorch.jni.IValue::close@23 (line 508)
                      ; - ai.djl.pytorch.jni.IValueUtils::forward@123 (line 63)
  0x000070b3024930cc: 703d a7ff | 488b 4424 | 5048 81c4 | e000 0000 

  0x000070b3024930dc: ;   {poll_return}
  0x000070b3024930dc: 5d49 3ba7 | 4003 0000 | 0f87 da1b | 0000 c348 | 8b74 2468 | 9048 b8ff | ffff ffff 

  0x000070b3024930f8: ;   {virtual_call}
  0x000070b3024930f8: ffff ffe8 

  0x000070b3024930fc: ; ImmutableOopMap {rbp=Oop [0]=Oop [8]=Oop [24]=Oop [32]=Oop [40]=Oop [48]=Oop [56]=Oop [64]=NarrowOop [68]=NarrowOop [72]=Oop [80]=Oop [88]=NarrowOop [104]=Oop [112]=Oop [136]=Oop }
                      ;*invokeinterface cancellationRequested {reexecute=0 rethrow=0 return_oop=0}
                      ; - java.util.stream.ReferencePipeline::forEachWithCancel@1 (line 129)
                      ; - java.util.stream.AbstractPipeline::copyIntoWithCancel@32 (line 527)
                      ; - java.util.stream.AbstractPipeline::copyInto@49 (line 513)
                      ; - java.util.stream.AbstractPipeline::wrapAndCopyInto@13 (line 499)
                      ; - java.util.stream.AbstractPipeline::evaluate@32 (line 575)
                      ; - java.util.stream.AbstractPipeline::evaluateToArrayNode@74 (line 260)
                      ; - java.util.stream.LongPipeline::toArray@6 (line 545)
                      ; - ai.djl.pytorch.jni.IValueUtils::forward@38 (line 55)
  0x000070b3024930fc: 8052 affd | 85c0 0f84 | 18f9 ffff | e949 f9ff | ff48 8b74 

  0x000070b302493110: ;   {metadata('java/util/stream/Sink')}
  0x000070b302493110: 2460 48b8 | c0d3 1d93 | b270 0000 | 488b 7e28 | 8b0f 4883 | c708 4885 | c0f2 48af | 0f85 0400 
  0x000070b302493130: 0000 4889 | 4620 0f84 | a5f6 ffff | bede ffff | ff48 8b6c | 2438 4c8b | 5424 304c | 8914 2444 
  0x000070b302493150: 8b5c 2410 | 4489 5c24 | 084c 8b54 | 2418 4c89 | 5424 104c | 8b54 2420 | 4c89 5424 | 184c 8b54 
  0x000070b302493170: 2428 4c89 | 5424 204c | 8b54 2448 | 4c89 5424 | 284c 8b54 | 2450 4c89 

  0x000070b302493188: ;   {runtime_call UncommonTrapBlob}
  0x000070b302493188: 5424 40e8 

  0x000070b30249318c: ; ImmutableOopMap {rbp=Oop [0]=Oop [16]=Oop [24]=Oop [32]=Oop [40]=Oop [64]=Oop [88]=NarrowOop }
                      ;*checkcast {reexecute=0 rethrow=0 return_oop=0}
                      ; - java.util.stream.AbstractPipeline::wrapAndCopyInto@6 (line 499)
                      ; - java.util.stream.AbstractPipeline::evaluate@32 (line 575)
                      ; - java.util.stream.AbstractPipeline::evaluateToArrayNode@74 (line 260)
                      ; - java.util.stream.LongPipeline::toArray@6 (line 545)
                      ; - ai.djl.pytorch.jni.IValueUtils::forward@38 (line 55)
  0x000070b30249318c: 70a4 affd | 488b 7424 | 6048 8b7e | 288b 0f48 | 83c7 0848 | 85c0 f248 | af0f 8504 | 0000 0048 
  0x000070b3024931ac: 8946 200f | 84e3 f8ff | ffbe deff | ffff 488b | 6c24 384c | 8b54 2430 | 4c89 1424 | 448b 5424 
  0x000070b3024931cc: 1044 8954 | 2408 4c8b | 5424 184c | 8954 2410 | 4c8b 5424 | 204c 8954 | 2418 4c8b | 5424 284c 
  0x000070b3024931ec: 8954 2420 | 4c8b 5424 | 484c 8954 | 2430 4c89 | 5424 384c | 8b54 2450 | 4c89 5424 

  0x000070b302493208: ;   {runtime_call UncommonTrapBlob}
  0x000070b302493208: 4866 90e8 

  0x000070b30249320c: ; ImmutableOopMap {rbp=Oop [0]=Oop [16]=Oop [24]=Oop [32]=Oop [48]=Oop [56]=Oop [72]=Oop [80]=Oop [88]=NarrowOop }
                      ;*checkcast {reexecute=0 rethrow=0 return_oop=0}
                      ; - java.util.stream.AbstractPipeline::evaluate@35 (line 575)
                      ; - java.util.stream.AbstractPipeline::evaluateToArrayNode@74 (line 260)
                      ; - java.util.stream.LongPipeline::toArray@6 (line 545)
                      ; - ai.djl.pytorch.jni.IValueUtils::forward@38 (line 55)
  0x000070b30249320c: f0a3 affd | 4889 5424 

  0x000070b302493214: ;   {oop(a 'ai/djl/pytorch/jni/IValueUtils$$Lambda$1594+0x000070b295243568'{0x00000007535f7238})}
  0x000070b302493214: 3848 ba38 | 725f 5307 | 0000 0048 | 8b6c 2448 | 9048 b8ff | ffff ffff 

  0x000070b30249322c: ;   {virtual_call}
  0x000070b30249322c: ffff ffe8 

  0x000070b302493230: ; ImmutableOopMap {[0]=Oop [8]=Oop [24]=Oop [32]=Oop [40]=Oop [48]=Oop [56]=Oop [68]=NarrowOop }
                      ;*invokeinterface forEachRemaining {reexecute=0 rethrow=0 return_oop=0}
                      ; - java.util.stream.ReferencePipeline$Head::forEach@12 (line 762)
                      ; - ai.djl.pytorch.jni.IValueUtils::forward@96 (line 60)
  0x000070b302493230: 4c51 affd | 4d33 c9e9 | 3efd ffff | 4c8b 2c24 | 458b 5d08 

  0x000070b302493244: ;   {metadata('java/util/stream/Streams$RangeIntSpliterator')}
  0x000070b302493244: 4181 fb00 | bf0e 010f | 8401 f1ff | ff48 8b34 | 2448 b8ff | ffff ffff 

  0x000070b30249325c: ;   {virtual_call}
  0x000070b30249325c: ffff ffe8 

  0x000070b302493260: ; ImmutableOopMap {[0]=Oop [8]=Oop [24]=Oop [32]=Oop [40]=Oop [48]=Oop [56]=Oop [64]=NarrowOop }
                      ;*invokeinterface getComparator {reexecute=0 rethrow=0 return_oop=1}
                      ; - java.util.stream.StreamOpFlag::fromCharacteristics@14 (line 751)
                      ; - java.util.stream.StreamSupport::stream@11 (line 70)
                      ; - java.util.Arrays::stream@7 (line 5447)
                      ; - java.util.Arrays::stream@4 (line 5428)
                      ; - ai.djl.pytorch.jni.IValueUtils::forward@25 (line 55)
  0x000070b302493260: 1c51 affd | 4885 c00f | 8534 0700 | 004c 8b2c | 24e9 dcf0 | ffff 4c8b | dd44 8b45 

  0x000070b30249327c: ;   {metadata('java/util/stream/Streams$RangeIntSpliterator')}
  0x000070b30249327c: 0841 81f8 | 00bf 0e01 | 0f84 79fa | ffff 8944 | 2440 488b | f548 b8ff | ffff ffff 

  0x000070b302493298: ;   {virtual_call}
  0x000070b302493298: ffff ffe8 

  0x000070b30249329c: ; ImmutableOopMap {rbp=Oop [0]=Oop [8]=Oop [24]=Oop [32]=Oop [40]=Oop [48]=Oop [56]=Oop [68]=NarrowOop }
                      ;*invokeinterface getComparator {reexecute=0 rethrow=0 return_oop=1}
                      ; - java.util.stream.StreamOpFlag::fromCharacteristics@14 (line 751)
                      ; - java.util.stream.StreamSupport::stream@11 (line 70)
                      ; - java.util.Arrays::stream@7 (line 5447)
                      ; - java.util.Arrays::stream@4 (line 5428)
                      ; - ai.djl.pytorch.jni.IValueUtils::forward@88 (line 60)
  0x000070b30249329c: e050 affd | 4885 c00f | 8504 0700 | 004c 8bdd | 8b44 2440 | e94e faff | ff4d 33c9 | e9bd fcff 
  0x000070b3024932bc: ff48 ffb4 | 24b0 0000 | 0048 8f84 | 2488 0000 | 0048 8bb4 | 24b0 0000 | 0049 8bd2 | 488b 4c24 
  0x000070b3024932dc: 6848 8b6c | 2438 6666 | 9048 b8ff | ffff ffff 

  0x000070b3024932ec: ;   {virtual_call}
  0x000070b3024932ec: ffff ffe8 

  0x000070b3024932f0: ; ImmutableOopMap {rbp=Oop [24]=Oop [32]=Oop [40]=Oop [48]=Oop [56]=Oop [64]=NarrowOop [68]=NarrowOop [72]=Oop [80]=Oop [88]=NarrowOop [104]=Oop [112]=Oop [136]=Oop }
                      ;*invokevirtual forEachWithCancel {reexecute=0 rethrow=0 return_oop=0}
                      ; - java.util.stream.AbstractPipeline::copyIntoWithCancel@32 (line 527)
                      ; - java.util.stream.AbstractPipeline::copyInto@49 (line 513)
                      ; - java.util.stream.AbstractPipeline::wrapAndCopyInto@13 (line 499)
                      ; - java.util.stream.AbstractPipeline::evaluate@32 (line 575)
                      ; - java.util.stream.AbstractPipeline::evaluateToArrayNode@74 (line 260)
                      ; - java.util.stream.LongPipeline::toArray@6 (line 545)
                      ; - ai.djl.pytorch.jni.IValueUtils::forward@38 (line 55)
  0x000070b3024932f0: 8c50 affd | 8904 24e9 | 5df7 ffff | 4c8b 7424 | 0845 8b5e | 2045 85db | 0f84 57f0 | ffff 4d8b 
  0x000070b302493310: 5720 498b | fb48 c1e7 | 034d 85d2 | 0f84 4a0a | 0000 4d8b | 5f30 4b89 | 7c13 f849 | 83c2 f84d 
  0x000070b302493330: 8957 20e9 | 2df0 ffff | 458b 5e28 | 4585 db0f | 842b f0ff | ff4d 8b57 | 2049 8bfb | 48c1 e703 
  0x000070b302493350: 4d85 d20f | 8428 0a00 | 004d 8b5f | 304b 897c | 13f8 4983 | c2f8 4d89 | 5720 e901 | f0ff ff45 
  0x000070b302493370: 8b5e 1c45 | 85db 0f84 | 60f0 ffff | 4d8b 4720 | 498b fb48 | c1e7 034d | 85c0 0f84 | 060a 0000 
  0x000070b302493390: 4d8b 5f30 | 4b89 7c03 | f849 83c0 | f84d 8947 | 20e9 36f0 | ffff 458b | 4a24 4585 | c90f 84cf 
  0x000070b3024933b0: f0ff ff4d | 8b5f 2049 | 8bf9 48c1 | e703 4d85 | db0f 841d | 0a00 004d | 8b4f 304b | 897c 19f8 
  0x000070b3024933d0: 4983 c3f8 | 4d89 5f20 | e9a5 f0ff | ff41 8b48 | 2085 c90f | 84ed f0ff | ff4d 8b4f | 2048 8bf9 
  0x000070b3024933f0: 48c1 e703 | 4d85 c90f | 8408 0a00 | 0049 8b4f | 304a 897c | 09f8 4983 | c1f8 4d89 | 4f20 e9c3 
  0x000070b302493410: f0ff ff41 | 8b48 1c85 | c90f 84f2 | f0ff ff4d | 8b4f 2048 | 8bf9 48c1 | e703 4d85 | c90f 8488 
  0x000070b302493430: 0900 0049 | 8b4f 304a | 897c 09f8 | 4983 c1f8 | 4d89 4f20 | e9c8 f0ff | ff45 8b54 | dc28 4585 
  0x000070b302493450: d20f 845e | f1ff ff4d | 8b47 2049 | 8bfa 48c1 | e703 4d85 | c00f 84ed | 0900 004d | 8b57 304b 
  0x000070b302493470: 897c 02f8 | 4983 c0f8 | 4d89 4720 | e934 f1ff | ff4c 8b54 | 2438 458b | 4a20 4585 | c90f 8483 
  0x000070b302493490: f8ff ff4d | 8b47 2049 | 8bf9 48c1 | e703 4d85 | c00f 84f9 | 0900 004d | 8b4f 304b | 897c 01f8 
  0x000070b3024934b0: 4983 c0f8 | 4d89 4720 | e959 f8ff | ff45 8b4a | 2845 85c9 | 0f84 57f8 | ffff 4d8b | 4720 498b 
  0x000070b3024934d0: f948 c1e7 | 034d 85c0 | 0f84 e909 | 0000 4d8b | 4f30 4b89 | 7c01 f849 | 83c0 f84d | 8947 20e9 
  0x000070b3024934f0: 2df8 ffff | 458b 5a1c | 4585 db0f | 8482 f8ff | ff4d 8b47 | 2049 8bfb | 48c1 e703 | 4d85 c00f 
  0x000070b302493510: 84d9 0900 | 004d 8b5f | 304b 897c | 03f8 4983 | c0f8 4d89 | 4720 e958 | f8ff ff45 | 8b5a 2845 
  0x000070b302493530: 85db 0f84 | 8ff8 ffff | 4d8b 4720 | 498b fb48 | c1e7 034d | 85c0 0f84 | cf09 0000 | 4d8b 5f30 
  0x000070b302493550: 4b89 7c03 | f849 83c0 | f84d 8947 | 20e9 65f8 | ffff 4585 | ed0f 8439 | fbff ff4d | 8b57 2049 
  0x000070b302493570: 8bfd 48c1 | e703 4d85 | d20f 8401 | 0a00 004d | 8b5f 304b | 897c 13f8 | 4983 c2f8 | 4d89 5720 
  0x000070b302493590: e90f fbff | ff4d 8b5f | 504d 8b47 | 40f0 8344 | 24c0 0080 | 3f00 0f84 | 25ee ffff | 4488 274d 
  0x000070b3024935b0: 85c0 7525 | 4c89 5424 | 0889 2c24 | 498b f749 | bae0 28ee | 14b3 7000 | 0041 ffd2 | 8b2c 244c 
  0x000070b3024935d0: 8b54 2408 | e9f8 edff | ff4b 897c | 03f8 4983 | c0f8 4d89 | 4740 e9e6 | edff ff4d | 8b4f 5049 
  0x000070b3024935f0: 8b4f 40f0 | 8344 24c0 | 0080 3f00 | 0f84 c9ee | ffff 4488 | 2748 85c9 | 752d 4c89 | 5c24 084c 
  0x000070b302493610: 8904 2449 | 8bea 498b | f749 bae0 | 28ee 14b3 | 7000 0041 | ffd2 4c8b | d54c 8b04 | 244c 8b5c 
  0x000070b302493630: 2408 e994 | eeff ff49 | 897c 09f8 | 4883 c1f8 | 4989 4f40 | e982 eeff | ff4d 8b4f | 5049 8b4f 
  0x000070b302493650: 40f0 8344 | 24c0 0080 | 3f00 0f84 | a6ee ffff | 4488 2748 | 85c9 7529 | 4c89 1c24 | 4d8b f049 
  0x000070b302493670: 8bea 498b | f749 bae0 | 28ee 14b3 | 7000 0041 | ffd2 4c8b | d54d 8bc6 | 4c8b 1c24 | e975 eeff 
  0x000070b302493690: ff49 897c | 09f8 4883 | c1f8 4989 | 4f40 e963 | eeff ff4d | 8b57 404d | 8b5f 50f0 | 8344 24c0 
  0x000070b3024936b0: 0080 3f00 | 0f84 10f1 | ffff 4488 | 274d 85d2 | 7515 498b | f749 bae0 | 28ee 14b3 | 7000 0041 
  0x000070b3024936d0: ffd2 e9f3 | f0ff ff4b | 897c 13f8 | 4983 c2f8 | 4d89 5740 | e9e1 f0ff | ff4d 8b5f 

  0x000070b3024936ec: ;   {no_reloc}
  0x000070b3024936ec: 404d 8b47 | 50f0 8344 | 24c0 0041 | 8039 000f | 8477 f6ff | ff45 8821 | 4d85 db75 | 3048 8954 
  0x000070b30249370c: 2438 8944 | 2414 4d8b | ea49 8bf9 | 498b f749 | bae0 28ee | 14b3 7000 | 0041 ffd2 | 4d8b d58b 
  0x000070b30249372c: 4424 1448 | 8b54 2438 | e93f f6ff | ff4f 894c | 18f8 4983 | c3f8 4d89 | 5f40 e92d | f6ff ff4d 
  0x000070b30249374c: 8b4f 5049 | 8b4f 40f0 | 8344 24c0 | 0080 3f00 | 0f84 ffed | ffff 4488 | 2748 85c9 | 7527 4d8b 
  0x000070b30249376c: f34d 8be8 | 498b ea49 | 8bf7 49ba | e028 ee14 | b370 0000 | 41ff d24c | 8bd5 4d8b | c54d 8bde 
  0x000070b30249378c: e9d0 edff | ff49 897c | 09f8 4883 | c1f8 4989 | 4f40 e9be | edff ff85 | ed0f 84cf | f6ff ff4d 
  0x000070b3024937ac: 8b57 2048 | 8bfd 48c1 | e703 4d85 | d20f 84f1 | 0900 004d | 8b5f 304b | 897c 13f8 | 4983 c2f8 
  0x000070b3024937cc: 4d89 5720 | e9a5 f6ff | ff85 ed0f | 843e f7ff | ff4c 8944 | 2460 4c8b | f341 8bd9 | 448b e94d 
  0x000070b3024937ec: 8b57 2048 | 8bfd 48c1 | e703 4d85 | d20f 8429 | 0a00 004d | 8b5f 304b | 897c 13f8 | 4983 c2f8 
  0x000070b30249380c: 4d89 5720 | 418b cd44 | 8bcb 498b | de4c 8b44 | 2460 e9f8 | f6ff ff48 | 894c 2418 | 4489 5424 
  0x000070b30249382c: 084c 890c | 2449 8be8 

  0x000070b302493834: ;   {metadata('java/util/Spliterators$ArraySpliterator')}
  0x000070b302493834: 48be 08b4 | 1093 b270 

  0x000070b30249383c: ;   {runtime_call _new_instance_Java}
  0x000070b30249383c: 0000 90e8 

  0x000070b302493840: ; ImmutableOopMap {rbp=Oop [0]=Oop [24]=Oop [48]=Oop [56]=Oop }
                      ;*new {reexecute=0 rethrow=0 return_oop=1}
                      ; - java.util.Spliterators::spliterator@13 (line 178)
                      ; - java.util.Arrays::spliterator@6 (line 5296)
                      ; - java.util.Arrays::stream@3 (line 5447)
                      ; - java.util.Arrays::stream@4 (line 5428)
                      ; - ai.djl.pytorch.jni.IValueUtils::forward@25 (line 55)
  0x000070b302493840: bcf4 bafd | 4c8b c54c | 8b0c 2444 | 8b54 2408 | 488b 4c24 | 18e9 49ea | ffff 4889 | 0424 4489 
  0x000070b302493860: 5c24 4048 | 894c 2428 | 4489 5424 | 144c 894c | 2420 4c89 

  0x000070b302493874: ;   {metadata('java/util/stream/ReferencePipeline$Head')}
  0x000070b302493874: 4424 1848 | be58 9c0f | 93b2 7000 | 004c 8b54 | 2438 498b 

  0x000070b302493888: ;   {runtime_call _new_instance_Java}
  0x000070b302493888: ea66 90e8 

  0x000070b30249388c: ; ImmutableOopMap {rbp=Oop [0]=Oop [24]=Oop [32]=Oop [40]=Oop [48]=Oop [56]=Oop [64]=NarrowOop }
                      ;*new {reexecute=0 rethrow=0 return_oop=1}
                      ; - java.util.stream.StreamSupport::stream@5 (line 69)
                      ; - java.util.Arrays::stream@7 (line 5447)
                      ; - java.util.Arrays::stream@4 (line 5428)
                      ; - ai.djl.pytorch.jni.IValueUtils::forward@25 (line 55)
  0x000070b30249388c: 70f4 bafd | 488b e8e9 | 8eea ffff 

  0x000070b302493898: ;   {metadata('java/util/stream/ReferencePipeline$5')}
  0x000070b302493898: 498b ea48 | be10 8416 | 95b2 7000 

  0x000070b3024938a4: ;   {runtime_call _new_instance_Java}
  0x000070b3024938a4: 0066 90e8 

  0x000070b3024938a8: ; ImmutableOopMap {rbp=Oop [24]=Oop [32]=Oop [40]=Oop [48]=Oop [56]=Oop [64]=NarrowOop }
                      ;*new {reexecute=0 rethrow=0 return_oop=1}
                      ; - java.util.stream.ReferencePipeline::mapToLong@5 (line 224)
                      ; - ai.djl.pytorch.jni.IValueUtils::forward@33 (line 55)
  0x000070b3024938a8: 54f4 bafd | 4c8b d54c | 8bc0 e9a0 | ebff ff48 

  0x000070b3024938b8: ;   {metadata('java/util/stream/Nodes$LongFixedNodeBuilder')}
  0x000070b3024938b8: 8be8 48be | 5091 1695 | b270 0000 

  0x000070b3024938c4: ;   {runtime_call _new_instance_Java}
  0x000070b3024938c4: 6666 90e8 

  0x000070b3024938c8: ; ImmutableOopMap {[0]=Oop [24]=Oop [32]=Oop [40]=Oop [48]=Oop [56]=Oop [64]=NarrowOop [72]=Oop [88]=NarrowOop }
                      ;*new {reexecute=0 rethrow=0 return_oop=1}
                      ; - java.util.stream.Nodes::longBuilder@14 (line 243)
                      ; - java.util.stream.LongPipeline::makeNodeBuilder@1 (line 167)
                      ; - java.util.stream.AbstractPipeline::evaluate@23 (line 573)
                      ; - java.util.stream.AbstractPipeline::evaluateToArrayNode@74 (line 260)
                      ; - java.util.stream.LongPipeline::toArray@6 (line 545)
                      ; - ai.djl.pytorch.jni.IValueUtils::forward@38 (line 55)
  0x000070b3024938c8: 34f4 bafd | 4c8b d048 | 8bc5 498b | dae9 b6ed | ffff 488b 

  0x000070b3024938dc: ;   {metadata({type array long})}
  0x000070b3024938dc: eb48 be80 | 1100 93b2 | 7000 0048 | 8944 2478 | 4889 8424 | 8800 0000 

  0x000070b3024938f4: ;   {runtime_call _new_array_Java}
  0x000070b3024938f4: 6666 90e8 

  0x000070b3024938f8: ; ImmutableOopMap {rbp=Oop [0]=Oop [24]=Oop [32]=Oop [40]=Oop [48]=Oop [56]=Oop [64]=NarrowOop [72]=Oop [88]=NarrowOop }
                      ;*newarray {reexecute=0 rethrow=0 return_oop=1}
                      ; - java.util.stream.Nodes$LongArrayNode::<init>@25 (line 1375)
                      ; - java.util.stream.Nodes$LongFixedNodeBuilder::<init>@2 (line 1535)
                      ; - java.util.stream.Nodes::longBuilder@19 (line 243)
                      ; - java.util.stream.LongPipeline::makeNodeBuilder@1 (line 167)
                      ; - java.util.stream.AbstractPipeline::evaluate@23 (line 573)
                      ; - java.util.stream.AbstractPipeline::evaluateToArrayNode@74 (line 260)
                      ; - java.util.stream.LongPipeline::toArray@6 (line 545)
                      ; - ai.djl.pytorch.jni.IValueUtils::forward@38 (line 55)
  0x000070b3024938f8: 04f7 bafd | 4c8b c048 | 8bdd e96a | eeff ff4c | 894c 2408 

  0x000070b30249390c: ;   {metadata('java/util/Spliterators$ArraySpliterator')}
  0x000070b30249390c: 498b ea48 | be08 b410 | 93b2 7000 

  0x000070b302493918: ;   {runtime_call _new_instance_Java}
  0x000070b302493918: 0066 90e8 

  0x000070b30249391c: ; ImmutableOopMap {rbp=Oop [0]=Oop [8]=Oop [24]=Oop [32]=Oop [40]=Oop [64]=NarrowOop [68]=NarrowOop }
                      ;*new {reexecute=0 rethrow=0 return_oop=1}
                      ; - java.util.Spliterators::spliterator@13 (line 178)
                      ; - java.util.Arrays::spliterator@6 (line 5296)
                      ; - java.util.Arrays::stream@3 (line 5447)
                      ; - java.util.Arrays::stream@4 (line 5428)
                      ; - ai.djl.pytorch.jni.IValueUtils::forward@88 (line 60)
  0x000070b30249391c: e0f3 bafd | 4c8b d54c | 8b4c 2408 | e939 f3ff | ff48 8be8 | 4c89 4c24 | 304c 8954 

  0x000070b302493938: ;   {metadata('java/util/stream/ReferencePipeline$Head')}
  0x000070b302493938: 2408 48be | 589c 0f93 | b270 0000 

  0x000070b302493944: ;   {runtime_call _new_instance_Java}
  0x000070b302493944: 6666 90e8 

  0x000070b302493948: ; ImmutableOopMap {rbp=Oop [0]=Oop [8]=Oop [24]=Oop [32]=Oop [40]=Oop [48]=Oop [68]=NarrowOop }
                      ;*new {reexecute=0 rethrow=0 return_oop=1}
                      ; - java.util.stream.StreamSupport::stream@5 (line 69)
                      ; - java.util.Arrays::stream@7 (line 5447)
                      ; - java.util.Arrays::stream@4 (line 5428)
                      ; - ai.djl.pytorch.jni.IValueUtils::forward@88 (line 60)
  0x000070b302493948: b4f3 bafd | 488b c8e9 | 88f3 ffff 

  0x000070b302493954: ;   {metadata('ai/djl/pytorch/jni/IValue')}
  0x000070b302493954: 418b e948 | be38 2e24 | 95b2 7000 

  0x000070b302493960: ;   {runtime_call _new_instance_Java}
  0x000070b302493960: 0066 90e8 

  0x000070b302493964: ; ImmutableOopMap {rbp=NarrowOop [0]=Oop [8]=Oop [24]=Oop [32]=Oop [40]=Oop [48]=Oop [68]=NarrowOop }
                      ;*new {reexecute=0 rethrow=0 return_oop=1}
                      ; - ai.djl.pytorch.jni.IValueUtils::forward@101 (line 61)
  0x000070b302493964: 98f3 bafd | 448b cde9 | 4af6 ffff | 4889 4424 | 3844 894c | 2414 498b 

  0x000070b30249397c: ;   {metadata('java/lang/Long')}
  0x000070b30249397c: e848 be28 | 3904 93b2 

  0x000070b302493984: ;   {runtime_call _new_instance_Java}
  0x000070b302493984: 7000 00e8 

  0x000070b302493988: ; ImmutableOopMap {[0]=Oop [8]=Oop [20]=NarrowOop [24]=Oop [32]=Oop [40]=Oop [48]=Oop [56]=Oop [68]=NarrowOop }
                      ;*new {reexecute=0 rethrow=0 return_oop=1}
                      ; - java.lang.Long::valueOf@31 (line 1211)
                      ; - ai.djl.pytorch.jni.IValue::<init>@2 (line 34)
                      ; - ai.djl.pytorch.jni.IValueUtils::forward@107 (line 61)
  0x000070b302493988: 74f3 bafd | 488b d04c | 8bc5 448b | 4c24 1448 | 8b44 2438 | e96e f6ff | ff83 e551 | 4c8b 2c24 
  0x000070b3024939a8: e9a8 e9ff | ff8b 4424 | 4083 e051 | 4c8b dde9 | 4af3 ffff | 4c8b 5c24 | 0844 8bcd | 41ba ffff 
  0x000070b3024939c8: ffff 49c7 | c0ff ffff | ffbe 45ff | ffff 488b | 6c24 3848 | 8b4c 2430 | 4889 0c24 | 8b4c 2410 
  0x000070b3024939e8: 894c 2408 | 488b 4c24 | 1848 894c | 2410 488b | 4c24 2048 | 894c 2418 | 488b 4c24 | 2848 894c 
  0x000070b302493a08: 2420 4c89 | 5c24 304c | 895c 2438 | 4489 4c24 | 0c4c 8944 | 2450 4489 

  0x000070b302493a20: ;   {runtime_call UncommonTrapBlob}
  0x000070b302493a20: 5424 58e8 

  0x000070b302493a24: ; ImmutableOopMap {rbp=Oop [0]=Oop [12]=NarrowOop [16]=Oop [24]=Oop [32]=Oop [48]=Oop [56]=Oop }
                      ;*iflt {reexecute=1 rethrow=0 return_oop=0}
                      ; - (reexecute) java.util.stream.Nodes::longBuilder@3 (line 242)
                      ; - java.util.stream.LongPipeline::makeNodeBuilder@1 (line 167)
                      ; - java.util.stream.AbstractPipeline::evaluate@23 (line 573)
                      ; - java.util.stream.AbstractPipeline::evaluateToArrayNode@74 (line 260)
                      ; - java.util.stream.LongPipeline::toArray@6 (line 545)
                      ; - ai.djl.pytorch.jni.IValueUtils::forward@38 (line 55)
  0x000070b302493a24: d89b affd | be45 ffff | ffbd 0100 | 0000 4533 | db45 3bc2 | 410f 45eb | 4c8b 5424 | 384c 8914 
  0x000070b302493a44: 244c 8b54 | 2430 4c89 | 5424 084c | 8b54 2448 | 4c89 5424 | 384c 8954 | 2440 4889 

  0x000070b302493a60: ;   {runtime_call UncommonTrapBlob}
  0x000070b302493a60: 4424 60e8 

  0x000070b302493a64: ; ImmutableOopMap {[0]=Oop [8]=Oop [24]=Oop [32]=Oop [40]=Oop [56]=Oop [64]=Oop [88]=NarrowOop }
                      ;*ifeq {reexecute=1 rethrow=0 return_oop=0}
                      ; - (reexecute) java.util.stream.AbstractPipeline::exactOutputSizeIfKnown@43 (line 478)
                      ; - java.util.stream.AbstractPipeline::evaluate@19 (line 574)
                      ; - java.util.stream.AbstractPipeline::evaluateToArrayNode@74 (line 260)
                      ; - java.util.stream.LongPipeline::toArray@6 (line 545)
                      ; - ai.djl.pytorch.jni.IValueUtils::forward@38 (line 55)
  0x000070b302493a64: 989b affd | 4863 cae9 | 31ec ffff | bee4 ffff 

  0x000070b302493a74: ;   {runtime_call UncommonTrapBlob}
  0x000070b302493a74: ff66 90e8 

  0x000070b302493a78: ; ImmutableOopMap {[0]=Oop [24]=Oop [32]=Oop [40]=Oop [48]=Oop [68]=NarrowOop }
                      ;*invokestatic checkIndex {reexecute=0 rethrow=0 return_oop=0}
                      ; - java.util.Objects::checkIndex@3 (line 361)
                      ; - java.util.ArrayList::get@5 (line 427)
                      ; - ai.djl.pytorch.jni.IValueUtils::forward@70 (line 59)
  0x000070b302493a78: 849b affd | bef6 ffff | ff48 8b2c | 244c 8b54 | 2408 4c89 | 1424 448b | 5424 1044 | 8954 2408 
  0x000070b302493a98: 4c8b 5424 | 184c 8954 | 2410 4c8b | 5424 204c | 8954 2418 | 4c8b 5424 | 284c 8954 | 2420 448b 
  0x000070b302493ab8: 5424 4444 | 8954 240c | 4c8b 5424 | 384c 8954 

  0x000070b302493ac8: ;   {runtime_call UncommonTrapBlob}
  0x000070b302493ac8: 2428 90e8 

  0x000070b302493acc: ; ImmutableOopMap {rbp=Oop [0]=Oop [12]=NarrowOop [16]=Oop [24]=Oop [32]=Oop [48]=Oop [72]=Oop [80]=Oop }
                      ;*invokevirtual getAndSet {reexecute=0 rethrow=0 return_oop=0}
                      ; - ai.djl.pytorch.jni.IValue::close@5 (line 506)
                      ; - ai.djl.pytorch.jni.IValueUtils::forward@123 (line 63)
  0x000070b302493acc: 309b affd | bede ffff | ff48 8b6c | 2438 448b | 5c24 1044 | 895c 2408 | 4c8b 5c24 | 184c 895c 
  0x000070b302493aec: 2410 4c8b | 5c24 204c | 895c 2418 | 4c8b 5c24 | 284c 895c | 2420 4c89 

  0x000070b302493b04: ;   {runtime_call UncommonTrapBlob}
  0x000070b302493b04: 5424 28e8 

  0x000070b302493b08: ; ImmutableOopMap {rbp=Oop [16]=Oop [24]=Oop [32]=Oop [40]=Oop [48]=Oop }
                      ;*invokeinterface mapToLong {reexecute=0 rethrow=0 return_oop=0}
                      ; - ai.djl.pytorch.jni.IValueUtils::forward@33 (line 55)
  0x000070b302493b08: f49a affd | bede ffff | ff48 8b6c | 2438 448b | 4424 1044 | 8944 2408 | 4c8b 5424 | 184c 8954 
  0x000070b302493b28: 2410 4c8b | 5424 204c | 8954 2418 | 4c8b 5424 | 284c 8954 | 2420 4c89 

  0x000070b302493b40: ;   {runtime_call UncommonTrapBlob}
  0x000070b302493b40: 5c24 28e8 

  0x000070b302493b44: ; ImmutableOopMap {rbp=Oop [16]=Oop [24]=Oop [32]=Oop [40]=Oop [48]=Oop }
                      ;*invokeinterface toArray {reexecute=0 rethrow=0 return_oop=0}
                      ; - ai.djl.pytorch.jni.IValueUtils::forward@38 (line 55)
  0x000070b302493b44: b89a affd | bede ffff | ff48 8b6c | 2438 4c8b | 5424 304c | 8914 2444 | 8b5c 2410 | 4489 5c24 
  0x000070b302493b64: 084c 8b54 | 2418 4c89 | 5424 104c | 8b54 2420 | 4c89 5424 | 184c 8b54 | 2428 4c89 | 5424 204c 
  0x000070b302493b84: 8944 2430 

  0x000070b302493b88: ;   {runtime_call UncommonTrapBlob}
  0x000070b302493b88: 6666 90e8 

  0x000070b302493b8c: ; ImmutableOopMap {rbp=Oop [0]=Oop [16]=Oop [24]=Oop [32]=Oop [48]=Oop [72]=Oop }
                      ;*invokeinterface asPrimitiveArray {reexecute=0 rethrow=0 return_oop=0}
                      ; - java.util.stream.LongPipeline::toArray@15 (line 546)
                      ; - ai.djl.pytorch.jni.IValueUtils::forward@38 (line 55)
  0x000070b302493b8c: 709a affd | becc ffff 

  0x000070b302493b94: ;   {runtime_call UncommonTrapBlob}
  0x000070b302493b94: ff66 90e8 

  0x000070b302493b98: ; ImmutableOopMap {[0]=Oop [24]=Oop [32]=Oop [40]=Oop [48]=Oop [68]=NarrowOop }
                      ;*invokestatic checkIndex {reexecute=0 rethrow=0 return_oop=0}
                      ; - java.util.Objects::checkIndex@3 (line 361)
                      ; - java.util.ArrayList::get@5 (line 427)
                      ; - ai.djl.pytorch.jni.IValueUtils::forward@70 (line 59)
  0x000070b302493b98: 649a affd | bee4 ffff | ff44 8b54 | 2444 4489 

  0x000070b302493ba8: ;   {runtime_call UncommonTrapBlob}
  0x000070b302493ba8: 5424 14e8 

  0x000070b302493bac: ; ImmutableOopMap {rbp=NarrowOop [0]=Oop [20]=NarrowOop [24]=Oop [32]=Oop [40]=Oop [48]=Oop }
                      ;*aaload {reexecute=0 rethrow=0 return_oop=0}
                      ; - java.util.ArrayList::elementData@5 (line 411)
                      ; - java.util.ArrayList::get@11 (line 428)
                      ; - ai.djl.pytorch.jni.IValueUtils::forward@70 (line 59)
  0x000070b302493bac: 509a affd | bede ffff | ff48 8b2c | 244c 8b54 | 2408 4c89 | 1424 448b | 5424 1044 | 8954 2408 
  0x000070b302493bcc: 4c8b 5424 | 184c 8954 | 2410 4c8b | 5424 204c | 8954 2418 | 4c8b 5424 | 284c 8954 | 2420 4889 
  0x000070b302493bec: ;   {runtime_call UncommonTrapBlob}
  0x000070b302493bec: 5424 38e8 

  0x000070b302493bf0: ; ImmutableOopMap {rbp=Oop [0]=Oop [16]=Oop [24]=Oop [32]=Oop [48]=Oop [56]=Oop [68]=NarrowOop }
                      ;*invokeinterface forEach {reexecute=0 rethrow=0 return_oop=0}
                      ; - ai.djl.pytorch.jni.IValueUtils::forward@96 (line 60)
  0x000070b302493bf0: 0c9a affd | bee4 ffff | ff48 8b2c | 244c 8b5c | 2408 4c89 | 1c24 448b | 5c24 1044 | 895c 2408 
  0x000070b302493c10: 4c8b 5c24 | 184c 895c | 2410 4c8b | 5c24 204c | 895c 2418 | 4c8b 5c24 | 284c 895c | 2420 448b 
  0x000070b302493c30: 5c24 4444 | 895c 240c | 4c8b 5c24 | 484c 895c | 2428 4889 | 5424 384c | 8944 2440 | 4489 4c24 
  0x000070b302493c50: 5089 4c24 | 5444 8954 

  0x000070b302493c58: ;   {runtime_call UncommonTrapBlob}
  0x000070b302493c58: 2458 90e8 

  0x000070b302493c5c: ; ImmutableOopMap {rbp=Oop [0]=Oop [12]=NarrowOop [16]=Oop [24]=Oop [32]=Oop [48]=Oop [56]=Oop [64]=Oop [84]=NarrowOop }
                      ;*aaload {reexecute=0 rethrow=0 return_oop=0}
                      ; - java.util.Spliterators$ArraySpliterator::forEachRemaining@52 (line 992)
                      ; - java.util.stream.ReferencePipeline$Head::forEach@12 (line 762)
                      ; - ai.djl.pytorch.jni.IValueUtils::forward@96 (line 60)
  0x000070b302493c5c: a099 affd | bef6 ffff | ff48 8b2c | 244c 8b5c | 2408 4c89 | 1c24 448b | 5c24 1044 | 895c 2408 
  0x000070b302493c7c: 4c8b 5c24 | 184c 895c | 2410 4c8b | 5c24 204c | 895c 2418 | 4c8b 5c24 | 284c 895c | 2420 448b 
  0x000070b302493c9c: 5c24 4444 | 895c 240c | 4c8b 5c24 | 484c 895c | 2428 4889 | 5424 384c | 8944 2440 | 894c 2448 
  0x000070b302493cbc: 4489 5424 | 4c44 894c | 2450 4889 

  0x000070b302493cc8: ;   {runtime_call UncommonTrapBlob}
  0x000070b302493cc8: 5c24 60e8 

  0x000070b302493ccc: ; ImmutableOopMap {rbp=Oop [0]=Oop [12]=NarrowOop [16]=Oop [24]=Oop [32]=Oop [48]=Oop [56]=Oop [64]=Oop [72]=NarrowOop [96]=Oop }
                      ;*invokevirtual getAndSet {reexecute=0 rethrow=0 return_oop=0}
                      ; - ai.djl.pytorch.jni.IValue::close@5 (line 506)
                      ; - ai.djl.pytorch.jni.IValueUtils$$Lambda$1594/0x000070b295243568::accept@4
                      ; - java.util.Spliterators$ArraySpliterator::forEachRemaining@53 (line 992)
                      ; - java.util.stream.ReferencePipeline$Head::forEach@12 (line 762)
                      ; - ai.djl.pytorch.jni.IValueUtils::forward@96 (line 60)
  0x000070b302493ccc: 3099 affd | bef6 ffff | ff48 8b2c | 244c 8b54 | 2408 4c89 | 1424 448b | 5424 1044 | 8954 2408 
  0x000070b302493cec: 4c8b 5424 | 184c 8954 | 2410 4c8b | 5424 204c | 8954 2418 | 4c8b 5424 | 284c 8954 | 2420 448b 
  0x000070b302493d0c: 5424 4444 | 8954 240c | 4c8b 5424 | 484c 8954 | 2428 4c8b | 5424 504c | 8954 2448 | 4489 4c24 
  0x000070b302493d2c: 4444 8b5c | 2458 4489 | 5c24 504c | 8944 2460 

  0x000070b302493d3c: ;   {runtime_call UncommonTrapBlob}
  0x000070b302493d3c: 6666 90e8 

  0x000070b302493d40: ; ImmutableOopMap {rbp=Oop [0]=Oop [12]=NarrowOop [16]=Oop [24]=Oop [32]=Oop [48]=Oop [56]=Oop [64]=NarrowOop [72]=Oop [96]=Oop }
                      ;*invokevirtual getAndSet {reexecute=0 rethrow=0 return_oop=0}
                      ; - ai.djl.pytorch.jni.IValue::close@5 (line 506)
                      ; - ai.djl.pytorch.jni.IValueUtils$$Lambda$1594/0x000070b295243568::accept@4
                      ; - java.util.Spliterators$ArraySpliterator::forEachRemaining@53 (line 992)
                      ; - java.util.stream.ReferencePipeline$Head::forEach@12 (line 762)
                      ; - ai.djl.pytorch.jni.IValueUtils::forward@96 (line 60)
  0x000070b302493d40: bc98 affd | bee4 ffff | ff44 8b5c | 2444 4489 | 5c24 1448 | 8944 2448 | 4c89 4424 | 5048 8944 
  0x000070b302493d60: 2458 4c89 

  0x000070b302493d64: ;   {runtime_call UncommonTrapBlob}
  0x000070b302493d64: 4424 60e8 

  0x000070b302493d68: ; ImmutableOopMap {[0]=Oop [8]=Oop [20]=NarrowOop [24]=Oop [32]=Oop [40]=Oop [48]=Oop [72]=Oop [88]=Oop }
                      ;*aaload {reexecute=0 rethrow=0 return_oop=0}
                      ; - java.lang.Long::valueOf@29 (line 1209)
                      ; - ai.djl.pytorch.jni.IValue::<init>@2 (line 34)
                      ; - ai.djl.pytorch.jni.IValueUtils::forward@107 (line 61)
  0x000070b302493d68: 9498 affd | 498b f749 | bab0 28ee | 14b3 7000 | 0041 ffd2 | e9e4 e5ff | ff49 8bf7 | 49ba b028 
  0x000070b302493d88: ee14 b370 | 0000 41ff | d2e9 dae5 | ffff 4c89 | 5424 0889 | 2c24 498b | f749 bab0 | 28ee 14b3 
  0x000070b302493da8: 7000 0041 | ffd2 8b2c | 244c 8b54 | 2408 e921 | e6ff ff4c | 891c 244d | 8bf0 498b | ea49 8bf7 
  0x000070b302493dc8: 49ba b028 | ee14 b370 | 0000 41ff | d24c 8bd5 | 4d8b c64c | 8b1c 24e9 | 2de7 ffff | 498b e849 
  0x000070b302493de8: 8bda 498b | f749 bab0 | 28ee 14b3 | 7000 0041 | ffd2 4c8b | d34c 8bc5 | e97d e6ff | ff4c 895c 
  0x000070b302493e08: 2408 4c89 | 0424 498b | ea49 8bf7 | 49ba b028 | ee14 b370 | 0000 41ff | d24c 8bd5 | 4c8b 0424 
  0x000070b302493e28: 4c8b 5c24 | 08e9 a4e6 | ffff 4533 | d249 3bc2 | 41ba ffff | ffff 7c08 | 410f 95c2 | 450f b6d2 
  0x000070b302493e48: 4c8b 5c24 | 0844 8bcd | 4c8b c0e9 | 79fb ffff | 458b e949 | 8beb 498b | f749 bab0 | 28ee 14b3 
  0x000070b302493e68: 7000 0041 | ffd2 4c8b | dd45 8bcd | e93c e7ff | ffbe 45ff | ffff 4c8b | 5c24 384c | 891c 244c 
  0x000070b302493e88: 8b5c 2430 | 4c89 5c24 | 084c 8944 | 2440 4489 

  0x000070b302493e98: ;   {runtime_call UncommonTrapBlob}
  0x000070b302493e98: 5424 14e8 

  0x000070b302493e9c: ; ImmutableOopMap {[0]=Oop [8]=Oop [24]=Oop [32]=Oop [40]=Oop [64]=Oop [72]=Oop }
                      ;*if_icmpne {reexecute=1 rethrow=0 return_oop=0}
                      ; - (reexecute) java.util.stream.Nodes$LongArrayNode::asPrimitiveArray@9 (line 1391)
                      ; - java.util.stream.Nodes$LongArrayNode::asPrimitiveArray@1 (line 1368)
                      ; - java.util.stream.LongPipeline::toArray@15 (line 546)
                      ; - ai.djl.pytorch.jni.IValueUtils::forward@38 (line 55)
  0x000070b302493e9c: 6097 affd | 448b f049 | 8bea 498b | db49 8bf7 | 49ba b028 | ee14 b370 | 0000 41ff | d24c 8bdb 
  0x000070b302493ebc: 4c8b d541 | 8bc6 e94f | eeff ff44 | 8be8 498b | ea49 8bdb | 498b f749 | bab0 28ee | 14b3 7000 
  0x000070b302493edc: 0041 ffd2 | 4c8b db4c | 8bd5 418b | c5e9 33ee | ffff 4889 | 5424 3889 | 4424 144d | 8bea 498b 
  0x000070b302493efc: f749 bab0 | 28ee 14b3 | 7000 0041 | ffd2 4d8b | d58b 4424 | 1448 8b54 | 2438 e968 | eeff ff4c 
  0x000070b302493f1c: 8bf2 4d8b | ea49 8bf7 | 49ba b028 | ee14 b370 | 0000 41ff | d24d 8bd5 | 498b d6e9 | 8bee ffff 
  0x000070b302493f3c: 49c7 c280 | ffff ff4d | 3bc2 bdff | ffff ff7c | 0840 0f95 | c540 0fb6 | edbe 45ff | ffff 448b 
  0x000070b302493f5c: 5c24 4444 | 895c 2414 | 4889 4424 | 484c 8944 | 2450 4889 | 4424 584c | 8944 2460 

  0x000070b302493f78: ;   {runtime_call UncommonTrapBlob}
  0x000070b302493f78: 6666 90e8 

  0x000070b302493f7c: ; ImmutableOopMap {[0]=Oop [8]=Oop [20]=NarrowOop [24]=Oop [32]=Oop [40]=Oop [48]=Oop [72]=Oop [88]=Oop }
                      ;*iflt {reexecute=1 rethrow=0 return_oop=0}
                      ; - (reexecute) java.lang.Long::valueOf@9 (line 1208)
                      ; - ai.djl.pytorch.jni.IValue::<init>@2 (line 34)
                      ; - ai.djl.pytorch.jni.IValueUtils::forward@107 (line 61)
  0x000070b302493f7c: 8096 affd | 498b f749 | bab0 28ee | 14b3 7000 | 0041 ffd2 | e90f f1ff | ffbe 45ff | ffff 4c8b 
  0x000070b302493f9c: 5c24 384c | 891c 244c | 8b5c 2430 | 4c89 5c24 | 084c 8944 | 2440 4c89 | 5424 484c | 8954 2450 
  0x000070b302493fbc: 4c89 4424 

  0x000070b302493fc0: ;   {runtime_call UncommonTrapBlob}
  0x000070b302493fc0: 5866 90e8 

  0x000070b302493fc4: ; ImmutableOopMap {[0]=Oop [8]=Oop [24]=Oop [32]=Oop [40]=Oop [64]=Oop [72]=Oop [80]=Oop [88]=Oop }
                      ;*ifeq {reexecute=1 rethrow=0 return_oop=0}
                      ; - (reexecute) java.util.stream.AbstractPipeline::<init>@8 (line 202)
                      ; - java.util.stream.LongPipeline::<init>@3 (line 91)
                      ; - java.util.stream.LongPipeline$StatelessOp::<init>@3 (line 633)
                      ; - java.util.stream.ReferencePipeline$5::<init>@16 (line 225)
                      ; - java.util.stream.ReferencePipeline::mapToLong@22 (line 224)
                      ; - ai.djl.pytorch.jni.IValueUtils::forward@33 (line 55)
  0x000070b302493fc4: 3896 affd | be45 ffff | ff4c 8b54 | 2438 4c89 | 1424 4c8b | 5424 304c | 8954 2408 | 4c89 5c24 
  0x000070b302493fe4: ;   {runtime_call UncommonTrapBlob}
  0x000070b302493fe4: 3866 90e8 

  0x000070b302493fe8: ; ImmutableOopMap {[0]=Oop [8]=Oop [24]=Oop [32]=Oop [40]=Oop [56]=Oop }
                      ;*ifeq {reexecute=1 rethrow=0 return_oop=0}
                      ; - (reexecute) java.util.stream.AbstractPipeline::evaluateToArrayNode@4 (line 245)
                      ; - java.util.stream.LongPipeline::toArray@6 (line 545)
                      ; - ai.djl.pytorch.jni.IValueUtils::forward@38 (line 55)
  0x000070b302493fe8: 1496 affd | be45 ffff | ff4c 8b54 | 2438 4c89 | 1424 4c8b | 5424 304c | 8954 2408 | 4c89 5c24 
  0x000070b302494008: ;   {runtime_call UncommonTrapBlob}
  0x000070b302494008: 3866 90e8 

  0x000070b30249400c: ; ImmutableOopMap {[0]=Oop [8]=Oop [24]=Oop [32]=Oop [40]=Oop [56]=Oop }
                      ;*ifeq {reexecute=1 rethrow=0 return_oop=0}
                      ; - (reexecute) java.util.stream.AbstractPipeline::evaluateToArrayNode@26 (line 251)
                      ; - java.util.stream.LongPipeline::toArray@6 (line 545)
                      ; - ai.djl.pytorch.jni.IValueUtils::forward@38 (line 55)
  0x000070b30249400c: f095 affd | be45 ffff | ff48 8b6c | 2438 4c8b | 5424 304c | 8914 2444 | 8b44 2410 | 4489 4424 
  0x000070b30249402c: 084c 8b54 | 2418 4c89 | 5424 104c | 8b54 2420 | 4c89 5424 | 184c 8b54 | 2428 4c89 | 5424 204c 
  0x000070b30249404c: 895c 2430 | 4c89 5c24 | 3844 894c 

  0x000070b302494058: ;   {runtime_call UncommonTrapBlob}
  0x000070b302494058: 240c 90e8 

  0x000070b30249405c: ; ImmutableOopMap {rbp=Oop [0]=Oop [12]=NarrowOop [16]=Oop [24]=Oop [32]=Oop [48]=Oop [56]=Oop }
                      ;*ifnull {reexecute=1 rethrow=0 return_oop=0}
                      ; - (reexecute) java.util.stream.AbstractPipeline::sourceSpliterator@9 (line 400)
                      ; - java.util.stream.AbstractPipeline::evaluateToArrayNode@69 (line 260)
                      ; - java.util.stream.LongPipeline::toArray@6 (line 545)
                      ; - ai.djl.pytorch.jni.IValueUtils::forward@38 (line 55)
  0x000070b30249405c: a095 affd | 41ba f7ff | ff7f 493b | c2bd ffff | ffff 7c08 | 400f 95c5 | 400f b6ed | be45 ffff 
  0x000070b30249407c: ff4c 8b54 | 2438 4c89 | 1424 4c8b | 5424 304c | 8954 2408 | 4c8b 5424 | 484c 8954 | 2438 4c89 
  0x000070b30249409c: 5424 4044 | 8b5c 2458 | 4489 5c24 | 1448 8944 

  0x000070b3024940ac: ;   {runtime_call UncommonTrapBlob}
  0x000070b3024940ac: 2458 90e8 

  0x000070b3024940b0: ; ImmutableOopMap {[0]=Oop [8]=Oop [20]=NarrowOop [24]=Oop [32]=Oop [40]=Oop [56]=Oop [64]=Oop }
                      ;*ifge {reexecute=1 rethrow=0 return_oop=0}
                      ; - (reexecute) java.util.stream.Nodes::longBuilder@11 (line 242)
                      ; - java.util.stream.LongPipeline::makeNodeBuilder@1 (line 167)
                      ; - java.util.stream.AbstractPipeline::evaluate@23 (line 573)
                      ; - java.util.stream.AbstractPipeline::evaluateToArrayNode@74 (line 260)
                      ; - java.util.stream.LongPipeline::toArray@6 (line 545)
                      ; - ai.djl.pytorch.jni.IValueUtils::forward@38 (line 55)
  0x000070b3024940b0: 4c95 affd | be45 ffff | ff44 8b54 | 2444 4489 | 5424 144c | 8b54 2448 | 4c89 5424 | 3848 8954 
  0x000070b3024940d0: ;   {runtime_call UncommonTrapBlob}
  0x000070b3024940d0: 2448 90e8 

  0x000070b3024940d4: ; ImmutableOopMap {[0]=Oop [8]=Oop [20]=NarrowOop [24]=Oop [32]=Oop [40]=Oop [48]=Oop [72]=Oop }
                      ;*ifeq {reexecute=1 rethrow=0 return_oop=0}
                      ; - (reexecute) java.util.stream.AbstractPipeline::sourceStageSpliterator@20 (line 278)
                      ; - java.util.stream.ReferencePipeline$Head::forEach@8 (line 762)
                      ; - ai.djl.pytorch.jni.IValueUtils::forward@96 (line 60)
  0x000070b3024940d4: 2895 affd | be45 ffff | ff48 8b2c | 244c 8b54 | 2408 4c89 | 1424 448b | 5424 1044 | 8954 2408 
  0x000070b3024940f4: 4c8b 5424 | 184c 8954 | 2410 4c8b | 5424 204c | 8954 2418 | 4c8b 5424 | 284c 8954 | 2420 448b 
  0x000070b302494114: 5c24 4444 | 895c 240c | 4c8b 5424 | 484c 8954 | 2428 4889 | 5424 384c | 8944 2440 | 894c 2448 
  0x000070b302494134: 897c 2450 | 4489 4c24 

  0x000070b30249413c: ;   {runtime_call UncommonTrapBlob}
  0x000070b30249413c: 5466 90e8 

  0x000070b302494140: ; ImmutableOopMap {rbp=Oop [0]=Oop [12]=NarrowOop [16]=Oop [24]=Oop [32]=Oop [48]=Oop [56]=Oop [64]=Oop [72]=NarrowOop }
                      ;*if_icmplt {reexecute=1 rethrow=0 return_oop=0}
                      ; - (reexecute) java.util.Spliterators$ArraySpliterator::forEachRemaining@26 (line 990)
                      ; - java.util.stream.ReferencePipeline$Head::forEach@12 (line 762)
                      ; - ai.djl.pytorch.jni.IValueUtils::forward@96 (line 60)
  0x000070b302494140: bc94 affd | be45 ffff | ff48 8b2c | 244c 8b5c | 2408 4c89 | 1c24 8b5c | 2410 895c | 2408 4c8b 
  0x000070b302494160: 5c24 184c | 895c 2410 | 4c8b 5c24 | 204c 895c | 2418 4c8b | 5c24 284c | 895c 2420 | 448b 5c24 
  0x000070b302494180: 4444 895c | 240c 4c8b | 5c24 484c | 895c 2428 | 4889 5424 | 384c 8944 | 2440 894c | 2448 4489 
  0x000070b3024941a0: 4c24 5044 | 8954 2454 

  0x000070b3024941a8: ;   {runtime_call UncommonTrapBlob}
  0x000070b3024941a8: 6666 90e8 

  0x000070b3024941ac: ; ImmutableOopMap {rbp=Oop [0]=Oop [12]=NarrowOop [16]=Oop [24]=Oop [32]=Oop [48]=Oop [56]=Oop [64]=Oop [72]=NarrowOop }
                      ;*iflt {reexecute=1 rethrow=0 return_oop=0}
                      ; - (reexecute) java.util.Spliterators$ArraySpliterator::forEachRemaining@35 (line 990)
                      ; - java.util.stream.ReferencePipeline$Head::forEach@12 (line 762)
                      ; - ai.djl.pytorch.jni.IValueUtils::forward@96 (line 60)
  0x000070b3024941ac: 5094 affd | 498b f749 | bab0 28ee | 14b3 7000 | 0041 ffd2 | e9b5 ecff | ffbe 76ff | ffff 488b 
  0x000070b3024941cc: 2c24 4c8b | 5424 084c | 8914 2444 | 8b54 2410 | 4489 5424 | 084c 8b54 | 2418 4c89 | 5424 104c 
  0x000070b3024941ec: 8b54 2420 | 4c89 5424 | 184c 8b54 | 2428 4c89 | 5424 2044 | 8b5c 2444 | 4489 5c24 | 0c4c 8b54 
  0x000070b30249420c: 2448 4c89 | 5424 284c | 8b54 2450 | 4c89 5424 | 4844 894c 

  0x000070b302494220: ;   {runtime_call UncommonTrapBlob}
  0x000070b302494220: 2454 90e8 

  0x000070b302494224: ; ImmutableOopMap {rbp=Oop [0]=Oop [12]=NarrowOop [16]=Oop [24]=Oop [32]=Oop [48]=Oop [56]=Oop [64]=NarrowOop [72]=Oop }
                      ;*if_icmplt {reexecute=1 rethrow=0 return_oop=0}
                      ; - (reexecute) java.util.Spliterators$ArraySpliterator::forEachRemaining@64 (line 992)
                      ; - java.util.stream.ReferencePipeline$Head::forEach@12 (line 762)
                      ; - ai.djl.pytorch.jni.IValueUtils::forward@96 (line 60)
  0x000070b302494224: d893 affd | 498b f749 | bab0 28ee | 14b3 7000 | 0041 ffd2 | e9d3 f5ff | ffbe c6ff | ffff 488b 
  0x000070b302494244: 6c24 384c | 8b54 2430 | 4c89 1424 | 448b 5c24 | 1044 895c | 2408 4c8b | 5424 184c | 8954 2410 
  0x000070b302494264: 4c8b 5424 | 204c 8954 | 2418 4c8b | 5424 284c | 8954 2420 | 4c8b 5424 | 484c 8954 | 2430 4c89 
  0x000070b302494284: 5424 384c | 8944 2448 

  0x000070b30249428c: ;   {runtime_call UncommonTrapBlob}
  0x000070b30249428c: 6666 90e8 

  0x000070b302494290: ; ImmutableOopMap {rbp=Oop [0]=Oop [16]=Oop [24]=Oop [32]=Oop [48]=Oop [56]=Oop [72]=Oop [80]=Oop [88]=NarrowOop }
                      ;*invokeinterface build {reexecute=0 rethrow=0 return_oop=0}
                      ; - java.util.stream.AbstractPipeline::evaluate@38 (line 575)
                      ; - java.util.stream.AbstractPipeline::evaluateToArrayNode@74 (line 260)
                      ; - java.util.stream.LongPipeline::toArray@6 (line 545)
                      ; - ai.djl.pytorch.jni.IValueUtils::forward@38 (line 55)
  0x000070b302494290: 6c93 affd | be45 ffff | ff4c 8b54 | 2438 4c89 | 1424 4c8b | 5424 304c | 8954 2408 | 4c8b 5424 
  0x000070b3024942b0: 484c 8954 | 2438 4c89 | 5424 4044 | 8b5c 2458 | 4489 5c24 | 144c 8b54 | 2450 4c89 | 5424 484c 
  0x000070b3024942d0: 8944 2450 | 894c 2458 

  0x000070b3024942d8: ;   {runtime_call UncommonTrapBlob}
  0x000070b3024942d8: 6666 90e8 

  0x000070b3024942dc: ; ImmutableOopMap {[0]=Oop [8]=Oop [20]=NarrowOop [24]=Oop [32]=Oop [40]=Oop [56]=Oop [64]=Oop [72]=Oop [80]=Oop }
                      ;*if_icmpge {reexecute=1 rethrow=0 return_oop=0}
                      ; - (reexecute) java.util.stream.Nodes$FixedNodeBuilder::build@9 (line 1205)
                      ; - java.util.stream.AbstractPipeline::evaluate@38 (line 575)
                      ; - java.util.stream.AbstractPipeline::evaluateToArrayNode@74 (line 260)
                      ; - java.util.stream.LongPipeline::toArray@6 (line 545)
                      ; - ai.djl.pytorch.jni.IValueUtils::forward@38 (line 55)
  0x000070b3024942dc: 2093 affd | be45 ffff | ff48 8b6c | 2438 4c8b | 5424 304c | 8914 2444 | 8b54 2410 | 4489 5424 
  0x000070b3024942fc: 084c 8b54 | 2418 4c89 | 5424 104c | 8b54 2420 | 4c89 5424 | 184c 8b54 | 2428 4c89 | 5424 204c 
  0x000070b30249431c: 8b54 2448 | 4c89 5424 | 2844 8b54 | 2444 4489 | 5424 0c48 | 8944 2470 | 4889 4424 

  0x000070b302494338: ;   {runtime_call UncommonTrapBlob}
  0x000070b302494338: 7866 90e8 

  0x000070b30249433c: ; ImmutableOopMap {rbp=Oop [0]=Oop [12]=NarrowOop [16]=Oop [24]=Oop [32]=Oop [40]=Oop [80]=Oop [112]=Oop [120]=Oop }
                      ;*ifnonnull {reexecute=1 rethrow=0 return_oop=0}
                      ; - (reexecute) java.util.Objects::requireNonNull@1 (line 208)
                      ; - java.util.stream.AbstractPipeline::copyInto@1 (line 505)
                      ; - java.util.stream.AbstractPipeline::wrapAndCopyInto@13 (line 499)
                      ; - java.util.stream.AbstractPipeline::evaluate@32 (line 575)
                      ; - java.util.stream.AbstractPipeline::evaluateToArrayNode@74 (line 260)
                      ; - java.util.stream.LongPipeline::toArray@6 (line 545)
                      ; - ai.djl.pytorch.jni.IValueUtils::forward@38 (line 55)
  0x000070b30249433c: c092 affd | bede ffff | ff48 8b6c | 2438 448b | 5c24 1044 | 895c 2408 | 4889 4424 | 1044 894c 
  0x000070b30249435c: ;   {runtime_call UncommonTrapBlob}
  0x000070b30249435c: 240c 90e8 

  0x000070b302494360: ; ImmutableOopMap {rbp=Oop [12]=NarrowOop [16]=Oop [48]=Oop }
                      ;*checkcast {reexecute=0 rethrow=0 return_oop=0}
                      ; - ai.djl.pytorch.jni.IValueUtils::forward@9 (line 53)
  0x000070b302494360: 9c92 affd | bede ffff | ff48 8b6c | 2438 8b4c | 2410 894c | 2408 4889 | 4424 104c | 894c 2418 
  0x000070b302494380: 4489 5c24 

  0x000070b302494384: ;   {runtime_call UncommonTrapBlob}
  0x000070b302494384: 0c66 90e8 

  0x000070b302494388: ; ImmutableOopMap {rbp=Oop [12]=NarrowOop [16]=Oop [24]=Oop [48]=Oop }
                      ;*checkcast {reexecute=0 rethrow=0 return_oop=0}
                      ; - ai.djl.pytorch.jni.IValueUtils::forward@18 (line 54)
  0x000070b302494388: 7492 affd | bede ffff | ff48 8b6c | 2438 4c8b | 5424 304c | 8914 2444 | 8b54 2410 | 4489 5424 
  0x000070b3024943a8: 084c 8b54 | 2418 4c89 | 5424 104c | 8b54 2420 | 4c89 5424 | 184c 8b54 | 2428 4c89 | 5424 204c 
  0x000070b3024943c8: 8944 2430 

  0x000070b3024943cc: ;   {runtime_call UncommonTrapBlob}
  0x000070b3024943cc: 6666 90e8 

  0x000070b3024943d0: ; ImmutableOopMap {rbp=Oop [0]=Oop [16]=Oop [24]=Oop [32]=Oop [48]=Oop [72]=Oop }
                      ;*checkcast {reexecute=0 rethrow=0 return_oop=0}
                      ; - java.util.stream.LongPipeline::toArray@9 (line 545)
                      ; - ai.djl.pytorch.jni.IValueUtils::forward@38 (line 55)
  0x000070b3024943d0: 2c92 affd | bede ffff | ff4c 8b54 | 2430 4c89 | 5424 084c | 8944 2430 | 4489 4c24 

  0x000070b3024943ec: ;   {runtime_call UncommonTrapBlob}
  0x000070b3024943ec: 1466 90e8 

  0x000070b3024943f0: ; ImmutableOopMap {rbp=NarrowOop [8]=Oop [20]=NarrowOop [24]=Oop [32]=Oop [40]=Oop [48]=Oop [56]=Oop }
                      ;*checkcast {reexecute=0 rethrow=0 return_oop=0}
                      ; - ai.djl.pytorch.engine.PtSymbolBlock::getHandle@7 (line 273)
                      ; - ai.djl.pytorch.jni.IValueUtils::forward@49 (line 58)
  0x000070b3024943f0: 0c92 affd | bede ffff | ff4c 8954 

  0x000070b3024943fc: ;   {runtime_call UncommonTrapBlob}
  0x000070b3024943fc: 2408 90e8 

  0x000070b302494400: ; ImmutableOopMap {rbp=NarrowOop [0]=Oop [8]=Oop [24]=Oop [32]=Oop [40]=Oop [68]=NarrowOop }
                      ;*checkcast {reexecute=0 rethrow=0 return_oop=0}
                      ; - ai.djl.pytorch.jni.IValueUtils::forward@73 (line 59)
  0x000070b302494400: fc91 affd | bede ffff | ff4c 8954 

  0x000070b30249440c: ;   {runtime_call UncommonTrapBlob}
  0x000070b30249440c: 2408 90e8 

  0x000070b302494410: ; ImmutableOopMap {rbp=Oop [0]=Oop [8]=Oop [24]=Oop [32]=Oop [40]=Oop [68]=NarrowOop }
                      ;*checkcast {reexecute=0 rethrow=0 return_oop=0}
                      ; - ai.djl.pytorch.jni.IValueUtils::forward@81 (line 59)
  0x000070b302494410: ec91 affd | bede ffff | ff44 8b5c | 2444 4489 | 5c24 144c | 8b5c 2448 | 4c89 5c24 | 3848 8954 
  0x000070b302494430: 2440 4c89 | 4424 4889 | 4c24 5044 | 8954 2454 | 4489 4c24 

  0x000070b302494444: ;   {runtime_call UncommonTrapBlob}
  0x000070b302494444: 5866 90e8 

  0x000070b302494448: ; ImmutableOopMap {rbp=NarrowOop [0]=Oop [8]=Oop [20]=NarrowOop [24]=Oop [32]=Oop [40]=Oop [48]=Oop [64]=Oop [72]=Oop [80]=NarrowOop }
                      ;*checkcast {reexecute=0 rethrow=0 return_oop=0}
                      ; - ai.djl.pytorch.jni.IValueUtils$$Lambda$1594/0x000070b295243568::accept@1
                      ; - java.util.Spliterators$ArraySpliterator::forEachRemaining@53 (line 992)
                      ; - java.util.stream.ReferencePipeline$Head::forEach@12 (line 762)
                      ; - ai.djl.pytorch.jni.IValueUtils::forward@96 (line 60)
  0x000070b302494448: b491 affd | bede ffff | ff44 8b54 | 2444 4489 

  0x000070b302494458: ;   {runtime_call UncommonTrapBlob}
  0x000070b302494458: 5424 14e8 

  0x000070b30249445c: ; ImmutableOopMap {rbp=NarrowOop [0]=Oop [8]=Oop [20]=NarrowOop [24]=Oop [32]=Oop [40]=Oop [48]=Oop [56]=Oop [64]=NarrowOop [80]=Oop [104]=Oop }
                      ;*checkcast {reexecute=0 rethrow=0 return_oop=0}
                      ; - ai.djl.pytorch.jni.IValue::close@8 (line 506)
                      ; - ai.djl.pytorch.jni.IValueUtils$$Lambda$1594/0x000070b295243568::accept@4
                      ; - java.util.Spliterators$ArraySpliterator::forEachRemaining@53 (line 992)
                      ; - java.util.stream.ReferencePipeline$Head::forEach@12 (line 762)
                      ; - ai.djl.pytorch.jni.IValueUtils::forward@96 (line 60)
  0x000070b30249445c: a091 affd | bede ffff | ff44 8b54 | 2444 4489 | 5424 1444 | 894c 2444 

  0x000070b302494474: ;   {runtime_call UncommonTrapBlob}
  0x000070b302494474: 6666 90e8 

  0x000070b302494478: ; ImmutableOopMap {rbp=NarrowOop [0]=Oop [8]=Oop [20]=NarrowOop [24]=Oop [32]=Oop [40]=Oop [48]=Oop [56]=Oop [64]=NarrowOop [80]=Oop }
                      ;*checkcast {reexecute=0 rethrow=0 return_oop=0}
                      ; - ai.djl.pytorch.jni.IValueUtils$$Lambda$1594/0x000070b295243568::accept@1
                      ; - java.util.Spliterators$ArraySpliterator::forEachRemaining@53 (line 992)
                      ; - java.util.stream.ReferencePipeline$Head::forEach@12 (line 762)
                      ; - ai.djl.pytorch.jni.IValueUtils::forward@96 (line 60)
  0x000070b302494478: 8491 affd | bede ffff | ff44 8b54 | 2444 4489 | 5424 1444 | 894c 2444 | 4c89 4424 

  0x000070b302494494: ;   {runtime_call UncommonTrapBlob}
  0x000070b302494494: 6866 90e8 

  0x000070b302494498: ; ImmutableOopMap {rbp=NarrowOop [0]=Oop [8]=Oop [20]=NarrowOop [24]=Oop [32]=Oop [40]=Oop [48]=Oop [56]=Oop [64]=NarrowOop [80]=Oop [104]=Oop }
                      ;*checkcast {reexecute=0 rethrow=0 return_oop=0}
                      ; - ai.djl.pytorch.jni.IValue::close@8 (line 506)
                      ; - ai.djl.pytorch.jni.IValueUtils$$Lambda$1594/0x000070b295243568::accept@4
                      ; - java.util.Spliterators$ArraySpliterator::forEachRemaining@53 (line 992)
                      ; - java.util.stream.ReferencePipeline$Head::forEach@12 (line 762)
                      ; - ai.djl.pytorch.jni.IValueUtils::forward@96 (line 60)
  0x000070b302494498: 6491 affd | bede ffff | ff48 8b2c | 244c 8b54 | 2408 4c89 | 1424 448b | 5424 1044 | 8954 2408 
  0x000070b3024944b8: 4c8b 5424 | 184c 8954 | 2410 4c8b | 5424 204c | 8954 2418 | 4c8b 5424 | 284c 8954 | 2420 448b 
  0x000070b3024944d8: 5c24 4444 | 895c 240c | 4c8b 5424 | 384c 8954 | 2428 4c8b | 5424 504c | 8954 2440 | 4489 6c24 
  0x000070b3024944f8: ;   {runtime_call UncommonTrapBlob}
  0x000070b3024944f8: 5066 90e8 

  0x000070b3024944fc: ; ImmutableOopMap {rbp=Oop [0]=Oop [12]=NarrowOop [16]=Oop [24]=Oop [32]=Oop [48]=Oop [64]=Oop [72]=Oop [80]=NarrowOop }
                      ;*checkcast {reexecute=0 rethrow=0 return_oop=0}
                      ; - ai.djl.pytorch.jni.IValue::close@8 (line 506)
                      ; - ai.djl.pytorch.jni.IValueUtils::forward@123 (line 63)
  0x000070b3024944fc: 0091 affd | bef6 ffff | ff48 8b6c | 2438 4c8b | 5424 304c | 8914 2444 | 8b54 2410 | 4489 5424 
  0x000070b30249451c: 084c 8b54 | 2418 4c89 | 5424 104c | 8b54 2420 | 4c89 5424 | 184c 8b54 | 2428 4c89 | 5424 204c 
  0x000070b30249453c: 8b54 2448 | 4c89 5424 | 2848 894c | 2470 4c89 | 9c24 8000 

  0x000070b302494550: ;   {runtime_call UncommonTrapBlob}
  0x000070b302494550: 0000 90e8 

  0x000070b302494554: ; ImmutableOopMap {rbp=Oop [0]=Oop [16]=Oop [24]=Oop [32]=Oop [40]=Oop [80]=Oop [88]=NarrowOop [112]=Oop [128]=Oop }
                      ;*getfield combinedFlags {reexecute=1 rethrow=0 return_oop=0}
                      ; - (reexecute) java.util.stream.AbstractPipeline::wrapSink@19 (line 547)
                      ; - java.util.stream.AbstractPipeline::wrapAndCopyInto@9 (line 499)
                      ; - java.util.stream.AbstractPipeline::evaluate@32 (line 575)
                      ; - java.util.stream.AbstractPipeline::evaluateToArrayNode@74 (line 260)
                      ; - java.util.stream.LongPipeline::toArray@6 (line 545)
                      ; - ai.djl.pytorch.jni.IValueUtils::forward@38 (line 55)
  0x000070b302494554: a890 affd | bef6 ffff | ff48 8b6c | 2438 4c8b | 5424 304c | 8914 2444 | 8b5c 2410 | 4489 5c24 
  0x000070b302494574: 084c 8b54 | 2418 4c89 | 5424 104c | 8b54 2420 | 4c89 5424 | 184c 8b54 | 2428 4c89 | 5424 204c 
  0x000070b302494594: 8b54 2448 | 4c89 5424 | 2848 8944 

  0x000070b3024945a0: ;   {runtime_call UncommonTrapBlob}
  0x000070b3024945a0: 2470 90e8 

  0x000070b3024945a4: ; ImmutableOopMap {rbp=Oop [0]=Oop [16]=Oop [24]=Oop [32]=Oop [40]=Oop [80]=Oop [88]=NarrowOop [112]=Oop }
                      ;*getfield depth {reexecute=1 rethrow=0 return_oop=0}
                      ; - (reexecute) java.util.stream.AbstractPipeline::wrapSink@8 (line 546)
                      ; - java.util.stream.AbstractPipeline::wrapAndCopyInto@9 (line 499)
                      ; - java.util.stream.AbstractPipeline::evaluate@32 (line 575)
                      ; - java.util.stream.AbstractPipeline::evaluateToArrayNode@74 (line 260)
                      ; - java.util.stream.LongPipeline::toArray@6 (line 545)
                      ; - ai.djl.pytorch.jni.IValueUtils::forward@38 (line 55)
  0x000070b3024945a4: 5890 affd | bef6 ffff | ff48 8b6c | 2438 4c8b | 5424 304c | 8914 2444 | 8b5c 2410 | 4489 5c24 
  0x000070b3024945c4: 084c 8b54 | 2418 4c89 | 5424 104c | 8b54 2420 | 4c89 5424 | 184c 8b54 | 2428 4c89 | 5424 204c 
  0x000070b3024945e4: 8b54 2448 | 4c89 5424 

  0x000070b3024945ec: ;   {runtime_call UncommonTrapBlob}
  0x000070b3024945ec: 2866 90e8 

  0x000070b3024945f0: ; ImmutableOopMap {rbp=Oop [0]=Oop [16]=Oop [24]=Oop [32]=Oop [40]=Oop [80]=Oop [88]=NarrowOop [104]=Oop }
                      ;*getfield depth {reexecute=1 rethrow=0 return_oop=0}
                      ; - (reexecute) java.util.stream.AbstractPipeline::copyIntoWithCancel@3 (line 522)
                      ; - java.util.stream.AbstractPipeline::copyInto@49 (line 513)
                      ; - java.util.stream.AbstractPipeline::wrapAndCopyInto@13 (line 499)
                      ; - java.util.stream.AbstractPipeline::evaluate@32 (line 575)
                      ; - java.util.stream.AbstractPipeline::evaluateToArrayNode@74 (line 260)
                      ; - java.util.stream.LongPipeline::toArray@6 (line 545)
                      ; - ai.djl.pytorch.jni.IValueUtils::forward@38 (line 55)
  0x000070b3024945f0: 0c90 affd | bef6 ffff | ff48 8b6c 

  0x000070b3024945fc: ;   {runtime_call UncommonTrapBlob}
  0x000070b3024945fc: 2438 90e8 

  0x000070b302494600: ; ImmutableOopMap {rbp=Oop [48]=Oop }
                      ;*invokevirtual getKey {reexecute=0 rethrow=0 return_oop=0}
                      ; - ai.djl.pytorch.jni.IValueUtils::forward@6 (line 53)
  0x000070b302494600: fc8f affd | bef4 ffff | ff48 8b6c | 2438 448b | 5424 1044 | 8954 2408 | 4889 4424 

  0x000070b30249461c: ;   {runtime_call UncommonTrapBlob}
  0x000070b30249461c: 1066 90e8 

  0x000070b302494620: ; ImmutableOopMap {rbp=Oop [16]=Oop [48]=Oop }
                      ;*checkcast {reexecute=0 rethrow=0 return_oop=0}
                      ; - ai.djl.pytorch.jni.IValueUtils::forward@9 (line 53)
  0x000070b302494620: dc8f affd | bef4 ffff | ff48 8b6c | 2438 448b | 5424 1044 | 8954 2408 | 4889 4424 | 104c 894c 
  0x000070b302494640: ;   {runtime_call UncommonTrapBlob}
  0x000070b302494640: 2418 90e8 

  0x000070b302494644: ; ImmutableOopMap {rbp=Oop [16]=Oop [24]=Oop [48]=Oop }
                      ;*checkcast {reexecute=0 rethrow=0 return_oop=0}
                      ; - ai.djl.pytorch.jni.IValueUtils::forward@18 (line 54)
  0x000070b302494644: b88f affd | bef6 ffff | ff48 8b6c | 2438 4c8b | 5424 304c | 8914 2444 | 8b54 2410 | 4489 5424 
  0x000070b302494664: 084c 8b54 | 2418 4c89 | 5424 104c | 8b54 2420 | 4c89 5424 | 184c 8b54 | 2428 4c89 | 5424 204c 
  0x000070b302494684: 895c 2430 | 4c89 5c24 

  0x000070b30249468c: ;   {runtime_call UncommonTrapBlob}
  0x000070b30249468c: 3866 90e8 

  0x000070b302494690: ; ImmutableOopMap {rbp=Oop [0]=Oop [16]=Oop [24]=Oop [32]=Oop [48]=Oop [56]=Oop }
                      ;*getfield parallel {reexecute=1 rethrow=0 return_oop=0}
                      ; - (reexecute) java.util.stream.AbstractPipeline::isParallel@4 (line 373)
                      ; - java.util.stream.AbstractPipeline::evaluateToArrayNode@23 (line 251)
                      ; - java.util.stream.LongPipeline::toArray@6 (line 545)
                      ; - ai.djl.pytorch.jni.IValueUtils::forward@38 (line 55)
  0x000070b302494690: 6c8f affd | bef6 ffff | ff48 8b6c | 2438 4c8b | 5424 304c | 8914 2444 | 8b54 2410 | 4489 5424 
  0x000070b3024946b0: 084c 8b54 | 2418 4c89 | 5424 104c | 8b54 2420 | 4c89 5424 | 184c 8b54 | 2428 4c89 | 5424 204c 
  0x000070b3024946d0: 8944 2438 

  0x000070b3024946d4: ;   {runtime_call UncommonTrapBlob}
  0x000070b3024946d4: 6666 90e8 

  0x000070b3024946d8: ; ImmutableOopMap {rbp=Oop [0]=Oop [16]=Oop [24]=Oop [32]=Oop [56]=Oop [72]=Oop }
                      ;*arraylength {reexecute=0 rethrow=0 return_oop=0}
                      ; - java.util.stream.Nodes$LongArrayNode::asPrimitiveArray@4 (line 1391)
                      ; - java.util.stream.Nodes$LongArrayNode::asPrimitiveArray@1 (line 1368)
                      ; - java.util.stream.LongPipeline::toArray@15 (line 546)
                      ; - ai.djl.pytorch.jni.IValueUtils::forward@38 (line 55)
  0x000070b3024946d8: 248f affd | bef6 ffff | ff48 8b6c | 2430 448b | 5424 1044 | 8914 244c | 8b54 2418 | 4c89 5424 
  0x000070b3024946f8: 0844 894c 

  0x000070b3024946fc: ;   {runtime_call UncommonTrapBlob}
  0x000070b3024946fc: 2404 90e8 

  0x000070b302494700: ; ImmutableOopMap {rbp=Oop [4]=NarrowOop [8]=Oop [32]=Oop [40]=Oop }
                      ;*invokevirtual getHandle {reexecute=0 rethrow=0 return_oop=0}
                      ; - ai.djl.pytorch.jni.IValueUtils::forward@49 (line 58)
  0x000070b302494700: fc8e affd | bef6 ffff | ff44 8b5c | 2410 4489 | 5c24 084c | 8b54 2418 | 4c89 5424 | 104c 8b54 
  0x000070b302494720: 2420 4c89 | 5424 184c | 8b54 2428 | 4c89 5424 | 204c 8944 | 2428 4489 

  0x000070b302494738: ;   {runtime_call UncommonTrapBlob}
  0x000070b302494738: 4c24 0ce8 

  0x000070b30249473c: ; ImmutableOopMap {[12]=NarrowOop [16]=Oop [24]=Oop [32]=Oop [40]=Oop [48]=Oop [56]=Oop }
                      ;*invokevirtual get {reexecute=0 rethrow=0 return_oop=0}
                      ; - ai.djl.pytorch.engine.PtSymbolBlock::getHandle@4 (line 273)
                      ; - ai.djl.pytorch.jni.IValueUtils::forward@49 (line 58)
  0x000070b30249473c: c08e affd | bef4 ffff | ff44 8b54 | 2410 4489 | 5424 084c | 8b54 2418 | 4c89 5424 | 104c 8b54 
  0x000070b30249475c: 2420 4c89 | 5424 184c | 8b54 2428 | 4c89 5424 | 204c 8944 | 2428 4489 

  0x000070b302494774: ;   {runtime_call UncommonTrapBlob}
  0x000070b302494774: 4c24 0ce8 

  0x000070b302494778: ; ImmutableOopMap {[12]=NarrowOop [16]=Oop [24]=Oop [32]=Oop [40]=Oop [48]=Oop [56]=Oop }
                      ;*checkcast {reexecute=0 rethrow=0 return_oop=0}
                      ; - ai.djl.pytorch.engine.PtSymbolBlock::getHandle@7 (line 273)
                      ; - ai.djl.pytorch.jni.IValueUtils::forward@49 (line 58)
  0x000070b302494778: 848e affd | bef6 ffff | ff48 8b2c | 2444 8b5c | 2410 4489 | 1c24 4c8b | 5424 184c | 8954 2408 
  0x000070b302494798: 4c8b 5424 | 204c 8954 

  0x000070b3024947a0: ;   {runtime_call UncommonTrapBlob}
  0x000070b3024947a0: 2410 90e8 

  0x000070b3024947a4: ; ImmutableOopMap {rbp=Oop [8]=Oop [16]=Oop [40]=Oop [68]=NarrowOop }
                      ;*invokevirtual get {reexecute=0 rethrow=0 return_oop=0}
                      ; - ai.djl.pytorch.jni.IValueUtils::forward@70 (line 59)
  0x000070b3024947a4: 588e affd | bef6 ffff | ff48 8b2c | 2444 8b44 | 2410 4489 | 4424 084c | 8b5c 2418 | 4c89 5c24 
  0x000070b3024947c4: 104c 8b5c | 2420 4c89 | 5c24 184c | 8b5c 2428 | 4c89 5c24 | 204c 8954 

  0x000070b3024947dc: ;   {runtime_call UncommonTrapBlob}
  0x000070b3024947dc: 2428 90e8 

  0x000070b3024947e0: ; ImmutableOopMap {rbp=Oop [16]=Oop [24]=Oop [32]=Oop [40]=Oop [48]=Oop [68]=NarrowOop }
                      ;*aaload {reexecute=0 rethrow=0 return_oop=0}
                      ; - java.util.ArrayList::elementData@5 (line 411)
                      ; - java.util.ArrayList::get@11 (line 428)
                      ; - ai.djl.pytorch.jni.IValueUtils::forward@70 (line 59)
  0x000070b3024947e0: 1c8e affd | bef4 ffff | ff48 8b2c | 2444 8b5c | 2410 4489 | 5c24 084c | 8b54 2418 | 4c89 5424 
  0x000070b302494800: 104c 8b54 | 2420 4c89 | 5424 184c | 8b54 2428 | 4c89 5424 

  0x000070b302494814: ;   {runtime_call UncommonTrapBlob}
  0x000070b302494814: 2066 90e8 

  0x000070b302494818: ; ImmutableOopMap {rbp=Oop [16]=Oop [24]=Oop [32]=Oop [48]=Oop [68]=NarrowOop }
                      ;*checkcast {reexecute=0 rethrow=0 return_oop=0}
                      ; - ai.djl.pytorch.jni.IValueUtils::forward@73 (line 59)
  0x000070b302494818: e48d affd | bef4 ffff | ff48 8b2c | 2444 8b5c | 2410 4489 | 5c24 084c | 8b54 2418 | 4c89 5424 
  0x000070b302494838: 104c 8b54 | 2420 4c89 | 5424 184c | 8b54 2428 | 4c89 5424 

  0x000070b30249484c: ;   {runtime_call UncommonTrapBlob}
  0x000070b30249484c: 2066 90e8 

  0x000070b302494850: ; ImmutableOopMap {rbp=Oop [16]=Oop [24]=Oop [32]=Oop [48]=Oop [68]=NarrowOop }
                      ;*checkcast {reexecute=0 rethrow=0 return_oop=0}
                      ; - ai.djl.pytorch.jni.IValueUtils::forward@81 (line 59)
  0x000070b302494850: ac8d affd | bef4 ffff | ff48 8b2c | 244c 8b54 | 2408 4c89 | 1424 448b | 5c24 1044 | 895c 2408 
  0x000070b302494870: 4c8b 5424 | 184c 8954 | 2410 4c8b | 5424 204c | 8954 2418 | 4c8b 5424 | 284c 8954 | 2420 448b 
  0x000070b302494890: 5c24 4444 | 895c 240c | 4c8b 5424 | 384c 8954 

  0x000070b3024948a0: ;   {runtime_call UncommonTrapBlob}
  0x000070b3024948a0: 2428 90e8 

  0x000070b3024948a4: ; ImmutableOopMap {rbp=Oop [0]=Oop [12]=NarrowOop [16]=Oop [24]=Oop [32]=Oop [48]=Oop [72]=Oop [80]=Oop }
                      ;*checkcast {reexecute=0 rethrow=0 return_oop=0}
                      ; - ai.djl.pytorch.jni.IValue::close@8 (line 506)
                      ; - ai.djl.pytorch.jni.IValueUtils::forward@123 (line 63)
  0x000070b3024948a4: 588d affd | bef6 ffff | ff48 8b2c | 244c 8b54 | 2408 4c89 | 1424 448b | 5c24 1044 | 895c 2408 
  0x000070b3024948c4: 4c8b 5424 | 184c 8954 | 2410 4c8b | 5424 204c | 8954 2418 | 4c8b 5424 | 284c 8954 | 2420 448b 
  0x000070b3024948e4: 5c24 4444 | 895c 240c | 4889 5424 | 384c 8944 

  0x000070b3024948f4: ;   {runtime_call UncommonTrapBlob}
  0x000070b3024948f4: 2440 90e8 

  0x000070b3024948f8: ; ImmutableOopMap {rbp=Oop [0]=Oop [12]=NarrowOop [16]=Oop [24]=Oop [32]=Oop [48]=Oop [56]=Oop [64]=Oop }
                      ;*arraylength {reexecute=0 rethrow=0 return_oop=0}
                      ; - java.util.Spliterators$ArraySpliterator::forEachRemaining@18 (line 990)
                      ; - java.util.stream.ReferencePipeline$Head::forEach@12 (line 762)
                      ; - ai.djl.pytorch.jni.IValueUtils::forward@96 (line 60)
  0x000070b3024948f8: 048d affd | bef4 ffff | ff48 8b2c | 244c 8b5c | 2408 4c89 | 1c24 8b5c | 2410 895c | 2408 4c8b 
  0x000070b302494918: 5c24 184c | 895c 2410 | 4c8b 5c24 | 204c 895c | 2418 4c8b | 5c24 284c | 895c 2420 | 448b 5c24 
  0x000070b302494938: 4444 895c | 240c 4c8b | 5c24 484c | 895c 2428 | 4889 5424 | 384c 8944 | 2440 894c | 2448 4489 
  0x000070b302494958: 5424 4c44 | 894c 2450 

  0x000070b302494960: ;   {runtime_call UncommonTrapBlob}
  0x000070b302494960: 6666 90e8 

  0x000070b302494964: ; ImmutableOopMap {rbp=Oop [0]=Oop [12]=NarrowOop [16]=Oop [24]=Oop [32]=Oop [48]=Oop [56]=Oop [64]=Oop [72]=NarrowOop }
                      ;*checkcast {reexecute=0 rethrow=0 return_oop=0}
                      ; - ai.djl.pytorch.jni.IValueUtils$$Lambda$1594/0x000070b295243568::accept@1
                      ; - java.util.Spliterators$ArraySpliterator::forEachRemaining@53 (line 992)
                      ; - java.util.stream.ReferencePipeline$Head::forEach@12 (line 762)
                      ; - ai.djl.pytorch.jni.IValueUtils::forward@96 (line 60)
  0x000070b302494964: 988c affd | bef4 ffff | ff48 8b2c | 244c 8b54 | 2408 4c89 | 1424 448b | 5c24 1044 | 895c 2408 
  0x000070b302494984: 4c8b 5424 | 184c 8954 | 2410 4c8b | 5424 204c | 8954 2418 | 4c8b 5424 | 284c 8954 | 2420 448b 
  0x000070b3024949a4: 5424 4444 | 8954 240c | 4c8b 5424 | 484c 8954 | 2428 4c8b | 5424 504c | 8954 2448 | 448b 5424 
  0x000070b3024949c4: 5c44 8954 | 2444 448b | 5c24 5844 | 895c 2450 | 4889 5c24 

  0x000070b3024949d8: ;   {runtime_call UncommonTrapBlob}
  0x000070b3024949d8: 6066 90e8 

  0x000070b3024949dc: ; ImmutableOopMap {rbp=Oop [0]=Oop [12]=NarrowOop [16]=Oop [24]=Oop [32]=Oop [48]=Oop [56]=Oop [64]=NarrowOop [72]=Oop [96]=Oop [104]=Oop }
                      ;*checkcast {reexecute=0 rethrow=0 return_oop=0}
                      ; - ai.djl.pytorch.jni.IValue::close@8 (line 506)
                      ; - ai.djl.pytorch.jni.IValueUtils$$Lambda$1594/0x000070b295243568::accept@4
                      ; - java.util.Spliterators$ArraySpliterator::forEachRemaining@53 (line 992)
                      ; - java.util.stream.ReferencePipeline$Head::forEach@12 (line 762)
                      ; - ai.djl.pytorch.jni.IValueUtils::forward@96 (line 60)
  0x000070b3024949dc: 208c affd | bef4 ffff | ff48 8b2c | 244c 8b54 | 2408 4c89 | 1424 448b | 5c24 1044 | 895c 2408 
  0x000070b3024949fc: 4c8b 5424 | 184c 8954 | 2410 4c8b | 5424 204c | 8954 2418 | 4c8b 5424 | 284c 8954 | 2420 448b 
  0x000070b302494a1c: 5c24 4444 | 895c 240c | 4c8b 5424 | 484c 8954 | 2428 4c8b | 5424 504c | 8954 2448 | 4489 4c24 
  0x000070b302494a3c: ;   {runtime_call UncommonTrapBlob}
  0x000070b302494a3c: 4466 90e8 

  0x000070b302494a40: ; ImmutableOopMap {rbp=Oop [0]=Oop [12]=NarrowOop [16]=Oop [24]=Oop [32]=Oop [48]=Oop [56]=Oop [64]=NarrowOop [72]=Oop }
                      ;*checkcast {reexecute=0 rethrow=0 return_oop=0}
                      ; - ai.djl.pytorch.jni.IValueUtils$$Lambda$1594/0x000070b295243568::accept@1
                      ; - java.util.Spliterators$ArraySpliterator::forEachRemaining@53 (line 992)
                      ; - java.util.stream.ReferencePipeline$Head::forEach@12 (line 762)
                      ; - ai.djl.pytorch.jni.IValueUtils::forward@96 (line 60)
  0x000070b302494a40: bc8b affd | bef4 ffff | ff48 8b2c | 244c 8b54 | 2408 4c89 | 1424 448b | 5c24 1044 | 895c 2408 
  0x000070b302494a60: 4c8b 5424 | 184c 8954 | 2410 4c8b | 5424 204c | 8954 2418 | 4c8b 5424 | 284c 8954 | 2420 448b 
  0x000070b302494a80: 5c24 4444 | 895c 240c | 4c8b 5424 | 484c 8954 | 2428 4c8b | 5424 504c | 8954 2448 | 4489 4c24 
  0x000070b302494aa0: 4444 8b5c | 2458 4489 | 5c24 504c | 8944 2460 

  0x000070b302494ab0: ;   {runtime_call UncommonTrapBlob}
  0x000070b302494ab0: 6666 90e8 

  0x000070b302494ab4: ; ImmutableOopMap {rbp=Oop [0]=Oop [12]=NarrowOop [16]=Oop [24]=Oop [32]=Oop [48]=Oop [56]=Oop [64]=NarrowOop [72]=Oop [96]=Oop }
                      ;*checkcast {reexecute=0 rethrow=0 return_oop=0}
                      ; - ai.djl.pytorch.jni.IValue::close@8 (line 506)
                      ; - ai.djl.pytorch.jni.IValueUtils$$Lambda$1594/0x000070b295243568::accept@4
                      ; - java.util.Spliterators$ArraySpliterator::forEachRemaining@53 (line 992)
                      ; - java.util.stream.ReferencePipeline$Head::forEach@12 (line 762)
                      ; - ai.djl.pytorch.jni.IValueUtils::forward@96 (line 60)
  0x000070b302494ab4: 488b affd | bef6 ffff | ff48 8b6c | 2438 4c8b | 5424 304c | 8914 2444 | 8b54 2410 | 4489 5424 
  0x000070b302494ad4: 084c 8b54 | 2418 4c89 | 5424 104c | 8b54 2420 | 4c89 5424 | 184c 8b54 | 2428 4c89 | 5424 204c 
  0x000070b302494af4: 8b54 2448 | 4c89 5424 | 304c 8954 | 2438 4c8b | 5424 504c | 8954 2440 | 4c89 4424 | 4889 4c24 
  0x000070b302494b14: ;   {runtime_call UncommonTrapBlob}
  0x000070b302494b14: 5066 90e8 

  0x000070b302494b18: ; ImmutableOopMap {rbp=Oop [0]=Oop [16]=Oop [24]=Oop [32]=Oop [48]=Oop [56]=Oop [64]=Oop [72]=Oop [88]=NarrowOop }
                      ;*arraylength {reexecute=0 rethrow=0 return_oop=0}
                      ; - java.util.stream.Nodes$FixedNodeBuilder::build@8 (line 1205)
                      ; - java.util.stream.AbstractPipeline::evaluate@38 (line 575)
                      ; - java.util.stream.AbstractPipeline::evaluateToArrayNode@74 (line 260)
                      ; - java.util.stream.LongPipeline::toArray@6 (line 545)
                      ; - ai.djl.pytorch.jni.IValueUtils::forward@38 (line 55)
  0x000070b302494b18: e48a affd | be45 ffff | ff44 8b54 | 2444 4489 | 5424 144c | 8b54 2448 | 4c89 5424 | 3848 8954 
  0x000070b302494b38: ;   {runtime_call UncommonTrapBlob}
  0x000070b302494b38: 2448 90e8 

  0x000070b302494b3c: ; ImmutableOopMap {rbp=NarrowOop [0]=Oop [8]=Oop [20]=NarrowOop [24]=Oop [32]=Oop [40]=Oop [48]=Oop [72]=Oop }
                      ;*ifnull {reexecute=1 rethrow=0 return_oop=0}
                      ; - (reexecute) java.util.stream.AbstractPipeline::sourceStageSpliterator@45 (line 282)
                      ; - java.util.stream.ReferencePipeline$Head::forEach@8 (line 762)
                      ; - ai.djl.pytorch.jni.IValueUtils::forward@96 (line 60)
  0x000070b302494b3c: c08a affd | bef6 ffff | ff48 8b6c | 2438 4c8b | 5424 304c | 8914 2444 | 8b54 2410 | 4489 5424 
  0x000070b302494b5c: 084c 8b54 | 2418 4c89 | 5424 104c | 8b54 2420 | 4c89 5424 | 184c 8b54 | 2428 4c89 | 5424 204c 
  0x000070b302494b7c: 8b54 2448 | 4c89 5424 | 304c 8954 | 2438 448b | 5424 5844 | 8954 240c | 4c8b 5424 | 504c 8954 
  0x000070b302494b9c: 2440 4c89 | 4424 5089 

  0x000070b302494ba4: ;   {runtime_call UncommonTrapBlob}
  0x000070b302494ba4: 4c24 58e8 

  0x000070b302494ba8: ; ImmutableOopMap {rbp=Oop [0]=Oop [12]=NarrowOop [16]=Oop [24]=Oop [32]=Oop [48]=Oop [56]=Oop [64]=Oop [80]=Oop }
                      ;*arraylength {reexecute=0 rethrow=0 return_oop=0}
                      ; - java.util.stream.Nodes$LongFixedNodeBuilder::build@8 (line 1541)
                      ; - java.util.stream.Nodes$LongFixedNodeBuilder::build@1 (line 1530)
                      ; - java.util.stream.AbstractPipeline::evaluate@38 (line 575)
                      ; - java.util.stream.AbstractPipeline::evaluateToArrayNode@74 (line 260)
                      ; - java.util.stream.LongPipeline::toArray@6 (line 545)
                      ; - ai.djl.pytorch.jni.IValueUtils::forward@38 (line 55)
  0x000070b302494ba8: 548a affd | 488b f0e9 | a000 0000 | 488b 7424 | 5048 8bd0 | 4889 4424 

  0x000070b302494bc0: ;   {optimized virtual_call}
  0x000070b302494bc0: 5866 90e8 

  0x000070b302494bc4: ; ImmutableOopMap {rbp=Oop [8]=Oop [24]=Oop [32]=Oop [40]=Oop [48]=Oop [68]=NarrowOop [72]=Oop [80]=Oop [88]=Oop }
                      ;*invokevirtual addSuppressed {reexecute=0 rethrow=0 return_oop=0}
                      ; - ai.djl.pytorch.jni.IValueUtils::forward@145 (line 61)
  0x000070b302494bc4: b834 affd | eb4e eb5f | 488b f0e9 | 8000 0000 | eb66 eb64 | eb77 488b | f0eb 75eb | 60eb 5eeb 
  0x000070b302494be4: 6ceb 55eb | 58eb 66eb | 5feb 62eb | 60eb 5eeb | 5ceb 5aeb | 58eb 56eb | 5448 8bf0 | eb52 4889 
  0x000070b302494c04: 4424 5048 | 8b74 2448 | 488b 2c24 

  0x000070b302494c10: ;   {optimized virtual_call}
  0x000070b302494c10: 6666 90e8 

  0x000070b302494c14: ; ImmutableOopMap {rbp=Oop [8]=Oop [24]=Oop [32]=Oop [40]=Oop [48]=Oop [68]=NarrowOop [72]=Oop [80]=Oop }
                      ;*invokevirtual close {reexecute=0 rethrow=0 return_oop=0}
                      ; - ai.djl.pytorch.jni.IValueUtils::forward@133 (line 61)
  0x000070b302494c14: 6834 affd | 458b 97b4 | 0400 0045 | 85d2 753d | 488b 7424 | 50eb 2948 | 8bf0 eb24 | 488b f0eb 
  0x000070b302494c34: 1feb 1a48 | 8bf0 eb18 | 488b f0eb | 1348 8bf0 | eb0e eb09 | eb07 eb00 | 488b f0eb | 0348 8bf0 
  0x000070b302494c54: 4881 c4e0 | 0000 005d 

  0x000070b302494c5c: ;   {runtime_call _rethrow_Java}
  0x000070b302494c5c: e99f c5ba | fdbe 97ff | ffff 4c8b | 5424 084c | 8914 2444 | 8b5c 2410 | 4489 5c24 | 084c 8b54 
  0x000070b302494c7c: 2418 4c89 | 5424 104c | 8b54 2420 | 4c89 5424 | 184c 8b54 | 2428 4c89 | 5424 2044 | 8b5c 2444 
  0x000070b302494c9c: 4489 5c24 | 0c4c 8b54 | 2438 4c89 | 5424 284c | 8b54 2448 | 4c89 5424 | 384c 8b54 | 2450 4c89 
  0x000070b302494cbc: ;   {runtime_call UncommonTrapBlob}
  0x000070b302494cbc: 5424 48e8 

  0x000070b302494cc0: ; ImmutableOopMap {rbp=Oop [0]=Oop [12]=NarrowOop [16]=Oop [24]=Oop [32]=Oop [48]=Oop [56]=Oop [72]=Oop [80]=Oop }
                      ;*athrow {reexecute=1 rethrow=0 return_oop=0}
                      ; - (reexecute) ai.djl.pytorch.jni.IValueUtils::forward@150 (line 61)
  0x000070b302494cc0: 3c89 affd 

  0x000070b302494cc4: ;   {internal_word}
  0x000070b302494cc4: 49ba dd30 | 4902 b370 | 0000 4d89 | 9758 0300 

  0x000070b302494cd4: ;   {runtime_call SafepointBlob}
  0x000070b302494cd4: 00e9 269a | affd f4f4 | f4f4 f4f4 
[Stub Code]
  0x000070b302494ce0: ;   {no_reloc}
  0x000070b302494ce0: 48bb 0000 | 0000 0000 

  0x000070b302494ce8: ;   {runtime_call}
  0x000070b302494ce8: 0000 e9fb 

  0x000070b302494cec: ;   {static_stub}
  0x000070b302494cec: ffff ff48 | bb00 0000 | 0000 0000 

  0x000070b302494cf8: ;   {runtime_call}
  0x000070b302494cf8: 00e9 fbff 

  0x000070b302494cfc: ;   {static_stub}
  0x000070b302494cfc: ffff 48bb | 0000 0000 | 0000 0000 

  0x000070b302494d08: ;   {runtime_call}
  0x000070b302494d08: e9fb ffff 

  0x000070b302494d0c: ;   {static_stub}
  0x000070b302494d0c: ff48 bb00 | 0000 0000 

  0x000070b302494d14: ;   {runtime_call}
  0x000070b302494d14: 0000 00e9 | fbff ffff 

  0x000070b302494d1c: ;   {static_stub}
  0x000070b302494d1c: 48bb 0000 | 0000 0000 

  0x000070b302494d24: ;   {runtime_call}
  0x000070b302494d24: 0000 e9fb 

  0x000070b302494d28: ;   {static_stub}
  0x000070b302494d28: ffff ff48 | bb00 0000 | 0000 0000 

  0x000070b302494d34: ;   {runtime_call}
  0x000070b302494d34: 00e9 fbff 

  0x000070b302494d38: ;   {static_stub}
  0x000070b302494d38: ffff 48bb | 0000 0000 | 0000 0000 

  0x000070b302494d44: ;   {runtime_call}
  0x000070b302494d44: e9fb ffff 

  0x000070b302494d48: ;   {static_stub}
  0x000070b302494d48: ff48 bb00 | 0000 0000 

  0x000070b302494d50: ;   {runtime_call}
  0x000070b302494d50: 0000 00e9 | fbff ffff 

  0x000070b302494d58: ;   {static_stub}
  0x000070b302494d58: 48bb 0000 | 0000 0000 

  0x000070b302494d60: ;   {runtime_call}
  0x000070b302494d60: 0000 e9fb 

  0x000070b302494d64: ;   {runtime_call ExceptionBlob}
  0x000070b302494d64: ffff ffe9 | 1428 bafd 
[Deopt Handler Code]
  0x000070b302494d6c: e800 0000 | 0048 832c 

  0x000070b302494d74: ;   {runtime_call DeoptimizationBlob}
  0x000070b302494d74: 2405 e925 | 8caf fdf4 | f4f4 f4f4 
[/MachCode]


Compiled method (c2) 9048244 34065   !   4       ai.djl.pytorch.engine.PtSymbolBlock::forwardInternal (237 bytes)
 total in heap  [0x000070b302575290,0x000070b30257b388] = 24824
 relocation     [0x000070b3025753f0,0x000070b302575620] = 560
 main code      [0x000070b302575620,0x000070b3025795c0] = 16288
 stub code      [0x000070b3025795c0,0x000070b302579680] = 192
 oops           [0x000070b302579680,0x000070b3025796a0] = 32
 metadata       [0x000070b3025796a0,0x000070b302579868] = 456
 scopes data    [0x000070b302579868,0x000070b30257a928] = 4288
 scopes pcs     [0x000070b30257a928,0x000070b30257af68] = 1600
 dependencies   [0x000070b30257af68,0x000070b30257aff8] = 144
 handler table  [0x000070b30257aff8,0x000070b30257b2b0] = 696
 nul chk table  [0x000070b30257b2b0,0x000070b30257b388] = 216

[Constant Pool (empty)]

[MachCode]
[Entry Point]
  # {method} {0x000070b18ac91410} 'forwardInternal' '(Lai/djl/training/ParameterStore;Lai/djl/ndarray/NDList;ZLai/djl/util/PairList;)Lai/djl/ndarray/NDList;' in 'ai/djl/pytorch/engine/PtSymbolBlock'
  # this:     rsi:rsi   = 'ai/djl/pytorch/engine/PtSymbolBlock'
  # parm0:    rdx:rdx   = 'ai/djl/training/ParameterStore'
  # parm1:    rcx:rcx   = 'ai/djl/ndarray/NDList'
  # parm2:    r8        = boolean
  # parm3:    r9:r9     = 'ai/djl/util/PairList'
  #           [sp+0x110]  (sp of caller)
  0x000070b302575620: 448b 5608 | 49bb 0000 | 0093 b270 | 0000 4d03 | d349 3bc2 

  0x000070b302575634: ;   {runtime_call ic_miss_stub}
  0x000070b302575634: 0f85 4627 | a1fd 6690 | 0f1f 4000 
[Verified Entry Point]
  0x000070b302575640: 8984 2400 | c0fe ff55 | 4881 ec00 | 0100 004c | 894c 2418 | 4889 4c24 | 1048 8954 | 2408 4489 
  0x000070b302575660: 0424 4889 | 7424 2044 | 0fb6 5e0d | 453b d80f | 8534 2100 

  0x000070b302575674: ;   {oop(a 'java/lang/Class'{0x00000007ffd00770} = 'java/lang/System')}
  0x000070b302575674: 0049 ba70 | 07d0 ff07 | 0000 0041 | 8b6a 7c85 | ed0f 85f0 | 2d00 0041 | 8baa 8800 | 0000 458b 
  0x000070b302575694: ;   {metadata('java/util/Properties')}
  0x000070b302575694: 5cec 0841 | 81fb f86b | 0100 0f85 | b42b 0000 | 498d 0cec | 448b 5930 

  0x000070b3025756ac: ; implicit exception: dispatches to 0x000070b302578fd8
  0x000070b3025756ac: 478b 6cdc 

  0x000070b3025756b0: ;   {oop([B{0x0000000753b43a98})}
  0x000070b3025756b0: 2849 b898 | 3ab4 5307 

  0x000070b3025756b8: ;   {oop("ai.djl.pytorch.graph_optimizer"{0x0000000753b43a80})}
  0x000070b3025756b8: 0000 0049 | ba80 3ab4 | 5307 0000 | 0041 8b5a | 0c85 db0f | 8418 0400 | 0045 85ed | 0f84 d904 
  0x000070b3025756d8: 0000 478b | 4cec 0c44 | 8bd3 41c1 | ea10 4433 | d341 81e2 | ffff ff7f | 4585 c90f | 86ef 2c00 
  0x000070b3025756f8: 004b 8d34 | ec41 8bf9 | ffcf 4123 | fa48 63df | 8b54 9e10 | 85d2 0f84 | 8403 0000 | c4e1 f96e 
  0x000070b302575718: ce45 8bf2 | c4c1 796e | c148 894c | 2428 458b | 4cd4 0cc4 | c179 6ed1 

  0x000070b302575730: ;   {oop([B{0x0000000753b43a98})}
  0x000070b302575730: 49ba 983a | b453 0700 | 0000 4983 | c210 c4c1 | f96e da4d | 8d14 d4c4 | c1f9 6ee2 | 4f8d 14dc 
  0x000070b302575750: c4c1 f96e | ea45 8bcb | c4c1 797e | d245 3bd6 | 0f84 d401 | 0000 4585 | d20f 8cdf | 2100 0045 
  0x000070b302575770: 33db c4c1 | f97e e245 | 8b52 1845 | 85d2 0f84 | ac01 0000 | 49c1 e203 | c4c1 f96e | f349 8b8f 
  0x000070b302575790: 4803 0000 

  0x000070b302575794: ; ImmutableOopMap {r10=Oop r8=Oop r9=NarrowOop r13=NarrowOop xmm1=Oop xmm3=Derived_oop_r8 xmm5=Oop [8]=Oop [16]=Oop [24]=Oop [32]=Oop [40]=Oop }
                      ;*if_icmpne {reexecute=1 rethrow=0 return_oop=0}
                      ; - (reexecute) java.util.concurrent.ConcurrentHashMap::get@127 (line 946)
                      ; - java.util.Properties::getProperty@5 (line 1105)
                      ; - java.lang.System::getProperty@21 (line 932)
                      ; - ai.djl.pytorch.engine.PtSymbolBlock::forwardInternal@33 (line 127)
  0x000070b302575794: 458b 5a0c 

  0x000070b302575798: ;   {poll}
  0x000070b302575798: 8501 453b | de74 1e45 | 8b5a 1845 | 85db 7406 | 4f8d 14dc | ebdf 488b | 4c24 28c4 | c1f9 7ef3 
  0x000070b3025757b8: e9de 0200 | 0041 8b6a 

  0x000070b3025757c0: ;   {oop("ai.djl.pytorch.graph_optimizer"{0x0000000753b43a80})}
  0x000070b3025757c0: 1081 fd50 | 8776 ea0f | 8441 0100 | 00c4 c1f9 | 6ee2 458b | 5cec 0849 

  0x000070b3025757d8: ;   {oop("ai.djl.pytorch.graph_optimizer"{0x0000000753b43a80})}
  0x000070b3025757d8: 8d14 ec81 | fd50 8776 | ea0f 84d4 

  0x000070b3025757e4: ;   {metadata('java/lang/String')}
  0x000070b3025757e4: 0300 0041 | 81fb 20ec | 0000 0f85 | f700 0000 | 4c8b d241 | 807a 1000 | 0f85 e900 | 0000 458b 
  0x000070b302575804: 5214 478b | 5cd4 0c41 | 83fb 1e0f | 85d6 0000 | 004f 8d1c | d44b 8d74 | d410 c4e1 | f97e dfb9 
  0x000070b302575824: 1e00 0000 | 85c9 0f84 | a500 0000 | 8bc1 83e0 | 1f83 e1e0 | 0f84 4b00 | 0000 488d | 3c0f 488d 
  0x000070b302575844: 340e 48f7 | d9c5 7e6f | 040f c5fe | 6f3c 0ec5 | 3def c7c4 | 427d 17c0 | 0f85 7a00 | 0000 4883 
  0x000070b302575864: c120 75e1 | 85c0 0f84 | 6500 0000 | c57e 6f44 | 07e0 c5fe | 6f7c 06e0 | c53d efc7 | c442 7d17 
  0x000070b302575884: c075 55eb | 4c8b c883 | e1fc 7419 | 488d 3c0f | 488d 340e | 48f7 d98b | 1c0f 3b1c | 0e75 3948 
  0x000070b3025758a4: 83c1 0475 | f2f7 c002 | 0000 0074 | 120f b71f | 0fb7 0e3b | d975 2148 | 8d7f 0248 | 8d76 02f7 
  0x000070b3025758c4: c001 0000 | 0074 0a0f | b61f 0fb6 | 0e3b d975 | 07b8 0100 | 0000 eb02 | 33c0 c441 | 3def c0c5 
  0x000070b3025758e4: c5ef ff85 | c075 0545 | 33db eb06 | 41bb 0100 | 0000 4d8b | 9748 0300 

  0x000070b3025758fc: ; ImmutableOopMap {r8=Oop r9=NarrowOop rdx=Oop r13=NarrowOop xmm1=Oop xmm3=Derived_oop_r8 xmm4=Oop xmm5=Oop [8]=Oop [16]=Oop [24]=Oop [32]=Oop [40]=Oop }
                      ;*ifeq {reexecute=1 rethrow=0 return_oop=0}
                      ; - (reexecute) java.util.concurrent.ConcurrentHashMap::get@152 (line 947)
                      ; - java.util.Properties::getProperty@5 (line 1105)
                      ; - java.lang.System::getProperty@21 (line 932)
                      ; - ai.djl.pytorch.engine.PtSymbolBlock::forwardInternal@33 (line 127)
                      ;   {poll}
  0x000070b3025758fc: 0041 8502 | 4585 db0f | 84bd 0200 | 00c4 c1f9 | 7ee2 458b | 5214 4585 | d20f 8557 | 0100 0048 
  0x000070b30257591c: 8b4c 2428 | 448b 412c | 49c1 e203 | 4d8b dae9 | 6f01 0000 | 488b 4c24 | 28e9 6101 | 0000 418b 
  0x000070b30257593c: ;   {oop("ai.djl.pytorch.graph_optimizer"{0x0000000753b43a80})}
  0x000070b30257593c: 6cd4 1081 | fd50 8776 | ea0f 8419 | 0100 0045 | 8b54 ec08 

  0x000070b302575950: ;   {oop("ai.djl.pytorch.graph_optimizer"{0x0000000753b43a80})}
  0x000070b302575950: 81fd 5087 | 76ea 0f84 | 0801 0000 

  0x000070b30257595c: ;   {metadata('java/lang/String')}
  0x000070b30257595c: 4181 fa20 | ec00 000f | 8506 feff | ff4d 8d14 | ec41 807a | 1000 0f85 | f7fd ffff | 458b 5a14 
  0x000070b30257597c: 478b 54dc | 0c41 83fa | 1e0f 85e4 | fdff ff4f | 8d14 dc4b | 8d74 dc10 | c4e1 f97e | dfb9 1e00 
  0x000070b30257599c: 0000 85c9 | 0f84 a500 | 0000 8bc1 | 83e0 1f83 | e1e0 0f84 | 4b00 0000 | 488d 3c0f | 488d 340e 
  0x000070b3025759bc: 48f7 d9c5 | fe6f 3c0f | c5fe 6f34 | 0ec5 c5ef | fec4 e27d | 17ff 0f85 | 7a00 0000 | 4883 c120 
  0x000070b3025759dc: 75e1 85c0 | 0f84 6500 | 0000 c5fe | 6f7c 07e0 | c5fe 6f74 | 06e0 c5c5 | effe c4e2 | 7d17 ff75 
  0x000070b3025759fc: 55eb 4c8b | c883 e1fc | 7419 488d | 3c0f 488d | 340e 48f7 | d98b 1c0f | 3b1c 0e75 | 3948 83c1 
  0x000070b302575a1c: 0475 f2f7 | c002 0000 | 0074 120f | b71f 0fb7 | 0e3b d975 | 2148 8d7f | 0248 8d76 | 02f7 c001 
  0x000070b302575a3c: 0000 0074 | 0a0f b61f | 0fb6 0e3b | d975 07b8 | 0100 0000 | eb02 33c0 | c5c5 efff | c5cd eff6 
  0x000070b302575a5c: 85c0 0f84 | 0bfd ffff | 458b 54d4 | 1445 85d2 | 0f84 5b1d | 0000 478b 

  0x000070b302575a74: ;   {metadata('java/lang/String')}
  0x000070b302575a74: 44d4 0841 | 81f8 20ec | 0000 0f85 | a82b 0000 | 4b8d 2cd4 | be45 ffff | ff66 6690 

  0x000070b302575a90: ;   {runtime_call UncommonTrapBlob}
  0x000070b302575a90: c5f8 77e8 

  0x000070b302575a94: ; ImmutableOopMap {rbp=Oop [8]=Oop [16]=Oop [24]=Oop [32]=Oop }
                      ;*ifnull {reexecute=1 rethrow=0 return_oop=0}
                      ; - (reexecute) ai.djl.pytorch.engine.PtSymbolBlock::forwardInternal@36 (line 127)
  0x000070b302575a94: 687b a1fd | 4533 db44 | 8b41 2c45 | 85c0 0f85 | 602b 0000 | 4c8b 5424 | 2045 0fb6 | 5a0e 4585 
  0x000070b302575ab4: db0f 85aa | 0200 0048 | 8b74 2420 | 488b 5424 | 108b 0c24 

  0x000070b302575ac8: ;   {static_call}
  0x000070b302575ac8: c5f8 77e8 

  0x000070b302575acc: ; ImmutableOopMap {[8]=Oop [16]=Oop [24]=Oop [32]=Oop }
                      ;*invokestatic forward {reexecute=0 rethrow=0 return_oop=1}
                      ; - ai.djl.pytorch.engine.PtSymbolBlock::forwardInternal@233 (line 154)
  0x000070b302575acc: 30c7 f1ff | c5f8 7748 | 81c4 0001 

  0x000070b302575ad8: ;   {poll_return}
  0x000070b302575ad8: 0000 5d49 | 3ba7 4003 | 0000 0f87 | bc3a 0000 | c345 0fb6 | 4a11 4585 | c90f 85ab | 1c00 0041 
  0x000070b302575af8: b9bf 0b00 | 00bf 0100 | 0000 eb18 | 660f 1f44 | 0000 660f | 1f44 0000 | 448b cb41 | c1e1 0544 
  0x000070b302575b18: 2bcb 8bfa | 4c63 d743 | 0fbe 5c10 | 1143 0fbe | 7410 1343 | 0fb6 5410 | 1043 0fb6 | 6c10 1244 
  0x000070b302575b38: 03ca 0fb6 | db45 8bd1 | 41c1 e205 | 452b d141 | 03da 400f | b6f6 448b | d341 c1e2 | 0544 2bd3 
  0x000070b302575b58: 4403 d545 | 8bca 41c1 | e105 452b | ca41 8bd9 | 03de 8bd7 | 83c2 0483 | fa1b 7c9c | 83fa 1e7d 
  0x000070b302575b78: 1f83 c704 | 410f b674 | 3810 448b | cb41 c1e1 | 0544 2bcb | 418b d903 | deff c783 | ff1e 7ce4 
  0x000070b302575b98: 85db 0f84 | 951d 0000 

  0x000070b302575ba0: ;   {oop("ai.djl.pytorch.graph_optimizer"{0x0000000753b43a80})}
  0x000070b302575ba0: 49ba 803a | b453 0700 | 0000 4189 | 5a0c e91e | fbff ff45 | 33db e9e0 | feff ff41 | bb01 0000 
  0x000070b302575bc0: 00e9 30fd | ffff c4c1 | f97e f3e9 | a2fb ffff | 448b 5c24 | 5444 8b54 | 2424 453b | d30f 83b1 
  0x000070b302575be0: 2d00 004c | 8b4c 2478 | 458b 5908 

  0x000070b302575bec: ;   {metadata('java/lang/Object'[])}
  0x000070b302575bec: 4181 fb50 | 1500 000f | 853b 2e00 | 004b 8d5c | 9110 4180 | 7f38 000f | 85a5 1f00 | 0044 8b5c 
  0x000070b302575c0c: 2450 4489 | 1b4c 8b54 | 2470 4c8b | db4d 33d3 | 49c1 ea15 | 4d85 d274 | 2444 8b54 | 2440 4585 
  0x000070b302575c2c: d274 1a49 | c1eb 0948 | bf00 a0e7 | f3b2 7000 | 0049 03fb | 803f 040f | 85e4 1f00 | 004c 8b54 
  0x000070b302575c4c: 2458 448b | 4424 6045 | 8942 1048 | ff74 2430 | 488f 4424 | 684c 8b54 | 2468 418b | 6a0c 458b 
  0x000070b302575c6c: 4218 4d8b | 9f48 0300 

  0x000070b302575c74: ; ImmutableOopMap {r8=NarrowOop [8]=Oop [16]=Oop [24]=Oop [40]=Oop [56]=Oop [104]=Oop }
                      ;*goto {reexecute=1 rethrow=0 return_oop=0}
                      ; - (reexecute) ai.djl.pytorch.engine.PtSymbolBlock::forwardInternal@141 (line 144)
                      ;   {poll}
  0x000070b302575c74: 0041 8503 

  0x000070b302575c78: ; implicit exception: dispatches to 0x000070b302579248
  0x000070b302575c78: 478b 5cc4 | 1041 3beb | 0f85 c600 | 0000 48ff | 7424 1048 | 8f44 2420 | 48ff 7424 | 2848 8f44 
  0x000070b302575c98: 2478 488b | 7424 2048 | 8b54 2478 | 8b0c 2490 

  0x000070b302575ca8: ;   {static_call}
  0x000070b302575ca8: c5f8 77e8 

  0x000070b302575cac: ; ImmutableOopMap {[8]=Oop [24]=Oop [32]=Oop [104]=Oop [120]=Oop }
                      ;*invokestatic forward {reexecute=0 rethrow=0 return_oop=1}
                      ; - ai.djl.pytorch.engine.PtSymbolBlock::forwardInternal@147 (line 145)
  0x000070b302575cac: 50c5 f1ff | 4889 8424 | 8000 0000 

  0x000070b302575cb8: ; implicit exception: dispatches to 0x000070b302579354
  0x000070b302575cb8: 8b68 0c4d | 8b9f 0801 | 0000 4d8b | d349 83c2 | 204d 3b97 | 1801 0000 | 0f83 8f2a | 0000 4d89 
  0x000070b302575cd8: 9708 0100 | 0041 0f18 | 8200 0100 | 0049 c703 | 0100 0000 

  0x000070b302575cec: ;   {metadata('java/util/ArrayList$Itr')}
  0x000070b302575cec: 41c7 4308 | d0dc 1b00 | 4589 630c | 4589 631c | 41c7 4310 | ffff ffff | 4189 6b14 | 4c8b 9424 
  0x000070b302575d0c: 8000 0000 | 49c1 ea03 | 4589 5318 | 458b 4308 

  0x000070b302575d1c: ;   {metadata('java/util/ArrayList$Itr')}
  0x000070b302575d1c: 4181 f8d0 | dc1b 000f | 85df 2d00 | 004d 8bd3 | 4c89 5424 | 7045 8b5a | 1841 8b6a | 0c47 8b54 
  0x000070b302575d3c: dc10 413b | ea0f 8543 | 0f00 00e9 | 9519 0000 | 48ff 7424 | 1048 8f44 | 2420 48ff | 7424 2848 
  0x000070b302575d5c: 8f44 2478 | e954 0400 | 0048 8d9c | 24f0 0000 | 004c 8b44 | 2420 498b | 0048 f7c0 | 0200 0000 
  0x000070b302575d7c: 7524 4883 | c801 4889 | 03f0 490f | b118 0f84 | 3e00 0000 | 482b c448 | 81e0 07f0 | ffff 4889 
  0x000070b302575d9c: 03e9 2c00 | 0000 4c8b | d848 33c0 | f04d 0fb1 | 7b3e 48c7 | 0303 0000 | 000f 8413 | 0000 004c 
  0x000070b302575dbc: 3bf8 0f85 | 0a00 0000 | 49ff 8386 | 0000 0048 | 33c0 0f85 | 002d 0000 | 4c8b 5424 | 2045 0fb6 
  0x000070b302575ddc: 5a0e 4585 | db0f 84fb | 1900 0049 | 8baf 0801 | 0000 4c8b | d549 83c2 | 184d 3b97 | 1801 0000 
  0x000070b302575dfc: 0f83 b328 | 0000 4d89 | 9708 0100 | 0041 0f18 | 8200 0100 | 0048 c745 | 0001 0000 

  0x000070b302575e18: ;   {metadata('ai/djl/util/PairList')}
  0x000070b302575e18: 00c7 4508 | 98d9 1802 | 4489 650c | 4c89 6510 | 498b 8708 | 0100 004c | 8bd0 4983 | c218 4d3b 
  0x000070b302575e38: 9718 0100 | 000f 8391 | 2800 004d | 8997 0801 | 0000 410f | 1882 0001 | 0000 48c7 | 0001 0000 
  0x000070b302575e58: ;   {metadata('java/util/ArrayList')}
  0x000070b302575e58: 00c7 4008 | 40e1 0000 | 4489 600c | 4489 6010 

  0x000070b302575e68: ;   {oop(a 'java/lang/Object'[0] {0x00000007506cbfe0})}
  0x000070b302575e68: c740 14fc | 970d ea48 | 8bdd 48c1 | eb03 4c8b | d049 c1ea | 0344 8955 | 0c4c 8bd0 | 4c8b dd4d 
  0x000070b302575e88: 33d3 49c1 | ea15 4d85 | d274 1a49 | c1eb 0948 | bf00 a0e7 | f3b2 7000 | 0049 03fb | 803f 040f 
  0x000070b302575ea8: 8549 2100 | 004d 8baf | 0801 0000 | 4d8b d549 | 83c2 184d | 3b97 1801 | 0000 0f83 | 2528 0000 
  0x000070b302575ec8: 4d89 9708 | 0100 0041 | 0f18 8200 | 0100 0049 | c745 0001 

  0x000070b302575edc: ;   {metadata('java/util/ArrayList')}
  0x000070b302575edc: 0000 0041 | c745 0840 | e100 0045 | 8965 0c45 

  0x000070b302575eec: ;   {oop(a 'java/lang/Object'[0] {0x00000007506cbfe0})}
  0x000070b302575eec: 8965 1041 | c745 14fc | 970d ea41 | 807f 3800 | 0f85 a61f | 0000 4d8b | d549 c1ea | 0344 8955 
  0x000070b302575f0c: 104c 8bd5 | 4d8b dd4d | 33da 49c1 | eb15 4d85 | db74 1a49 | c1ea 0948 | bf00 a0e7 | f3b2 7000 
  0x000070b302575f2c: 0049 03fa | 803f 040f | 8506 2100 | 0041 807f | 3800 0f85 | 9b1f 0000 | 4c8b 5424 | 2041 895a 
  0x000070b302575f4c: 284c 8bd5 | 4c8b 5c24 | 204d 33d3 | 49c1 ea15 | 4d85 d274 | 1a49 c1eb | 0948 bf00 | a0e7 f3b2 
  0x000070b302575f6c: 7000 0049 | 03fb 803f | 040f 850d | 2100 0049 | 8baf 0801 | 0000 4c8b | d549 83c2 | 184d 3b97 
  0x000070b302575f8c: 1801 0000 | 0f83 7a27 | 0000 4d89 | 9708 0100 | 0041 0f18 | 8200 0100 | 0048 c745 | 0001 0000 
  0x000070b302575fac: ;   {metadata('ai/djl/util/PairList')}
  0x000070b302575fac: 00c7 4508 | 98d9 1802 | 4489 650c | 4c89 6510 | 498b 8708 | 0100 004c | 8bd0 4983 | c218 4d3b 
  0x000070b302575fcc: 9718 0100 | 000f 8359 | 2700 004d | 8997 0801 | 0000 410f | 1882 0001 | 0000 48c7 | 0001 0000 
  0x000070b302575fec: ;   {metadata('java/util/ArrayList')}
  0x000070b302575fec: 00c7 4008 | 40e1 0000 | 4489 600c | 4489 6010 

  0x000070b302575ffc: ;   {oop(a 'java/lang/Object'[0] {0x00000007506cbfe0})}
  0x000070b302575ffc: c740 14fc | 970d ea4c | 8bed 49c1 | ed03 4c8b | d849 c1eb | 0344 895d | 0c4c 8bd0 | 4c8b dd4d 
  0x000070b30257601c: 33d3 49c1 | ea15 4d85 | d274 1a49 | c1eb 0948 | bf00 a0e7 | f3b2 7000 | 0049 03fb | 803f 040f 
  0x000070b30257603c: 85da 1e00 | 0049 8b9f | 0801 0000 | 4c8b d349 | 83c2 184d | 3b97 1801 | 0000 0f83 | 3426 0000 
  0x000070b30257605c: 4d89 9708 | 0100 0041 | 0f18 8200 | 0100 0048 | c703 0100 

  0x000070b302576070: ;   {metadata('java/util/ArrayList')}
  0x000070b302576070: 0000 c743 | 0840 e100 | 0044 8963 | 0c44 8963 

  0x000070b302576080: ;   {oop(a 'java/lang/Object'[0] {0x00000007506cbfe0})}
  0x000070b302576080: 10c7 4314 | fc97 0dea | 4180 7f38 | 000f 85a2 | 1d00 004c | 8bdb 49c1 | eb03 4489 | 5d10 4c8b 
  0x000070b3025760a0: d54c 8bdb | 4d33 da49 | c1eb 154d | 85db 741a | 49c1 ea09 | 48bf 00a0 | e7f3 b270 | 0000 4903 
  0x000070b3025760c0: fa80 3f04 | 0f85 9a1e | 0000 4180 | 7f38 000f | 8597 1d00 | 004c 8b54 | 2420 4589 | 6a2c 4c8b 
  0x000070b3025760e0: d54c 8b5c | 2420 4d33 | d349 c1ea | 154d 85d2 | 741a 49c1 | eb09 48bf | 00a0 e7f3 | b270 0000 
  0x000070b302576100: 4903 fb80 | 3f04 0f85 | a11e 0000 | 48ff 7424 | 1048 8f44 | 2478 4c8b | 5424 1045 | 8b52 0c44 
  0x000070b302576120: 8954 2404 | 498b 8708 | 0100 004c | 8bd0 4983 | c220 4d3b | 9718 0100 | 000f 830a | 2600 004d 
  0x000070b302576140: 8997 0801 | 0000 410f | 1882 0001 | 0000 48c7 | 0001 0000 

  0x000070b302576154: ;   {metadata('java/util/ArrayList$Itr')}
  0x000070b302576154: 00c7 4008 | d0dc 1b00 | 4489 600c | 4489 601c | 4c8b 5424 | 104d 8bda | 49c1 eb03 | 41ba ffff 
  0x000070b302576174: ffff 4c89 | 5010 4489 | 5818 488b | e844 8b54 | 2404 4489 | 5014 448b 

  0x000070b30257618c: ;   {metadata('java/util/ArrayList$Itr')}
  0x000070b30257618c: 5d08 4181 | fbd0 dc1b | 000f 8556 | 2900 004c | 8bd5 4c89 | 5424 6845 | 8b5a 1841 | 8b6a 0c47 
  0x000070b3025761ac: 8b54 dc10 | 413b ea0f | 84e1 faff | ff48 8b74 | 2468 6690 

  0x000070b3025761c0: ;   {optimized virtual_call}
  0x000070b3025761c0: c5f8 77e8 

  0x000070b3025761c4: ; ImmutableOopMap {[8]=Oop [24]=Oop [32]=Oop [104]=Oop [120]=Oop }
                      ;*invokeinterface next {reexecute=0 rethrow=0 return_oop=1}
                      ; - ai.djl.pytorch.engine.PtSymbolBlock::forwardInternal@110 (line 142)
  0x000070b3025761c4: 78f1 09fe | 4c8b d844 

  0x000070b3025761cc: ;   {metadata('ai/djl/pytorch/engine/PtNDArray')}
  0x000070b3025761cc: 8b50 0841 | 81fa d08f | 1802 0f85 | 542d 0000 | 4c8b 5424 | 2041 8b4a | 2845 8b4b | 2445 8b43 
  0x000070b3025761ec: 1849 8bd8 | 48c1 e303 | 4585 c90f | 859d 1500 | 0049 8b87 | 0801 0000 | 4c8b d049 | 83c2 184d 
  0x000070b30257620c: 3b97 1801 | 0000 0f83 | fc21 0000 | 4d89 9708 | 0100 0041 | 0f18 8200 | 0100 0048 | c700 0100 
  0x000070b30257622c: ;   {metadata('ai/djl/ndarray/types/Shape')}
  0x000070b30257622c: 0000 c740 | 0880 d018 | 0244 8960 | 0c4c 8960 | 1048 8bf8 | 458b 530c 

  0x000070b302576244: ; implicit exception: dispatches to 0x000070b3025792a8
  0x000070b302576244: 438b 6cd4 | 0c45 8b4c 

  0x000070b30257624c: ;   {metadata('java/lang/Long')}
  0x000070b30257624c: ec08 4181 | f928 3904 | 000f 85fd | 2c00 0048 | 897c 2450 | 4889 5c24 | 4844 8944 | 2440 894c 
  0x000070b30257626c: 2404 4c89 | 5c24 3848 | ff74 2468 | 488f 4424 | 3048 ff74 | 2478 488f | 4424 2848 | ff74 2420 
  0x000070b30257628c: 488f 4424 | 104d 8d14 | ec49 8b52 

  0x000070b302576298: ;   {oop(a 'ai/djl/pytorch/jni/PyTorchLibrary'{0x000000075279c550})}
  0x000070b302576298: 1048 be50 | c579 5207 | 0000 0048 | 8b6c 2420 

  0x000070b3025762a8: ;   {optimized virtual_call}
  0x000070b3025762a8: c5f8 77e8 

  0x000070b3025762ac: ; ImmutableOopMap {rbp=Oop [4]=NarrowOop [8]=Oop [16]=Oop [24]=Oop [40]=Oop [48]=Oop [56]=Oop [64]=NarrowOop [72]=Oop [80]=Oop }
                      ;*invokevirtual torchSizes {reexecute=0 rethrow=0 return_oop=1}
                      ; - ai.djl.pytorch.jni.JniUtils::getShape@17 (line 1648)
                      ; - ai.djl.pytorch.engine.PtNDArray::getShape@9 (line 145)
                      ; - ai.djl.pytorch.engine.PtSymbolBlock::forwardInternal@133 (line 143)
  0x000070b3025762ac: b049 99ff | 488b 7424 | 5048 8bd0 

  0x000070b3025762b8: ;   {optimized virtual_call}
  0x000070b3025762b8: c5f8 77e8 

  0x000070b3025762bc: ; ImmutableOopMap {rbp=Oop [4]=NarrowOop [8]=Oop [16]=Oop [24]=Oop [40]=Oop [48]=Oop [56]=Oop [64]=NarrowOop [72]=Oop [80]=Oop }
                      ;*invokespecial <init> {reexecute=0 rethrow=0 return_oop=0}
                      ; - ai.djl.pytorch.jni.JniUtils::getShape@20 (line 1648)
                      ; - ai.djl.pytorch.engine.PtNDArray::getShape@9 (line 145)
                      ; - ai.djl.pytorch.engine.PtSymbolBlock::forwardInternal@133 (line 143)
  0x000070b3025762bc: e08f 9cff | 4180 7f38 | 000f 85b3 | 1900 004c | 8b5c 2438 | 4c8b 4c24 | 504d 8bd1 | 498b d148 
  0x000070b3025762dc: c1ea 0341 | 8953 244d | 8bc3 4d33 | d049 c1ea | 154d 85d2 | 0f84 8019 | 0000 49c1 | e809 48bf 
  0x000070b3025762fc: 00a0 e7f3 | b270 0000 | 4903 f880 | 3f04 0f85 | aa19 0000 | 4d8b d14d | 8bca 49c1 | e903 4889 
  0x000070b30257631c: 6c24 2048 | ff74 2428 | 488f 4424 | 7848 ff74 | 2430 488f | 4424 688b | 4c24 0444 | 8b44 2440 
  0x000070b30257633c: 488b 5c24 | 4841 8b6c | cc0c 458b 

  0x000070b302576348: ;   {metadata('java/util/ArrayList')}
  0x000070b302576348: 54ec 0841 | 81fa 40e1 | 0000 0f85 | 7026 0000 | 498d 3cec | 448b 5710 | ff47 0c8b | 7714 418b 
  0x000070b302576368: 6cf4 0c89 | 6c24 6089 | 7424 5448 | 897c 2458 | 8954 2450 | 4889 5c24 | 4844 8944 | 2444 4489 
  0x000070b302576388: 4c24 4089 | 4c24 044c | 895c 2438 | 48ff 7424 | 6848 8f44 | 2430 48ff | 7424 7848 | 8f44 2428 
  0x000070b3025763a8: 48ff 7424 | 2048 8f44 | 2410 4489 | 5424 2045 | 8bda 41ff | c344 895c | 2424 4d8d | 14cc 4c89 
  0x000070b3025763c8: 5424 684d | 8bd1 49c1 | e203 4c89 | 5424 704d | 8d14 f44c | 8954 2478 | 448b 5c24 | 2044 3bdd 
  0x000070b3025763e8: 0f85 5403 | 0000 85ed | 0f86 f301 | 0000 448b | 5424 2045 | 8bda 442b | dd44 8bd5 | 41d1 fa45 
  0x000070b302576408: 8bca 41ff | c341 8bcb | 453b d945 | 8bc3 450f | 4cc1 458b | d844 03dd | 4489 5c24 | 6441 ffcb 
  0x000070b302576428: 4181 fbf7 | ffff 7f0f | 837b 2a00 | 0045 8b4c | f408 48be | 0000 0093 | b270 0000 | 4903 f14c 
  0x000070b302576448: 8b56 7049 | 8b2a 448b | 5424 6445 | 85d2 0f8c | 042a 0000 | 448b 5614 | 4d63 da4e | 8b1c 1e49 
  0x000070b302576468: 3bf3 0f85 | 8414 0000 | 4d63 d04c | 635c 2460 | 4d03 d349 | c1e2 0249 | 83c2 174c | 8994 2480 
  0x000070b302576488: 0000 0044 | 8b54 2464 | 4181 fa00 | 0004 000f | 876b 2300 | 004d 8b97 | 0801 0000 | 4c8b 9c24 
  0x000070b3025764a8: 8000 0000 | 4983 e3f8 | 4d8b c24d | 03c3 4d3b | 8718 0100 | 000f 8345 | 2300 004d | 8987 0801 
  0x000070b3025764c8: 0000 410f | 1880 0001 | 0000 49c7 | 0201 0000 | 0045 894a | 0844 8b4c | 2464 4589 | 4a0c 410f 
  0x000070b3025764e8: 1880 4001 | 0000 410f | 1880 8001 | 0000 498b | da44 8b54 | 2460 443b | 5424 648b | 4c24 6441 
  0x000070b302576508: 0f4c ca4c | 8bd3 4983 | c210 488b | eb48 c1ed | 034c 8b9c | 2480 0000 | 0049 c1eb | 0385 c90f 
  0x000070b302576528: 845b 2800 | 0044 8b4c | 2454 4f8d | 44cc 1048 | 63d1 3b4c | 2464 0f8c | 441f 0000 | 498b f849 
  0x000070b302576548: 8bf2 c5f8 | 7749 ba80 | eff6 ffb2 | 7000 0041 | ffd2 4180 | 7f38 000f | 852b 2000 | 004c 8b54 
  0x000070b302576568: 2458 4189 | 6a14 4c8b | d34c 8b5c | 2458 4d33 | d349 c1ea | 154d 85d2 | 0f84 ae01 | 0000 49c1 
  0x000070b302576588: eb09 48bf | 00a0 e7f3 | b270 0000 | 4903 fb80 | 3f04 0f84 | 9401 0000 | 4d8b 5740 | 4d8b 5f50 
  0x000070b3025765a8: f083 4424 | c000 803f | 000f 847d | 0100 0044 | 8827 4d85 | d275 1849 | 8bf7 c5f8 | 7749 bae0 
  0x000070b3025765c8: 28ee 14b3 | 7000 0041 | ffd2 e95d | 0100 004b | 897c 13f8 | 4983 c2f8 | 4d89 5740 | e94b 0100 
  0x000070b3025765e8: ;   {oop(a 'java/lang/Object'[0] {0x00000007506cbfe0})}
  0x000070b3025765e8: 0081 fefc | 970d ea0f | 8501 feff | ff44 8b54 | 2424 4183 | fa0a 418b | d241 ba0a | 0000 0041 
  0x000070b302576608: 0f4e d281 | fa00 0004 | 000f 8783 | 2100 004d | 8b97 0801 | 0000 4d8b | c248 63ca | 48c1 e102 
  0x000070b302576628: 4883 c117 | 4c8b d149 | 83e2 f84d | 8bd8 4d03 | da4d 3b9f | 1801 0000 | 0f83 5421 | 0000 4d89 
  0x000070b302576648: 9f08 0100 | 0041 0f18 | 8300 0100 | 004d 8bd0 | 49c7 0201 | 0000 0041 | 0f18 8340 

  0x000070b302576664: ;   {metadata('java/lang/Object'[])}
  0x000070b302576664: 0100 0041 | c742 0850 | 1500 0041 | 8952 0c41 | 0f18 8380 | 0100 0049 | 8bfa 4883 | c710 48c1 
  0x000070b302576684: e903 4883 | c1fe 4833 | c048 83f9 | 087f 1048 | ffc9 784f | 4889 04cf | 48ff c97d | f7eb 44c5 
  0x000070b3025766a4: fdef c0e9 | 0d00 0000 | c5fe 7f07 | c5fe 7f47 | 2048 83c7 | 4048 83e9 | 087d ed48 | 83c1 047c 
  0x000070b3025766c4: 0cc5 fe7f | 0748 83c7 | 2048 83e9 | 0448 83c1 | 047e 1048 | ffc9 c5f9 | d607 4883 | c708 48ff 
  0x000070b3025766e4: c97d f34d | 8bd0 498b | da41 807f | 3800 0f85 | d919 0000 | 4c8b d34c | 8bdb 49c1 | eb03 4c8b 
  0x000070b302576704: 4424 5845 | 8958 144d | 8bd8 4d33 | d349 c1ea | 154d 85d2 | 741a 49c1 | eb09 48bf | 00a0 e7f3 
  0x000070b302576724: b270 0000 | 4903 fb80 | 3f04 0f85 | 221a 0000 | 448b 530c | 4489 5424 | 6048 895c | 2478 448b 
  0x000070b302576744: 5424 2044 | 3b54 2460 | 0f83 1222 | 0000 4c8b | 5424 7845 

  0x000070b302576758: ;   {metadata('java/lang/Object'[])}
  0x000070b302576758: 8b5a 0841 | 81fb 5015 | 0000 0f85 | 8022 0000 | 448b 4424 | 204b 8d5c | 8210 4180 | 7f38 000f 
  0x000070b302576778: 85fb 1300 | 0044 8b54 | 2444 4489 | 134c 8b54 | 2448 4c8b | db4d 33d3 | 49c1 ea15 | 4d85 d20f 
  0x000070b302576798: 84d1 1300 | 0044 8b4c | 2444 4585 | c974 2041 | 8be9 49c1 | eb09 48bf | 00a0 e7f3 | b270 0000 
  0x000070b3025767b8: 4903 fb80 | 3f04 0f85 | 2014 0000 | 448b cd4c | 8b54 2458 | 448b 4424 | 2445 8942 | 1044 8b5c 
  0x000070b3025767d8: 2404 438b | 6cdc 1045 | 8b54 ec08 

  0x000070b3025767e4: ;   {metadata('java/util/ArrayList')}
  0x000070b3025767e4: 4181 fa40 | e100 000f | 8527 2200 | 0044 894c | 2420 4d8d | 14ec 458b | 4210 4489 | 4424 2441 
  0x000070b302576804: ff42 0c45 | 8b5a 1444 | 895c 2444 | 4c89 5424 | 5847 8b5c | dc0c 4489 | 5c24 5445 | 8bd0 41ff 
  0x000070b302576824: c244 8954 | 2460 448b | 5c24 444f | 8d14 dc4c | 8954 2478 | 443b 4424 | 540f 858d | f3ff ff44 
  0x000070b302576844: 8b5c 2454 | 4585 db0f | 8605 0200 | 0045 8bd0 | 442b 5424 | 5445 8bda | 448b 5424 | 5445 8bc2 
  0x000070b302576864: 41d1 f845 | 8bc8 458b | d341 ffc2 | 418b ca45 | 3bd0 458b | c245 0f4c | c145 8bd8 | 4403 5c24 
  0x000070b302576884: 5444 895c | 2464 458b | d341 ffca | 4181 faf7 | ffff 7f0f | 8337 2600 | 0044 8b54 | 2444 478b 
  0x000070b3025768a4: 5cd4 0848 | be00 0000 | 93b2 7000 | 0049 03f3 | 4c8b 5670 | 498b 2a44 | 8b54 2464 | 4585 d20f 
  0x000070b3025768c4: 8ca7 2500 | 0044 8b56 | 144d 63ca | 4e8b 0c0e | 493b f10f | 852f 1000 | 004d 63d0 | 4c63 4424 
  0x000070b3025768e4: 544d 03d0 | 49c1 e202 | 4983 c217 | 4c89 9424 | 8000 0000 | 448b 4424 | 6441 81f8 | 0000 0400 
  0x000070b302576904: 0f87 121f | 0000 4d8b | 9708 0100 | 004c 8b84 | 2480 0000 | 0049 83e0 | f84d 8bca | 4d03 c84d 
  0x000070b302576924: 3b8f 1801 | 0000 0f83 | ec1e 0000 | 4d89 8f08 | 0100 0041 | 0f18 8100 | 0100 0049 | c702 0100 
  0x000070b302576944: 0000 4589 | 5a08 448b | 5c24 6445 | 895a 0c41 | 0f18 8140 | 0100 0041 | 0f18 8180 | 0100 0049 
  0x000070b302576964: 8bda 448b | 5c24 5444 | 3b5c 2464 | 448b 4c24 | 6445 0f4c | cb49 83c2 | 1048 8beb | 48c1 ed03 
  0x000070b302576984: 4c8b 9c24 | 8000 0000 | 49c1 eb03 | 4585 c90f | 845b 2400 | 0044 8b44 | 2444 4f8d | 44c4 1049 
  0x000070b3025769a4: 63d1 443b | 4c24 640f | 8c5b 1b00 | 0049 8bf8 | 498b f2c5 | f877 49ba | 80ef f6ff | b270 0000 
  0x000070b3025769c4: 41ff d241 | 807f 3800 | 0f85 fa1b | 0000 4c8b | 5424 5841 | 896a 144c | 8bd3 4c8b | 5c24 584d 
  0x000070b3025769e4: 33d3 49c1 | ea15 4d85 | d20f 84ab | 0100 0049 | c1eb 0948 | bf00 a0e7 | f3b2 7000 | 0049 03fb 
  0x000070b302576a04: 803f 040f | 8491 0100 | 004d 8b57 | 404d 8b5f | 50f0 8344 | 24c0 0080 | 3f00 0f84 | 7a01 0000 
  0x000070b302576a24: 4488 274d | 85d2 7518 | 498b f7c5 | f877 49ba | e028 ee14 | b370 0000 | 41ff d2e9 | 5a01 0000 
  0x000070b302576a44: 4b89 7c13 | f849 83c2 | f84d 8957 | 40e9 4801 | 0000 448b 

  0x000070b302576a58: ;   {oop(a 'java/lang/Object'[0] {0x00000007506cbfe0})}
  0x000070b302576a58: 5424 4441 | 81fa fc97 | 0dea 0f85 | e9fd ffff | 448b 5c24 | 6041 83fb | 0a41 8bd3 | 41ba 0a00 
  0x000070b302576a78: 0000 410f | 4ed2 81fa | 0000 0400 | 0f87 321d | 0000 4d8b | 9708 0100 | 0048 63ca | 48c1 e102 
  0x000070b302576a98: 4883 c117 | 4c8b d949 | 83e3 f84d | 8bc2 4d03 | c34d 3b87 | 1801 0000 | 0f83 061d | 0000 4d89 
  0x000070b302576ab8: 8708 0100 | 0041 0f18 | 8000 0100 | 0049 c702 | 0100 0000 | 410f 1880 | 4001 0000 

  0x000070b302576ad4: ;   {metadata('java/lang/Object'[])}
  0x000070b302576ad4: 41c7 4208 | 5015 0000 | 4189 520c | 410f 1880 | 8001 0000 | 498b fa48 | 83c7 1048 | c1e9 0348 
  0x000070b302576af4: 83c1 fe48 | 33c0 4883 | f908 7f10 | 48ff c978 | 4f48 8904 | cf48 ffc9 | 7df7 eb44 | c5fd efc0 
  0x000070b302576b14: e90d 0000 | 00c5 fe7f | 07c5 fe7f | 4720 4883 | c740 4883 | e908 7ded | 4883 c104 | 7c0c c5fe 
  0x000070b302576b34: 7f07 4883 | c720 4883 | e904 4883 | c104 7e10 | 48ff c9c5 | f9d6 0748 | 83c7 0848 | ffc9 7df3 
  0x000070b302576b54: 4d8b da41 | 807f 3800 | 0f85 ab15 | 0000 4d8b | d349 8bdb | 49c1 eb03 | 4c8b 4424 | 5845 8958 
  0x000070b302576b74: 144d 8bd8 | 4d33 d349 | c1ea 154d | 85d2 741a | 49c1 eb09 | 48bf 00a0 | e7f3 b270 | 0000 4903 
  0x000070b302576b94: fb80 3f04 | 0f85 0116 | 0000 448b | 5b0c 4889 | 5c24 78e9 | 29f0 ffff | 0f1f 4000 | 448b 4424 
  0x000070b302576bb4: 5c44 8b54 | 244c 453b | d00f 83a1 | 1c00 004c | 8b4c 2468 | 458b 5908 

  0x000070b302576bcc: ;   {metadata('java/lang/Object'[])}
  0x000070b302576bcc: 4181 fb50 | 1500 000f | 8527 1d00 | 004b 8d5c | 9110 4180 | 7f38 000f | 8526 0e00 | 0044 8b54 
  0x000070b302576bec: 2458 4489 | 134c 8b54 | 2478 4c8b | db4d 33d3 | 49c1 ea15 | 4d85 d274 | 2444 8b44 | 2448 4585 
  0x000070b302576c0c: c074 1a49 | c1eb 0948 | bf00 a0e7 | f3b2 7000 | 0049 03fb | 803f 040f | 8565 0e00 | 004c 8b54 
  0x000070b302576c2c: 2460 448b | 9c24 8000 | 0000 4589 | 5a10 48ff | 7424 3848 | 8f44 2470 | 4c8b 5424 | 7041 8b6a 
  0x000070b302576c4c: 0c45 8b42 | 184d 8b9f 

  0x000070b302576c54: ; ImmutableOopMap {r8=NarrowOop [8]=Oop [16]=Oop [24]=Oop [40]=Oop [48]=Oop [64]=Oop [112]=Oop }
                      ;*goto {reexecute=1 rethrow=0 return_oop=0}
                      ; - (reexecute) ai.djl.pytorch.engine.PtSymbolBlock::forwardInternal@202 (line 148)
  0x000070b302576c54: 4803 0000 

  0x000070b302576c58: ;   {poll}
  0x000070b302576c58: 4185 0347 | 8b5c c410 | 413b eb0f | 8461 0a00 | 0048 ff74 | 2410 488f | 4424 2048 | ff74 2428 
  0x000070b302576c78: 488f 4424 | 7848 ff74 | 2430 488f | 8424 8000 | 0000 488b | 7424 7090 

  0x000070b302576c90: ;   {optimized virtual_call}
  0x000070b302576c90: c5f8 77e8 

  0x000070b302576c94: ; ImmutableOopMap {[8]=Oop [24]=Oop [32]=Oop [112]=Oop [120]=Oop [128]=Oop }
                      ;*invokeinterface next {reexecute=0 rethrow=0 return_oop=1}
                      ; - ai.djl.pytorch.engine.PtSymbolBlock::forwardInternal@171 (line 146)
  0x000070b302576c94: a8e6 09fe | 4c8b d844 

  0x000070b302576c9c: ;   {metadata('ai/djl/pytorch/engine/PtNDArray')}
  0x000070b302576c9c: 8b50 0841 | 81fa d08f | 1802 0f85 | 9822 0000 | 4c8b 5424 | 2041 8b4a | 2c45 8b4b | 2445 8b43 
  0x000070b302576cbc: 1849 8bd8 | 48c1 e303 | 4585 c90f | 85f5 0900 | 0049 8b87 | 0801 0000 | 4c8b d049 | 83c2 184d 
  0x000070b302576cdc: 3b97 1801 | 0000 0f83 | 0015 0000 | 4d89 9708 | 0100 0041 | 0f18 8200 | 0100 0048 | c700 0100 
  0x000070b302576cfc: ;   {metadata('ai/djl/ndarray/types/Shape')}
  0x000070b302576cfc: 0000 c740 | 0880 d018 | 0244 8960 | 0c4c 8960 | 1048 8bf8 | 458b 530c 

  0x000070b302576d14: ; implicit exception: dispatches to 0x000070b302579144
  0x000070b302576d14: 438b 6cd4 | 0c45 8b4c 

  0x000070b302576d1c: ;   {metadata('java/lang/Long')}
  0x000070b302576d1c: ec08 4181 | f928 3904 | 000f 855d | 2200 0048 | 897c 2458 | 4889 5c24 | 5044 8944 | 2448 894c 
  0x000070b302576d3c: 2404 4c89 | 5c24 4048 | ff74 2470 | 488f 4424 | 3848 ffb4 | 2480 0000 | 0048 8f44 | 2430 48ff 
  0x000070b302576d5c: 7424 7848 | 8f44 2428 | 48ff 7424 | 2048 8f44 | 2410 4d8d | 14ec 498b 

  0x000070b302576d74: ;   {oop(a 'ai/djl/pytorch/jni/PyTorchLibrary'{0x000000075279c550})}
  0x000070b302576d74: 5210 48be | 50c5 7952 | 0700 0000 | 488b 6c24 | 2066 6690 

  0x000070b302576d88: ;   {optimized virtual_call}
  0x000070b302576d88: c5f8 77e8 

  0x000070b302576d8c: ; ImmutableOopMap {rbp=Oop [4]=NarrowOop [8]=Oop [16]=Oop [24]=Oop [40]=Oop [48]=Oop [56]=Oop [64]=Oop [72]=NarrowOop [80]=Oop [88]=Oop }
                      ;*invokevirtual torchSizes {reexecute=0 rethrow=0 return_oop=1}
                      ; - ai.djl.pytorch.jni.JniUtils::getShape@17 (line 1648)
                      ; - ai.djl.pytorch.engine.PtNDArray::getShape@9 (line 145)
                      ; - ai.djl.pytorch.engine.PtSymbolBlock::forwardInternal@194 (line 147)
  0x000070b302576d8c: d03e 99ff | 488b 7424 | 5848 8bd0 

  0x000070b302576d98: ;   {optimized virtual_call}
  0x000070b302576d98: c5f8 77e8 

  0x000070b302576d9c: ; ImmutableOopMap {rbp=Oop [4]=NarrowOop [8]=Oop [16]=Oop [24]=Oop [40]=Oop [48]=Oop [56]=Oop [64]=Oop [72]=NarrowOop [80]=Oop [88]=Oop }
                      ;*invokespecial <init> {reexecute=0 rethrow=0 return_oop=0}
                      ; - ai.djl.pytorch.jni.JniUtils::getShape@20 (line 1648)
                      ; - ai.djl.pytorch.engine.PtNDArray::getShape@9 (line 145)
                      ; - ai.djl.pytorch.engine.PtSymbolBlock::forwardInternal@194 (line 147)
  0x000070b302576d9c: 0085 9cff | 4180 7f38 | 000f 8534 | 0d00 004c | 8b5c 2440 | 4c8b 4c24 | 584d 8bd1 | 498b d148 
  0x000070b302576dbc: c1ea 0341 | 8953 244d | 8bc3 4d33 | d049 c1ea | 154d 85d2 | 0f84 010d | 0000 49c1 | e809 48bf 
  0x000070b302576ddc: 00a0 e7f3 | b270 0000 | 4903 f880 | 3f04 0f85 | 2b0d 0000 | 4d8b d14d | 8bca 49c1 | e903 4889 
  0x000070b302576dfc: 6c24 2048 | ff74 2428 | 488f 4424 | 7848 ff74 | 2430 488f | 8424 8000 | 0000 48ff | 7424 3848 
  0x000070b302576e1c: 8f44 2470 | 8b4c 2404 | 448b 4424 | 4848 8b5c | 2450 418b | 6ccc 0c45 | 8b54 ec08 

  0x000070b302576e38: ;   {metadata('java/util/ArrayList')}
  0x000070b302576e38: 4181 fa40 | e100 000f | 854b 1a00 | 0049 8d3c | ec44 8b57 | 108b 4714 | ff47 0c41 | 8b74 c40c 
  0x000070b302576e58: 8974 2468 | 8944 245c | 4889 7c24 | 6089 5424 | 5848 895c | 2450 4489 | 4424 4c44 | 894c 2448 
  0x000070b302576e78: 894c 2404 | 4c89 5c24 | 4048 ff74 | 2470 488f | 4424 3848 | ffb4 2480 | 0000 0048 | 8f44 2430 
  0x000070b302576e98: 48ff 7424 | 7848 8f44 | 2428 48ff | 7424 2048 | 8f44 2410 | 4489 5424 | 2045 8bda | 41ff c344 
  0x000070b302576eb8: 895c 2424 | 4d8d 14cc | 4c89 5424 | 704d 8bd1 | 49c1 e203 | 4c89 5424 | 784d 8d14 | c44c 8994 
  0x000070b302576ed8: 2480 0000 | 0044 8b5c | 2420 443b | de0f 8559 | 0300 0085 | f60f 86f0 | 0100 0044 | 8b5c 2420 
  0x000070b302576ef8: 442b de44 | 8bd6 41d1 | fa45 8bca | 41ff c341 | 8bcb 453b | d945 8bc3 | 450f 4cc1 | 458b d844 
  0x000070b302576f18: 03de 4489 | 5c24 6c41 | ffcb 4181 | fbf7 ffff | 7f0f 8305 | 1e00 0045 | 8b4c c408 | 48be 0000 
  0x000070b302576f38: 0093 b270 | 0000 4903 | f14c 8b56 | 7049 8b2a | 448b 5424 | 6c45 85d2 | 0f8c f31c | 0000 448b 
  0x000070b302576f58: 5614 4d63 | da4e 8b1c | 1e49 3bf3 | 0f85 3e09 | 0000 4d63 | d04c 635c | 2468 4d03 | d349 c1e2 
  0x000070b302576f78: 0249 83c2 | 174c 8994 | 2488 0000 | 0044 8b5c | 246c 4181 | fb00 0004 | 000f 8745 | 1800 004d 
  0x000070b302576f98: 8b97 0801 | 0000 4c8b | 9c24 8800 | 0000 4983 | e3f8 4d8b | c24d 03c3 | 4d3b 8718 | 0100 000f 
  0x000070b302576fb8: 831f 1800 | 004d 8987 | 0801 0000 | 410f 1880 | 0001 0000 | 49c7 0201 | 0000 0045 | 894a 0844 
  0x000070b302576fd8: 8b5c 246c | 4589 5a0c | 410f 1880 | 4001 0000 | 410f 1880 | 8001 0000 | 498b da44 | 8b5c 2468 
  0x000070b302576ff8: 443b 5c24 | 6c44 8b4c | 246c 450f | 4ccb 4983 | c210 488b | eb48 c1ed | 034c 8b9c | 2488 0000 
  0x000070b302577018: 0049 c1eb | 0345 85c9 | 0f84 4b1b | 0000 448b | 4424 5c4f | 8d44 c410 | 4963 d144 | 3b4c 246c 
  0x000070b302577038: 0f8c 2a12 | 0000 498b | f849 8bf2 | c5f8 7749 | ba80 eff6 | ffb2 7000 | 0041 ffd2 | 4180 7f38 
  0x000070b302577058: 000f 8511 | 1300 004c | 8b54 2460 | 4189 6a14 | 4c8b d34c | 8b5c 2460 | 4d33 d349 | c1ea 154d 
  0x000070b302577078: 85d2 0f84 | b301 0000 | 49c1 eb09 | 48bf 00a0 | e7f3 b270 | 0000 4903 | fb80 3f04 | 0f84 9901 
  0x000070b302577098: 0000 4d8b | 5740 4d8b | 5f50 f083 | 4424 c000 | 803f 000f | 8482 0100 | 0044 8827 | 4d85 d275 
  0x000070b3025770b8: 1849 8bf7 | c5f8 7749 | bae0 28ee | 14b3 7000 | 0041 ffd2 | e962 0100 | 004b 897c | 13f8 4983 
  0x000070b3025770d8: c2f8 4d89 | 5740 e950 

  0x000070b3025770e0: ;   {oop(a 'java/lang/Object'[0] {0x00000007506cbfe0})}
  0x000070b3025770e0: 0100 0081 | f8fc 970d | ea0f 8504 | feff ff44 | 8b54 2424 | 4183 fa0a | 418b d241 | ba0a 0000 
  0x000070b302577100: 0041 0f4e | d281 fa00 | 0004 000f | 873f 1500 | 004d 8b97 | 0801 0000 | 4d8b c248 | 63ca 48c1 
  0x000070b302577120: e102 4883 | c117 4c8b | d149 83e2 | f84d 8bd8 | 4d03 da4d | 3b9f 1801 | 0000 0f83 | 1015 0000 
  0x000070b302577140: 4d89 9f08 | 0100 0041 | 0f18 8300 | 0100 004d | 8bd0 49c7 | 0201 0000 | 0041 0f18 | 8340 0100 
  0x000070b302577160: ;   {metadata('java/lang/Object'[])}
  0x000070b302577160: 0041 c742 | 0850 1500 | 0041 8952 | 0c41 0f18 | 8380 0100 | 0049 8bfa | 4883 c710 | 48c1 e903 
  0x000070b302577180: 4883 c1fe | 4833 c048 | 83f9 087f | 1048 ffc9 | 784f 4889 | 04cf 48ff | c97d f7eb | 44c5 fdef 
  0x000070b3025771a0: c0e9 0d00 | 0000 c5fe | 7f07 c5fe | 7f47 2048 | 83c7 4048 | 83e9 087d | ed48 83c1 | 047c 0cc5 
  0x000070b3025771c0: fe7f 0748 | 83c7 2048 | 83e9 0448 | 83c1 047e | 1048 ffc9 | c5f9 d607 | 4883 c708 | 48ff c97d 
  0x000070b3025771e0: f34d 8bd0 | 498b da41 | 807f 3800 | 0f85 2c0b | 0000 4c8b | 5424 604d | 8bda 4c8b | d349 c1ea 
  0x000070b302577200: 034c 8b44 | 2460 4589 | 5014 4c8b | d34d 33d3 | 49c1 ea15 | 4d85 d274 | 1a49 c1eb | 0948 bf00 
  0x000070b302577220: a0e7 f3b2 | 7000 0049 | 03fb 803f | 040f 8570 | 0b00 0044 | 8b5b 0c44 | 895c 2468 | 4889 9c24 
  0x000070b302577240: 8000 0000 | 448b 5c24 | 2044 3b5c | 2468 0f83 | dc15 0000 | 4c8b 9424 | 8000 0000 | 458b 5a08 
  0x000070b302577260: ;   {metadata('java/lang/Object'[])}
  0x000070b302577260: 4181 fb50 | 1500 000f | 8543 1600 | 0044 8b5c | 2420 4b8d | 5c9a 1041 | 807f 3800 | 0f85 5707 
  0x000070b302577280: 0000 448b | 5c24 4c44 | 891b 4c8b | 5424 504c | 8bdb 4d33 | d349 c1ea | 154d 85d2 | 0f84 2d07 
  0x000070b3025772a0: 0000 448b | 4c24 4c45 | 85c9 7420 | 418b e949 | c1eb 0948 | bf00 a0e7 | f3b2 7000 | 0049 03fb 
  0x000070b3025772c0: 803f 040f | 857c 0700 | 0044 8bcd | 4c8b 5424 | 6044 8b5c | 2424 4589 | 5a10 448b | 4424 0443 
  0x000070b3025772e0: 8b6c c410 

  0x000070b3025772e4: ; implicit exception: dispatches to 0x000070b302579098
  0x000070b3025772e4: 458b 54ec 

  0x000070b3025772e8: ;   {metadata('java/util/ArrayList')}
  0x000070b3025772e8: 0841 81fa | 40e1 0000 | 0f85 ee15 | 0000 4489 | 4c24 204d | 8d14 ec45 | 8b5a 1444 | 895c 2424 
  0x000070b302577308: 41ff 420c | 458b 4210 | 4489 4424 | 4c4c 8954 | 2460 478b | 54dc 0c44 | 8954 245c | 4f8d 14dc 
  0x000070b302577328: 4c89 5424 | 6845 8bd0 | 41ff c244 | 8994 2480 | 0000 0044 | 3b44 245c | 0f85 6af8 | ffff 448b 
  0x000070b302577348: 5424 5c45 | 85d2 0f86 | 1202 0000 | 458b d844 | 2b5c 245c | 458b d344 | 8b44 245c | 458b d841 
  0x000070b302577368: d1fb 458b | c241 ffc0 | 418b d845 | 3bc3 458b | d045 0f4c | d345 8bc2 | 4403 4424 | 5c44 8984 
  0x000070b302577388: 2484 0000 | 0045 8bc8 | 41ff c941 | 81f9 f7ff | ff7f 0f83 | b819 0000 | 448b 4424 | 2447 8b4c 
  0x000070b3025773a8: c408 48be | 0000 0093 | b270 0000 | 4903 f14c | 8b5e 7049 | 8b2b 448b | 8424 8400 | 0000 4585 
  0x000070b3025773c8: c00f 8c89 | 1800 0044 | 8b5e 144d | 63c3 4e8b | 0406 493b | f00f 85dd | 0400 004c | 635c 245c 
  0x000070b3025773e8: 4d63 d24d | 03d3 49c1 | e202 4983 | c217 4c89 | 9424 8800 | 0000 448b | 9424 8400 | 0000 4181 
  0x000070b302577408: fa00 0004 | 000f 87dd | 1300 004d | 8b97 0801 | 0000 4c8b | 9c24 8800 | 0000 4983 | e3f8 4d8b 
  0x000070b302577428: c24d 03c3 | 4d3b 8718 | 0100 000f | 83b7 1300 | 004d 8987 | 0801 0000 | 410f 1880 | 0001 0000 
  0x000070b302577448: 49c7 0201 | 0000 0045 | 894a 0844 | 8b8c 2484 | 0000 0045 | 894a 0c41 | 0f18 8040 | 0100 0041 
  0x000070b302577468: 0f18 8080 | 0100 0049 | 8bda 448b | 5424 5c44 | 3b94 2484 | 0000 008b | 8c24 8400 | 0000 410f 
  0x000070b302577488: 4cca 4c8b | d349 83c2 | 104c 8b9c | 2488 0000 | 0049 c1eb | 0348 8beb | 48c1 ed03 | 85c9 0f84 
  0x000070b3025774a8: 3117 0000 | 448b 4c24 | 244f 8d44 | cc10 4863 | d13b 8c24 | 8400 0000 | 0f8c 260e | 0000 498b 
  0x000070b3025774c8: f849 8bf2 | c5f8 7749 | ba80 eff6 | ffb2 7000 | 0041 ffd2 | 4180 7f38 | 000f 85c5 | 0e00 004c 
  0x000070b3025774e8: 8b54 2460 | 4189 6a14 | 4c8b db4d | 33da 49c1 | eb15 4d85 | db0f 84b1 | 0100 0049 | c1ea 0948 
  0x000070b302577508: bf00 a0e7 | f3b2 7000 | 0049 03fa | 803f 040f | 8497 0100 | 004d 8b57 | 504d 8b5f | 40f0 8344 
  0x000070b302577528: 24c0 0080 | 3f00 0f84 | 8001 0000 | 4488 274d | 85db 7518 | 498b f7c5 | f877 49ba | e028 ee14 
  0x000070b302577548: b370 0000 | 41ff d2e9 | 6001 0000 | 4b89 7c1a | f849 83c3 | f84d 895f | 40e9 4e01 | 0000 448b 
  0x000070b302577568: ;   {oop(a 'java/lang/Object'[0] {0x00000007506cbfe0})}
  0x000070b302577568: 5c24 2441 | 81fb fc97 | 0dea 0f85 | dcfd ffff | 448b 9424 | 8000 0000 | 4183 fa0a | 418b d241 
  0x000070b302577588: bb0a 0000 | 0041 0f4e | d381 fa00 | 0004 000f | 87d3 1000 | 004d 8b97 | 0801 0000 | 4863 ca48 
  0x000070b3025775a8: c1e1 0248 | 83c1 174c | 8bd9 4983 | e3f8 4d8b | c24d 03c3 | 4d3b 8718 | 0100 000f | 83a7 1000 
  0x000070b3025775c8: 004d 8987 | 0801 0000 | 410f 1880 | 0001 0000 | 49c7 0201 | 0000 0041 | 0f18 8040 

  0x000070b3025775e4: ;   {metadata('java/lang/Object'[])}
  0x000070b3025775e4: 0100 0041 | c742 0850 | 1500 0041 | 8952 0c41 | 0f18 8080 | 0100 0049 | 8bfa 4883 | c710 48c1 
  0x000070b302577604: e903 4883 | c1fe 4833 | c048 83f9 | 087f 1048 | ffc9 784f | 4889 04cf | 48ff c97d | f7eb 44c5 
  0x000070b302577624: fdef c0e9 | 0d00 0000 | c5fe 7f07 | c5fe 7f47 | 2048 83c7 | 4048 83e9 | 087d ed48 | 83c1 047c 
  0x000070b302577644: 0cc5 fe7f | 0748 83c7 | 2048 83e9 | 0448 83c1 | 047e 1048 | ffc9 c5f9 | d607 4883 | c708 48ff 
  0x000070b302577664: c97d f34d | 8bda 4180 | 7f38 000f | 85e5 0600 | 004d 8bd3 | 49c1 ea03 | 498b db4c | 8b5c 2460 
  0x000070b302577684: 4589 5314 | 4d8b d34c | 8bdb 4d33 | da49 c1eb | 154d 85db | 741a 49c1 | ea09 48bf | 00a0 e7f3 
  0x000070b3025776a4: b270 0000 | 4903 fa80 | 3f04 0f85 | 3807 0000 | 448b 430c | 4889 5c24 | 68e9 f3f4 | ffff 418b 
  0x000070b3025776c4: d1e9 64f7 | ffff 48ff | 7424 1048 | 8f44 2420 | 48ff 7424 | 3048 8f84 | 2480 0000 | 004c 8b54 
  0x000070b3025776e4: 2420 4588 | 620e 488d | 8424 f000 | 0000 4c8b | 5c24 2048 | 8138 0000 | 0000 0f84 | 8300 0000 
  0x000070b302577704: 4d8b 1349 | f7c2 0200 | 0000 746f | 4981 ba86 | 0000 0000 | 0000 0074 | 0949 ff8a | 8600 0000 
  0x000070b302577724: eb51 498b | 8296 0000 | 0049 0b82 | 8e00 0000 | 750a 49c7 | 423e 0000 | 0000 eb47 | 4981 ba9e 
  0x000070b302577744: 0000 0000 | 0000 0074 | 2548 33c0 | 49c7 423e | 0000 0000 | f083 0424 | 0049 81ba | 9e00 0000 
  0x000070b302577764: 0000 0000 | 750d f04d | 0fb1 7a3e | 7505 83c8 | 01eb 10f7 | c000 0000 | 00eb 084c | 8b10 f04d 
  0x000070b302577784: 0fb1 130f | 858f 1300 | 0048 8b84 | 2480 0000 | 00e9 36e3 | ffff 418b | d1e9 9feb | ffff 33db 
  0x000070b3025777a4: e928 dfff | ff45 8bd8 | 4183 e301 | 4488 5e0d | 4585 db0f | 8467 0100 | 0048 8bee 

  0x000070b3025777c0: ;   {static_call}
  0x000070b3025777c0: c5f8 77e8 

  0x000070b3025777c4: ; ImmutableOopMap {rbp=Oop [8]=Oop [16]=Oop [24]=Oop [32]=Oop }
                      ;*invokestatic enableTrainingMode {reexecute=0 rethrow=0 return_oop=0}
                      ; - ai.djl.pytorch.engine.PtSymbolBlock::forwardInternal@21 (line 121)
  0x000070b3025777c4: b80e a1fd | e9a8 deff | ff48 8b4c | 2428 448b | 412c 49c1 | e203 4d8b | dae9 bde2 | ffff 488d 
  0x000070b3025777e4: 8424 f000 | 0000 4c8b | 5c24 2048 | 8138 0000 | 0000 0f84 | 8300 0000 | 4d8b 1349 | f7c2 0200 
  0x000070b302577804: 0000 746f | 4981 ba86 | 0000 0000 | 0000 0074 | 0949 ff8a | 8600 0000 | eb51 498b | 8296 0000 
  0x000070b302577824: 0049 0b82 | 8e00 0000 | 750a 49c7 | 423e 0000 | 0000 eb47 | 4981 ba9e | 0000 0000 | 0000 0074 
  0x000070b302577844: 2548 33c0 | 49c7 423e | 0000 0000 | f083 0424 | 0049 81ba | 9e00 0000 | 0000 0000 | 750d f04d 
  0x000070b302577864: 0fb1 7a3e | 7505 83c8 | 01eb 10f7 | c000 0000 | 00eb 084c | 8b10 f04d | 0fb1 130f | 8436 e2ff 
  0x000070b302577884: ff49 8bfb | 488d b424 | f000 0000 | 498b d7c5 | f877 49ba | 2045 5015 | b370 0000 | 41ff d2e9 
  0x000070b3025778a4: 13e2 ffff | 4183 fa20 | 0f84 b8f6 | ffff bedc | ffff ff90 

  0x000070b3025778b8: ;   {runtime_call UncommonTrapBlob}
  0x000070b3025778b8: c5f8 77e8 

  0x000070b3025778bc: ; ImmutableOopMap {rbp=Oop [4]=NarrowOop [8]=Oop [16]=Oop [24]=Oop [40]=Oop [48]=Oop [56]=Oop [64]=Oop [72]=NarrowOop [76]=NarrowOop [92]=NarrowOop [96]=Oop }
                      ;*invokestatic copyOf {reexecute=1 rethrow=0 return_oop=0}
                      ; - (reexecute) java.util.Arrays::copyOf@6 (line 3481)
                      ; - java.util.ArrayList::grow@37 (line 237)
                      ; - java.util.ArrayList::grow@7 (line 244)
                      ; - java.util.ArrayList::add@7 (line 454)
                      ; - java.util.ArrayList::add@20 (line 467)
                      ; - ai.djl.util.PairList::add@5 (line 116)
                      ; - ai.djl.pytorch.engine.PtSymbolBlock::forwardInternal@199 (line 147)
  0x000070b3025778bc: 405d a1fd | 4183 fb20 | 0f84 19fb | ffff bedc | ffff ff44 | 8b9c 2480 | 0000 0044 | 895c 247c 
  0x000070b3025778dc: 448b 9424 | 8400 0000 | 4489 9424 | 8000 0000 

  0x000070b3025778ec: ;   {runtime_call UncommonTrapBlob}
  0x000070b3025778ec: c5f8 77e8 

  0x000070b3025778f0: ; ImmutableOopMap {rbp=Oop [4]=NarrowOop [8]=Oop [16]=Oop [24]=Oop [32]=NarrowOop [36]=NarrowOop [40]=Oop [48]=Oop [56]=Oop [64]=Oop [72]=NarrowOop [96]=Oop }
                      ;*invokestatic copyOf {reexecute=1 rethrow=0 return_oop=0}
                      ; - (reexecute) java.util.Arrays::copyOf@6 (line 3481)
                      ; - java.util.ArrayList::grow@37 (line 237)
                      ; - java.util.ArrayList::grow@7 (line 244)
                      ; - java.util.ArrayList::add@7 (line 454)
                      ; - java.util.ArrayList::add@20 (line 467)
                      ; - ai.djl.util.PairList::add@16 (line 117)
                      ; - ai.djl.pytorch.engine.PtSymbolBlock::forwardInternal@199 (line 147)
  0x000070b3025778f0: 0c5d a1fd | 4183 fa20 | 0f84 72eb | ffff bedc | ffff ff90 

  0x000070b302577904: ;   {runtime_call UncommonTrapBlob}
  0x000070b302577904: c5f8 77e8 

  0x000070b302577908: ; ImmutableOopMap {rbp=Oop [4]=NarrowOop [8]=Oop [16]=Oop [24]=Oop [40]=Oop [48]=Oop [56]=Oop [64]=NarrowOop [68]=NarrowOop [84]=NarrowOop [88]=Oop }
                      ;*invokestatic copyOf {reexecute=1 rethrow=0 return_oop=0}
                      ; - (reexecute) java.util.Arrays::copyOf@6 (line 3481)
                      ; - java.util.ArrayList::grow@37 (line 237)
                      ; - java.util.ArrayList::grow@7 (line 244)
                      ; - java.util.ArrayList::add@7 (line 454)
                      ; - java.util.ArrayList::add@20 (line 467)
                      ; - ai.djl.util.PairList::add@5 (line 116)
                      ; - ai.djl.pytorch.engine.PtSymbolBlock::forwardInternal@138 (line 143)
  0x000070b302577908: f45c a1fd | 4183 fa20 | 0f84 c7ef | ffff bedc | ffff ff90 

  0x000070b30257791c: ;   {runtime_call UncommonTrapBlob}
  0x000070b30257791c: c5f8 77e8 

  0x000070b302577920: ; ImmutableOopMap {rbp=Oop [4]=NarrowOop [8]=Oop [16]=Oop [24]=Oop [32]=NarrowOop [40]=Oop [48]=Oop [56]=Oop [64]=NarrowOop [68]=NarrowOop [88]=Oop }
                      ;*invokestatic copyOf {reexecute=1 rethrow=0 return_oop=0}
                      ; - (reexecute) java.util.Arrays::copyOf@6 (line 3481)
                      ; - java.util.ArrayList::grow@37 (line 237)
                      ; - java.util.ArrayList::grow@7 (line 244)
                      ; - java.util.ArrayList::add@7 (line 454)
                      ; - java.util.ArrayList::add@20 (line 467)
                      ; - ai.djl.util.PairList::add@16 (line 117)
                      ; - ai.djl.pytorch.engine.PtSymbolBlock::forwardInternal@138 (line 143)
  0x000070b302577920: dc5c a1fd | 488b ee90 

  0x000070b302577928: ;   {static_call}
  0x000070b302577928: c5f8 77e8 

  0x000070b30257792c: ; ImmutableOopMap {rbp=Oop [8]=Oop [16]=Oop [24]=Oop [32]=Oop }
                      ;*invokestatic enableInferenceMode {reexecute=0 rethrow=0 return_oop=0}
                      ; - ai.djl.pytorch.engine.PtSymbolBlock::forwardInternal@28 (line 123)
  0x000070b30257792c: 171d 0000 | e940 ddff | ff8b de41 

  0x000070b302577938: ;   {oop("ai.djl.pytorch.graph_optimizer"{0x0000000753b43a80})}
  0x000070b302577938: 03d9 49ba | 803a b453 | 0700 0000 | 41c6 4211 | 01e9 83dd | ffff 458b 

  0x000070b302577950: ;   {metadata('java/util/concurrent/ConcurrentHashMap$TreeBin')}
  0x000070b302577950: 44d4 0841 | 81f8 7062 | 3601 0f85 | 9815 0000 | c4c1 f97e | e249 8bf2 | 418b d648 | 8b6c 2420 
  0x000070b302577970: c5fb 116c | 2430 c5fb | 114c 2438 | 4c89 5424 | 40c5 fa11 | 4424 04c5 | fa11 5424 | 4889 5424 
  0x000070b302577990: ;   {oop("ai.djl.pytorch.graph_optimizer"{0x0000000753b43a80})}
  0x000070b302577990: 4c48 b980 | 3ab4 5307 | 0000 0090 

  0x000070b30257799c: ;   {optimized virtual_call}
  0x000070b30257799c: c5f8 77e8 

  0x000070b3025779a0: ; ImmutableOopMap {rbp=Oop [8]=Oop [16]=Oop [24]=Oop [32]=Oop [40]=Oop [48]=Oop [56]=Oop [64]=Oop }
                      ;*invokevirtual find {reexecute=0 rethrow=0 return_oop=1}
                      ; - java.util.concurrent.ConcurrentHashMap::get@93 (line 944)
                      ; - java.util.Properties::getProperty@5 (line 1105)
                      ; - java.lang.System::getProperty@21 (line 932)
                      ; - ai.djl.pytorch.engine.PtSymbolBlock::forwardInternal@33 (line 127)
  0x000070b3025779a0: dc06 a1fd | 4885 c00f | 8460 0300 | 0044 8b50 | 1445 85d2 | 0f85 b8e0 | ffff 488b | 4c24 2844 
  0x000070b3025779c0: 8b41 2c4d | 8bda 49c1 | e303 e9d0 | e0ff ff44 | 8b4c 244c | e9f3 f8ff | ff44 8b13 | 4585 d20f 
  0x000070b3025779e0: 849d f8ff | ff4d 8b5f | 2049 8bfa | 48c1 e703 | 4d85 db0f | 843b 0f00 | 004d 8b57 | 304b 897c 
  0x000070b302577a00: 1af8 4983 | c3f8 4d89 | 5f20 e973 | f8ff ff44 | 8b1b 4585 | db0f 84ce | f1ff ff4d | 8b57 2049 
  0x000070b302577a20: 8bfb 48c1 | e703 4d85 | d20f 841d | 0f00 004d | 8b5f 304b | 897c 13f8 | 4983 c2f8 | 4d89 5720 
  0x000070b302577a40: e9a4 f1ff | ff4d 8b57 | 404d 8b5f | 50f0 8344 | 24c0 0080 | 3f00 0f84 | 6df8 ffff | 4488 274d 
  0x000070b302577a60: 85d2 7518 | 498b f7c5 | f877 49ba | e028 ee14 | b370 0000 | 41ff d2e9 | 4df8 ffff | 4b89 7c13 
  0x000070b302577a80: f849 83c2 | f84d 8957 | 40e9 3bf8 | ffff 4d8b | 5750 4d8b | 5f40 f083 | 4424 c000 | 803f 000f 
  0x000070b302577aa0: 8484 f1ff | ff44 8827 | 4d85 db75 | 1849 8bf7 | c5f8 7749 | bae0 28ee | 14b3 7000 | 0041 ffd2 
  0x000070b302577ac0: e964 f1ff | ff4b 897c | 1af8 4983 | c3f8 4d89 | 5f40 e952 | f1ff ff4d | 8bd1 e914 | f3ff ff4c 
  0x000070b302577ae0: 8b5c 2440 | 458b 5324 | 4585 d20f | 84bf f2ff | ff4d 8b47 | 2049 8bfa | 48c1 e703 | 4d85 c00f 
  0x000070b302577b00: 8463 0f00 | 004d 8b57 | 304b 897c | 02f8 4983 | c0f8 4d89 | 4720 e995 | f2ff ff4d | 8b57 504d 
  0x000070b302577b20: 8b47 40f0 | 8344 24c0 | 0080 3f00 | 7430 4488 | 274d 85c0 | 740f 4b89 | 7c02 f849 | 83c0 f84d 
  0x000070b302577b40: 8947 40eb | 1949 8bdb | 498b f7c5 | f877 49ba | e028 ee14 | b370 0000 | 41ff d24c | 8bdb 418b 
  0x000070b302577b60: 5324 4c8b | d249 c1e2 | 03e9 85f2 | ffff 448b | 4c24 44e9 | 4fec ffff | 448b 1345 | 85d2 0f84 
  0x000070b302577b80: f9eb ffff | 4d8b 5f20 | 498b fa48 | c1e7 034d | 85db 0f84 | ee0e 0000 | 4d8b 5730 | 4b89 7c1a 
  0x000070b302577ba0: f849 83c3 | f84d 895f | 20e9 cfeb | ffff 448b | 1b45 85db | 0f84 4fe0 | ffff 4d8b | 5720 498b 
  0x000070b302577bc0: fb48 c1e7 | 034d 85d2 | 0f84 d00e | 0000 4d8b | 5f30 4b89 | 7c13 f849 | 83c2 f84d | 8957 20e9 
  0x000070b302577be0: 25e0 ffff | 4d8b 5750 | 4d8b 5f40 | f083 4424 | c000 803f | 000f 84c9 | ebff ff44 | 8827 4d85 
  0x000070b302577c00: db75 1849 | 8bf7 c5f8 | 7749 bae0 | 28ee 14b3 | 7000 0041 | ffd2 e9a9 | ebff ff4b | 897c 1af8 
  0x000070b302577c20: 4983 c3f8 | 4d89 5f40 | e997 ebff | ff4d 8b57 | 504d 8b5f | 40f0 8344 | 24c0 0080 | 3f00 0f84 
  0x000070b302577c40: 05e0 ffff | 4488 274d | 85db 7518 | 498b f7c5 | f877 49ba | e028 ee14 | b370 0000 | 41ff d2e9 
  0x000070b302577c60: e5df ffff | 4b89 7c1a | f849 83c3 | f84d 895f | 40e9 d3df | ffff 4d8b | d1e9 95e6 | ffff 4c8b 
  0x000070b302577c80: 5c24 3845 | 8b53 2445 | 85d2 0f84 | 40e6 ffff | 4d8b 4720 | 498b fa48 | c1e7 034d | 85c0 0f84 
  0x000070b302577ca0: 120e 0000 | 4d8b 5730 | 4b89 7c02 | f849 83c0 | f84d 8947 | 20e9 16e6 | ffff 4d8b | 5750 4d8b 
  0x000070b302577cc0: 4740 f083 | 4424 c000 | 803f 0074 | 3044 8827 | 4d85 c074 | 0f4b 897c | 02f8 4983 | c0f8 4d89 
  0x000070b302577ce0: 4740 eb19 | 498b db49 | 8bf7 c5f8 | 7749 bae0 | 28ee 14b3 | 7000 0041 | ffd2 4c8b | db41 8b53 
  0x000070b302577d00: 244c 8bd2 | 49c1 e203 | e906 e6ff | ff48 8b4c | 2428 448b | 412c 4533 | dbe9 81dd | ffff 4c8b 
  0x000070b302577d20: 5424 6045 | 8b5a 1445 | 85db 0f84 | c2f4 ffff | 4d8b 5720 | 498b fb48 | c1e7 034d | 85d2 0f84 
  0x000070b302577d40: fd0d 0000 | 4d8b 5f30 | 4b89 7c13 | f849 83c2 | f84d 8957 | 20e9 98f4 | ffff 4c8b | 5424 6045 
  0x000070b302577d60: 8b42 1445 | 85c0 7431 | 498b eb49 | 8bda 4d8b | 5720 498b | f848 c1e7 | 034d 85d2 | 0f84 d70d 
  0x000070b302577d80: 0000 4d8b | 5f30 4b89 | 7c13 f849 | 83c2 f84d | 8957 204c | 8bd3 4c8b | dd4c 8954 

  0x000070b302577d9c: ;   {no_reloc}
  0x000070b302577d9c: 2460 e9d2 | f8ff ff4d | 8b57 404d | 8b5f 50f0 | 8344 24c0 | 0080 3f00 | 0f84 79f4 | ffff 4488 
  0x000070b302577dbc: 274d 85d2 | 7518 498b | f7c5 f877 | 49ba e028 | ee14 b370 | 0000 41ff | d2e9 59f4 | ffff 4b89 
  0x000070b302577ddc: 7c13 f849 | 83c2 f84d | 8957 40e9 | 47f4 ffff | 4d8b 5750 | 4d8b 5f40 | f083 4424 | c000 803f 
  0x000070b302577dfc: 000f 84b1 | f8ff ff44 | 8827 4d85 | db75 1849 | 8bf7 c5f8 | 7749 bae0 | 28ee 14b3 | 7000 0041 
  0x000070b302577e1c: ffd2 e991 | f8ff ff4b | 897c 1af8 | 4983 c3f8 | 4d89 5f40 | e97f f8ff | ff44 8b55 | 1045 85d2 
  0x000070b302577e3c: 0f84 51e2 | ffff 4d8b | 5f20 498b | fa48 c1e7 | 034d 85db | 0f84 4e0e | 0000 4d8b | 5730 4b89 
  0x000070b302577e5c: 7c1a f849 | 83c3 f84d | 895f 20e9 | 27e2 ffff | 4c8b 5424 | 2045 8b52 | 2c45 85d2 | 0f84 57e2 
  0x000070b302577e7c: ffff 4d8b | 5f20 498b | fa48 c1e7 | 034d 85db | 0f84 2a0e | 0000 4d8b | 5730 4b89 | 7c1a f849 
  0x000070b302577e9c: 83c3 f84d | 895f 20e9 | 2de2 ffff | 448b 5d10 | 4585 db0f | 844d e0ff | ff4d 8b57 | 2049 8bfb 
  0x000070b302577ebc: 48c1 e703 | 4d85 d20f | 84ab 0d00 | 004d 8b5f | 304b 897c | 13f8 4983 | c2f8 4d89 | 5720 e923 
  0x000070b302577edc: e0ff ff4c | 8b54 2420 | 458b 5a28 | 4585 db0f | 8453 e0ff | ff4d 8b57 | 2049 8bfb | 48c1 e703 
  0x000070b302577efc: 4d85 d20f | 8487 0d00 | 004d 8b5f | 304b 897c | 13f8 4983 | c2f8 4d89 | 5720 e929 | e0ff ff4d 
  0x000070b302577f1c: 8b57 504d | 8b5f 40f0 | 8344 24c0 | 0080 3f00 | 0f84 0fe1 | ffff 4488 | 274d 85db | 7518 498b 
  0x000070b302577f3c: f7c5 f877 | 49ba e028 | ee14 b370 | 0000 41ff | d2e9 efe0 | ffff 4b89 | 7c1a f849 | 83c3 f84d 
  0x000070b302577f5c: 895f 40e9 | dde0 ffff | 4d8b 5750 | 4d8b 5f40 | f083 4424 | c000 803f | 000f 844f | e1ff ff44 
  0x000070b302577f7c: 8827 4d85 | db75 1849 | 8bf7 c5f8 | 7749 bae0 | 28ee 14b3 | 7000 0041 | ffd2 e92f | e1ff ff4b 
  0x000070b302577f9c: 897c 1af8 | 4983 c3f8 | 4d89 5f40 | e91d e1ff | ff4d 8b57 | 404d 8b5f | 50f0 8344 | 24c0 0080 
  0x000070b302577fbc: 3f00 0f84 | 48e1 ffff | 4488 274d | 85d2 7518 | 498b f7c5 | f877 49ba | e028 ee14 | b370 0000 
  0x000070b302577fdc: 41ff d2e9 | 28e1 ffff | 4b89 7c13 | f849 83c2 | f84d 8957 | 40e9 16e1 | ffff 4d8b | 5750 4d8b 
  0x000070b302577ffc: 5f40 f083 | 4424 c000 | 803f 000f | 84a0 deff | ff44 8827 | 4d85 db75 | 1849 8bf7 | c5f8 7749 
  0x000070b30257801c: bae0 28ee | 14b3 7000 | 0041 ffd2 | e980 deff | ff4b 897c | 1af8 4983 | c3f8 4d89 | 5f40 e96e 
  0x000070b30257803c: deff ff4d | 8b57 504d | 8b5f 40f0 | 8344 24c0 | 0080 3f00 | 0f84 e3de | ffff 4488 | 274d 85db 
  0x000070b30257805c: 7518 498b | f7c5 f877 | 49ba e028 | ee14 b370 | 0000 41ff | d2e9 c3de | ffff 4b89 | 7c1a f849 
  0x000070b30257807c: 83c3 f84d | 895f 40e9 | b1de ffff | 4d8b 5740 | 4d8b 5f50 | f083 4424 | c000 803f | 000f 84dc 
  0x000070b30257809c: deff ff44 | 8827 4d85 | d275 1849 | 8bf7 c5f8 | 7749 bae0 | 28ee 14b3 | 7000 0041 | ffd2 e9bc 
  0x000070b3025780bc: deff ff4b | 897c 13f8 | 4983 c2f8 | 4d89 5740 | e9aa deff | ff4c 8b54 | 2458 458b | 5214 4585 
  0x000070b3025780dc: d20f 8415 | e6ff ff4d | 8b5f 2049 | 8bfa 48c1 | e703 4d85 | db0f 84dd | 0b00 004d | 8b57 304b 
  0x000070b3025780fc: 897c 1af8 | 4983 c3f8 | 4d89 5f20 | e9eb e5ff | ff4c 8b54 | 2458 458b | 4a14 4585 | c974 3149 
  0x000070b30257811c: 8beb 498b | da4d 8b57 | 2049 8bf9 | 48c1 e703 | 4d85 d20f | 84b7 0b00 | 004d 8b5f | 304b 897c 
  0x000070b30257813c: 13f8 4983 | c2f8 4d89 | 5720 4c8b | d34c 8bdd | 4c89 5424 | 58e9 0cea | ffff 4d8b | 5750 4d8b 
  0x000070b30257815c: 5f40 f083 | 4424 c000 | 803f 000f | 84c7 e5ff | ff44 8827 | 4d85 db75 | 1849 8bf7 | c5f8 7749 
  0x000070b30257817c: bae0 28ee | 14b3 7000 | 0041 ffd2 | e9a7 e5ff | ff4b 897c | 1af8 4983 | c3f8 4d89 | 5f40 e995 
  0x000070b30257819c: ;   {no_reloc}
  0x000070b30257819c: e5ff ff4d | 8b57 504d | 8b5f 40f0 | 8344 24c0 | 0080 3f00 | 0f84 e8e9 | ffff 4488 | 274d 85db 
  0x000070b3025781bc: 7518 498b | f7c5 f877 | 49ba e028 | ee14 b370 | 0000 41ff | d2e9 c8e9 | ffff 4b89 | 7c1a f849 
  0x000070b3025781dc: 83c3 f84d | 895f 40e9 | b6e9 ffff | 4889 5c24 | 4844 8944 | 2440 894c | 2404 4c89 | 5c24 3848 
  0x000070b3025781fc: ff74 2470 | 488f 4424 | 3048 ff74 | 2478 488f | 4424 2848 | ff74 2420 | 488f 4424 

  0x000070b302578218: ;   {metadata('ai/djl/ndarray/types/Shape')}
  0x000070b302578218: 1048 be80 | d018 95b2 | 7000 0090 

  0x000070b302578224: ;   {runtime_call _new_instance_Java}
  0x000070b302578224: c5f8 77e8 

  0x000070b302578228: ; ImmutableOopMap {[4]=NarrowOop [8]=Oop [16]=Oop [24]=Oop [40]=Oop [48]=Oop [56]=Oop [64]=NarrowOop [72]=Oop [120]=Oop [128]=Oop }
                      ;*new {reexecute=0 rethrow=0 return_oop=1}
                      ; - ai.djl.pytorch.jni.JniUtils::getShape@0 (line 1648)
                      ; - ai.djl.pytorch.engine.PtNDArray::getShape@9 (line 145)
                      ; - ai.djl.pytorch.engine.PtSymbolBlock::forwardInternal@194 (line 147)
  0x000070b302578228: d4aa acfd | 48ff 7424 | 1048 8f44 | 2420 48ff | 7424 3048 | 8f44 2470 | 4c8b 5c24 | 388b 4c24 
  0x000070b302578248: 0444 8b44 | 2440 488b | 5c24 48e9 | b5ea ffff | bede ffff | ff66 6690 

  0x000070b302578260: ;   {runtime_call UncommonTrapBlob}
  0x000070b302578260: c5f8 77e8 

  0x000070b302578264: ; ImmutableOopMap {rbp=NarrowOop [8]=Oop [16]=Oop [24]=Oop [32]=Oop }
                      ;*invokevirtual getProperty {reexecute=0 rethrow=0 return_oop=0}
                      ; - java.lang.System::getProperty@21 (line 932)
                      ; - ai.djl.pytorch.engine.PtSymbolBlock::forwardInternal@33 (line 127)
  0x000070b302578264: 9853 a1fd | 4c8b ca49 | c1e1 0249 | 83c1 1049 | 8bc9 4883 | e1fb 488b | fb48 03f9 | 49c1 e903 
  0x000070b302578284: 4d2b d949 | 8bcb 4833 | c048 83f9 | 087f 1048 | ffc9 784f | 4889 04cf | 48ff c97d | f7eb 44c5 
  0x000070b3025782a4: fdef c0e9 | 0d00 0000 | c5fe 7f07 | c5fe 7f47 | 2048 83c7 | 4048 83e9 | 087d ed48 | 83c1 047c 
  0x000070b3025782c4: 0cc5 fe7f | 0748 83c7 | 2048 83e9 | 0448 83c1 | 047e 1048 | ffc9 c5f9 | d607 4883 | c708 48ff 
  0x000070b3025782e4: c97d f3e9 | 52ed ffff | 4c8b ca49 | c1e1 0249 | 83c1 1049 | 8bc9 4883 | e1fb 488b | fb48 03f9 
  0x000070b302578304: 49c1 e903 | 4d2b d949 | 8bcb 4833 | c048 83f9 | 087f 1048 | ffc9 784f | 4889 04cf | 48ff c97d 
  0x000070b302578324: f7eb 44c5 | fdef c0e9 | 0d00 0000 | c5fe 7f07 | c5fe 7f47 | 2048 83c7 | 4048 83e9 | 087d ed48 
  0x000070b302578344: 83c1 047c | 0cc5 fe7f | 0748 83c7 | 2048 83e9 | 0448 83c1 | 047e 1048 | ffc9 c5f9 | d607 4883 
  0x000070b302578364: c708 48ff | c97d f3e9 | 56f1 ffff | 4c8b 5424 | 6045 8b5a | 1445 85db | 0f84 ddec | ffff 4d8b 
  0x000070b302578384: 5720 498b | fb48 c1e7 | 034d 85d2 | 0f84 6e09 | 0000 4d8b | 5f30 4b89 | 7c13 f849 | 83c2 f84d 
  0x000070b3025783a4: 8957 20e9 | b3ec ffff | 4c8b 5424 | 6045 8b52 | 1445 85d2 | 0f84 29f1 | ffff 4d8b | 5f20 498b 
  0x000070b3025783c4: fa48 c1e7 | 034d 85db | 0f84 4a09 | 0000 4d8b | 5730 4b89 | 7c1a f849 | 83c3 f84d | 895f 20e9 
  0x000070b3025783e4: fff0 ffff | be45 ffff | ff48 8b6c | 2420 4889 | 4c24 2044 | 895c 2404 | 4489 6c24 | 2844 8954 
  0x000070b302578404: 2430 4489 | 4c24 3490 

  0x000070b30257840c: ;   {runtime_call UncommonTrapBlob}
  0x000070b30257840c: c5f8 77e8 

  0x000070b302578410: ; ImmutableOopMap {rbp=Oop [4]=NarrowOop [8]=Oop [16]=Oop [24]=Oop [32]=Oop [40]=NarrowOop }
                      ;*ifle {reexecute=1 rethrow=0 return_oop=0}
                      ; - (reexecute) java.util.concurrent.ConcurrentHashMap::get@23 (line 937)
                      ; - java.util.Properties::getProperty@5 (line 1105)
                      ; - java.lang.System::getProperty@21 (line 932)
                      ; - ai.djl.pytorch.engine.PtSymbolBlock::forwardInternal@33 (line 127)
  0x000070b302578410: ec51 a1fd | 4889 5c24 | 4044 8944 | 2438 894c | 2404 4c89 | 5c24 3048 | 8b6c 2468 | 48ff 7424 
  0x000070b302578430: 7848 8f44 | 2428 48ff | 7424 2048 | 8f44 2410 

  0x000070b302578440: ;   {metadata('ai/djl/ndarray/types/Shape')}
  0x000070b302578440: 48be 80d0 | 1895 b270 | 0000 6690 

  0x000070b30257844c: ;   {runtime_call _new_instance_Java}
  0x000070b30257844c: c5f8 77e8 

  0x000070b302578450: ; ImmutableOopMap {rbp=Oop [4]=NarrowOop [8]=Oop [16]=Oop [24]=Oop [40]=Oop [48]=Oop [56]=NarrowOop [64]=Oop [120]=Oop }
                      ;*new {reexecute=0 rethrow=0 return_oop=1}
                      ; - ai.djl.pytorch.jni.JniUtils::getShape@0 (line 1648)
                      ; - ai.djl.pytorch.engine.PtNDArray::getShape@9 (line 145)
                      ; - ai.djl.pytorch.engine.PtSymbolBlock::forwardInternal@133 (line 143)
  0x000070b302578450: aca8 acfd | 48ff 7424 | 1048 8f44 | 2420 4889 | 6c24 684c | 8b5c 2430 | 8b4c 2404 | 448b 4424 
  0x000070b302578470: 3848 8b5c | 2440 e9c2 | ddff ffbe | 45ff ffff 

  0x000070b302578480: ;   {runtime_call UncommonTrapBlob}
  0x000070b302578480: c5f8 77e8 

  0x000070b302578484: ; ImmutableOopMap {rbp=NarrowOop [8]=Oop [16]=Oop [24]=Oop [32]=Oop }
                      ;*ifnull {reexecute=1 rethrow=0 return_oop=0}
                      ; - (reexecute) java.lang.System::getProperty@9 (line 928)
                      ; - ai.djl.pytorch.engine.PtSymbolBlock::forwardInternal@33 (line 127)
  0x000070b302578484: 7851 a1fd | 4c8b ca49 | c1e1 0249 | 83c1 1049 | 8bc9 4883 | e1fb 488b | fb48 03f9 | 49c1 e903 
  0x000070b3025784a4: 4d2b d949 | 8bcb 4833 | c048 83f9 | 087f 1048 | ffc9 784f | 4889 04cf | 48ff c97d | f7eb 44c5 
  0x000070b3025784c4: fdef c0e9 | 0d00 0000 | c5fe 7f07 | c5fe 7f47 | 2048 83c7 | 4048 83e9 | 087d ed48 | 83c1 047c 
  0x000070b3025784e4: 0cc5 fe7f | 0748 83c7 | 2048 83e9 | 0448 83c1 | 047e 1048 | ffc9 c5f9 | d607 4883 | c708 48ff 
  0x000070b302578504: c97d f3e9 | 38e0 ffff | 4c8b ca49 | c1e1 0249 | 83c1 1049 | 8bc9 4883 | e1fb 488b | fb48 03f9 
  0x000070b302578524: 49c1 e903 | 4d2b d949 | 8bcb 4833 | c048 83f9 | 087f 1048 | ffc9 784f | 4889 04cf | 48ff c97d 
  0x000070b302578544: f7eb 44c5 | fdef c0e9 | 0d00 0000 | c5fe 7f07 | c5fe 7f47 | 2048 83c7 | 4048 83e9 | 087d ed48 
  0x000070b302578564: 83c1 047c | 0cc5 fe7f | 0748 83c7 | 2048 83e9 | 0448 83c1 | 047e 1048 | ffc9 c5f9 | d607 4883 
  0x000070b302578584: c708 48ff | c97d f3e9 | 21e4 ffff | 4c8b 5424 | 5845 8b5a | 1445 85db | 0f84 c3df | ffff 4d8b 
  0x000070b3025785a4: 5720 498b | fb48 c1e7 | 034d 85d2 | 0f84 ca08 | 0000 4d8b | 5f30 4b89 | 7c13 f849 | 83c2 f84d 
  0x000070b3025785c4: 8957 20e9 | 99df ffff | 4c8b 5424 | 5845 8b52 | 1445 85d2 | 0f84 f4e3 | ffff 4d8b | 5f20 498b 
  0x000070b3025785e4: fa48 c1e7 | 034d 85db | 0f84 a608 | 0000 4d8b | 5730 4b89 | 7c1a f849 | 83c3 f84d | 895f 20e9 
  0x000070b302578604: cae3 ffff | be45 ffff | ff48 8b6c | 2420 4889 | 4c24 204c | 895c 2428 | 4489 4424 | 3066 6690 
  0x000070b302578624: ;   {runtime_call UncommonTrapBlob}
  0x000070b302578624: c5f8 77e8 

  0x000070b302578628: ; ImmutableOopMap {rbp=Oop [8]=Oop [16]=Oop [24]=Oop [32]=Oop [40]=Oop [48]=NarrowOop }
                      ;*ifnull {reexecute=1 rethrow=0 return_oop=0}
                      ; - (reexecute) java.util.Properties::getProperty@36 (line 1108)
                      ; - java.lang.System::getProperty@21 (line 932)
                      ; - ai.djl.pytorch.engine.PtSymbolBlock::forwardInternal@33 (line 127)
  0x000070b302578628: d44f a1fd | bede ffff | ff48 8b6c | 2420 4c8b | 5c24 284c | 895c 2420 | 4489 5424 | 2866 6690 
  0x000070b302578648: ;   {runtime_call UncommonTrapBlob}
  0x000070b302578648: c5f8 77e8 

  0x000070b30257864c: ; ImmutableOopMap {rbp=Oop [8]=Oop [16]=Oop [24]=Oop [32]=Oop [40]=NarrowOop }
                      ;*instanceof {reexecute=0 rethrow=0 return_oop=0}
                      ; - java.util.Properties::getProperty@10 (line 1106)
                      ; - java.lang.System::getProperty@21 (line 932)
                      ; - ai.djl.pytorch.engine.PtSymbolBlock::forwardInternal@33 (line 127)
  0x000070b30257864c: b04f a1fd 

  0x000070b302578650: ;   {metadata('java/lang/Object'[])}
  0x000070b302578650: 48be 5015 | 0093 b270 | 0000 488b | 6c24 1090 

  0x000070b302578660: ;   {runtime_call _new_array_Java}
  0x000070b302578660: c5f8 77e8 

  0x000070b302578664: ; ImmutableOopMap {rbp=Oop [4]=NarrowOop [8]=Oop [16]=Oop [24]=Oop [40]=Oop [48]=Oop [56]=Oop [64]=Oop [72]=NarrowOop [76]=NarrowOop [80]=Oop [88]=NarrowOop [96]=Oop [112]=Oop [120]=Oop [128]=Oop }
                      ;*anewarray {reexecute=0 rethrow=0 return_oop=1}
                      ; - java.util.ArrayList::grow@52 (line 239)
                      ; - java.util.ArrayList::grow@7 (line 244)
                      ; - java.util.ArrayList::add@7 (line 454)
                      ; - java.util.ArrayList::add@20 (line 467)
                      ; - ai.djl.util.PairList::add@5 (line 116)
                      ; - ai.djl.pytorch.engine.PtSymbolBlock::forwardInternal@199 (line 147)
  0x000070b302578664: 98a9 acfd | 4c8b c0e9 | 71eb ffff 

  0x000070b302578670: ;   {metadata('java/lang/Object'[])}
  0x000070b302578670: 48be 5015 | 0093 b270 | 0000 488b | 6c24 1090 

  0x000070b302578680: ;   {runtime_call _new_array_Java}
  0x000070b302578680: c5f8 77e8 

  0x000070b302578684: ; ImmutableOopMap {rbp=Oop [4]=NarrowOop [8]=Oop [16]=Oop [24]=Oop [32]=NarrowOop [40]=Oop [48]=Oop [56]=Oop [64]=Oop [72]=NarrowOop [80]=Oop [88]=NarrowOop [96]=Oop [104]=Oop [112]=Oop [120]=Oop }
                      ;*anewarray {reexecute=0 rethrow=0 return_oop=1}
                      ; - java.util.ArrayList::grow@52 (line 239)
                      ; - java.util.ArrayList::grow@7 (line 244)
                      ; - java.util.ArrayList::add@7 (line 454)
                      ; - java.util.ArrayList::add@20 (line 467)
                      ; - ai.djl.util.PairList::add@16 (line 117)
                      ; - ai.djl.pytorch.engine.PtSymbolBlock::forwardInternal@199 (line 147)
  0x000070b302578684: 78a9 acfd | 4c8b d0e9 | d7ef ffff | 4489 6c24 

  0x000070b302578694: ;   {metadata('java/util/ArrayList')}
  0x000070b302578694: 0448 be40 | e100 93b2 | 7000 0090 

  0x000070b3025786a0: ;   {runtime_call _new_instance_Java}
  0x000070b3025786a0: c5f8 77e8 

  0x000070b3025786a4: ; ImmutableOopMap {rbp=Oop [4]=NarrowOop [8]=Oop [16]=Oop [24]=Oop [32]=Oop }
                      ;*new {reexecute=0 rethrow=0 return_oop=1}
                      ; - ai.djl.util.PairList::<init>@16 (line 39)
                      ; - ai.djl.pytorch.engine.PtSymbolBlock::forwardInternal@86 (line 141)
  0x000070b3025786a4: 58a6 acfd | 488b d844 | 8b6c 2404 | e9cc d9ff 

  0x000070b3025786b4: ;   {metadata('ai/djl/util/PairList')}
  0x000070b3025786b4: ff48 be98 | d918 95b2 | 7000 0048 | 8b6c 2420 

  0x000070b3025786c4: ;   {runtime_call _new_instance_Java}
  0x000070b3025786c4: c5f8 77e8 

  0x000070b3025786c8: ; ImmutableOopMap {rbp=Oop [8]=Oop [16]=Oop [24]=Oop [32]=Oop }
                      ;*new {reexecute=0 rethrow=0 return_oop=1}
                      ; - ai.djl.pytorch.engine.PtSymbolBlock::forwardInternal@71 (line 140)
  0x000070b3025786c8: 34a6 acfd | 488b e8e9 | 54d7 ffff 

  0x000070b3025786d4: ;   {metadata('java/util/ArrayList')}
  0x000070b3025786d4: 48be 40e1 | 0093 b270 | 0000 6690 

  0x000070b3025786e0: ;   {runtime_call _new_instance_Java}
  0x000070b3025786e0: c5f8 77e8 

  0x000070b3025786e4: ; ImmutableOopMap {rbp=Oop [8]=Oop [16]=Oop [24]=Oop [32]=Oop }
                      ;*new {reexecute=0 rethrow=0 return_oop=1}
                      ; - ai.djl.util.PairList::<init>@5 (line 38)
                      ; - ai.djl.pytorch.engine.PtSymbolBlock::forwardInternal@75 (line 140)
  0x000070b3025786e4: 18a6 acfd | e97b d7ff | ff89 5c24 

  0x000070b3025786f0: ;   {metadata('java/util/ArrayList')}
  0x000070b3025786f0: 0448 be40 | e100 93b2 | 7000 0090 

  0x000070b3025786fc: ;   {runtime_call _new_instance_Java}
  0x000070b3025786fc: c5f8 77e8 

  0x000070b302578700: ; ImmutableOopMap {rbp=Oop [4]=NarrowOop [8]=Oop [16]=Oop [24]=Oop [32]=Oop }
                      ;*new {reexecute=0 rethrow=0 return_oop=1}
                      ; - ai.djl.util.PairList::<init>@16 (line 39)
                      ; - ai.djl.pytorch.engine.PtSymbolBlock::forwardInternal@75 (line 140)
  0x000070b302578700: fca5 acfd | 4c8b e88b | 5c24 04e9 | dfd7 ffff 

  0x000070b302578710: ;   {metadata('ai/djl/util/PairList')}
  0x000070b302578710: 48be 98d9 | 1895 b270 | 0000 488b | 6c24 2090 

  0x000070b302578720: ;   {runtime_call _new_instance_Java}
  0x000070b302578720: c5f8 77e8 

  0x000070b302578724: ; ImmutableOopMap {rbp=Oop [8]=Oop [16]=Oop [24]=Oop [32]=Oop }
                      ;*new {reexecute=0 rethrow=0 return_oop=1}
                      ; - ai.djl.pytorch.engine.PtSymbolBlock::forwardInternal@82 (line 141)
  0x000070b302578724: d8a5 acfd | 488b e8e9 | 8cd8 ffff 

  0x000070b302578730: ;   {metadata('java/util/ArrayList')}
  0x000070b302578730: 48be 40e1 | 0093 b270 | 0000 6690 

  0x000070b30257873c: ;   {runtime_call _new_instance_Java}
  0x000070b30257873c: c5f8 77e8 

  0x000070b302578740: ; ImmutableOopMap {rbp=Oop [8]=Oop [16]=Oop [24]=Oop [32]=Oop }
                      ;*new {reexecute=0 rethrow=0 return_oop=1}
                      ; - ai.djl.util.PairList::<init>@5 (line 38)
                      ; - ai.djl.pytorch.engine.PtSymbolBlock::forwardInternal@86 (line 141)
  0x000070b302578740: bca5 acfd | e9b3 d8ff 

  0x000070b302578748: ;   {metadata('java/util/ArrayList$Itr')}
  0x000070b302578748: ff48 bed0 | dc1b 93b2 | 7000 0048 | 8b6c 2420 

  0x000070b302578758: ;   {runtime_call _new_instance_Java}
  0x000070b302578758: c5f8 77e8 

  0x000070b30257875c: ; ImmutableOopMap {rbp=Oop [8]=Oop [16]=Oop [24]=Oop [32]=Oop [120]=Oop }
                      ;*new {reexecute=0 rethrow=0 return_oop=1}
                      ; - java.util.ArrayList::iterator@0 (line 947)
                      ; - ai.djl.pytorch.engine.PtSymbolBlock::forwardInternal@93 (line 142)
  0x000070b30257875c: a0a5 acfd | e9ff d9ff | ff48 8944 | 2430 48ff | 7424 2048 | 8f44 2410 

  0x000070b302578774: ;   {metadata('java/util/ArrayList$Itr')}
  0x000070b302578774: 48be d0dc | 1b93 b270 | 0000 6690 

  0x000070b302578780: ;   {runtime_call _new_instance_Java}
  0x000070b302578780: c5f8 77e8 

  0x000070b302578784: ; ImmutableOopMap {[8]=Oop [16]=Oop [24]=Oop [48]=Oop [120]=Oop [128]=Oop }
                      ;*new {reexecute=0 rethrow=0 return_oop=1}
                      ; - java.util.ArrayList::iterator@0 (line 947)
                      ; - ai.djl.pytorch.engine.PtSymbolBlock::forwardInternal@154 (line 146)
  0x000070b302578784: 78a5 acfd | 48ff 7424 | 1048 8f44 | 2420 4c8b | d8e9 62d5 

  0x000070b302578798: ;   {metadata('java/lang/Object'[])}
  0x000070b302578798: ffff 48be | 5015 0093 | b270 0000 | 488b 6c24 | 1066 6690 

  0x000070b3025787ac: ;   {runtime_call _new_array_Java}
  0x000070b3025787ac: c5f8 77e8 

  0x000070b3025787b0: ; ImmutableOopMap {rbp=Oop [4]=NarrowOop [8]=Oop [16]=Oop [24]=Oop [40]=Oop [48]=Oop [56]=Oop [64]=NarrowOop [68]=NarrowOop [72]=Oop [80]=NarrowOop [88]=Oop [104]=Oop [112]=Oop [120]=Oop }
                      ;*anewarray {reexecute=0 rethrow=0 return_oop=1}
                      ; - java.util.ArrayList::grow@52 (line 239)
                      ; - java.util.ArrayList::grow@7 (line 244)
                      ; - java.util.ArrayList::add@7 (line 454)
                      ; - java.util.ArrayList::add@20 (line 467)
                      ; - ai.djl.util.PairList::add@5 (line 116)
                      ; - ai.djl.pytorch.engine.PtSymbolBlock::forwardInternal@138 (line 143)
  0x000070b3025787b0: 4ca8 acfd | 4c8b c0e9 | 2bdf ffff 

  0x000070b3025787bc: ;   {metadata('java/lang/Object'[])}
  0x000070b3025787bc: 48be 5015 | 0093 b270 | 0000 488b | 6c24 1090 

  0x000070b3025787cc: ;   {runtime_call _new_array_Java}
  0x000070b3025787cc: c5f8 77e8 

  0x000070b3025787d0: ; ImmutableOopMap {rbp=Oop [4]=NarrowOop [8]=Oop [16]=Oop [24]=Oop [32]=NarrowOop [40]=Oop [48]=Oop [56]=Oop [64]=NarrowOop [72]=Oop [80]=NarrowOop [88]=Oop [104]=Oop [112]=Oop [120]=Oop }
                      ;*anewarray {reexecute=0 rethrow=0 return_oop=1}
                      ; - java.util.ArrayList::grow@52 (line 239)
                      ; - java.util.ArrayList::grow@7 (line 244)
                      ; - java.util.ArrayList::add@7 (line 454)
                      ; - java.util.ArrayList::add@20 (line 467)
                      ; - ai.djl.util.PairList::add@16 (line 117)
                      ; - ai.djl.pytorch.engine.PtSymbolBlock::forwardInternal@138 (line 143)
  0x000070b3025787d0: 2ca8 acfd | 4c8b d0e9 | 78e3 ffff | 8b54 246c 

  0x000070b3025787e0: ;   {runtime_call _new_array_Java}
  0x000070b3025787e0: c5f8 77e8 

  0x000070b3025787e4: ; ImmutableOopMap {rbp=Oop [4]=NarrowOop [8]=Oop [16]=Oop [24]=Oop [40]=Oop [48]=Oop [56]=Oop [64]=Oop [72]=NarrowOop [76]=NarrowOop [80]=Oop [88]=NarrowOop [92]=NarrowOop [96]=Oop [112]=Oop [120]=Oop [128]=Oop }
                      ;*invokestatic copyOf {reexecute=1 rethrow=0 return_oop=1}
                      ; - (reexecute) java.util.Arrays::copyOf@6 (line 3481)
                      ; - java.util.ArrayList::grow@37 (line 237)
                      ; - java.util.ArrayList::grow@7 (line 244)
                      ; - java.util.ArrayList::add@7 (line 454)
                      ; - java.util.ArrayList::add@20 (line 467)
                      ; - ai.djl.util.PairList::add@5 (line 116)
                      ; - ai.djl.pytorch.engine.PtSymbolBlock::forwardInternal@199 (line 147)
  0x000070b3025787e4: 18a8 acfd | 4c8b d0e9 | 00e8 ffff | 8b94 2484 | 0000 0090 

  0x000070b3025787f8: ;   {runtime_call _new_array_Java}
  0x000070b3025787f8: c5f8 77e8 

  0x000070b3025787fc: ; ImmutableOopMap {rbp=Oop [4]=NarrowOop [8]=Oop [16]=Oop [24]=Oop [32]=NarrowOop [36]=NarrowOop [40]=Oop [48]=Oop [56]=Oop [64]=Oop [72]=NarrowOop [80]=Oop [88]=NarrowOop [96]=Oop [104]=Oop [112]=Oop [120]=Oop }
                      ;*invokestatic copyOf {reexecute=1 rethrow=0 return_oop=1}
                      ; - (reexecute) java.util.Arrays::copyOf@6 (line 3481)
                      ; - java.util.ArrayList::grow@37 (line 237)
                      ; - java.util.ArrayList::grow@7 (line 244)
                      ; - java.util.ArrayList::add@7 (line 454)
                      ; - java.util.ArrayList::add@20 (line 467)
                      ; - ai.djl.util.PairList::add@16 (line 117)
                      ; - ai.djl.pytorch.engine.PtSymbolBlock::forwardInternal@199 (line 147)
  0x000070b3025787fc: 00a8 acfd | 4c8b d0e9 | 67ec ffff | 8b54 2464 

  0x000070b30257880c: ;   {runtime_call _new_array_Java}
  0x000070b30257880c: c5f8 77e8 

  0x000070b302578810: ; ImmutableOopMap {rbp=Oop [4]=NarrowOop [8]=Oop [16]=Oop [24]=Oop [40]=Oop [48]=Oop [56]=Oop [64]=NarrowOop [68]=NarrowOop [72]=Oop [80]=NarrowOop [84]=NarrowOop [88]=Oop [104]=Oop [112]=Oop [120]=Oop }
                      ;*invokestatic copyOf {reexecute=1 rethrow=0 return_oop=1}
                      ; - (reexecute) java.util.Arrays::copyOf@6 (line 3481)
                      ; - java.util.ArrayList::grow@37 (line 237)
                      ; - java.util.ArrayList::grow@7 (line 244)
                      ; - java.util.ArrayList::add@7 (line 454)
                      ; - java.util.ArrayList::add@20 (line 467)
                      ; - ai.djl.util.PairList::add@5 (line 116)
                      ; - ai.djl.pytorch.engine.PtSymbolBlock::forwardInternal@138 (line 143)
  0x000070b302578810: eca7 acfd | 4c8b d0e9 | dadc ffff | 8b54 2464 

  0x000070b302578820: ;   {runtime_call _new_array_Java}
  0x000070b302578820: c5f8 77e8 

  0x000070b302578824: ; ImmutableOopMap {rbp=Oop [4]=NarrowOop [8]=Oop [16]=Oop [24]=Oop [32]=NarrowOop [40]=Oop [48]=Oop [56]=Oop [64]=NarrowOop [68]=NarrowOop [72]=Oop [80]=NarrowOop [88]=Oop [104]=Oop [112]=Oop [120]=Oop }
                      ;*invokestatic copyOf {reexecute=1 rethrow=0 return_oop=1}
                      ; - (reexecute) java.util.Arrays::copyOf@6 (line 3481)
                      ; - java.util.ArrayList::grow@37 (line 237)
                      ; - java.util.ArrayList::grow@7 (line 244)
                      ; - java.util.ArrayList::add@7 (line 454)
                      ; - java.util.ArrayList::add@20 (line 467)
                      ; - ai.djl.util.PairList::add@16 (line 117)
                      ; - ai.djl.pytorch.engine.PtSymbolBlock::forwardInternal@138 (line 143)
  0x000070b302578824: d8a7 acfd | 4c8b d0e9 | 33e1 ffff | bee4 ffff | ff48 8b6c | 2410 4889 | 4424 f88b | 4424 4c89 
  0x000070b302578844: 4424 2448 | 8b44 24f8 | 4c8b 9424 | 8000 0000 | 4c89 5424 | 7866 6690 

  0x000070b30257885c: ;   {runtime_call UncommonTrapBlob}
  0x000070b30257885c: c5f8 77e8 

  0x000070b302578860: ; ImmutableOopMap {rbp=Oop [4]=NarrowOop [8]=Oop [24]=Oop [36]=NarrowOop [40]=Oop [48]=Oop [56]=Oop [64]=Oop [72]=NarrowOop [96]=Oop [120]=Oop }
                      ;*aastore {reexecute=1 rethrow=0 return_oop=0}
                      ; - (reexecute) java.util.ArrayList::add@14 (line 455)
                      ; - java.util.ArrayList::add@20 (line 467)
                      ; - ai.djl.util.PairList::add@5 (line 116)
                      ; - ai.djl.pytorch.engine.PtSymbolBlock::forwardInternal@199 (line 147)
  0x000070b302578860: 9c4d a1fd | bee4 ffff | ff48 8b6c | 2410 4889 | 4424 f88b | 4424 4889 | 4424 2448 | 8b44 24f8 
  0x000070b302578880: 4489 9424 | 8000 0000 

  0x000070b302578888: ;   {runtime_call UncommonTrapBlob}
  0x000070b302578888: c5f8 77e8 

  0x000070b30257888c: ; ImmutableOopMap {rbp=Oop [4]=NarrowOop [8]=Oop [24]=Oop [32]=NarrowOop [36]=NarrowOop [40]=Oop [48]=Oop [56]=Oop [64]=Oop [96]=Oop [104]=Oop }
                      ;*aastore {reexecute=1 rethrow=0 return_oop=0}
                      ; - (reexecute) java.util.ArrayList::add@14 (line 455)
                      ; - java.util.ArrayList::add@20 (line 467)
                      ; - ai.djl.util.PairList::add@16 (line 117)
                      ; - ai.djl.pytorch.engine.PtSymbolBlock::forwardInternal@199 (line 147)
  0x000070b30257888c: 704d a1fd | bede ffff | ff4c 895c | 2440 894c | 2404 4489 | 4c24 5444 | 8944 2458 

  0x000070b3025788a8: ;   {runtime_call UncommonTrapBlob}
  0x000070b3025788a8: c5f8 77e8 

  0x000070b3025788ac: ; ImmutableOopMap {rbp=NarrowOop [4]=NarrowOop [8]=Oop [24]=Oop [32]=Oop [64]=Oop [84]=NarrowOop [88]=NarrowOop [112]=Oop [120]=Oop [128]=Oop }
                      ;*invokeinterface add {reexecute=0 rethrow=0 return_oop=0}
                      ; - ai.djl.util.PairList::add@5 (line 116)
                      ; - ai.djl.pytorch.engine.PtSymbolBlock::forwardInternal@199 (line 147)
  0x000070b3025788ac: 504d a1fd | bed6 ffff | ff48 8b6c | 2410 4889 | 4424 f88b | 4424 4c89 | 4424 2448 | 8b44 24f8 
  0x000070b3025788cc: 4c8b 9424 | 8000 0000 | 4c89 5424 | 7866 6690 

  0x000070b3025788dc: ;   {runtime_call UncommonTrapBlob}
  0x000070b3025788dc: c5f8 77e8 

  0x000070b3025788e0: ; ImmutableOopMap {rbp=Oop [4]=NarrowOop [8]=Oop [24]=Oop [36]=NarrowOop [40]=Oop [48]=Oop [56]=Oop [64]=Oop [72]=NarrowOop [96]=Oop [120]=Oop }
                      ;*aastore {reexecute=1 rethrow=0 return_oop=0}
                      ; - (reexecute) java.util.ArrayList::add@14 (line 455)
                      ; - java.util.ArrayList::add@20 (line 467)
                      ; - ai.djl.util.PairList::add@5 (line 116)
                      ; - ai.djl.pytorch.engine.PtSymbolBlock::forwardInternal@199 (line 147)
  0x000070b3025788e0: 1c4d a1fd | bede ffff | ff48 ff74 | 2428 488f | 4424 2044 | 894c 244c 

  0x000070b3025788f8: ;   {runtime_call UncommonTrapBlob}
  0x000070b3025788f8: c5f8 77e8 

  0x000070b3025788fc: ; ImmutableOopMap {rbp=NarrowOop [4]=NarrowOop [8]=Oop [16]=Oop [24]=Oop [32]=Oop [48]=Oop [56]=Oop [64]=Oop [72]=NarrowOop [76]=NarrowOop }
                      ;*invokeinterface add {reexecute=0 rethrow=0 return_oop=0}
                      ; - ai.djl.util.PairList::add@16 (line 117)
                      ; - ai.djl.pytorch.engine.PtSymbolBlock::forwardInternal@199 (line 147)
  0x000070b3025788fc: 004d a1fd | bed6 ffff | ff48 8b6c | 2410 4889 | 4424 f88b | 4424 4889 | 4424 2448 | 8b44 24f8 
  0x000070b30257891c: 4c89 4c24 | 7844 8994 | 2480 0000 | 0066 6690 

  0x000070b30257892c: ;   {runtime_call UncommonTrapBlob}
  0x000070b30257892c: c5f8 77e8 

  0x000070b302578930: ; ImmutableOopMap {rbp=Oop [4]=NarrowOop [8]=Oop [24]=Oop [32]=NarrowOop [36]=NarrowOop [40]=Oop [48]=Oop [56]=Oop [64]=Oop [96]=Oop [120]=Oop }
                      ;*aastore {reexecute=1 rethrow=0 return_oop=0}
                      ; - (reexecute) java.util.ArrayList::add@14 (line 455)
                      ; - java.util.ArrayList::add@20 (line 467)
                      ; - ai.djl.util.PairList::add@16 (line 117)
                      ; - ai.djl.pytorch.engine.PtSymbolBlock::forwardInternal@199 (line 147)
  0x000070b302578930: cc4c a1fd | 498b f7c5 | f877 49ba | b028 ee14 | b370 0000 | 41ff d2e9 | 36e9 ffff | 498b f7c5 
  0x000070b302578950: f877 49ba | b028 ee14 | b370 0000 | 41ff d2e9 | 85e2 ffff | bee4 ffff | ff48 8b6c | 2410 4889 
  0x000070b302578970: 4424 f88b | 4424 4489 | 4424 2448 | 8b44 24f8 | 4c8b 5424 | 784c 8954 | 2470 6690 

  0x000070b30257898c: ;   {runtime_call UncommonTrapBlob}
  0x000070b30257898c: c5f8 77e8 

  0x000070b302578990: ; ImmutableOopMap {rbp=Oop [4]=NarrowOop [8]=Oop [24]=Oop [36]=NarrowOop [40]=Oop [48]=Oop [56]=Oop [64]=NarrowOop [88]=Oop [112]=Oop }
                      ;*aastore {reexecute=1 rethrow=0 return_oop=0}
                      ; - (reexecute) java.util.ArrayList::add@14 (line 455)
                      ; - java.util.ArrayList::add@20 (line 467)
                      ; - ai.djl.util.PairList::add@5 (line 116)
                      ; - ai.djl.pytorch.engine.PtSymbolBlock::forwardInternal@138 (line 143)
  0x000070b302578990: 6c4c a1fd | bee4 ffff | ff48 8b6c | 2410 4889 | 4424 f88b | 4424 4089 | 4424 2448 | 8b44 24f8 
  0x000070b3025789b0: 4c8b 5c24 | 784c 895c | 2470 4489 | 5424 7890 

  0x000070b3025789c0: ;   {runtime_call UncommonTrapBlob}
  0x000070b3025789c0: c5f8 77e8 

  0x000070b3025789c4: ; ImmutableOopMap {rbp=Oop [4]=NarrowOop [8]=Oop [24]=Oop [32]=NarrowOop [36]=NarrowOop [40]=Oop [48]=Oop [56]=Oop [88]=Oop [112]=Oop }
                      ;*aastore {reexecute=1 rethrow=0 return_oop=0}
                      ; - (reexecute) java.util.ArrayList::add@14 (line 455)
                      ; - java.util.ArrayList::add@20 (line 467)
                      ; - ai.djl.util.PairList::add@16 (line 117)
                      ; - ai.djl.pytorch.engine.PtSymbolBlock::forwardInternal@138 (line 143)
  0x000070b3025789c4: 384c a1fd | bede ffff | ff4c 895c | 2438 894c | 2404 4489 | 4c24 4c44 | 8944 2450 

  0x000070b3025789e0: ;   {runtime_call UncommonTrapBlob}
  0x000070b3025789e0: c5f8 77e8 

  0x000070b3025789e4: ; ImmutableOopMap {rbp=NarrowOop [4]=NarrowOop [8]=Oop [24]=Oop [32]=Oop [56]=Oop [76]=NarrowOop [80]=NarrowOop [104]=Oop [120]=Oop }
                      ;*invokeinterface add {reexecute=0 rethrow=0 return_oop=0}
                      ; - ai.djl.util.PairList::add@5 (line 116)
                      ; - ai.djl.pytorch.engine.PtSymbolBlock::forwardInternal@138 (line 143)
  0x000070b3025789e4: 184c a1fd | bed6 ffff | ff48 8b6c | 2410 4889 | 4424 f88b | 4424 4489 | 4424 2448 | 8b44 24f8 
  0x000070b302578a04: 4c8b 5424 | 784c 8954 | 2470 6690 

  0x000070b302578a10: ;   {runtime_call UncommonTrapBlob}
  0x000070b302578a10: c5f8 77e8 

  0x000070b302578a14: ; ImmutableOopMap {rbp=Oop [4]=NarrowOop [8]=Oop [24]=Oop [36]=NarrowOop [40]=Oop [48]=Oop [56]=Oop [64]=NarrowOop [88]=Oop [112]=Oop }
                      ;*aastore {reexecute=1 rethrow=0 return_oop=0}
                      ; - (reexecute) java.util.ArrayList::add@14 (line 455)
                      ; - java.util.ArrayList::add@20 (line 467)
                      ; - ai.djl.util.PairList::add@5 (line 116)
                      ; - ai.djl.pytorch.engine.PtSymbolBlock::forwardInternal@138 (line 143)
  0x000070b302578a14: e84b a1fd | bede ffff | ff48 ff74 | 2428 488f | 4424 2044 | 894c 2444 

  0x000070b302578a2c: ;   {runtime_call UncommonTrapBlob}
  0x000070b302578a2c: c5f8 77e8 

  0x000070b302578a30: ; ImmutableOopMap {rbp=NarrowOop [4]=NarrowOop [8]=Oop [16]=Oop [24]=Oop [32]=Oop [48]=Oop [56]=Oop [64]=NarrowOop [68]=NarrowOop }
                      ;*invokeinterface add {reexecute=0 rethrow=0 return_oop=0}
                      ; - ai.djl.util.PairList::add@16 (line 117)
                      ; - ai.djl.pytorch.engine.PtSymbolBlock::forwardInternal@138 (line 143)
  0x000070b302578a30: cc4b a1fd | bed6 ffff | ff48 8b6c | 2410 4889 | 4424 f88b | 4424 4089 | 4424 2448 | 8b44 24f8 
  0x000070b302578a50: 48ff 7424 | 7848 8f44 | 2470 4489 | 5424 7890 

  0x000070b302578a60: ;   {runtime_call UncommonTrapBlob}
  0x000070b302578a60: c5f8 77e8 

  0x000070b302578a64: ; ImmutableOopMap {rbp=Oop [4]=NarrowOop [8]=Oop [24]=Oop [32]=NarrowOop [36]=NarrowOop [40]=Oop [48]=Oop [56]=Oop [88]=Oop [112]=Oop }
                      ;*aastore {reexecute=1 rethrow=0 return_oop=0}
                      ; - (reexecute) java.util.ArrayList::add@14 (line 455)
                      ; - java.util.ArrayList::add@20 (line 467)
                      ; - ai.djl.util.PairList::add@16 (line 117)
                      ; - ai.djl.pytorch.engine.PtSymbolBlock::forwardInternal@138 (line 143)
  0x000070b302578a64: 984b a1fd | 498b db49 | 8bf7 c5f8 | 7749 bab0 | 28ee 14b3 | 7000 0041 | ffd2 4c8b | dbe9 2ae3 
  0x000070b302578a84: ffff 498b | f7c5 f877 | 49ba b028 | ee14 b370 | 0000 41ff | d2e9 dfdc | ffff 498b | f7c5 f877 
  0x000070b302578aa4: 49ba b028 | ee14 b370 | 0000 41ff | d2e9 53d1 | ffff 498b | db49 8bf7 | c5f8 7749 | bab0 28ee 
  0x000070b302578ac4: 14b3 7000 | 0041 ffd2 | 4c8b dbe9 | fcd7 ffff | 498b f048 | 8d94 24f0 | 0000 0048 | 8974 2428 
  0x000070b302578ae4: ;   {runtime_call _complete_monitor_locking_Java}
  0x000070b302578ae4: c5f8 77e8 

  0x000070b302578ae8: ; ImmutableOopMap {[8]=Oop [16]=Oop [24]=Oop [32]=Oop [40]=Oop }
                      ;*monitorenter {reexecute=0 rethrow=0 return_oop=0}
                      ; - ai.djl.pytorch.engine.PtSymbolBlock::forwardInternal@62 (line 138)
  0x000070b302578ae8: 1490 acfd | e9e3 d2ff | ffbe deff | ffff 48ff | 7424 2048 | 8f44 2410 

  0x000070b302578b00: ;   {runtime_call UncommonTrapBlob}
  0x000070b302578b00: c5f8 77e8 

  0x000070b302578b04: ; ImmutableOopMap {rbp=Oop [8]=Oop [16]=Oop [24]=Oop [120]=Oop }
                      ;*invokeinterface hasNext {reexecute=0 rethrow=0 return_oop=0}
                      ; - ai.djl.pytorch.engine.PtSymbolBlock::forwardInternal@100 (line 142)
  0x000070b302578b04: f84a a1fd | bede ffff | ff4c 895c | 2438 6690 

  0x000070b302578b14: ;   {runtime_call UncommonTrapBlob}
  0x000070b302578b14: c5f8 77e8 

  0x000070b302578b18: ; ImmutableOopMap {[8]=Oop [24]=Oop [32]=Oop [56]=Oop [120]=Oop [128]=Oop }
                      ;*invokeinterface hasNext {reexecute=0 rethrow=0 return_oop=0}
                      ; - ai.djl.pytorch.engine.PtSymbolBlock::forwardInternal@161 (line 146)
  0x000070b302578b18: e44a a1fd | 488b 7c24 | 2048 8db4 | 24f0 0000 | 0049 8bd7 | c5f8 7749 | ba20 4550 | 15b3 7000 
  0x000070b302578b38: 0041 ffd2 | e94c ecff | ff49 8bf7 | c5f8 7749 | bab0 28ee | 14b3 7000 | 0041 ffd2 | e999 e6ff 
  0x000070b302578b58: ff49 8bf7 | c5f8 7749 | bab0 28ee | 14b3 7000 | 0041 ffd2 | e922 f2ff | ff49 83c3 | fe49 8bcb 
  0x000070b302578b78: 498b fa48 | 33c0 4883 | f908 7f10 | 48ff c978 | 4f48 8904 | cf48 ffc9 | 7df7 eb44 | c5fd efc0 
  0x000070b302578b98: e90d 0000 | 00c5 fe7f | 07c5 fe7f | 4720 4883 | c740 4883 | e908 7ded | 4883 c104 | 7c0c c5fe 
  0x000070b302578bb8: 7f07 4883 | c720 4883 | e904 4883 | c104 7e10 | 48ff c9c5 | f9d6 0748 | 83c7 0848 | ffc9 7df3 
  0x000070b302578bd8: e977 e4ff | ff49 83c3 | fe49 8bcb | 498b fa48 | 33c0 4883 | f908 7f10 | 48ff c978 | 4f48 8904 
  0x000070b302578bf8: cf48 ffc9 | 7df7 eb44 | c5fd efc0 | e90d 0000 | 00c5 fe7f | 07c5 fe7f | 4720 4883 | c740 4883 
  0x000070b302578c18: e908 7ded | 4883 c104 | 7c0c c5fe | 7f07 4883 | c720 4883 | e904 4883 | c104 7e10 | 48ff c9c5 
  0x000070b302578c38: f9d6 0748 | 83c7 0848 | ffc9 7df3 | e993 e8ff | ffbe ceff | ffff 6690 

  0x000070b302578c50: ;   {runtime_call UncommonTrapBlob}
  0x000070b302578c50: c5f8 77e8 

  0x000070b302578c54: ; ImmutableOopMap {rbp=Oop [4]=NarrowOop [8]=Oop [16]=Oop [24]=Oop [40]=Oop [48]=Oop [56]=Oop [64]=Oop [72]=NarrowOop [76]=NarrowOop [92]=NarrowOop [96]=Oop }
                      ;*invokestatic copyOf {reexecute=1 rethrow=0 return_oop=0}
                      ; - (reexecute) java.util.Arrays::copyOf@6 (line 3481)
                      ; - java.util.ArrayList::grow@37 (line 237)
                      ; - java.util.ArrayList::grow@7 (line 244)
                      ; - java.util.ArrayList::add@7 (line 454)
                      ; - java.util.ArrayList::add@20 (line 467)
                      ; - ai.djl.util.PairList::add@5 (line 116)
                      ; - ai.djl.pytorch.engine.PtSymbolBlock::forwardInternal@199 (line 147)
  0x000070b302578c54: a849 a1fd | bece ffff | ff44 8b9c | 2480 0000 | 0044 895c | 247c 6690 

  0x000070b302578c6c: ;   {runtime_call UncommonTrapBlob}
  0x000070b302578c6c: c5f8 77e8 

  0x000070b302578c70: ; ImmutableOopMap {rbp=Oop [4]=NarrowOop [8]=Oop [16]=Oop [24]=Oop [32]=NarrowOop [36]=NarrowOop [40]=Oop [48]=Oop [56]=Oop [64]=Oop [72]=NarrowOop [96]=Oop }
                      ;*invokestatic copyOf {reexecute=1 rethrow=0 return_oop=0}
                      ; - (reexecute) java.util.Arrays::copyOf@6 (line 3481)
                      ; - java.util.ArrayList::grow@37 (line 237)
                      ; - java.util.ArrayList::grow@7 (line 244)
                      ; - java.util.ArrayList::add@7 (line 454)
                      ; - java.util.ArrayList::add@20 (line 467)
                      ; - ai.djl.util.PairList::add@16 (line 117)
                      ; - ai.djl.pytorch.engine.PtSymbolBlock::forwardInternal@199 (line 147)
  0x000070b302578c70: 8c49 a1fd | 498b f7c5 | f877 49ba | b028 ee14 | b370 0000 | 41ff d2e9 | 76d2 ffff | 498b f7c5 
  0x000070b302578c90: f877 49ba | b028 ee14 | b370 0000 | 41ff d2e9 | a0d2 ffff | 498b f7c5 | f877 49ba | b028 ee14 
  0x000070b302578cb0: b370 0000 | 41ff d2e9 | d7d3 ffff | 498b f7c5 | f877 49ba | b028 ee14 | b370 0000 | 41ff d2e9 
  0x000070b302578cd0: 01d4 ffff | 498b f7c5 | f877 49ba | b028 ee14 | b370 0000 | 41ff d2e9 | 0cda ffff | 498b f7c5 
  0x000070b302578cf0: f877 49ba | b028 ee14 | b370 0000 | 41ff d2e9 | 42f4 ffff | 498b f7c5 | f877 49ba | b028 ee14 
  0x000070b302578d10: b370 0000 | 41ff d2e9 | 43e3 ffff | 498b f7c5 | f877 49ba | b028 ee14 | b370 0000 | 41ff d2e9 
  0x000070b302578d30: b3e7 ffff | be3d ffff | ff48 8b6c | 2410 898c | 2490 0000 | 0044 898c | 2494 0000 | 0066 6690 
  0x000070b302578d50: ;   {runtime_call UncommonTrapBlob}
  0x000070b302578d50: c5f8 77e8 

  0x000070b302578d54: ; ImmutableOopMap {rbp=Oop [4]=NarrowOop [8]=Oop [24]=Oop [40]=Oop [48]=Oop [56]=Oop [64]=Oop [72]=NarrowOop [76]=NarrowOop [92]=NarrowOop [96]=Oop }
                      ;*if_icmpge {reexecute=1 rethrow=0 return_oop=0}
                      ; - (reexecute) jdk.internal.util.ArraysSupport::newLength@10 (line 638)
                      ; - java.util.ArrayList::grow@27 (line 234)
                      ; - java.util.ArrayList::grow@7 (line 244)
                      ; - java.util.ArrayList::add@7 (line 454)
                      ; - java.util.ArrayList::add@20 (line 467)
                      ; - ai.djl.util.PairList::add@5 (line 116)
                      ; - ai.djl.pytorch.engine.PtSymbolBlock::forwardInternal@199 (line 147)
  0x000070b302578d54: a848 a1fd | be3d ffff | ff48 8b6c | 2410 448b | 8424 8000 | 0000 4489 | 4424 7489 | 9c24 9000 
  0x000070b302578d74: 0000 4489 | 9c24 9400 | 0000 6690 

  0x000070b302578d80: ;   {runtime_call UncommonTrapBlob}
  0x000070b302578d80: c5f8 77e8 

  0x000070b302578d84: ; ImmutableOopMap {rbp=Oop [4]=NarrowOop [8]=Oop [24]=Oop [32]=NarrowOop [36]=NarrowOop [40]=Oop [48]=Oop [56]=Oop [64]=Oop [72]=NarrowOop [96]=Oop }
                      ;*if_icmpge {reexecute=1 rethrow=0 return_oop=0}
                      ; - (reexecute) jdk.internal.util.ArraysSupport::newLength@10 (line 638)
                      ; - java.util.ArrayList::grow@27 (line 234)
                      ; - java.util.ArrayList::grow@7 (line 244)
                      ; - java.util.ArrayList::add@7 (line 454)
                      ; - java.util.ArrayList::add@20 (line 467)
                      ; - ai.djl.util.PairList::add@16 (line 117)
                      ; - ai.djl.pytorch.engine.PtSymbolBlock::forwardInternal@199 (line 147)
  0x000070b302578d84: 7848 a1fd | 4983 c3fe | 498b cb49 | 8bfa 4833 | c048 83f9 | 087f 1048 | ffc9 784f | 4889 04cf 
  0x000070b302578da4: 48ff c97d | f7eb 44c5 | fdef c0e9 | 0d00 0000 | c5fe 7f07 | c5fe 7f47 | 2048 83c7 | 4048 83e9 
  0x000070b302578dc4: 087d ed48 | 83c1 047c | 0cc5 fe7f | 0748 83c7 | 2048 83e9 | 0448 83c1 | 047e 1048 | ffc9 c5f9 
  0x000070b302578de4: d607 4883 | c708 48ff | c97d f3e9 | 66d7 ffff | 4983 c3fe | 498b cb49 | 8bfa 4833 | c048 83f9 
  0x000070b302578e04: 087f 1048 | ffc9 784f | 4889 04cf | 48ff c97d | f7eb 44c5 | fdef c0e9 | 0d00 0000 | c5fe 7f07 
  0x000070b302578e24: c5fe 7f47 | 2048 83c7 | 4048 83e9 | 087d ed48 | 83c1 047c | 0cc5 fe7f | 0748 83c7 | 2048 83e9 
  0x000070b302578e44: 0448 83c1 | 047e 1048 | ffc9 c5f9 | d607 4883 | c708 48ff | c97d f3e9 | 67db ffff | bece ffff 
  0x000070b302578e64: ff66 6690 

  0x000070b302578e68: ;   {runtime_call UncommonTrapBlob}
  0x000070b302578e68: c5f8 77e8 

  0x000070b302578e6c: ; ImmutableOopMap {rbp=Oop [4]=NarrowOop [8]=Oop [16]=Oop [24]=Oop [40]=Oop [48]=Oop [56]=Oop [64]=NarrowOop [68]=NarrowOop [84]=NarrowOop [88]=Oop }
                      ;*invokestatic copyOf {reexecute=1 rethrow=0 return_oop=0}
                      ; - (reexecute) java.util.Arrays::copyOf@6 (line 3481)
                      ; - java.util.ArrayList::grow@37 (line 237)
                      ; - java.util.ArrayList::grow@7 (line 244)
                      ; - java.util.ArrayList::add@7 (line 454)
                      ; - java.util.ArrayList::add@20 (line 467)
                      ; - ai.djl.util.PairList::add@5 (line 116)
                      ; - ai.djl.pytorch.engine.PtSymbolBlock::forwardInternal@138 (line 143)
  0x000070b302578e6c: 9047 a1fd | bece ffff | ff66 6690 

  0x000070b302578e78: ;   {runtime_call UncommonTrapBlob}
  0x000070b302578e78: c5f8 77e8 

  0x000070b302578e7c: ; ImmutableOopMap {rbp=Oop [4]=NarrowOop [8]=Oop [16]=Oop [24]=Oop [32]=NarrowOop [40]=Oop [48]=Oop [56]=Oop [64]=NarrowOop [68]=NarrowOop [88]=Oop }
                      ;*invokestatic copyOf {reexecute=1 rethrow=0 return_oop=0}
                      ; - (reexecute) java.util.Arrays::copyOf@6 (line 3481)
                      ; - java.util.ArrayList::grow@37 (line 237)
                      ; - java.util.ArrayList::grow@7 (line 244)
                      ; - java.util.ArrayList::add@7 (line 454)
                      ; - java.util.ArrayList::add@20 (line 467)
                      ; - ai.djl.util.PairList::add@16 (line 117)
                      ; - ai.djl.pytorch.engine.PtSymbolBlock::forwardInternal@138 (line 143)
  0x000070b302578e7c: 8047 a1fd | 498b f7c5 | f877 49ba | b028 ee14 | b370 0000 | 41ff d2e9 | cdd6 ffff | 498b f7c5 
  0x000070b302578e9c: f877 49ba | b028 ee14 | b370 0000 | 41ff d2e9 | 22db ffff | be3d ffff | ff48 8b6c | 2410 898c 
  0x000070b302578ebc: 2488 0000 | 0044 898c | 248c 0000 | 0066 6690 

  0x000070b302578ecc: ;   {runtime_call UncommonTrapBlob}
  0x000070b302578ecc: c5f8 77e8 

  0x000070b302578ed0: ; ImmutableOopMap {rbp=Oop [4]=NarrowOop [8]=Oop [24]=Oop [40]=Oop [48]=Oop [56]=Oop [64]=NarrowOop [68]=NarrowOop [84]=NarrowOop [88]=Oop }
                      ;*if_icmpge {reexecute=1 rethrow=0 return_oop=0}
                      ; - (reexecute) jdk.internal.util.ArraysSupport::newLength@10 (line 638)
                      ; - java.util.ArrayList::grow@27 (line 234)
                      ; - java.util.ArrayList::grow@7 (line 244)
                      ; - java.util.ArrayList::add@7 (line 454)
                      ; - java.util.ArrayList::add@20 (line 467)
                      ; - ai.djl.util.PairList::add@5 (line 116)
                      ; - ai.djl.pytorch.engine.PtSymbolBlock::forwardInternal@138 (line 143)
  0x000070b302578ed0: 2c47 a1fd | be3d ffff | ff48 8b6c | 2410 898c | 2488 0000 | 0044 898c | 248c 0000 | 0066 6690 
  0x000070b302578ef0: ;   {runtime_call UncommonTrapBlob}
  0x000070b302578ef0: c5f8 77e8 

  0x000070b302578ef4: ; ImmutableOopMap {rbp=Oop [4]=NarrowOop [8]=Oop [24]=Oop [32]=NarrowOop [40]=Oop [48]=Oop [56]=Oop [64]=NarrowOop [68]=NarrowOop [88]=Oop }
                      ;*if_icmpge {reexecute=1 rethrow=0 return_oop=0}
                      ; - (reexecute) jdk.internal.util.ArraysSupport::newLength@10 (line 638)
                      ; - java.util.ArrayList::grow@27 (line 234)
                      ; - java.util.ArrayList::grow@7 (line 244)
                      ; - java.util.ArrayList::add@7 (line 454)
                      ; - java.util.ArrayList::add@20 (line 467)
                      ; - ai.djl.util.PairList::add@16 (line 117)
                      ; - ai.djl.pytorch.engine.PtSymbolBlock::forwardInternal@138 (line 143)
  0x000070b302578ef4: 0847 a1fd | bede ffff | ff48 8b6c | 2420 4889 | 4c24 2044 | 894c 2404 | 4489 6c24 | 28c5 fa11 
  0x000070b302578f14: 4424 30c5 | fa11 5424 | 3489 5424 | 3c44 8974 | 2440 6690 

  0x000070b302578f28: ;   {runtime_call UncommonTrapBlob}
  0x000070b302578f28: c5f8 77e8 

  0x000070b302578f2c: ; ImmutableOopMap {rbp=Oop [4]=NarrowOop [8]=Oop [16]=Oop [24]=Oop [32]=Oop [40]=NarrowOop [60]=NarrowOop }
                      ;*invokevirtual find {reexecute=0 rethrow=0 return_oop=0}
                      ; - java.util.concurrent.ConcurrentHashMap::get@93 (line 944)
                      ; - java.util.Properties::getProperty@5 (line 1105)
                      ; - java.lang.System::getProperty@21 (line 932)
                      ; - ai.djl.pytorch.engine.PtSymbolBlock::forwardInternal@33 (line 127)
  0x000070b302578f2c: d046 a1fd | bede ffff | ff48 8944 | 2430 6690 

  0x000070b302578f3c: ;   {runtime_call UncommonTrapBlob}
  0x000070b302578f3c: c5f8 77e8 

  0x000070b302578f40: ; ImmutableOopMap {[8]=Oop [24]=Oop [32]=Oop [48]=Oop [104]=Oop [120]=Oop }
                      ;*checkcast {reexecute=0 rethrow=0 return_oop=0}
                      ; - ai.djl.pytorch.engine.PtSymbolBlock::forwardInternal@115 (line 142)
  0x000070b302578f40: bc46 a1fd | bede ffff | ff48 8944 | 2438 6690 

  0x000070b302578f50: ;   {runtime_call UncommonTrapBlob}
  0x000070b302578f50: c5f8 77e8 

  0x000070b302578f54: ; ImmutableOopMap {[8]=Oop [24]=Oop [32]=Oop [56]=Oop [112]=Oop [120]=Oop [128]=Oop }
                      ;*checkcast {reexecute=0 rethrow=0 return_oop=0}
                      ; - ai.djl.pytorch.engine.PtSymbolBlock::forwardInternal@176 (line 146)
  0x000070b302578f54: a846 a1fd | bede ffff | ff48 ff74 | 2468 488f | 4424 3089 | 4c24 0444 | 8944 2440 | 4c89 5c24 
  0x000070b302578f74: 504c 895c | 2458 4889 | 7c24 7090 

  0x000070b302578f80: ;   {runtime_call UncommonTrapBlob}
  0x000070b302578f80: c5f8 77e8 

  0x000070b302578f84: ; ImmutableOopMap {rbp=NarrowOop [4]=NarrowOop [8]=Oop [24]=Oop [32]=Oop [48]=Oop [64]=NarrowOop [80]=Oop [88]=Oop [112]=Oop [120]=Oop }
                      ;*checkcast {reexecute=0 rethrow=0 return_oop=0}
                      ; - ai.djl.pytorch.jni.JniUtils::getShape@11 (line 1648)
                      ; - ai.djl.pytorch.engine.PtNDArray::getShape@9 (line 145)
                      ; - ai.djl.pytorch.engine.PtSymbolBlock::forwardInternal@133 (line 143)
  0x000070b302578f84: 7846 a1fd | bede ffff | ff48 ff74 | 2478 488f | 4424 2848 | ff74 2470 | 488f 4424 | 3889 4c24 
  0x000070b302578fa4: 0444 8944 | 2448 4c89 | 5c24 584c | 895c 2460 | 4889 7c24 | 7866 6690 

  0x000070b302578fbc: ;   {runtime_call UncommonTrapBlob}
  0x000070b302578fbc: c5f8 77e8 

  0x000070b302578fc0: ; ImmutableOopMap {rbp=NarrowOop [4]=NarrowOop [8]=Oop [24]=Oop [32]=Oop [40]=Oop [56]=Oop [72]=NarrowOop [88]=Oop [96]=Oop [120]=Oop [128]=Oop }
                      ;*checkcast {reexecute=0 rethrow=0 return_oop=0}
                      ; - ai.djl.pytorch.jni.JniUtils::getShape@11 (line 1648)
                      ; - ai.djl.pytorch.engine.PtNDArray::getShape@9 (line 145)
                      ; - ai.djl.pytorch.engine.PtSymbolBlock::forwardInternal@194 (line 147)
  0x000070b302578fc0: 3c46 a1fd | bef6 ffff | ff48 8b6c | 2420 6690 

  0x000070b302578fd0: ;   {runtime_call UncommonTrapBlob}
  0x000070b302578fd0: c5f8 77e8 

  0x000070b302578fd4: ; ImmutableOopMap {rbp=Oop [8]=Oop [16]=Oop [24]=Oop }
                      ;*invokevirtual getProperty {reexecute=0 rethrow=0 return_oop=0}
                      ; - java.lang.System::getProperty@21 (line 932)
                      ; - ai.djl.pytorch.engine.PtSymbolBlock::forwardInternal@33 (line 127)
  0x000070b302578fd4: 2846 a1fd | bef6 ffff | ff48 8b6c | 2420 4889 | 4c24 2090 

  0x000070b302578fe8: ;   {runtime_call UncommonTrapBlob}
  0x000070b302578fe8: c5f8 77e8 

  0x000070b302578fec: ; ImmutableOopMap {rbp=Oop [8]=Oop [16]=Oop [24]=Oop [32]=Oop }
                      ;*invokevirtual get {reexecute=0 rethrow=0 return_oop=0}
                      ; - java.util.Properties::getProperty@5 (line 1105)
                      ; - java.lang.System::getProperty@21 (line 932)
                      ; - ai.djl.pytorch.engine.PtSymbolBlock::forwardInternal@33 (line 127)
  0x000070b302578fec: 1046 a1fd | be45 ffff | ff44 895c | 2404 4489 | 6c24 3089 | 5424 34c5 | fa11 4424 | 38c5 fa11 
  0x000070b30257900c: 5424 3c44 | 8974 2440 

  0x000070b302579014: ;   {runtime_call UncommonTrapBlob}
  0x000070b302579014: c5f8 77e8 

  0x000070b302579018: ; ImmutableOopMap {rbp=NarrowOop [4]=NarrowOop [8]=Oop [16]=Oop [24]=Oop [32]=Oop [40]=Oop [48]=NarrowOop [52]=NarrowOop }
                      ;*ifnull {reexecute=1 rethrow=0 return_oop=0}
                      ; - (reexecute) java.util.concurrent.ConcurrentHashMap::get@67 (line 940)
                      ; - java.util.Properties::getProperty@5 (line 1105)
                      ; - java.lang.System::getProperty@21 (line 932)
                      ; - ai.djl.pytorch.engine.PtSymbolBlock::forwardInternal@33 (line 127)
  0x000070b302579018: e445 a1fd | bef4 ffff | ff66 6690 

  0x000070b302579024: ;   {runtime_call UncommonTrapBlob}
  0x000070b302579024: c5f8 77e8 

  0x000070b302579028: ; ImmutableOopMap {[8]=Oop [24]=Oop [32]=Oop [112]=Oop [120]=Oop [128]=Oop }
                      ;*checkcast {reexecute=0 rethrow=0 return_oop=0}
                      ; - ai.djl.pytorch.engine.PtSymbolBlock::forwardInternal@176 (line 146)
  0x000070b302579028: d445 a1fd | bef6 ffff | ff4c 895c | 2438 4489 | 4424 0444 | 894c 2440 

  0x000070b302579040: ;   {runtime_call UncommonTrapBlob}
  0x000070b302579040: c5f8 77e8 

  0x000070b302579044: ; ImmutableOopMap {[4]=NarrowOop [8]=Oop [24]=Oop [32]=Oop [56]=Oop [64]=NarrowOop [112]=Oop [120]=Oop [128]=Oop }
                      ;*invokevirtual add {reexecute=0 rethrow=0 return_oop=0}
                      ; - ai.djl.pytorch.engine.PtSymbolBlock::forwardInternal@199 (line 147)
  0x000070b302579044: b845 a1fd | bef6 ffff | ff4c 895c | 2438 894c | 2404 4489 | 4c24 4c44 | 8944 2450 

  0x000070b302579060: ;   {runtime_call UncommonTrapBlob}
  0x000070b302579060: c5f8 77e8 

  0x000070b302579064: ; ImmutableOopMap {[4]=NarrowOop [8]=Oop [24]=Oop [32]=Oop [56]=Oop [76]=NarrowOop [80]=NarrowOop [112]=Oop [120]=Oop [128]=Oop }
                      ;*invokeinterface add {reexecute=0 rethrow=0 return_oop=0}
                      ; - ai.djl.util.PairList::add@5 (line 116)
                      ; - ai.djl.pytorch.engine.PtSymbolBlock::forwardInternal@199 (line 147)
  0x000070b302579064: 9845 a1fd | bef6 ffff | ff4c 895c | 2438 894c | 2404 4489 | 4c24 4c44 | 8944 2458 | 4889 7c24 
  0x000070b302579084: 6044 8944 | 245c 4489 | 5424 6c90 

  0x000070b302579090: ;   {runtime_call UncommonTrapBlob}
  0x000070b302579090: c5f8 77e8 

  0x000070b302579094: ; ImmutableOopMap {[4]=NarrowOop [8]=Oop [24]=Oop [32]=Oop [56]=Oop [76]=NarrowOop [88]=NarrowOop [92]=NarrowOop [96]=Oop [112]=Oop [120]=Oop [128]=Oop }
                      ;*arraylength {reexecute=0 rethrow=0 return_oop=0}
                      ; - java.util.ArrayList::add@2 (line 453)
                      ; - java.util.ArrayList::add@20 (line 467)
                      ; - ai.djl.util.PairList::add@5 (line 116)
                      ; - ai.djl.pytorch.engine.PtSymbolBlock::forwardInternal@199 (line 147)
  0x000070b302579094: 6845 a1fd | bef6 ffff | ff48 8b6c | 2410 48ff | 7424 2848 | 8f44 2420 | 48ff 7424 | 3048 8f44 
  0x000070b3025790b4: 2428 48ff | 7424 3848 | 8f44 2430 | 48ff 7424 | 4048 8f44 | 2438 4489 | 4c24 4c90 

  0x000070b3025790d0: ;   {runtime_call UncommonTrapBlob}
  0x000070b3025790d0: c5f8 77e8 

  0x000070b3025790d4: ; ImmutableOopMap {rbp=Oop [4]=NarrowOop [8]=Oop [24]=Oop [32]=Oop [40]=Oop [48]=Oop [56]=Oop [72]=NarrowOop [76]=NarrowOop }
                      ;*invokeinterface add {reexecute=0 rethrow=0 return_oop=0}
                      ; - ai.djl.util.PairList::add@16 (line 117)
                      ; - ai.djl.pytorch.engine.PtSymbolBlock::forwardInternal@199 (line 147)
  0x000070b3025790d4: 2845 a1fd | bef6 ffff | ff48 8b6c | 2410 4889 | 4424 f88b | 4424 4889 | 4424 2448 | 8b44 24f8 
  0x000070b3025790f4: ;   {runtime_call UncommonTrapBlob}
  0x000070b3025790f4: c5f8 77e8 

  0x000070b3025790f8: ; ImmutableOopMap {rbp=Oop [4]=NarrowOop [8]=Oop [24]=Oop [32]=NarrowOop [36]=NarrowOop [40]=Oop [48]=Oop [56]=Oop [64]=Oop [96]=Oop }
                      ;*arraylength {reexecute=0 rethrow=0 return_oop=0}
                      ; - java.util.ArrayList::add@2 (line 453)
                      ; - java.util.ArrayList::add@20 (line 467)
                      ; - ai.djl.util.PairList::add@16 (line 117)
                      ; - ai.djl.pytorch.engine.PtSymbolBlock::forwardInternal@199 (line 147)
  0x000070b3025790f8: 0445 a1fd | bef6 ffff | ff48 ff74 | 2428 488f | 4424 2090 

  0x000070b30257910c: ;   {runtime_call UncommonTrapBlob}
  0x000070b30257910c: c5f8 77e8 

  0x000070b302579110: ; ImmutableOopMap {[8]=Oop [16]=Oop [24]=Oop [32]=Oop [48]=Oop [64]=Oop [112]=Oop }
                      ;*getfield size {reexecute=1 rethrow=0 return_oop=0}
                      ; - (reexecute) java.util.ArrayList$Itr::hasNext@8 (line 962)
                      ; - ai.djl.pytorch.engine.PtSymbolBlock::forwardInternal@161 (line 146)
  0x000070b302579110: ec44 a1fd | be45 ffff | ff44 894c | 2404 4489 | 6c24 304c | 8954 2438 | c5fa 1144 | 2434 c5fa 
  0x000070b302579130: 1154 2440 | 4489 7424 | 4466 6690 

  0x000070b30257913c: ;   {runtime_call UncommonTrapBlob}
  0x000070b30257913c: c5f8 77e8 

  0x000070b302579140: ; ImmutableOopMap {rbp=NarrowOop [4]=NarrowOop [8]=Oop [16]=Oop [24]=Oop [32]=Oop [40]=Oop [48]=NarrowOop [56]=Oop }
                      ;*ifnull {reexecute=1 rethrow=0 return_oop=0}
                      ; - (reexecute) java.util.concurrent.ConcurrentHashMap::get@143 (line 946)
                      ; - java.util.Properties::getProperty@5 (line 1105)
                      ; - java.lang.System::getProperty@21 (line 932)
                      ; - ai.djl.pytorch.engine.PtSymbolBlock::forwardInternal@33 (line 127)
  0x000070b302579140: bc44 a1fd | bef6 ffff | ff48 ff74 | 2478 488f | 4424 1048 | ff74 2470 | 488f 4424 | 3089 4c24 
  0x000070b302579160: 0444 8944 | 2440 4c89 | 5c24 504c | 895c 2458 | 4889 7c24 | 7066 6690 

  0x000070b302579178: ;   {runtime_call UncommonTrapBlob}
  0x000070b302579178: c5f8 77e8 

  0x000070b30257917c: ; ImmutableOopMap {[4]=NarrowOop [8]=Oop [16]=Oop [24]=Oop [32]=Oop [48]=Oop [64]=NarrowOop [80]=Oop [88]=Oop [112]=Oop [128]=Oop }
                      ;*invokevirtual get {reexecute=0 rethrow=0 return_oop=0}
                      ; - ai.djl.util.NativeResource::getHandle@4 (line 58)
                      ; - ai.djl.pytorch.jni.JniUtils::getShape@8 (line 1648)
                      ; - ai.djl.pytorch.engine.PtNDArray::getShape@9 (line 145)
                      ; - ai.djl.pytorch.engine.PtSymbolBlock::forwardInternal@194 (line 147)
  0x000070b30257917c: 8044 a1fd | bef4 ffff | ff66 6690 

  0x000070b302579188: ;   {runtime_call UncommonTrapBlob}
  0x000070b302579188: c5f8 77e8 

  0x000070b30257918c: ; ImmutableOopMap {[8]=Oop [24]=Oop [32]=Oop [104]=Oop [120]=Oop }
                      ;*checkcast {reexecute=0 rethrow=0 return_oop=0}
                      ; - ai.djl.pytorch.engine.PtSymbolBlock::forwardInternal@115 (line 142)
  0x000070b30257918c: 7044 a1fd | bef6 ffff | ff4c 895c | 2430 4489 | 4424 0444 | 894c 2438 

  0x000070b3025791a4: ;   {runtime_call UncommonTrapBlob}
  0x000070b3025791a4: c5f8 77e8 

  0x000070b3025791a8: ; ImmutableOopMap {[4]=NarrowOop [8]=Oop [24]=Oop [32]=Oop [48]=Oop [56]=NarrowOop [104]=Oop [120]=Oop }
                      ;*invokevirtual add {reexecute=0 rethrow=0 return_oop=0}
                      ; - ai.djl.pytorch.engine.PtSymbolBlock::forwardInternal@138 (line 143)
  0x000070b3025791a8: 5444 a1fd | bef6 ffff | ff4c 895c | 2430 894c | 2404 4489 | 4c24 4444 | 8944 2448 

  0x000070b3025791c4: ;   {runtime_call UncommonTrapBlob}
  0x000070b3025791c4: c5f8 77e8 

  0x000070b3025791c8: ; ImmutableOopMap {[4]=NarrowOop [8]=Oop [24]=Oop [32]=Oop [48]=Oop [68]=NarrowOop [72]=NarrowOop [104]=Oop [120]=Oop }
                      ;*invokeinterface add {reexecute=0 rethrow=0 return_oop=0}
                      ; - ai.djl.util.PairList::add@5 (line 116)
                      ; - ai.djl.pytorch.engine.PtSymbolBlock::forwardInternal@138 (line 143)
  0x000070b3025791c8: 3444 a1fd | bef6 ffff | ff4c 895c | 2430 894c | 2404 4489 | 4c24 4444 | 8944 2450 | 4889 7c24 
  0x000070b3025791e8: 5844 8944 | 2454 4489 | 5424 6490 

  0x000070b3025791f4: ;   {runtime_call UncommonTrapBlob}
  0x000070b3025791f4: c5f8 77e8 

  0x000070b3025791f8: ; ImmutableOopMap {[4]=NarrowOop [8]=Oop [24]=Oop [32]=Oop [48]=Oop [68]=NarrowOop [80]=NarrowOop [84]=NarrowOop [88]=Oop [104]=Oop [120]=Oop }
                      ;*arraylength {reexecute=0 rethrow=0 return_oop=0}
                      ; - java.util.ArrayList::add@2 (line 453)
                      ; - java.util.ArrayList::add@20 (line 467)
                      ; - ai.djl.util.PairList::add@5 (line 116)
                      ; - ai.djl.pytorch.engine.PtSymbolBlock::forwardInternal@138 (line 143)
  0x000070b3025791f8: 0444 a1fd | bef6 ffff | ff48 8b6c | 2410 48ff | 7424 2848 | 8f44 2420 | 48ff 7424 | 3048 8f44 
  0x000070b302579218: 2428 48ff | 7424 3848 | 8f44 2430 | 4489 4c24 | 4466 6690 

  0x000070b30257922c: ;   {runtime_call UncommonTrapBlob}
  0x000070b30257922c: c5f8 77e8 

  0x000070b302579230: ; ImmutableOopMap {rbp=Oop [4]=NarrowOop [8]=Oop [24]=Oop [32]=Oop [40]=Oop [48]=Oop [64]=NarrowOop [68]=NarrowOop }
                      ;*invokeinterface add {reexecute=0 rethrow=0 return_oop=0}
                      ; - ai.djl.util.PairList::add@16 (line 117)
                      ; - ai.djl.pytorch.engine.PtSymbolBlock::forwardInternal@138 (line 143)
  0x000070b302579230: cc43 a1fd | bef6 ffff | ff48 8b6c | 2410 6690 

  0x000070b302579240: ;   {runtime_call UncommonTrapBlob}
  0x000070b302579240: c5f8 77e8 

  0x000070b302579244: ; ImmutableOopMap {rbp=Oop [4]=NarrowOop [8]=Oop [24]=Oop [32]=NarrowOop [40]=Oop [48]=Oop [56]=Oop [64]=NarrowOop [88]=Oop }
                      ;*arraylength {reexecute=0 rethrow=0 return_oop=0}
                      ; - java.util.ArrayList::add@2 (line 453)
                      ; - java.util.ArrayList::add@20 (line 467)
                      ; - ai.djl.util.PairList::add@16 (line 117)
                      ; - ai.djl.pytorch.engine.PtSymbolBlock::forwardInternal@138 (line 143)
  0x000070b302579244: b843 a1fd | bef6 ffff | ff48 ff74 | 2428 488f | 4424 2090 

  0x000070b302579258: ;   {runtime_call UncommonTrapBlob}
  0x000070b302579258: c5f8 77e8 

  0x000070b30257925c: ; ImmutableOopMap {[8]=Oop [16]=Oop [24]=Oop [32]=Oop [56]=Oop [104]=Oop }
                      ;*getfield size {reexecute=1 rethrow=0 return_oop=0}
                      ; - (reexecute) java.util.ArrayList$Itr::hasNext@8 (line 962)
                      ; - ai.djl.pytorch.engine.PtSymbolBlock::forwardInternal@100 (line 142)
  0x000070b30257925c: a043 a1fd | be45 ffff | ff48 ff74 | 2478 488f | 4424 2848 | ffb4 2480 | 0000 0048 | 8f44 2430 
  0x000070b30257927c: 48ff 7424 | 7048 8f44 | 2438 894c | 2404 4489 | 4424 484c | 895c 2458 | 4c89 5c24 | 6048 897c 
  0x000070b30257929c: 2478 6690 

  0x000070b3025792a0: ;   {runtime_call UncommonTrapBlob}
  0x000070b3025792a0: c5f8 77e8 

  0x000070b3025792a4: ; ImmutableOopMap {rbp=NarrowOop [4]=NarrowOop [8]=Oop [24]=Oop [32]=Oop [40]=Oop [48]=Oop [56]=Oop [72]=NarrowOop [88]=Oop [96]=Oop [120]=Oop }
                      ;*ifnonnull {reexecute=1 rethrow=0 return_oop=0}
                      ; - (reexecute) ai.djl.util.NativeResource::getHandle@9 (line 59)
                      ; - ai.djl.pytorch.jni.JniUtils::getShape@8 (line 1648)
                      ; - ai.djl.pytorch.engine.PtNDArray::getShape@9 (line 145)
                      ; - ai.djl.pytorch.engine.PtSymbolBlock::forwardInternal@194 (line 147)
  0x000070b3025792a4: 5843 a1fd | bef6 ffff | ff48 ff74 | 2468 488f | 4424 2889 | 4c24 0444 | 8944 2438 | 4c89 5c24 
  0x000070b3025792c4: 484c 895c | 2450 4889 | 7c24 6890 

  0x000070b3025792d0: ;   {runtime_call UncommonTrapBlob}
  0x000070b3025792d0: c5f8 77e8 

  0x000070b3025792d4: ; ImmutableOopMap {[4]=NarrowOop [8]=Oop [24]=Oop [32]=Oop [40]=Oop [56]=NarrowOop [72]=Oop [80]=Oop [104]=Oop [120]=Oop }
                      ;*invokevirtual get {reexecute=0 rethrow=0 return_oop=0}
                      ; - ai.djl.util.NativeResource::getHandle@4 (line 58)
                      ; - ai.djl.pytorch.jni.JniUtils::getShape@8 (line 1648)
                      ; - ai.djl.pytorch.engine.PtNDArray::getShape@9 (line 145)
                      ; - ai.djl.pytorch.engine.PtSymbolBlock::forwardInternal@133 (line 143)
  0x000070b3025792d4: 2843 a1fd | be45 ffff | ff48 ff74 | 2478 488f | 4424 2848 | ff74 2468 | 488f 4424 | 3089 4c24 
  0x000070b3025792f4: 0444 8944 | 2440 4c89 | 5c24 504c | 895c 2458 | 4889 7c24 | 7066 6690 

  0x000070b30257930c: ;   {runtime_call UncommonTrapBlob}
  0x000070b30257930c: c5f8 77e8 

  0x000070b302579310: ; ImmutableOopMap {rbp=NarrowOop [4]=NarrowOop [8]=Oop [24]=Oop [32]=Oop [40]=Oop [48]=Oop [64]=NarrowOop [80]=Oop [88]=Oop [112]=Oop }
                      ;*ifnonnull {reexecute=1 rethrow=0 return_oop=0}
                      ; - (reexecute) ai.djl.util.NativeResource::getHandle@9 (line 59)
                      ; - ai.djl.pytorch.jni.JniUtils::getShape@8 (line 1648)
                      ; - ai.djl.pytorch.engine.PtNDArray::getShape@9 (line 145)
                      ; - ai.djl.pytorch.engine.PtSymbolBlock::forwardInternal@133 (line 143)
  0x000070b302579310: ec42 a1fd | bef6 ffff | ff48 8b6c | 2420 4c8b | 5424 184c | 8954 2410 

  0x000070b302579328: ;   {runtime_call UncommonTrapBlob}
  0x000070b302579328: c5f8 77e8 

  0x000070b30257932c: ; ImmutableOopMap {rbp=Oop [8]=Oop [16]=Oop }
                      ;*invokevirtual iterator {reexecute=0 rethrow=0 return_oop=0}
                      ; - ai.djl.pytorch.engine.PtSymbolBlock::forwardInternal@93 (line 142)
  0x000070b30257932c: d042 a1fd | bef6 ffff | ff48 ff74 | 2420 488f | 4424 1048 | ff74 2468 | 488f 4424 | 3066 6690 
  0x000070b30257934c: ;   {runtime_call UncommonTrapBlob}
  0x000070b30257934c: c5f8 77e8 

  0x000070b302579350: ; ImmutableOopMap {[8]=Oop [16]=Oop [24]=Oop [48]=Oop [120]=Oop }
                      ;*getfield size {reexecute=1 rethrow=0 return_oop=0}
                      ; - (reexecute) java.util.ArrayList$Itr::hasNext@8 (line 962)
                      ; - ai.djl.pytorch.engine.PtSymbolBlock::forwardInternal@100 (line 142)
  0x000070b302579350: ac42 a1fd | bef6 ffff | ff66 6690 

  0x000070b30257935c: ;   {runtime_call UncommonTrapBlob}
  0x000070b30257935c: c5f8 77e8 

  0x000070b302579360: ; ImmutableOopMap {[8]=Oop [24]=Oop [32]=Oop [120]=Oop }
                      ;*invokevirtual iterator {reexecute=0 rethrow=0 return_oop=0}
                      ; - ai.djl.pytorch.engine.PtSymbolBlock::forwardInternal@154 (line 146)
  0x000070b302579360: 9c42 a1fd | bef6 ffff | ff48 ff74 | 2470 488f | 4424 3890 

  0x000070b302579374: ;   {runtime_call UncommonTrapBlob}
  0x000070b302579374: c5f8 77e8 

  0x000070b302579378: ; ImmutableOopMap {[8]=Oop [24]=Oop [32]=Oop [56]=Oop [120]=Oop [128]=Oop }
                      ;*getfield size {reexecute=1 rethrow=0 return_oop=0}
                      ; - (reexecute) java.util.ArrayList$Itr::hasNext@8 (line 962)
                      ; - ai.djl.pytorch.engine.PtSymbolBlock::forwardInternal@161 (line 146)
  0x000070b302579378: 8442 a1fd | 488b d8eb | 5b48 8bd8 | eb56 488b | d8e9 a200 | 0000 488b | d8e9 9a00 | 0000 488b 
  0x000070b302579398: d848 ff74 | 2410 488f | 4424 20e9 | 0401 0000 | 488b d8e9 | fc00 0000 | 488b d848 | ff74 2410 
  0x000070b3025793b8: 488f 4424 | 78e9 ea00 | 0000 488b | d848 ff74 | 2410 488f | 4424 78e9 | d800 0000 | 488b d8eb 
  0x000070b3025793d8: 0348 8bd8 | 48ff 7424 | 1048 8f44 | 2420 48ff | 7424 2848 | 8f44 2478 | e9b7 0000 | 0048 8bd8 
  0x000070b3025793f8: eb03 488b | d848 ff74 | 2410 488f | 4424 78e9 | a000 0000 | 488b d8eb | 0348 8bd8 | 48ff 7424 
  0x000070b302579418: 1048 8f44 | 2478 e989 | 0000 0048 | 8bd8 eb4d | 488b d8eb | 0348 8bd8 | 48ff 7424 | 1048 8f44 
  0x000070b302579438: 2420 48ff | 7424 2848 | 8f44 2478 | eb66 488b | d8eb 4848 | 8bf0 e90c | 0100 0048 | 8bf0 e904 
  0x000070b302579458: 0100 0048 | 8bf0 e9fc | 0000 0048 | 8bd8 eb44 | 488b d8eb | 3f48 8bd8 | eb03 488b | d848 ff74 
  0x000070b302579478: 2410 488f | 4424 2048 | ff74 2428 | 488f 4424 | 78eb 2148 | 8bd8 eb03 | 488b d848 | ff74 2410 
  0x000070b302579498: 488f 4424 | 2048 ff74 | 2428 488f | 4424 78eb | 0348 8bd8 | 488d 8424 | f000 0000 | 4c8b 5c24 
  0x000070b3025794b8: 2048 8138 | 0000 0000 | 0f84 8300 | 0000 4d8b | 1349 f7c2 | 0200 0000 | 746f 4981 | ba86 0000 
  0x000070b3025794d8: 0000 0000 | 0074 0949 | ff8a 8600 | 0000 eb51 | 498b 8296 | 0000 0049 | 0b82 8e00 | 0000 750a 
  0x000070b3025794f8: 49c7 423e | 0000 0000 | eb47 4981 | ba9e 0000 | 0000 0000 | 0074 2548 | 33c0 49c7 | 423e 0000 
  0x000070b302579518: 0000 f083 | 0424 0049 | 81ba 9e00 | 0000 0000 | 0000 750d | f04d 0fb1 | 7a3e 7505 | 83c8 01eb 
  0x000070b302579538: 10f7 c000 | 0000 00eb | 084c 8b10 | f04d 0fb1 | 1375 2445 | 8b97 b404 | 0000 4585 | d275 3a48 
  0x000070b302579558: 8bf3 eb03 | 488b f0c5 | f877 4881 | c400 0100 

  0x000070b302579568: ;   {runtime_call _rethrow_Java}
  0x000070b302579568: 005d e991 | 7cac fd48 | 8b7c 2420 | 488d b424 | f000 0000 | 498b d7c5 | f877 49ba | 2045 5015 
  0x000070b302579588: b370 0000 | 41ff d2eb | babe 97ff | ffff 4889 | 5c24 3090 

  0x000070b30257959c: ;   {runtime_call UncommonTrapBlob}
  0x000070b30257959c: c5f8 77e8 

  0x000070b3025795a0: ; ImmutableOopMap {[8]=Oop [24]=Oop [32]=Oop [48]=Oop [120]=Oop }
                      ;*athrow {reexecute=1 rethrow=0 return_oop=0}
                      ; - (reexecute) ai.djl.pytorch.engine.PtSymbolBlock::forwardInternal@229 (line 152)
  0x000070b3025795a0: 5c40 a1fd 

  0x000070b3025795a4: ;   {internal_word}
  0x000070b3025795a4: 49ba db5a | 5702 b370 | 0000 4d89 | 9758 0300 

  0x000070b3025795b4: ;   {runtime_call SafepointBlob}
  0x000070b3025795b4: 00e9 4651 | a1fd f4f4 | f4f4 f4f4 
[Stub Code]
  0x000070b3025795c0: ;   {no_reloc}
  0x000070b3025795c0: 48bb 0000 | 0000 0000 

  0x000070b3025795c8: ;   {runtime_call}
  0x000070b3025795c8: 0000 e9fb 

  0x000070b3025795cc: ;   {static_stub}
  0x000070b3025795cc: ffff ff48 | bb00 0000 | 0000 0000 

  0x000070b3025795d8: ;   {runtime_call}
  0x000070b3025795d8: 00e9 fbff 

  0x000070b3025795dc: ;   {static_stub}
  0x000070b3025795dc: ffff 48bb | 0000 0000 | 0000 0000 

  0x000070b3025795e8: ;   {runtime_call}
  0x000070b3025795e8: e9fb ffff 

  0x000070b3025795ec: ;   {static_stub}
  0x000070b3025795ec: ff48 bb00 | 0000 0000 

  0x000070b3025795f4: ;   {runtime_call}
  0x000070b3025795f4: 0000 00e9 | fbff ffff 

  0x000070b3025795fc: ;   {static_stub}
  0x000070b3025795fc: 48bb 0000 | 0000 0000 

  0x000070b302579604: ;   {runtime_call}
  0x000070b302579604: 0000 e9fb 

  0x000070b302579608: ;   {static_stub}
  0x000070b302579608: ffff ff48 | bb00 0000 | 0000 0000 

  0x000070b302579614: ;   {runtime_call}
  0x000070b302579614: 00e9 fbff 

  0x000070b302579618: ;   {static_stub}
  0x000070b302579618: ffff 48bb | 0000 0000 | 0000 0000 

  0x000070b302579624: ;   {runtime_call}
  0x000070b302579624: e9fb ffff 

  0x000070b302579628: ;   {static_stub}
  0x000070b302579628: ff48 bb00 | 0000 0000 

  0x000070b302579630: ;   {runtime_call}
  0x000070b302579630: 0000 00e9 | fbff ffff 

  0x000070b302579638: ;   {static_stub}
  0x000070b302579638: 48bb 0000 | 0000 0000 

  0x000070b302579640: ;   {runtime_call}
  0x000070b302579640: 0000 e9fb 

  0x000070b302579644: ;   {static_stub}
  0x000070b302579644: ffff ff48 | bbb8 11c5 | 8ab1 7000 

  0x000070b302579650: ;   {runtime_call I2C/C2I adapters}
  0x000070b302579650: 00e9 0334 

  0x000070b302579654: ;   {static_stub}
  0x000070b302579654: a1fd 48bb | 0000 0000 | 0000 0000 

  0x000070b302579660: ;   {runtime_call}
  0x000070b302579660: e9fb ffff 

  0x000070b302579664: ;   {runtime_call ExceptionBlob}
  0x000070b302579664: ffe9 16df | abfd e800 | 0000 0048 | 832c 2405 

  0x000070b302579674: ;   {runtime_call DeoptimizationBlob}
  0x000070b302579674: e927 43a1 | fdf4 f4f4 | f4f4 f4f4 
[/MachCode]


---------------  P R O C E S S  ---------------

Threads class SMR info:
_java_thread_list=0x000070b264028c80, length=75, elements={
0x000070b3101435f0, 0x000070b3101449e0, 0x000070b3101540b0, 0x000070b310155270,
0x000070b310156590, 0x000070b310157f50, 0x000070b31015aa20, 0x000070b310163b10,
0x000070b31017e030, 0x000070b310180e20, 0x000070b310181d00, 0x000070b310185c00,
0x000070b23d090660, 0x000070b23e22a0b0, 0x000070b23e3698e0, 0x000070b31001f7b0,
0x000070b1f8326ff0, 0x000070b1ac1a5e00, 0x000070b25573edb0, 0x000070b1bc375150,
0x000070b2383ef7a0, 0x000070b1d06c11f0, 0x000070b144398fa0, 0x000070b1a4290960,
0x000070b1a4290ed0, 0x000070b1a4291440, 0x000070b1294f97c0, 0x000070b1a43a9930,
0x000070b1ac0c89c0, 0x000070b1ac0c8f30, 0x000070b1ac0c94a0, 0x000070b1ac1677c0,
0x000070b1ac6b90d0, 0x000070b20c9b1280, 0x000070b20c9b17f0, 0x000070b20c9aed00,
0x000070b20c9af270, 0x000070b20c0c7ed0, 0x000070b1f40c3090, 0x000070b1f40c3600,
0x000070b1f5293ac0, 0x000070b1f5294030, 0x000070b1f48d9f90, 0x000070b25c233240,
0x000070b25c2337b0, 0x000070b0654f9c10, 0x000070b0654fa180, 0x000070b0654fc0e0,
0x000070b110233660, 0x000070b1a8045380, 0x000070b1a8046090, 0x000070b1a8046b80,
0x000070b1a80477d0, 0x000070b1a8048130, 0x000070b1a804c680, 0x000070b1a804d040,
0x000070b1a804db60, 0x000070b1a804e9f0, 0x000070b1a804f7b0, 0x000070b1a804fff0,
0x000070b1a8050d00, 0x000070b1a80517f0, 0x000070b1a8052420, 0x000070b1a8052dd0,
0x000070b1a8053ac0, 0x000070b2e43f6390, 0x000070b2e444f910, 0x000070b2e441dc20,
0x000070b2e441e5e0, 0x000070b2e4547150, 0x000070b2e4559590, 0x000070b2e45ca6b0,
0x000070b2e45cac20, 0x000070b03de00b60, 0x000070b03de01490
}

Java Threads: ( => current thread )
  0x000070b3101435f0 JavaThread "Reference Handler" daemon [_thread_blocked, id=459912, stack(0x000070b2f089f000,0x000070b2f099f000)]
  0x000070b3101449e0 JavaThread "Finalizer" daemon [_thread_blocked, id=459913, stack(0x000070b2f079f000,0x000070b2f089f000)]
  0x000070b3101540b0 JavaThread "Signal Dispatcher" daemon [_thread_blocked, id=459914, stack(0x000070b2f03d3000,0x000070b2f04d3000)]
  0x000070b310155270 JavaThread "Service Thread" daemon [_thread_blocked, id=459915, stack(0x000070b2f02d3000,0x000070b2f03d3000)]
  0x000070b310156590 JavaThread "Monitor Deflation Thread" daemon [_thread_blocked, id=459916, stack(0x000070b2f01d3000,0x000070b2f02d3000)]
  0x000070b310157f50 JavaThread "C2 CompilerThread0" daemon [_thread_blocked, id=459917, stack(0x000070b2f00d3000,0x000070b2f01d3000)]
  0x000070b31015aa20 JavaThread "C1 CompilerThread0" daemon [_thread_blocked, id=459918, stack(0x000070b2e1f00000,0x000070b2e2000000)]
  0x000070b310163b10 JavaThread "Sweeper thread" daemon [_thread_blocked, id=459919, stack(0x000070b2e1e00000,0x000070b2e1f00000)]
  0x000070b31017e030 JavaThread "JDWP Transport Listener: dt_socket" daemon [_thread_in_native, id=459921, stack(0x000070b2e1d00000,0x000070b2e1e00000)]
  0x000070b310180e20 JavaThread "JDWP Event Helper Thread" daemon [_thread_blocked, id=459922, stack(0x000070b2e1c00000,0x000070b2e1d00000)]
  0x000070b310181d00 JavaThread "Notification Thread" daemon [_thread_blocked, id=459929, stack(0x000070b2e1a00000,0x000070b2e1b00000)]
  0x000070b310185c00 JavaThread "Common-Cleaner" daemon [_thread_blocked, id=459931, stack(0x000070b2e17ff000,0x000070b2e18ff000)]
  0x000070b23d090660 JavaThread "mysql-cj-abandoned-connection-cleanup" daemon [_thread_blocked, id=459981, stack(0x000070b2e0ffc000,0x000070b2e10fc000)]
  0x000070b23e22a0b0 JavaThread "Live Reload Server" daemon [_thread_in_native, id=460024, stack(0x000070b28ee00000,0x000070b28ef00000)]
  0x000070b23e3698e0 JavaThread "ThreadPoolTaskScheduler1" [_thread_blocked, id=460083, stack(0x000070b28d8f7000,0x000070b28d9f7000)]
  0x000070b31001f7b0 JavaThread "DestroyJavaVM" [_thread_blocked, id=459905, stack(0x000070b314700000,0x000070b314800000)]
  0x000070b1f8326ff0 JavaThread "ThreadPoolTaskScheduler1" [_thread_blocked, id=465317, stack(0x000070b28d7f7000,0x000070b28d8f7000)]
  0x000070b1ac1a5e00 JavaThread "ThreadPoolTaskScheduler1" [_thread_blocked, id=465416, stack(0x000070b2e00f4000,0x000070b2e01f4000)]
  0x000070b25573edb0 JavaThread "File Watcher" daemon [_thread_blocked, id=466133, stack(0x000070b28d9f7000,0x000070b28daf7000)]
  0x000070b1bc375150 JavaThread "ThreadPoolTaskScheduler1" [_thread_blocked, id=467880, stack(0x000070b28d6f7000,0x000070b28d7f7000)]
  0x000070b2383ef7a0 JavaThread "ThreadPoolTaskScheduler1" [_thread_blocked, id=476330, stack(0x000070b28d3f7000,0x000070b28d4f7000)]
  0x000070b1d06c11f0 JavaThread "ThreadPoolTaskScheduler1" [_thread_blocked, id=476819, stack(0x000070b28d4f7000,0x000070b28d5f7000)]
  0x000070b144398fa0 JavaThread "ThreadPoolTaskScheduler1" [_thread_blocked, id=477221, stack(0x000070b28d2f7000,0x000070b28d3f7000)]
  0x000070b1a4290960 JavaThread "pool-2-thread-1" [_thread_blocked, id=477824, stack(0x000070b2e11fc000,0x000070b2e12fc000)]
  0x000070b1a4290ed0 JavaThread "pool-2-thread-2" [_thread_blocked, id=477825, stack(0x000070b28ef00000,0x000070b28f000000)]
  0x000070b1a4291440 JavaThread "pool-2-thread-3" [_thread_blocked, id=477826, stack(0x000070b28e3f7000,0x000070b28e4f7000)]
  0x000070b1294f97c0 JavaThread "pool-2-thread-4" [_thread_blocked, id=477827, stack(0x000070b28dcf7000,0x000070b28ddf7000)]
  0x000070b1a43a9930 JavaThread "ThreadPoolTaskScheduler1" [_thread_blocked, id=478623, stack(0x000070b160700000,0x000070b160800000)]
  0x000070b1ac0c89c0 JavaThread "pool-3-thread-1" [_thread_blocked, id=479394, stack(0x000070b28e0f7000,0x000070b28e1f7000)]
  0x000070b1ac0c8f30 JavaThread "pool-3-thread-2" [_thread_blocked, id=479395, stack(0x000070b28e1f7000,0x000070b28e2f7000)]
  0x000070b1ac0c94a0 JavaThread "pool-3-thread-3" [_thread_blocked, id=479396, stack(0x000070b28dff7000,0x000070b28e0f7000)]
  0x000070b1ac1677c0 JavaThread "pool-3-thread-4" [_thread_blocked, id=479397, stack(0x000070b2e16ff000,0x000070b2e17ff000)]
  0x000070b1ac6b90d0 JavaThread "ThreadPoolTaskScheduler1" [_thread_blocked, id=479948, stack(0x000070b160300000,0x000070b160400000)]
  0x000070b20c9b1280 JavaThread "pool-4-thread-1" [_thread_blocked, id=504479, stack(0x000070b1982f1000,0x000070b1983f1000)]
  0x000070b20c9b17f0 JavaThread "pool-4-thread-2" [_thread_blocked, id=504480, stack(0x000070b1981f1000,0x000070b1982f1000)]
  0x000070b20c9aed00 JavaThread "pool-4-thread-3" [_thread_blocked, id=504481, stack(0x000070b1980f1000,0x000070b1981f1000)]
  0x000070b20c9af270 JavaThread "pool-4-thread-4" [_thread_blocked, id=504482, stack(0x000070b28ddf7000,0x000070b28def7000)]
  0x000070b20c0c7ed0 JavaThread "ThreadPoolTaskScheduler1" [_thread_blocked, id=505109, stack(0x000070b15458c000,0x000070b15468c000)]
  0x000070b1f40c3090 JavaThread "pool-5-thread-1" [_thread_blocked, id=508654, stack(0x000070b28e2f7000,0x000070b28e3f7000)]
  0x000070b1f40c3600 JavaThread "pool-5-thread-2" [_thread_blocked, id=508655, stack(0x000070b160400000,0x000070b160500000)]
  0x000070b1f5293ac0 JavaThread "pool-5-thread-3" [_thread_blocked, id=508656, stack(0x000070b28d5f7000,0x000070b28d6f7000)]
  0x000070b1f5294030 JavaThread "pool-5-thread-4" [_thread_blocked, id=508657, stack(0x000070b160600000,0x000070b160700000)]
  0x000070b1f48d9f90 JavaThread "ThreadPoolTaskScheduler1" [_thread_blocked, id=509207, stack(0x000070b15408c000,0x000070b15418c000)]
  0x000070b25c233240 JavaThread "pool-6-thread-1" [_thread_blocked, id=509547, stack(0x000070b2e04f4000,0x000070b2e05f4000)]
  0x000070b25c2337b0 JavaThread "pool-6-thread-2" [_thread_blocked, id=509548, stack(0x000070b28c07e000,0x000070b28c17e000)]
  0x000070b0654f9c10 JavaThread "pool-6-thread-3" [_thread_blocked, id=509549, stack(0x000070b160000000,0x000070b160100000)]
  0x000070b0654fa180 JavaThread "pool-6-thread-4" [_thread_blocked, id=509550, stack(0x000070b2e03f4000,0x000070b2e04f4000)]
  0x000070b0654fc0e0 JavaThread "ThreadPoolTaskScheduler1" [_thread_blocked, id=510363, stack(0x000070b1044f9000,0x000070b1045f9000)]
  0x000070b110233660 JavaThread "Thread-50" [_thread_blocked, id=510941, stack(0x000070b2e01f4000,0x000070b2e02f4000)]
  0x000070b1a8045380 JavaThread "File Watcher" daemon [_thread_blocked, id=511004, stack(0x000070b28def7000,0x000070b28dff7000)]
  0x000070b1a8046090 JavaThread "File Watcher" daemon [_thread_blocked, id=511238, stack(0x000070b2e05f4000,0x000070b2e06f4000)]
  0x000070b1a8046b80 JavaThread "File Watcher" daemon [_thread_blocked, id=511302, stack(0x000070b1566fd000,0x000070b1567fd000)]
  0x000070b1a80477d0 JavaThread "File Watcher" daemon [_thread_blocked, id=514538, stack(0x000070b2e10fc000,0x000070b2e11fc000)]
  0x000070b1a8048130 JavaThread "File Watcher" daemon [_thread_blocked, id=514605, stack(0x000070b1400fa000,0x000070b1401fa000)]
  0x000070b1a804c680 JavaThread "File Watcher" daemon [_thread_blocked, id=514759, stack(0x000070b28daf7000,0x000070b28dbf7000)]
  0x000070b1a804d040 JavaThread "File Watcher" daemon [_thread_blocked, id=514839, stack(0x000070b15448c000,0x000070b15458c000)]
  0x000070b1a804db60 JavaThread "File Watcher" daemon [_thread_blocked, id=514898, stack(0x000070b28dbf7000,0x000070b28dcf7000)]
  0x000070b1a804e9f0 JavaThread "File Watcher" daemon [_thread_blocked, id=514952, stack(0x000070b2e02f4000,0x000070b2e03f4000)]
  0x000070b1a804f7b0 JavaThread "File Watcher" daemon [_thread_blocked, id=515005, stack(0x000070b160200000,0x000070b160300000)]
  0x000070b1a804fff0 JavaThread "File Watcher" daemon [_thread_blocked, id=515098, stack(0x000070b15428c000,0x000070b15438c000)]
  0x000070b1a8050d00 JavaThread "File Watcher" daemon [_thread_blocked, id=515231, stack(0x000070b143f00000,0x000070b144000000)]
  0x000070b1a80517f0 JavaThread "File Watcher" daemon [_thread_blocked, id=515295, stack(0x000070b160500000,0x000070b160600000)]
  0x000070b1a8052420 JavaThread "File Watcher" daemon [_thread_blocked, id=515425, stack(0x000070b160100000,0x000070b160200000)]
  0x000070b1a8052dd0 JavaThread "File Watcher" daemon [_thread_blocked, id=515516, stack(0x000070b1045f9000,0x000070b1046f9000)]
  0x000070b1a8053ac0 JavaThread "restartedMain" [_thread_blocked, id=515526, stack(0x000070b2e06f4000,0x000070b2e07f4000)]
  0x000070b2e43f6390 JavaThread "HikariPool-29 housekeeper" daemon [_thread_blocked, id=515528, stack(0x000070b2e15ff000,0x000070b2e16ff000)]
  0x000070b2e444f910 JavaThread "Catalina-utility-1" [_thread_blocked, id=515594, stack(0x000070b1043f9000,0x000070b1044f9000)]
  0x000070b2e441dc20 JavaThread "Catalina-utility-2" [_thread_blocked, id=515595, stack(0x000070b1046f9000,0x000070b1047f9000)]
  0x000070b2e441e5e0 JavaThread "container-16" [_thread_blocked, id=515596, stack(0x000070b15418c000,0x000070b15428c000)]
  0x000070b2e4547150 JavaThread "cluster-ClusterId{value='68875eee780e692dec23025c', description='null'}-192.168.12.113:27017" daemon [_thread_blocked, id=515597, stack(0x000070b1042f9000,0x000070b1043f9000)]
  0x000070b2e4559590 JavaThread "cluster-rtt-ClusterId{value='68875eee780e692dec23025c', description='null'}-192.168.12.113:27017" daemon [_thread_blocked, id=515598, stack(0x000070b1041f9000,0x000070b1042f9000)]
  0x000070b2e45ca6b0 JavaThread "pool-7-thread-1" [_thread_in_native, id=515700, stack(0x000070b15438c000,0x000070b15448c000)]
  0x000070b2e45cac20 JavaThread "pool-7-thread-2" [_thread_in_native, id=515701, stack(0x000070b1040f9000,0x000070b1041f9000)]
=>0x000070b03de00b60 JavaThread "pool-7-thread-3" [_thread_in_native, id=515702, stack(0x000070b0cbf00000,0x000070b0cc000000)]
  0x000070b03de01490 JavaThread "pool-7-thread-4" [_thread_in_native, id=515703, stack(0x000070b0cbe00000,0x000070b0cbf00000)]

Other Threads:
  0x000070b31013f650 VMThread "VM Thread" [stack: 0x000070b2f09a0000,0x000070b2f0aa0000] [id=459911]
  0x000070b310183560 WatcherThread [stack: 0x000070b2e1900000,0x000070b2e1a00000] [id=459930]
  0x000070b31001d4f0 GCTaskThread "GC Thread#0" [stack: 0x000070b2f727a000,0x000070b2f737a000] [id=459906]
  0x000070b2d80065d0 GCTaskThread "GC Thread#1" [stack: 0x000070b2e14ff000,0x000070b2e15ff000] [id=459934]
  0x000070b2d8006fb0 GCTaskThread "GC Thread#2" [stack: 0x000070b2e13fe000,0x000070b2e14fe000] [id=459935]
  0x000070b2d80079d0 GCTaskThread "GC Thread#3" [stack: 0x000070b2e12fd000,0x000070b2e13fd000] [id=459936]
  0x000070b2d800a790 GCTaskThread "GC Thread#4" [stack: 0x000070b2e0efc000,0x000070b2e0ffc000] [id=459960]
  0x000070b2d800b010 GCTaskThread "GC Thread#5" [stack: 0x000070b2e0dfb000,0x000070b2e0efb000] [id=459961]
  0x000070b2d800ba30 GCTaskThread "GC Thread#6" [stack: 0x000070b2e0cfa000,0x000070b2e0dfa000] [id=459962]
  0x000070b2d8009110 GCTaskThread "GC Thread#7" [stack: 0x000070b2e0bf9000,0x000070b2e0cf9000] [id=459963]
  0x000070b2d800ef40 GCTaskThread "GC Thread#8" [stack: 0x000070b2e0af8000,0x000070b2e0bf8000] [id=459964]
  0x000070b2d800e5d0 GCTaskThread "GC Thread#9" [stack: 0x000070b2e09f7000,0x000070b2e0af7000] [id=459974]
  0x000070b3100801b0 ConcurrentGCThread "G1 Main Marker" [stack: 0x000070b2f1900000,0x000070b2f1a00000] [id=459907]
  0x000070b310081130 ConcurrentGCThread "G1 Conc#0" [stack: 0x000070b2f17ff000,0x000070b2f18ff000] [id=459908]
  0x000070b2e4000ea0 ConcurrentGCThread "G1 Conc#1" [stack: 0x000070b2e08f6000,0x000070b2e09f6000] [id=459976]
  0x000070b2e4001650 ConcurrentGCThread "G1 Conc#2" [stack: 0x000070b2e07f5000,0x000070b2e08f5000] [id=459977]
  0x000070b310113220 ConcurrentGCThread "G1 Refine#0" [stack: 0x000070b2f0cf4000,0x000070b2f0df4000] [id=459909]
  0x000070b2dc0066c0 ConcurrentGCThread "G1 Refine#1" [stack: 0x000070b28ed00000,0x000070b28ee00000] [id=460046]
  0x000070b208001890 ConcurrentGCThread "G1 Refine#2" [stack: 0x000070b28ebff000,0x000070b28ecff000] [id=460047]
  0x000070b1f0000d60 ConcurrentGCThread "G1 Refine#3" [stack: 0x000070b28eafe000,0x000070b28ebfe000] [id=460048]
  0x000070b1e4000d60 ConcurrentGCThread "G1 Refine#4" [stack: 0x000070b28e9fd000,0x000070b28eafd000] [id=460049]
  0x000070b1e8000ea0 ConcurrentGCThread "G1 Refine#5" [stack: 0x000070b28e8fc000,0x000070b28e9fc000] [id=460050]
  0x000070b1dc000ea0 ConcurrentGCThread "G1 Refine#6" [stack: 0x000070b28e7fb000,0x000070b28e8fb000] [id=460051]
  0x000070b1e0000ea0 ConcurrentGCThread "G1 Refine#7" [stack: 0x000070b28e6fa000,0x000070b28e7fa000] [id=460052]
  0x000070b1d4000ea0 ConcurrentGCThread "G1 Refine#8" [stack: 0x000070b28e5f9000,0x000070b28e6f9000] [id=460053]
  0x000070b1d8000ea0 ConcurrentGCThread "G1 Refine#9" [stack: 0x000070b28e4f8000,0x000070b28e5f8000] [id=460054]
  0x000070b310114130 ConcurrentGCThread "G1 Service" [stack: 0x000070b2f0bf3000,0x000070b2f0cf3000] [id=459910]

Threads with active compile tasks:

VM state: not at safepoint (normal execution)

VM Mutex/Monitor currently owned by a thread: None

Heap address: 0x0000000750000000, size: 2816 MB, Compressed Oops mode: Zero based, Oop shift amount: 3

CDS archive(s) mapped at: [0x000070b293000000-0x000070b293bc7000-0x000070b293bc7000), size 12349440, SharedBaseAddress: 0x000070b293000000, ArchiveRelocationMode: 1.
Compressed class space mapped at: 0x000070b294000000-0x000070b2d4000000, reserved size: 1073741824
Narrow klass base: 0x000070b293000000, Narrow klass shift: 0, Narrow klass range: 0x100000000

GC Precious Log:
 CPUs: 12 total, 12 available
 Memory: 11262M
 Large Page Support: Disabled
 NUMA Support: Disabled
 Compressed Oops: Enabled (Zero based)
 Heap Region Size: 2M
 Heap Min Capacity: 8M
 Heap Initial Capacity: 176M
 Heap Max Capacity: 2816M
 Pre-touch: Disabled
 Parallel Workers: 10
 Concurrent Workers: 3
 Concurrent Refinement Workers: 10
 Periodic GC: Disabled

Heap:
 garbage-first heap   total 1734656K, used 1510171K [0x0000000750000000, 0x0000000800000000)
  region size 2048K, 461 young (944128K), 13 survivors (26624K)
 Metaspace       used 367143K, committed 368768K, reserved 1441792K
  class space    used 27953K, committed 28736K, reserved 1048576K

Heap Regions: E=young(eden), S=young(survivor), O=old, HS=humongous(starts), HC=humongous(continues), CS=collection set, F=free, OA=open archive, CA=closed archive, TAMS=top-at-mark-start (previous, next)
|   0|0x0000000750000000, 0x0000000750200000, 0x0000000750200000|100%|HS|  |TAMS 0x0000000750200000, 0x0000000750000000| Complete 
|   1|0x0000000750200000, 0x0000000750400000, 0x0000000750400000|100%| O|  |TAMS 0x0000000750400000, 0x0000000750200000| Untracked 
|   2|0x0000000750400000, 0x0000000750600000, 0x0000000750600000|100%| O|  |TAMS 0x0000000750600000, 0x0000000750400000| Untracked 
|   3|0x0000000750600000, 0x00000007507ff548, 0x0000000750800000| 99%| O|  |TAMS 0x00000007507ff548, 0x0000000750600000| Untracked 
|   4|0x0000000750800000, 0x0000000750a00000, 0x0000000750a00000|100%| O|  |TAMS 0x0000000750a00000, 0x0000000750800000| Untracked 
|   5|0x0000000750a00000, 0x0000000750bfffd8, 0x0000000750c00000| 99%| O|  |TAMS 0x0000000750bfffd8, 0x0000000750a00000| Untracked 
|   6|0x0000000750c00000, 0x0000000750dfffc8, 0x0000000750e00000| 99%| O|  |TAMS 0x0000000750dfffc8, 0x0000000750c00000| Untracked 
|   7|0x0000000750e00000, 0x0000000750ffffe8, 0x0000000751000000| 99%| O|  |TAMS 0x0000000750ffffe8, 0x0000000750e00000| Untracked 
|   8|0x0000000751000000, 0x00000007511fffe8, 0x0000000751200000| 99%| O|  |TAMS 0x00000007511fffe8, 0x0000000751000000| Untracked 
|   9|0x0000000751200000, 0x00000007513fffe8, 0x0000000751400000| 99%| O|  |TAMS 0x00000007513fffe8, 0x0000000751200000| Untracked 
|  10|0x0000000751400000, 0x00000007515fffd8, 0x0000000751600000| 99%| O|  |TAMS 0x00000007515fffd8, 0x0000000751400000| Untracked 
|  11|0x0000000751600000, 0x00000007517fffc8, 0x0000000751800000| 99%| O|  |TAMS 0x00000007517fffc8, 0x0000000751600000| Untracked 
|  12|0x0000000751800000, 0x00000007519fffb8, 0x0000000751a00000| 99%| O|  |TAMS 0x00000007519fffb8, 0x0000000751800000| Untracked 
|  13|0x0000000751a00000, 0x0000000751bffd58, 0x0000000751c00000| 99%| O|  |TAMS 0x0000000751bffd58, 0x0000000751a00000| Untracked 
|  14|0x0000000751c00000, 0x0000000751dfffe8, 0x0000000751e00000| 99%| O|  |TAMS 0x0000000751dfffe8, 0x0000000751c00000| Untracked 
|  15|0x0000000751e00000, 0x0000000752000000, 0x0000000752000000|100%| O|  |TAMS 0x0000000752000000, 0x0000000751e00000| Untracked 
|  16|0x0000000752000000, 0x00000007521fffe8, 0x0000000752200000| 99%| O|  |TAMS 0x00000007521fffe8, 0x0000000752000000| Untracked 
|  17|0x0000000752200000, 0x00000007523fffe0, 0x0000000752400000| 99%| O|  |TAMS 0x00000007523fffe0, 0x0000000752200000| Untracked 
|  18|0x0000000752400000, 0x00000007525ffff0, 0x0000000752600000| 99%| O|  |TAMS 0x00000007525ffff0, 0x0000000752400000| Untracked 
|  19|0x0000000752600000, 0x00000007527fffd8, 0x0000000752800000| 99%| O|  |TAMS 0x00000007527fffd8, 0x0000000752600000| Untracked 
|  20|0x0000000752800000, 0x0000000752a00000, 0x0000000752a00000|100%| O|  |TAMS 0x0000000752a00000, 0x0000000752800000| Untracked 
|  21|0x0000000752a00000, 0x0000000752bfffb0, 0x0000000752c00000| 99%| O|  |TAMS 0x0000000752bfffb0, 0x0000000752a00000| Untracked 
|  22|0x0000000752c00000, 0x0000000752dfffe8, 0x0000000752e00000| 99%| O|  |TAMS 0x0000000752dfffe8, 0x0000000752c00000| Untracked 
|  23|0x0000000752e00000, 0x0000000752ffffe8, 0x0000000753000000| 99%| O|  |TAMS 0x0000000752ffffe8, 0x0000000752e00000| Untracked 
|  24|0x0000000753000000, 0x00000007531fffb8, 0x0000000753200000| 99%| O|  |TAMS 0x00000007531fffb8, 0x0000000753000000| Untracked 
|  25|0x0000000753200000, 0x0000000753400000, 0x0000000753400000|100%| O|  |TAMS 0x0000000753400000, 0x0000000753200000| Untracked 
|  26|0x0000000753400000, 0x00000007535fffe8, 0x0000000753600000| 99%| O|  |TAMS 0x00000007535fffe8, 0x0000000753400000| Untracked 
|  27|0x0000000753600000, 0x0000000753800000, 0x0000000753800000|100%| O|  |TAMS 0x0000000753800000, 0x0000000753600000| Untracked 
|  28|0x0000000753800000, 0x00000007539ffff0, 0x0000000753a00000| 99%| O|  |TAMS 0x00000007539ffff0, 0x0000000753800000| Untracked 
|  29|0x0000000753a00000, 0x0000000753c00000, 0x0000000753c00000|100%| O|  |TAMS 0x0000000753c00000, 0x0000000753a00000| Untracked 
|  30|0x0000000753c00000, 0x0000000753dfffe8, 0x0000000753e00000| 99%| O|  |TAMS 0x0000000753dfffe8, 0x0000000753c00000| Untracked 
|  31|0x0000000753e00000, 0x0000000753ffffe0, 0x0000000754000000| 99%| O|  |TAMS 0x0000000753ffffe0, 0x0000000753e00000| Untracked 
|  32|0x0000000754000000, 0x00000007541fffc8, 0x0000000754200000| 99%| O|  |TAMS 0x00000007541fffc8, 0x0000000754000000| Untracked 
|  33|0x0000000754200000, 0x00000007543fffd8, 0x0000000754400000| 99%| O|  |TAMS 0x00000007543fffd8, 0x0000000754200000| Untracked 
|  34|0x0000000754400000, 0x0000000754600000, 0x0000000754600000|100%| O|  |TAMS 0x0000000754600000, 0x0000000754400000| Untracked 
|  35|0x0000000754600000, 0x00000007547ffff8, 0x0000000754800000| 99%| O|  |TAMS 0x00000007547ffff8, 0x0000000754600000| Untracked 
|  36|0x0000000754800000, 0x00000007549ffff8, 0x0000000754a00000| 99%| O|  |TAMS 0x00000007549ffff8, 0x0000000754800000| Untracked 
|  37|0x0000000754a00000, 0x0000000754c00000, 0x0000000754c00000|100%| O|  |TAMS 0x0000000754c00000, 0x0000000754a00000| Untracked 
|  38|0x0000000754c00000, 0x0000000754e00000, 0x0000000754e00000|100%| O|  |TAMS 0x0000000754e00000, 0x0000000754c00000| Untracked 
|  39|0x0000000754e00000, 0x0000000754fffff0, 0x0000000755000000| 99%| O|  |TAMS 0x0000000754fffff0, 0x0000000754e00000| Untracked 
|  40|0x0000000755000000, 0x00000007551fffd8, 0x0000000755200000| 99%| O|  |TAMS 0x00000007551fffd8, 0x0000000755000000| Untracked 
|  41|0x0000000755200000, 0x00000007553fffe8, 0x0000000755400000| 99%| O|  |TAMS 0x00000007553fffe8, 0x0000000755200000| Untracked 
|  42|0x0000000755400000, 0x0000000755600000, 0x0000000755600000|100%| O|  |TAMS 0x0000000755600000, 0x0000000755400000| Untracked 
|  43|0x0000000755600000, 0x00000007557ffff8, 0x0000000755800000| 99%| O|  |TAMS 0x00000007557ffff8, 0x0000000755600000| Untracked 
|  44|0x0000000755800000, 0x00000007559ffe80, 0x0000000755a00000| 99%| O|  |TAMS 0x00000007559ffe80, 0x0000000755800000| Untracked 
|  45|0x0000000755a00000, 0x0000000755c00000, 0x0000000755c00000|100%| O|  |TAMS 0x0000000755c00000, 0x0000000755a00000| Untracked 
|  46|0x0000000755c00000, 0x0000000755e00000, 0x0000000755e00000|100%| O|  |TAMS 0x0000000755e00000, 0x0000000755c00000| Untracked 
|  47|0x0000000755e00000, 0x0000000755fffff0, 0x0000000756000000| 99%| O|  |TAMS 0x0000000755fffff0, 0x0000000755e00000| Untracked 
|  48|0x0000000756000000, 0x0000000756200000, 0x0000000756200000|100%| O|  |TAMS 0x0000000756200000, 0x0000000756000000| Untracked 
|  49|0x0000000756200000, 0x0000000756400000, 0x0000000756400000|100%| O|  |TAMS 0x0000000756400000, 0x0000000756200000| Untracked 
|  50|0x0000000756400000, 0x0000000756600000, 0x0000000756600000|100%| O|  |TAMS 0x0000000756600000, 0x0000000756400000| Untracked 
|  51|0x0000000756600000, 0x0000000756800000, 0x0000000756800000|100%| O|  |TAMS 0x0000000756800000, 0x0000000756600000| Untracked 
|  52|0x0000000756800000, 0x0000000756a00000, 0x0000000756a00000|100%| O|  |TAMS 0x0000000756a00000, 0x0000000756800000| Untracked 
|  53|0x0000000756a00000, 0x0000000756c00000, 0x0000000756c00000|100%| O|  |TAMS 0x0000000756c00000, 0x0000000756a00000| Untracked 
|  54|0x0000000756c00000, 0x0000000756e00000, 0x0000000756e00000|100%| O|  |TAMS 0x0000000756e00000, 0x0000000756c00000| Untracked 
|  55|0x0000000756e00000, 0x0000000757000000, 0x0000000757000000|100%| O|  |TAMS 0x0000000757000000, 0x0000000756e00000| Untracked 
|  56|0x0000000757000000, 0x0000000757200000, 0x0000000757200000|100%| O|  |TAMS 0x0000000757200000, 0x0000000757000000| Untracked 
|  57|0x0000000757200000, 0x0000000757400000, 0x0000000757400000|100%| O|  |TAMS 0x0000000757400000, 0x0000000757200000| Untracked 
|  58|0x0000000757400000, 0x00000007575ac6b8, 0x0000000757600000| 83%| O|  |TAMS 0x00000007575ac6b8, 0x0000000757400000| Untracked 
|  59|0x0000000757600000, 0x00000007577ffff0, 0x0000000757800000| 99%| O|  |TAMS 0x00000007577ffff0, 0x0000000757600000| Untracked 
|  60|0x0000000757800000, 0x0000000757a00000, 0x0000000757a00000|100%| O|  |TAMS 0x0000000757a00000, 0x0000000757800000| Untracked 
|  61|0x0000000757a00000, 0x0000000757b5f088, 0x0000000757c00000| 68%| O|  |TAMS 0x0000000757b5f088, 0x0000000757a00000| Untracked 
|  62|0x0000000757c00000, 0x0000000757e00000, 0x0000000757e00000|100%| O|  |TAMS 0x0000000757e00000, 0x0000000757c00000| Untracked 
|  63|0x0000000757e00000, 0x0000000758000000, 0x0000000758000000|100%| O|  |TAMS 0x0000000758000000, 0x0000000757e00000| Untracked 
|  64|0x0000000758000000, 0x0000000758200000, 0x0000000758200000|100%| O|  |TAMS 0x0000000758200000, 0x0000000758000000| Untracked 
|  65|0x0000000758200000, 0x0000000758400000, 0x0000000758400000|100%| O|  |TAMS 0x0000000758400000, 0x0000000758200000| Untracked 
|  66|0x0000000758400000, 0x0000000758600000, 0x0000000758600000|100%| O|  |TAMS 0x0000000758600000, 0x0000000758400000| Untracked 
|  67|0x0000000758600000, 0x0000000758800000, 0x0000000758800000|100%| O|  |TAMS 0x0000000758800000, 0x0000000758600000| Untracked 
|  68|0x0000000758800000, 0x0000000758a00000, 0x0000000758a00000|100%| O|  |TAMS 0x0000000758a00000, 0x0000000758800000| Untracked 
|  69|0x0000000758a00000, 0x0000000758c00000, 0x0000000758c00000|100%| O|  |TAMS 0x0000000758c00000, 0x0000000758a00000| Untracked 
|  70|0x0000000758c00000, 0x0000000758e00000, 0x0000000758e00000|100%| O|  |TAMS 0x0000000758e00000, 0x0000000758c00000| Untracked 
|  71|0x0000000758e00000, 0x0000000759000000, 0x0000000759000000|100%| O|  |TAMS 0x0000000759000000, 0x0000000758e00000| Untracked 
|  72|0x0000000759000000, 0x0000000759200000, 0x0000000759200000|100%| O|  |TAMS 0x0000000759200000, 0x0000000759000000| Untracked 
|  73|0x0000000759200000, 0x0000000759400000, 0x0000000759400000|100%| O|  |TAMS 0x0000000759400000, 0x0000000759200000| Untracked 
|  74|0x0000000759400000, 0x0000000759600000, 0x0000000759600000|100%| O|  |TAMS 0x0000000759600000, 0x0000000759400000| Untracked 
|  75|0x0000000759600000, 0x0000000759800000, 0x0000000759800000|100%| O|  |TAMS 0x0000000759800000, 0x0000000759600000| Complete 
|  76|0x0000000759800000, 0x0000000759a00000, 0x0000000759a00000|100%| O|  |TAMS 0x0000000759a00000, 0x0000000759800000| Complete 
|  77|0x0000000759a00000, 0x0000000759c00000, 0x0000000759c00000|100%| O|  |TAMS 0x0000000759c00000, 0x0000000759a00000| Untracked 
|  78|0x0000000759c00000, 0x0000000759e00000, 0x0000000759e00000|100%| O|  |TAMS 0x0000000759e00000, 0x0000000759c00000| Untracked 
|  79|0x0000000759e00000, 0x000000075a000000, 0x000000075a000000|100%| O|  |TAMS 0x000000075a000000, 0x0000000759e00000| Untracked 
|  80|0x000000075a000000, 0x000000075a200000, 0x000000075a200000|100%| O|  |TAMS 0x000000075a200000, 0x000000075a000000| Untracked 
|  81|0x000000075a200000, 0x000000075a400000, 0x000000075a400000|100%| O|  |TAMS 0x000000075a400000, 0x000000075a200000| Untracked 
|  82|0x000000075a400000, 0x000000075a600000, 0x000000075a600000|100%| O|  |TAMS 0x000000075a600000, 0x000000075a400000| Untracked 
|  83|0x000000075a600000, 0x000000075a800000, 0x000000075a800000|100%| O|  |TAMS 0x000000075a800000, 0x000000075a600000| Untracked 
|  84|0x000000075a800000, 0x000000075aa00000, 0x000000075aa00000|100%| O|  |TAMS 0x000000075aa00000, 0x000000075a800000| Untracked 
|  85|0x000000075aa00000, 0x000000075ac00000, 0x000000075ac00000|100%| O|  |TAMS 0x000000075ac00000, 0x000000075aa00000| Untracked 
|  86|0x000000075ac00000, 0x000000075ae00000, 0x000000075ae00000|100%| O|  |TAMS 0x000000075ae00000, 0x000000075ac00000| Untracked 
|  87|0x000000075ae00000, 0x000000075b000000, 0x000000075b000000|100%| O|  |TAMS 0x000000075b000000, 0x000000075ae00000| Untracked 
|  88|0x000000075b000000, 0x000000075b200000, 0x000000075b200000|100%| O|  |TAMS 0x000000075b200000, 0x000000075b000000| Untracked 
|  89|0x000000075b200000, 0x000000075b400000, 0x000000075b400000|100%| O|  |TAMS 0x000000075b400000, 0x000000075b200000| Untracked 
|  90|0x000000075b400000, 0x000000075b600000, 0x000000075b600000|100%| O|  |TAMS 0x000000075b600000, 0x000000075b400000| Untracked 
|  91|0x000000075b600000, 0x000000075b800000, 0x000000075b800000|100%| O|  |TAMS 0x000000075b800000, 0x000000075b600000| Untracked 
|  92|0x000000075b800000, 0x000000075ba00000, 0x000000075ba00000|100%| O|  |TAMS 0x000000075ba00000, 0x000000075b800000| Untracked 
|  93|0x000000075ba00000, 0x000000075bc00000, 0x000000075bc00000|100%| O|  |TAMS 0x000000075bc00000, 0x000000075ba00000| Untracked 
|  94|0x000000075bc00000, 0x000000075be00000, 0x000000075be00000|100%| O|  |TAMS 0x000000075be00000, 0x000000075bc00000| Untracked 
|  95|0x000000075be00000, 0x000000075c000000, 0x000000075c000000|100%| O|  |TAMS 0x000000075c000000, 0x000000075be00000| Untracked 
|  96|0x000000075c000000, 0x000000075c200000, 0x000000075c200000|100%| O|  |TAMS 0x000000075c200000, 0x000000075c000000| Untracked 
|  97|0x000000075c200000, 0x000000075c400000, 0x000000075c400000|100%| O|  |TAMS 0x000000075c400000, 0x000000075c200000| Untracked 
|  98|0x000000075c400000, 0x000000075c600000, 0x000000075c600000|100%| O|  |TAMS 0x000000075c600000, 0x000000075c400000| Untracked 
|  99|0x000000075c600000, 0x000000075c800000, 0x000000075c800000|100%| O|  |TAMS 0x000000075c800000, 0x000000075c600000| Untracked 
| 100|0x000000075c800000, 0x000000075ca00000, 0x000000075ca00000|100%| O|  |TAMS 0x000000075ca00000, 0x000000075c800000| Untracked 
| 101|0x000000075ca00000, 0x000000075cc00000, 0x000000075cc00000|100%| O|  |TAMS 0x000000075cc00000, 0x000000075ca00000| Untracked 
| 102|0x000000075cc00000, 0x000000075ce00000, 0x000000075ce00000|100%| O|  |TAMS 0x000000075ce00000, 0x000000075cc00000| Untracked 
| 103|0x000000075ce00000, 0x000000075d000000, 0x000000075d000000|100%| O|  |TAMS 0x000000075d000000, 0x000000075ce00000| Untracked 
| 104|0x000000075d000000, 0x000000075d200000, 0x000000075d200000|100%| O|  |TAMS 0x000000075d200000, 0x000000075d000000| Untracked 
| 105|0x000000075d200000, 0x000000075d400000, 0x000000075d400000|100%| O|  |TAMS 0x000000075d400000, 0x000000075d200000| Untracked 
| 106|0x000000075d400000, 0x000000075d600000, 0x000000075d600000|100%| O|  |TAMS 0x000000075d600000, 0x000000075d400000| Untracked 
| 107|0x000000075d600000, 0x000000075d800000, 0x000000075d800000|100%| O|  |TAMS 0x000000075d800000, 0x000000075d600000| Untracked 
| 108|0x000000075d800000, 0x000000075da00000, 0x000000075da00000|100%| O|  |TAMS 0x000000075da00000, 0x000000075d800000| Untracked 
| 109|0x000000075da00000, 0x000000075dc00000, 0x000000075dc00000|100%| O|  |TAMS 0x000000075dc00000, 0x000000075da00000| Untracked 
| 110|0x000000075dc00000, 0x000000075de00000, 0x000000075de00000|100%| O|  |TAMS 0x000000075de00000, 0x000000075dc00000| Untracked 
| 111|0x000000075de00000, 0x000000075e000000, 0x000000075e000000|100%| O|  |TAMS 0x000000075e000000, 0x000000075de00000| Untracked 
| 112|0x000000075e000000, 0x000000075e200000, 0x000000075e200000|100%| O|  |TAMS 0x000000075e200000, 0x000000075e000000| Untracked 
| 113|0x000000075e200000, 0x000000075e400000, 0x000000075e400000|100%| O|  |TAMS 0x000000075e400000, 0x000000075e200000| Untracked 
| 114|0x000000075e400000, 0x000000075e600000, 0x000000075e600000|100%| O|  |TAMS 0x000000075e600000, 0x000000075e400000| Untracked 
| 115|0x000000075e600000, 0x000000075e800000, 0x000000075e800000|100%| O|  |TAMS 0x000000075e800000, 0x000000075e600000| Untracked 
| 116|0x000000075e800000, 0x000000075ea00000, 0x000000075ea00000|100%| O|  |TAMS 0x000000075ea00000, 0x000000075e800000| Untracked 
| 117|0x000000075ea00000, 0x000000075ec00000, 0x000000075ec00000|100%| O|  |TAMS 0x000000075ec00000, 0x000000075ea00000| Untracked 
| 118|0x000000075ec00000, 0x000000075ee00000, 0x000000075ee00000|100%| O|  |TAMS 0x000000075ee00000, 0x000000075ec00000| Untracked 
| 119|0x000000075ee00000, 0x000000075f000000, 0x000000075f000000|100%| O|  |TAMS 0x000000075f000000, 0x000000075ee00000| Untracked 
| 120|0x000000075f000000, 0x000000075f200000, 0x000000075f200000|100%| O|  |TAMS 0x000000075f200000, 0x000000075f000000| Untracked 
| 121|0x000000075f200000, 0x000000075f400000, 0x000000075f400000|100%| O|  |TAMS 0x000000075f400000, 0x000000075f200000| Untracked 
| 122|0x000000075f400000, 0x000000075f600000, 0x000000075f600000|100%| O|  |TAMS 0x000000075f600000, 0x000000075f400000| Untracked 
| 123|0x000000075f600000, 0x000000075f800000, 0x000000075f800000|100%| O|  |TAMS 0x000000075f800000, 0x000000075f600000| Untracked 
| 124|0x000000075f800000, 0x000000075fa00000, 0x000000075fa00000|100%| O|  |TAMS 0x000000075fa00000, 0x000000075f800000| Untracked 
| 125|0x000000075fa00000, 0x000000075fc00000, 0x000000075fc00000|100%| O|  |TAMS 0x000000075fc00000, 0x000000075fa00000| Untracked 
| 126|0x000000075fc00000, 0x000000075fe00000, 0x000000075fe00000|100%| O|  |TAMS 0x000000075fe00000, 0x000000075fc00000| Untracked 
| 127|0x000000075fe00000, 0x0000000760000000, 0x0000000760000000|100%| O|  |TAMS 0x0000000760000000, 0x000000075fe00000| Untracked 
| 128|0x0000000760000000, 0x0000000760200000, 0x0000000760200000|100%| O|  |TAMS 0x0000000760200000, 0x0000000760000000| Untracked 
| 129|0x0000000760200000, 0x0000000760400000, 0x0000000760400000|100%| O|  |TAMS 0x0000000760400000, 0x0000000760200000| Untracked 
| 130|0x0000000760400000, 0x0000000760600000, 0x0000000760600000|100%| O|  |TAMS 0x0000000760600000, 0x0000000760400000| Untracked 
| 131|0x0000000760600000, 0x0000000760800000, 0x0000000760800000|100%| O|  |TAMS 0x0000000760800000, 0x0000000760600000| Untracked 
| 132|0x0000000760800000, 0x0000000760a00000, 0x0000000760a00000|100%| O|  |TAMS 0x0000000760a00000, 0x0000000760800000| Untracked 
| 133|0x0000000760a00000, 0x0000000760c00000, 0x0000000760c00000|100%| O|  |TAMS 0x0000000760c00000, 0x0000000760a00000| Untracked 
| 134|0x0000000760c00000, 0x0000000760e00000, 0x0000000760e00000|100%| O|  |TAMS 0x0000000760e00000, 0x0000000760c00000| Untracked 
| 135|0x0000000760e00000, 0x0000000761000000, 0x0000000761000000|100%| O|  |TAMS 0x0000000761000000, 0x0000000760e00000| Untracked 
| 136|0x0000000761000000, 0x0000000761200000, 0x0000000761200000|100%| O|  |TAMS 0x0000000761200000, 0x0000000761000000| Untracked 
| 137|0x0000000761200000, 0x0000000761400000, 0x0000000761400000|100%| O|  |TAMS 0x0000000761400000, 0x0000000761200000| Untracked 
| 138|0x0000000761400000, 0x0000000761600000, 0x0000000761600000|100%| O|  |TAMS 0x0000000761600000, 0x0000000761400000| Untracked 
| 139|0x0000000761600000, 0x0000000761800000, 0x0000000761800000|100%| O|  |TAMS 0x0000000761800000, 0x0000000761600000| Untracked 
| 140|0x0000000761800000, 0x0000000761a00000, 0x0000000761a00000|100%| O|  |TAMS 0x0000000761a00000, 0x0000000761800000| Untracked 
| 141|0x0000000761a00000, 0x0000000761c00000, 0x0000000761c00000|100%| O|  |TAMS 0x0000000761c00000, 0x0000000761a00000| Untracked 
| 142|0x0000000761c00000, 0x0000000761e00000, 0x0000000761e00000|100%| O|  |TAMS 0x0000000761e00000, 0x0000000761c00000| Untracked 
| 143|0x0000000761e00000, 0x0000000762000000, 0x0000000762000000|100%| O|  |TAMS 0x0000000762000000, 0x0000000761e00000| Untracked 
| 144|0x0000000762000000, 0x0000000762200000, 0x0000000762200000|100%| O|  |TAMS 0x0000000762200000, 0x0000000762000000| Untracked 
| 145|0x0000000762200000, 0x0000000762400000, 0x0000000762400000|100%| O|  |TAMS 0x0000000762400000, 0x0000000762200000| Untracked 
| 146|0x0000000762400000, 0x0000000762600000, 0x0000000762600000|100%| O|  |TAMS 0x0000000762600000, 0x0000000762400000| Untracked 
| 147|0x0000000762600000, 0x0000000762800000, 0x0000000762800000|100%| O|  |TAMS 0x0000000762800000, 0x0000000762600000| Untracked 
| 148|0x0000000762800000, 0x0000000762a00000, 0x0000000762a00000|100%| O|  |TAMS 0x0000000762a00000, 0x0000000762800000| Untracked 
| 149|0x0000000762a00000, 0x0000000762c00000, 0x0000000762c00000|100%| O|  |TAMS 0x0000000762c00000, 0x0000000762a00000| Untracked 
| 150|0x0000000762c00000, 0x0000000762e00000, 0x0000000762e00000|100%| O|  |TAMS 0x0000000762e00000, 0x0000000762c00000| Untracked 
| 151|0x0000000762e00000, 0x0000000763000000, 0x0000000763000000|100%| O|  |TAMS 0x0000000763000000, 0x0000000762e00000| Untracked 
| 152|0x0000000763000000, 0x0000000763200000, 0x0000000763200000|100%| O|  |TAMS 0x0000000763200000, 0x0000000763000000| Untracked 
| 153|0x0000000763200000, 0x0000000763400000, 0x0000000763400000|100%| O|  |TAMS 0x0000000763400000, 0x0000000763200000| Untracked 
| 154|0x0000000763400000, 0x0000000763600000, 0x0000000763600000|100%| O|  |TAMS 0x0000000763600000, 0x0000000763400000| Untracked 
| 155|0x0000000763600000, 0x0000000763800000, 0x0000000763800000|100%| O|  |TAMS 0x0000000763800000, 0x0000000763600000| Untracked 
| 156|0x0000000763800000, 0x0000000763a00000, 0x0000000763a00000|100%| O|  |TAMS 0x0000000763a00000, 0x0000000763800000| Untracked 
| 157|0x0000000763a00000, 0x0000000763c00000, 0x0000000763c00000|100%| O|  |TAMS 0x0000000763c00000, 0x0000000763a00000| Untracked 
| 158|0x0000000763c00000, 0x0000000763e00000, 0x0000000763e00000|100%| O|  |TAMS 0x0000000763e00000, 0x0000000763c00000| Untracked 
| 159|0x0000000763e00000, 0x0000000764000000, 0x0000000764000000|100%| O|  |TAMS 0x0000000764000000, 0x0000000763e00000| Untracked 
| 160|0x0000000764000000, 0x0000000764200000, 0x0000000764200000|100%| O|  |TAMS 0x0000000764200000, 0x0000000764000000| Untracked 
| 161|0x0000000764200000, 0x0000000764400000, 0x0000000764400000|100%| O|  |TAMS 0x0000000764400000, 0x0000000764200000| Untracked 
| 162|0x0000000764400000, 0x0000000764600000, 0x0000000764600000|100%| O|  |TAMS 0x0000000764600000, 0x0000000764400000| Untracked 
| 163|0x0000000764600000, 0x0000000764800000, 0x0000000764800000|100%| O|  |TAMS 0x0000000764800000, 0x0000000764600000| Untracked 
| 164|0x0000000764800000, 0x0000000764a00000, 0x0000000764a00000|100%| O|  |TAMS 0x0000000764a00000, 0x0000000764800000| Untracked 
| 165|0x0000000764a00000, 0x0000000764c00000, 0x0000000764c00000|100%| O|  |TAMS 0x0000000764c00000, 0x0000000764a00000| Untracked 
| 166|0x0000000764c00000, 0x0000000764e00000, 0x0000000764e00000|100%| O|  |TAMS 0x0000000764e00000, 0x0000000764c00000| Untracked 
| 167|0x0000000764e00000, 0x0000000765000000, 0x0000000765000000|100%| O|  |TAMS 0x0000000765000000, 0x0000000764e00000| Untracked 
| 168|0x0000000765000000, 0x0000000765200000, 0x0000000765200000|100%| O|  |TAMS 0x0000000765200000, 0x0000000765000000| Untracked 
| 169|0x0000000765200000, 0x0000000765400000, 0x0000000765400000|100%| O|  |TAMS 0x0000000765400000, 0x0000000765200000| Untracked 
| 170|0x0000000765400000, 0x0000000765600000, 0x0000000765600000|100%| O|  |TAMS 0x0000000765600000, 0x0000000765400000| Untracked 
| 171|0x0000000765600000, 0x0000000765800000, 0x0000000765800000|100%| O|  |TAMS 0x0000000765800000, 0x0000000765600000| Untracked 
| 172|0x0000000765800000, 0x0000000765a00000, 0x0000000765a00000|100%| O|  |TAMS 0x0000000765a00000, 0x0000000765800000| Untracked 
| 173|0x0000000765a00000, 0x0000000765c00000, 0x0000000765c00000|100%| O|  |TAMS 0x0000000765c00000, 0x0000000765a00000| Untracked 
| 174|0x0000000765c00000, 0x0000000765e00000, 0x0000000765e00000|100%| O|  |TAMS 0x0000000765e00000, 0x0000000765c00000| Complete 
| 175|0x0000000765e00000, 0x0000000766000000, 0x0000000766000000|100%|HS|  |TAMS 0x0000000765e00000, 0x0000000765e00000| Complete 
| 176|0x0000000766000000, 0x0000000766200000, 0x0000000766200000|100%| O|  |TAMS 0x0000000766200000, 0x0000000766000000| Untracked 
| 177|0x0000000766200000, 0x0000000766400000, 0x0000000766400000|100%|HS|  |TAMS 0x0000000766200000, 0x0000000766200000| Complete 
| 178|0x0000000766400000, 0x0000000766600000, 0x0000000766600000|100%|HC|  |TAMS 0x0000000766400000, 0x0000000766400000| Complete 
| 179|0x0000000766600000, 0x0000000766800000, 0x0000000766800000|100%|HS|  |TAMS 0x0000000766600000, 0x0000000766600000| Complete 
| 180|0x0000000766800000, 0x0000000766a00000, 0x0000000766a00000|100%| O|  |TAMS 0x0000000766a00000, 0x0000000766800000| Untracked 
| 181|0x0000000766a00000, 0x0000000766c00000, 0x0000000766c00000|100%| O|  |TAMS 0x0000000766c00000, 0x0000000766a00000| Complete 
| 182|0x0000000766c00000, 0x0000000766e00000, 0x0000000766e00000|100%| O|  |TAMS 0x0000000766e00000, 0x0000000766c00000| Complete 
| 183|0x0000000766e00000, 0x0000000767000000, 0x0000000767000000|100%| O|  |TAMS 0x0000000767000000, 0x0000000766e00000| Untracked 
| 184|0x0000000767000000, 0x0000000767200000, 0x0000000767200000|100%| O|  |TAMS 0x0000000767200000, 0x0000000767000000| Untracked 
| 185|0x0000000767200000, 0x0000000767400000, 0x0000000767400000|100%|HS|  |TAMS 0x0000000767200000, 0x0000000767200000| Complete 
| 186|0x0000000767400000, 0x0000000767600000, 0x0000000767600000|100%|HS|  |TAMS 0x0000000767400000, 0x0000000767400000| Complete 
| 187|0x0000000767600000, 0x0000000767800000, 0x0000000767800000|100%| O|  |TAMS 0x0000000767800000, 0x0000000767600000| Untracked 
| 188|0x0000000767800000, 0x0000000767a00000, 0x0000000767a00000|100%|HS|  |TAMS 0x0000000767800000, 0x0000000767800000| Complete 
| 189|0x0000000767a00000, 0x0000000767c00000, 0x0000000767c00000|100%|HC|  |TAMS 0x0000000767a00000, 0x0000000767a00000| Complete 
| 190|0x0000000767c00000, 0x0000000767e00000, 0x0000000767e00000|100%| O|  |TAMS 0x0000000767e00000, 0x0000000767c00000| Untracked 
| 191|0x0000000767e00000, 0x0000000768000000, 0x0000000768000000|100%| O|  |TAMS 0x0000000768000000, 0x0000000767e00000| Untracked 
| 192|0x0000000768000000, 0x0000000768200000, 0x0000000768200000|100%| O|  |TAMS 0x0000000768200000, 0x0000000768000000| Untracked 
| 193|0x0000000768200000, 0x0000000768400000, 0x0000000768400000|100%| O|  |TAMS 0x0000000768400000, 0x0000000768200000| Complete 
| 194|0x0000000768400000, 0x0000000768600000, 0x0000000768600000|100%|HS|  |TAMS 0x0000000768400000, 0x0000000768400000| Complete 
| 195|0x0000000768600000, 0x0000000768800000, 0x0000000768800000|100%|HC|  |TAMS 0x0000000768600000, 0x0000000768600000| Complete 
| 196|0x0000000768800000, 0x0000000768a00000, 0x0000000768a00000|100%|HC|  |TAMS 0x0000000768800000, 0x0000000768800000| Complete 
| 197|0x0000000768a00000, 0x0000000768c00000, 0x0000000768c00000|100%|HS|  |TAMS 0x0000000768a00000, 0x0000000768a00000| Complete 
| 198|0x0000000768c00000, 0x0000000768e00000, 0x0000000768e00000|100%| O|  |TAMS 0x0000000768e00000, 0x0000000768c00000| Untracked 
| 199|0x0000000768e00000, 0x0000000769000000, 0x0000000769000000|100%|HS|  |TAMS 0x0000000768e00000, 0x0000000768e00000| Complete 
| 200|0x0000000769000000, 0x0000000769200000, 0x0000000769200000|100%| O|  |TAMS 0x0000000769200000, 0x0000000769000000| Untracked 
| 201|0x0000000769200000, 0x0000000769400000, 0x0000000769400000|100%| O|  |TAMS 0x0000000769400000, 0x0000000769200000| Untracked 
| 202|0x0000000769400000, 0x0000000769600000, 0x0000000769600000|100%| O|  |TAMS 0x0000000769600000, 0x0000000769400000| Complete 
| 203|0x0000000769600000, 0x0000000769800000, 0x0000000769800000|100%|HS|  |TAMS 0x0000000769600000, 0x0000000769600000| Complete 
| 204|0x0000000769800000, 0x0000000769a00000, 0x0000000769a00000|100%| O|  |TAMS 0x0000000769a00000, 0x0000000769800000| Complete 
| 205|0x0000000769a00000, 0x0000000769c00000, 0x0000000769c00000|100%| O|  |TAMS 0x0000000769c00000, 0x0000000769a00000| Complete 
| 206|0x0000000769c00000, 0x0000000769e00000, 0x0000000769e00000|100%| O|  |TAMS 0x0000000769e00000, 0x0000000769c00000| Untracked 
| 207|0x0000000769e00000, 0x000000076a000000, 0x000000076a000000|100%| O|  |TAMS 0x000000076a000000, 0x0000000769e00000| Untracked 
| 208|0x000000076a000000, 0x000000076a200000, 0x000000076a200000|100%| O|  |TAMS 0x000000076a200000, 0x000000076a000000| Complete 
| 209|0x000000076a200000, 0x000000076a400000, 0x000000076a400000|100%| O|  |TAMS 0x000000076a400000, 0x000000076a200000| Complete 
| 210|0x000000076a400000, 0x000000076a600000, 0x000000076a600000|100%| O|  |TAMS 0x000000076a600000, 0x000000076a400000| Complete 
| 211|0x000000076a600000, 0x000000076a800000, 0x000000076a800000|100%| O|  |TAMS 0x000000076a800000, 0x000000076a600000| Complete 
| 212|0x000000076a800000, 0x000000076aa00000, 0x000000076aa00000|100%| O|  |TAMS 0x000000076aa00000, 0x000000076a800000| Untracked 
| 213|0x000000076aa00000, 0x000000076ac00000, 0x000000076ac00000|100%| O|  |TAMS 0x000000076ac00000, 0x000000076aa00000| Untracked 
| 214|0x000000076ac00000, 0x000000076ae00000, 0x000000076ae00000|100%| O|  |TAMS 0x000000076ae00000, 0x000000076ac00000| Untracked 
| 215|0x000000076ae00000, 0x000000076b000000, 0x000000076b000000|100%| O|  |TAMS 0x000000076b000000, 0x000000076ae00000| Untracked 
| 216|0x000000076b000000, 0x000000076b200000, 0x000000076b200000|100%| O|  |TAMS 0x000000076b200000, 0x000000076b000000| Untracked 
| 217|0x000000076b200000, 0x000000076b400000, 0x000000076b400000|100%| O|  |TAMS 0x000000076b400000, 0x000000076b200000| Untracked 
| 218|0x000000076b400000, 0x000000076b600000, 0x000000076b600000|100%| O|  |TAMS 0x000000076b600000, 0x000000076b400000| Untracked 
| 219|0x000000076b600000, 0x000000076b800000, 0x000000076b800000|100%| O|  |TAMS 0x000000076b800000, 0x000000076b600000| Untracked 
| 220|0x000000076b800000, 0x000000076ba00000, 0x000000076ba00000|100%| O|  |TAMS 0x000000076ba00000, 0x000000076b800000| Untracked 
| 221|0x000000076ba00000, 0x000000076bc00000, 0x000000076bc00000|100%| O|  |TAMS 0x000000076bc00000, 0x000000076ba00000| Untracked 
| 222|0x000000076bc00000, 0x000000076be00000, 0x000000076be00000|100%| O|  |TAMS 0x000000076be00000, 0x000000076bc00000| Untracked 
| 223|0x000000076be00000, 0x000000076c000000, 0x000000076c000000|100%| O|  |TAMS 0x000000076c000000, 0x000000076be00000| Untracked 
| 224|0x000000076c000000, 0x000000076c200000, 0x000000076c200000|100%| O|  |TAMS 0x000000076c200000, 0x000000076c000000| Untracked 
| 225|0x000000076c200000, 0x000000076c3a0000, 0x000000076c400000| 81%| O|  |TAMS 0x000000076c3a0000, 0x000000076c200000| Complete 
| 226|0x000000076c400000, 0x000000076c600000, 0x000000076c600000|100%|HS|  |TAMS 0x000000076c400000, 0x000000076c400000| Complete 
| 227|0x000000076c600000, 0x000000076c800000, 0x000000076c800000|100%|HC|  |TAMS 0x000000076c600000, 0x000000076c600000| Complete 
| 228|0x000000076c800000, 0x000000076ca00000, 0x000000076ca00000|100%|HC|  |TAMS 0x000000076c800000, 0x000000076c800000| Complete 
| 229|0x000000076ca00000, 0x000000076cc00000, 0x000000076cc00000|100%|HC|  |TAMS 0x000000076ca00000, 0x000000076ca00000| Complete 
| 230|0x000000076cc00000, 0x000000076ce00000, 0x000000076ce00000|100%|HC|  |TAMS 0x000000076cc00000, 0x000000076cc00000| Complete 
| 231|0x000000076ce00000, 0x000000076d000000, 0x000000076d000000|100%|HS|  |TAMS 0x000000076ce00000, 0x000000076ce00000| Complete 
| 232|0x000000076d000000, 0x000000076d200000, 0x000000076d200000|100%|HC|  |TAMS 0x000000076d000000, 0x000000076d000000| Complete 
| 233|0x000000076d200000, 0x000000076d400000, 0x000000076d400000|100%|HC|  |TAMS 0x000000076d200000, 0x000000076d200000| Complete 
| 234|0x000000076d400000, 0x000000076d600000, 0x000000076d600000|100%|HS|  |TAMS 0x000000076d400000, 0x000000076d400000| Complete 
| 235|0x000000076d600000, 0x000000076d800000, 0x000000076d800000|100%|HC|  |TAMS 0x000000076d600000, 0x000000076d600000| Complete 
| 236|0x000000076d800000, 0x000000076da00000, 0x000000076da00000|100%|HS|  |TAMS 0x000000076d800000, 0x000000076d800000| Complete 
| 237|0x000000076da00000, 0x000000076dc00000, 0x000000076dc00000|100%|HC|  |TAMS 0x000000076da00000, 0x000000076da00000| Complete 
| 238|0x000000076dc00000, 0x000000076de00000, 0x000000076de00000|100%|HC|  |TAMS 0x000000076dc00000, 0x000000076dc00000| Complete 
| 239|0x000000076de00000, 0x000000076e000000, 0x000000076e000000|100%|HS|  |TAMS 0x000000076de00000, 0x000000076de00000| Complete 
| 240|0x000000076e000000, 0x000000076e200000, 0x000000076e200000|100%|HC|  |TAMS 0x000000076e000000, 0x000000076e000000| Complete 
| 241|0x000000076e200000, 0x000000076e400000, 0x000000076e400000|100%|HC|  |TAMS 0x000000076e200000, 0x000000076e200000| Complete 
| 242|0x000000076e400000, 0x000000076e600000, 0x000000076e600000|100%|HC|  |TAMS 0x000000076e400000, 0x000000076e400000| Complete 
| 243|0x000000076e600000, 0x000000076e800000, 0x000000076e800000|100%|HC|  |TAMS 0x000000076e600000, 0x000000076e600000| Complete 
| 244|0x000000076e800000, 0x000000076ea00000, 0x000000076ea00000|100%|HS|  |TAMS 0x000000076e800000, 0x000000076e800000| Complete 
| 245|0x000000076ea00000, 0x000000076ec00000, 0x000000076ec00000|100%|HC|  |TAMS 0x000000076ea00000, 0x000000076ea00000| Complete 
| 246|0x000000076ec00000, 0x000000076ee00000, 0x000000076ee00000|100%|HS|  |TAMS 0x000000076ec00000, 0x000000076ec00000| Complete 
| 247|0x000000076ee00000, 0x000000076f000000, 0x000000076f000000|100%|HS|  |TAMS 0x000000076ee00000, 0x000000076ee00000| Complete 
| 248|0x000000076f000000, 0x000000076f200000, 0x000000076f200000|100%|HS|  |TAMS 0x000000076f000000, 0x000000076f000000| Complete 
| 249|0x000000076f200000, 0x000000076f400000, 0x000000076f400000|100%|HC|  |TAMS 0x000000076f200000, 0x000000076f200000| Complete 
| 250|0x000000076f400000, 0x000000076f600000, 0x000000076f600000|100%|HS|  |TAMS 0x000000076f400000, 0x000000076f400000| Complete 
| 251|0x000000076f600000, 0x000000076f800000, 0x000000076f800000|100%|HC|  |TAMS 0x000000076f600000, 0x000000076f600000| Complete 
| 252|0x000000076f800000, 0x000000076fa00000, 0x000000076fa00000|100%|HC|  |TAMS 0x000000076f800000, 0x000000076f800000| Complete 
| 253|0x000000076fa00000, 0x000000076fc00000, 0x000000076fc00000|100%|HS|  |TAMS 0x000000076fa00000, 0x000000076fa00000| Complete 
| 254|0x000000076fc00000, 0x000000076fe00000, 0x000000076fe00000|100%|HS|  |TAMS 0x000000076fc00000, 0x000000076fc00000| Complete 
| 255|0x000000076fe00000, 0x0000000770000000, 0x0000000770000000|100%|HC|  |TAMS 0x000000076fe00000, 0x000000076fe00000| Complete 
| 256|0x0000000770000000, 0x0000000770200000, 0x0000000770200000|100%|HC|  |TAMS 0x0000000770000000, 0x0000000770000000| Complete 
| 257|0x0000000770200000, 0x0000000770400000, 0x0000000770400000|100%|HC|  |TAMS 0x0000000770200000, 0x0000000770200000| Complete 
| 258|0x0000000770400000, 0x0000000770600000, 0x0000000770600000|100%|HC|  |TAMS 0x0000000770400000, 0x0000000770400000| Complete 
| 259|0x0000000770600000, 0x0000000770800000, 0x0000000770800000|100%|HS|  |TAMS 0x0000000770600000, 0x0000000770600000| Complete 
| 260|0x0000000770800000, 0x0000000770a00000, 0x0000000770a00000|100%|HC|  |TAMS 0x0000000770800000, 0x0000000770800000| Complete 
| 261|0x0000000770a00000, 0x0000000770c00000, 0x0000000770c00000|100%|HS|  |TAMS 0x0000000770a00000, 0x0000000770a00000| Complete 
| 262|0x0000000770c00000, 0x0000000770e00000, 0x0000000770e00000|100%|HS|  |TAMS 0x0000000770c00000, 0x0000000770c00000| Complete 
| 263|0x0000000770e00000, 0x0000000771000000, 0x0000000771000000|100%|HS|  |TAMS 0x0000000770e00000, 0x0000000770e00000| Complete 
| 264|0x0000000771000000, 0x0000000771200000, 0x0000000771200000|100%|HC|  |TAMS 0x0000000771000000, 0x0000000771000000| Complete 
| 265|0x0000000771200000, 0x0000000771400000, 0x0000000771400000|100%|HS|  |TAMS 0x0000000771200000, 0x0000000771200000| Complete 
| 266|0x0000000771400000, 0x0000000771600000, 0x0000000771600000|100%|HC|  |TAMS 0x0000000771400000, 0x0000000771400000| Complete 
| 267|0x0000000771600000, 0x0000000771800000, 0x0000000771800000|100%|HC|  |TAMS 0x0000000771600000, 0x0000000771600000| Complete 
| 268|0x0000000771800000, 0x0000000771a00000, 0x0000000771a00000|100%|HS|  |TAMS 0x0000000771800000, 0x0000000771800000| Complete 
| 269|0x0000000771a00000, 0x0000000771c00000, 0x0000000771c00000|100%|HS|  |TAMS 0x0000000771a00000, 0x0000000771a00000| Complete 
| 270|0x0000000771c00000, 0x0000000771e00000, 0x0000000771e00000|100%|HC|  |TAMS 0x0000000771c00000, 0x0000000771c00000| Complete 
| 271|0x0000000771e00000, 0x0000000772000000, 0x0000000772000000|100%|HC|  |TAMS 0x0000000771e00000, 0x0000000771e00000| Complete 
| 272|0x0000000772000000, 0x0000000772200000, 0x0000000772200000|100%|HC|  |TAMS 0x0000000772000000, 0x0000000772000000| Complete 
| 273|0x0000000772200000, 0x0000000772400000, 0x0000000772400000|100%|HC|  |TAMS 0x0000000772200000, 0x0000000772200000| Complete 
| 274|0x0000000772400000, 0x0000000772600000, 0x0000000772600000|100%|HS|  |TAMS 0x0000000772400000, 0x0000000772400000| Complete 
| 275|0x0000000772600000, 0x0000000772800000, 0x0000000772800000|100%|HC|  |TAMS 0x0000000772600000, 0x0000000772600000| Complete 
| 276|0x0000000772800000, 0x0000000772a00000, 0x0000000772a00000|100%|HS|  |TAMS 0x0000000772800000, 0x0000000772800000| Complete 
| 277|0x0000000772a00000, 0x0000000772c00000, 0x0000000772c00000|100%|HS|  |TAMS 0x0000000772a00000, 0x0000000772a00000| Complete 
| 278|0x0000000772c00000, 0x0000000772e00000, 0x0000000772e00000|100%|HS|  |TAMS 0x0000000772c00000, 0x0000000772c00000| Complete 
| 279|0x0000000772e00000, 0x0000000772e00000, 0x0000000773000000|  0%| F|  |TAMS 0x0000000772e00000, 0x0000000772e00000| Untracked 
| 280|0x0000000773000000, 0x0000000773000000, 0x0000000773200000|  0%| F|  |TAMS 0x0000000773000000, 0x0000000773000000| Untracked 
| 281|0x0000000773200000, 0x0000000773200000, 0x0000000773400000|  0%| F|  |TAMS 0x0000000773200000, 0x0000000773200000| Untracked 
| 282|0x0000000773400000, 0x0000000773400000, 0x0000000773600000|  0%| F|  |TAMS 0x0000000773400000, 0x0000000773400000| Untracked 
| 283|0x0000000773600000, 0x0000000773600000, 0x0000000773800000|  0%| F|  |TAMS 0x0000000773600000, 0x0000000773600000| Untracked 
| 284|0x0000000773800000, 0x0000000773800000, 0x0000000773a00000|  0%| F|  |TAMS 0x0000000773800000, 0x0000000773800000| Untracked 
| 285|0x0000000773a00000, 0x0000000773a00000, 0x0000000773c00000|  0%| F|  |TAMS 0x0000000773a00000, 0x0000000773a00000| Untracked 
| 286|0x0000000773c00000, 0x0000000773c00000, 0x0000000773e00000|  0%| F|  |TAMS 0x0000000773c00000, 0x0000000773c00000| Untracked 
| 287|0x0000000773e00000, 0x0000000773e00000, 0x0000000774000000|  0%| F|  |TAMS 0x0000000773e00000, 0x0000000773e00000| Untracked 
| 288|0x0000000774000000, 0x0000000774000000, 0x0000000774200000|  0%| F|  |TAMS 0x0000000774000000, 0x0000000774000000| Untracked 
| 289|0x0000000774200000, 0x0000000774200000, 0x0000000774400000|  0%| F|  |TAMS 0x0000000774200000, 0x0000000774200000| Untracked 
| 290|0x0000000774400000, 0x0000000774400000, 0x0000000774600000|  0%| F|  |TAMS 0x0000000774400000, 0x0000000774400000| Untracked 
| 291|0x0000000774600000, 0x0000000774600000, 0x0000000774800000|  0%| F|  |TAMS 0x0000000774600000, 0x0000000774600000| Untracked 
| 292|0x0000000774800000, 0x0000000774800000, 0x0000000774a00000|  0%| F|  |TAMS 0x0000000774800000, 0x0000000774800000| Untracked 
| 293|0x0000000774a00000, 0x0000000774a00000, 0x0000000774c00000|  0%| F|  |TAMS 0x0000000774a00000, 0x0000000774a00000| Untracked 
| 294|0x0000000774c00000, 0x0000000774c00000, 0x0000000774e00000|  0%| F|  |TAMS 0x0000000774c00000, 0x0000000774c00000| Untracked 
| 295|0x0000000774e00000, 0x0000000774e00000, 0x0000000775000000|  0%| F|  |TAMS 0x0000000774e00000, 0x0000000774e00000| Untracked 
| 296|0x0000000775000000, 0x0000000775000000, 0x0000000775200000|  0%| F|  |TAMS 0x0000000775000000, 0x0000000775000000| Untracked 
| 297|0x0000000775200000, 0x0000000775200000, 0x0000000775400000|  0%| F|  |TAMS 0x0000000775200000, 0x0000000775200000| Untracked 
| 298|0x0000000775400000, 0x0000000775400000, 0x0000000775600000|  0%| F|  |TAMS 0x0000000775400000, 0x0000000775400000| Untracked 
| 299|0x0000000775600000, 0x0000000775600000, 0x0000000775800000|  0%| F|  |TAMS 0x0000000775600000, 0x0000000775600000| Untracked 
| 300|0x0000000775800000, 0x0000000775800000, 0x0000000775a00000|  0%| F|  |TAMS 0x0000000775800000, 0x0000000775800000| Untracked 
| 301|0x0000000775a00000, 0x0000000775a00000, 0x0000000775c00000|  0%| F|  |TAMS 0x0000000775a00000, 0x0000000775a00000| Untracked 
| 302|0x0000000775c00000, 0x0000000775c00000, 0x0000000775e00000|  0%| F|  |TAMS 0x0000000775c00000, 0x0000000775c00000| Untracked 
| 303|0x0000000775e00000, 0x0000000775e00000, 0x0000000776000000|  0%| F|  |TAMS 0x0000000775e00000, 0x0000000775e00000| Untracked 
| 304|0x0000000776000000, 0x000000077602fa58, 0x0000000776200000|  9%| S|CS|TAMS 0x0000000776000000, 0x0000000776000000| Complete 
| 305|0x0000000776200000, 0x0000000776400000, 0x0000000776400000|100%| S|CS|TAMS 0x0000000776200000, 0x0000000776200000| Complete 
| 306|0x0000000776400000, 0x0000000776600000, 0x0000000776600000|100%| S|CS|TAMS 0x0000000776400000, 0x0000000776400000| Complete 
| 307|0x0000000776600000, 0x0000000776800000, 0x0000000776800000|100%| S|CS|TAMS 0x0000000776600000, 0x0000000776600000| Complete 
| 308|0x0000000776800000, 0x0000000776a00000, 0x0000000776a00000|100%| S|CS|TAMS 0x0000000776800000, 0x0000000776800000| Complete 
| 309|0x0000000776a00000, 0x0000000776c00000, 0x0000000776c00000|100%| S|CS|TAMS 0x0000000776a00000, 0x0000000776a00000| Complete 
| 310|0x0000000776c00000, 0x0000000776e00000, 0x0000000776e00000|100%| S|CS|TAMS 0x0000000776c00000, 0x0000000776c00000| Complete 
| 311|0x0000000776e00000, 0x0000000777000000, 0x0000000777000000|100%| S|CS|TAMS 0x0000000776e00000, 0x0000000776e00000| Complete 
| 312|0x0000000777000000, 0x0000000777200000, 0x0000000777200000|100%| S|CS|TAMS 0x0000000777000000, 0x0000000777000000| Complete 
| 313|0x0000000777200000, 0x0000000777400000, 0x0000000777400000|100%| S|CS|TAMS 0x0000000777200000, 0x0000000777200000| Complete 
| 314|0x0000000777400000, 0x0000000777600000, 0x0000000777600000|100%| S|CS|TAMS 0x0000000777400000, 0x0000000777400000| Complete 
| 315|0x0000000777600000, 0x0000000777800000, 0x0000000777800000|100%| S|CS|TAMS 0x0000000777600000, 0x0000000777600000| Complete 
| 316|0x0000000777800000, 0x0000000777a00000, 0x0000000777a00000|100%| S|CS|TAMS 0x0000000777800000, 0x0000000777800000| Complete 
| 317|0x0000000777a00000, 0x0000000777a00000, 0x0000000777c00000|  0%| F|  |TAMS 0x0000000777a00000, 0x0000000777a00000| Untracked 
| 318|0x0000000777c00000, 0x0000000777c00000, 0x0000000777e00000|  0%| F|  |TAMS 0x0000000777c00000, 0x0000000777c00000| Untracked 
| 319|0x0000000777e00000, 0x0000000777e00000, 0x0000000778000000|  0%| F|  |TAMS 0x0000000777e00000, 0x0000000777e00000| Untracked 
| 320|0x0000000778000000, 0x0000000778000000, 0x0000000778200000|  0%| F|  |TAMS 0x0000000778000000, 0x0000000778000000| Untracked 
| 321|0x0000000778200000, 0x0000000778200000, 0x0000000778400000|  0%| F|  |TAMS 0x0000000778200000, 0x0000000778200000| Untracked 
| 322|0x0000000778400000, 0x0000000778400000, 0x0000000778600000|  0%| F|  |TAMS 0x0000000778400000, 0x0000000778400000| Untracked 
| 323|0x0000000778600000, 0x0000000778600000, 0x0000000778800000|  0%| F|  |TAMS 0x0000000778600000, 0x0000000778600000| Untracked 
| 324|0x0000000778800000, 0x0000000778800000, 0x0000000778a00000|  0%| F|  |TAMS 0x0000000778800000, 0x0000000778800000| Untracked 
| 325|0x0000000778a00000, 0x0000000778a00000, 0x0000000778c00000|  0%| F|  |TAMS 0x0000000778a00000, 0x0000000778a00000| Untracked 
| 326|0x0000000778c00000, 0x0000000778c00000, 0x0000000778e00000|  0%| F|  |TAMS 0x0000000778c00000, 0x0000000778c00000| Untracked 
| 327|0x0000000778e00000, 0x0000000778e00000, 0x0000000779000000|  0%| F|  |TAMS 0x0000000778e00000, 0x0000000778e00000| Untracked 
| 328|0x0000000779000000, 0x0000000779000000, 0x0000000779200000|  0%| F|  |TAMS 0x0000000779000000, 0x0000000779000000| Untracked 
| 329|0x0000000779200000, 0x0000000779200000, 0x0000000779400000|  0%| F|  |TAMS 0x0000000779200000, 0x0000000779200000| Untracked 
| 330|0x0000000779400000, 0x0000000779400000, 0x0000000779600000|  0%| F|  |TAMS 0x0000000779400000, 0x0000000779400000| Untracked 
| 331|0x0000000779600000, 0x0000000779600000, 0x0000000779800000|  0%| F|  |TAMS 0x0000000779600000, 0x0000000779600000| Untracked 
| 332|0x0000000779800000, 0x0000000779800000, 0x0000000779a00000|  0%| F|  |TAMS 0x0000000779800000, 0x0000000779800000| Untracked 
| 333|0x0000000779a00000, 0x0000000779a00000, 0x0000000779c00000|  0%| F|  |TAMS 0x0000000779a00000, 0x0000000779a00000| Untracked 
| 334|0x0000000779c00000, 0x0000000779c00000, 0x0000000779e00000|  0%| F|  |TAMS 0x0000000779c00000, 0x0000000779c00000| Untracked 
| 335|0x0000000779e00000, 0x0000000779e00000, 0x000000077a000000|  0%| F|  |TAMS 0x0000000779e00000, 0x0000000779e00000| Untracked 
| 336|0x000000077a000000, 0x000000077a000000, 0x000000077a200000|  0%| F|  |TAMS 0x000000077a000000, 0x000000077a000000| Untracked 
| 337|0x000000077a200000, 0x000000077a200000, 0x000000077a400000|  0%| F|  |TAMS 0x000000077a200000, 0x000000077a200000| Untracked 
| 338|0x000000077a400000, 0x000000077a400000, 0x000000077a600000|  0%| F|  |TAMS 0x000000077a400000, 0x000000077a400000| Untracked 
| 339|0x000000077a600000, 0x000000077a600000, 0x000000077a800000|  0%| F|  |TAMS 0x000000077a600000, 0x000000077a600000| Untracked 
| 340|0x000000077a800000, 0x000000077a800000, 0x000000077aa00000|  0%| F|  |TAMS 0x000000077a800000, 0x000000077a800000| Untracked 
| 341|0x000000077aa00000, 0x000000077aa00000, 0x000000077ac00000|  0%| F|  |TAMS 0x000000077aa00000, 0x000000077aa00000| Untracked 
| 342|0x000000077ac00000, 0x000000077ac00000, 0x000000077ae00000|  0%| F|  |TAMS 0x000000077ac00000, 0x000000077ac00000| Untracked 
| 343|0x000000077ae00000, 0x000000077ae00000, 0x000000077b000000|  0%| F|  |TAMS 0x000000077ae00000, 0x000000077ae00000| Untracked 
| 344|0x000000077b000000, 0x000000077b000000, 0x000000077b200000|  0%| F|  |TAMS 0x000000077b000000, 0x000000077b000000| Untracked 
| 345|0x000000077b200000, 0x000000077b200000, 0x000000077b400000|  0%| F|  |TAMS 0x000000077b200000, 0x000000077b200000| Untracked 
| 346|0x000000077b400000, 0x000000077b400000, 0x000000077b600000|  0%| F|  |TAMS 0x000000077b400000, 0x000000077b400000| Untracked 
| 347|0x000000077b600000, 0x000000077b600000, 0x000000077b800000|  0%| F|  |TAMS 0x000000077b600000, 0x000000077b600000| Untracked 
| 348|0x000000077b800000, 0x000000077b800000, 0x000000077ba00000|  0%| F|  |TAMS 0x000000077b800000, 0x000000077b800000| Untracked 
| 349|0x000000077ba00000, 0x000000077ba00000, 0x000000077bc00000|  0%| F|  |TAMS 0x000000077ba00000, 0x000000077ba00000| Untracked 
| 350|0x000000077bc00000, 0x000000077bc00000, 0x000000077be00000|  0%| F|  |TAMS 0x000000077bc00000, 0x000000077bc00000| Untracked 
| 351|0x000000077be00000, 0x000000077be00000, 0x000000077c000000|  0%| F|  |TAMS 0x000000077be00000, 0x000000077be00000| Untracked 
| 352|0x000000077c000000, 0x000000077c000000, 0x000000077c200000|  0%| F|  |TAMS 0x000000077c000000, 0x000000077c000000| Untracked 
| 353|0x000000077c200000, 0x000000077c200000, 0x000000077c400000|  0%| F|  |TAMS 0x000000077c200000, 0x000000077c200000| Untracked 
| 354|0x000000077c400000, 0x000000077c400000, 0x000000077c600000|  0%| F|  |TAMS 0x000000077c400000, 0x000000077c400000| Untracked 
| 355|0x000000077c600000, 0x000000077c600000, 0x000000077c800000|  0%| F|  |TAMS 0x000000077c600000, 0x000000077c600000| Untracked 
| 356|0x000000077c800000, 0x000000077c800000, 0x000000077ca00000|  0%| F|  |TAMS 0x000000077c800000, 0x000000077c800000| Untracked 
| 357|0x000000077ca00000, 0x000000077ca00000, 0x000000077cc00000|  0%| F|  |TAMS 0x000000077ca00000, 0x000000077ca00000| Untracked 
| 358|0x000000077cc00000, 0x000000077cc00000, 0x000000077ce00000|  0%| F|  |TAMS 0x000000077cc00000, 0x000000077cc00000| Untracked 
| 359|0x000000077ce00000, 0x000000077ce00000, 0x000000077d000000|  0%| F|  |TAMS 0x000000077ce00000, 0x000000077ce00000| Untracked 
| 360|0x000000077d000000, 0x000000077d000000, 0x000000077d200000|  0%| F|  |TAMS 0x000000077d000000, 0x000000077d000000| Untracked 
| 361|0x000000077d200000, 0x000000077d200000, 0x000000077d400000|  0%| F|  |TAMS 0x000000077d200000, 0x000000077d200000| Untracked 
| 362|0x000000077d400000, 0x000000077d400000, 0x000000077d600000|  0%| F|  |TAMS 0x000000077d400000, 0x000000077d400000| Untracked 
| 363|0x000000077d600000, 0x000000077d600000, 0x000000077d800000|  0%| F|  |TAMS 0x000000077d600000, 0x000000077d600000| Untracked 
| 364|0x000000077d800000, 0x000000077d800000, 0x000000077da00000|  0%| F|  |TAMS 0x000000077d800000, 0x000000077d800000| Untracked 
| 365|0x000000077da00000, 0x000000077da00000, 0x000000077dc00000|  0%| F|  |TAMS 0x000000077da00000, 0x000000077da00000| Untracked 
| 366|0x000000077dc00000, 0x000000077dc00000, 0x000000077de00000|  0%| F|  |TAMS 0x000000077dc00000, 0x000000077dc00000| Untracked 
| 367|0x000000077de00000, 0x000000077de00000, 0x000000077e000000|  0%| F|  |TAMS 0x000000077de00000, 0x000000077de00000| Untracked 
| 368|0x000000077e000000, 0x000000077e000000, 0x000000077e200000|  0%| F|  |TAMS 0x000000077e000000, 0x000000077e000000| Untracked 
| 369|0x000000077e200000, 0x000000077e200000, 0x000000077e400000|  0%| F|  |TAMS 0x000000077e200000, 0x000000077e200000| Untracked 
| 370|0x000000077e400000, 0x000000077e400000, 0x000000077e600000|  0%| F|  |TAMS 0x000000077e400000, 0x000000077e400000| Untracked 
| 371|0x000000077e600000, 0x000000077e600000, 0x000000077e800000|  0%| F|  |TAMS 0x000000077e600000, 0x000000077e600000| Untracked 
| 372|0x000000077e800000, 0x000000077e800000, 0x000000077ea00000|  0%| F|  |TAMS 0x000000077e800000, 0x000000077e800000| Untracked 
| 373|0x000000077ea00000, 0x000000077ea00000, 0x000000077ec00000|  0%| F|  |TAMS 0x000000077ea00000, 0x000000077ea00000| Untracked 
| 374|0x000000077ec00000, 0x000000077ec00000, 0x000000077ee00000|  0%| F|  |TAMS 0x000000077ec00000, 0x000000077ec00000| Untracked 
| 375|0x000000077ee00000, 0x000000077ee00000, 0x000000077f000000|  0%| F|  |TAMS 0x000000077ee00000, 0x000000077ee00000| Untracked 
| 376|0x000000077f000000, 0x000000077f000000, 0x000000077f200000|  0%| F|  |TAMS 0x000000077f000000, 0x000000077f000000| Untracked 
| 377|0x000000077f200000, 0x000000077f200000, 0x000000077f400000|  0%| F|  |TAMS 0x000000077f200000, 0x000000077f200000| Untracked 
| 378|0x000000077f400000, 0x000000077f400000, 0x000000077f600000|  0%| F|  |TAMS 0x000000077f400000, 0x000000077f400000| Untracked 
| 379|0x000000077f600000, 0x000000077f600000, 0x000000077f800000|  0%| F|  |TAMS 0x000000077f600000, 0x000000077f600000| Untracked 
| 380|0x000000077f800000, 0x000000077f800000, 0x000000077fa00000|  0%| F|  |TAMS 0x000000077f800000, 0x000000077f800000| Untracked 
| 381|0x000000077fa00000, 0x000000077fa00000, 0x000000077fc00000|  0%| F|  |TAMS 0x000000077fa00000, 0x000000077fa00000| Untracked 
| 382|0x000000077fc00000, 0x000000077fc00000, 0x000000077fe00000|  0%| F|  |TAMS 0x000000077fc00000, 0x000000077fc00000| Untracked 
| 383|0x000000077fe00000, 0x000000077fe00000, 0x0000000780000000|  0%| F|  |TAMS 0x000000077fe00000, 0x000000077fe00000| Untracked 
| 384|0x0000000780000000, 0x0000000780000000, 0x0000000780200000|  0%| F|  |TAMS 0x0000000780000000, 0x0000000780000000| Untracked 
| 385|0x0000000780200000, 0x0000000780200000, 0x0000000780400000|  0%| F|  |TAMS 0x0000000780200000, 0x0000000780200000| Untracked 
| 386|0x0000000780400000, 0x0000000780400000, 0x0000000780600000|  0%| F|  |TAMS 0x0000000780400000, 0x0000000780400000| Untracked 
| 387|0x0000000780600000, 0x0000000780600000, 0x0000000780800000|  0%| F|  |TAMS 0x0000000780600000, 0x0000000780600000| Untracked 
| 388|0x0000000780800000, 0x0000000780800000, 0x0000000780a00000|  0%| F|  |TAMS 0x0000000780800000, 0x0000000780800000| Untracked 
| 389|0x0000000780a00000, 0x0000000780a00000, 0x0000000780c00000|  0%| F|  |TAMS 0x0000000780a00000, 0x0000000780a00000| Untracked 
| 390|0x0000000780c00000, 0x0000000780c00000, 0x0000000780e00000|  0%| F|  |TAMS 0x0000000780c00000, 0x0000000780c00000| Untracked 
| 391|0x0000000780e00000, 0x0000000780e00000, 0x0000000781000000|  0%| F|  |TAMS 0x0000000780e00000, 0x0000000780e00000| Untracked 
| 392|0x0000000781000000, 0x0000000781000000, 0x0000000781200000|  0%| F|  |TAMS 0x0000000781000000, 0x0000000781000000| Untracked 
| 393|0x0000000781200000, 0x0000000781200000, 0x0000000781400000|  0%| F|  |TAMS 0x0000000781200000, 0x0000000781200000| Untracked 
| 394|0x0000000781400000, 0x0000000781400000, 0x0000000781600000|  0%| F|  |TAMS 0x0000000781400000, 0x0000000781400000| Untracked 
| 395|0x0000000781600000, 0x0000000781600000, 0x0000000781800000|  0%| F|  |TAMS 0x0000000781600000, 0x0000000781600000| Untracked 
| 396|0x0000000781800000, 0x0000000781800000, 0x0000000781a00000|  0%| F|  |TAMS 0x0000000781800000, 0x0000000781800000| Untracked 
| 397|0x0000000781a00000, 0x0000000781c00000, 0x0000000781c00000|100%| E|  |TAMS 0x0000000781a00000, 0x0000000781a00000| Complete 
| 398|0x0000000781c00000, 0x0000000781e00000, 0x0000000781e00000|100%| E|CS|TAMS 0x0000000781c00000, 0x0000000781c00000| Complete 
| 399|0x0000000781e00000, 0x0000000782000000, 0x0000000782000000|100%| E|CS|TAMS 0x0000000781e00000, 0x0000000781e00000| Complete 
| 400|0x0000000782000000, 0x0000000782200000, 0x0000000782200000|100%| E|CS|TAMS 0x0000000782000000, 0x0000000782000000| Complete 
| 401|0x0000000782200000, 0x0000000782400000, 0x0000000782400000|100%| E|CS|TAMS 0x0000000782200000, 0x0000000782200000| Complete 
| 402|0x0000000782400000, 0x0000000782600000, 0x0000000782600000|100%| E|CS|TAMS 0x0000000782400000, 0x0000000782400000| Complete 
| 403|0x0000000782600000, 0x0000000782800000, 0x0000000782800000|100%| E|CS|TAMS 0x0000000782600000, 0x0000000782600000| Complete 
| 404|0x0000000782800000, 0x0000000782a00000, 0x0000000782a00000|100%| E|CS|TAMS 0x0000000782800000, 0x0000000782800000| Complete 
| 405|0x0000000782a00000, 0x0000000782c00000, 0x0000000782c00000|100%| E|CS|TAMS 0x0000000782a00000, 0x0000000782a00000| Complete 
| 406|0x0000000782c00000, 0x0000000782e00000, 0x0000000782e00000|100%| E|CS|TAMS 0x0000000782c00000, 0x0000000782c00000| Complete 
| 407|0x0000000782e00000, 0x0000000783000000, 0x0000000783000000|100%| E|CS|TAMS 0x0000000782e00000, 0x0000000782e00000| Complete 
| 408|0x0000000783000000, 0x0000000783200000, 0x0000000783200000|100%| E|CS|TAMS 0x0000000783000000, 0x0000000783000000| Complete 
| 409|0x0000000783200000, 0x0000000783400000, 0x0000000783400000|100%| E|CS|TAMS 0x0000000783200000, 0x0000000783200000| Complete 
| 410|0x0000000783400000, 0x0000000783600000, 0x0000000783600000|100%| E|CS|TAMS 0x0000000783400000, 0x0000000783400000| Complete 
| 411|0x0000000783600000, 0x0000000783800000, 0x0000000783800000|100%| E|CS|TAMS 0x0000000783600000, 0x0000000783600000| Complete 
| 412|0x0000000783800000, 0x0000000783a00000, 0x0000000783a00000|100%| E|CS|TAMS 0x0000000783800000, 0x0000000783800000| Complete 
| 413|0x0000000783a00000, 0x0000000783c00000, 0x0000000783c00000|100%| E|CS|TAMS 0x0000000783a00000, 0x0000000783a00000| Complete 
| 414|0x0000000783c00000, 0x0000000783e00000, 0x0000000783e00000|100%| E|CS|TAMS 0x0000000783c00000, 0x0000000783c00000| Complete 
| 415|0x0000000783e00000, 0x0000000784000000, 0x0000000784000000|100%| E|CS|TAMS 0x0000000783e00000, 0x0000000783e00000| Complete 
| 416|0x0000000784000000, 0x0000000784200000, 0x0000000784200000|100%| E|CS|TAMS 0x0000000784000000, 0x0000000784000000| Complete 
| 417|0x0000000784200000, 0x0000000784400000, 0x0000000784400000|100%| E|CS|TAMS 0x0000000784200000, 0x0000000784200000| Complete 
| 418|0x0000000784400000, 0x0000000784600000, 0x0000000784600000|100%| E|CS|TAMS 0x0000000784400000, 0x0000000784400000| Complete 
| 419|0x0000000784600000, 0x0000000784800000, 0x0000000784800000|100%| E|CS|TAMS 0x0000000784600000, 0x0000000784600000| Complete 
| 420|0x0000000784800000, 0x0000000784a00000, 0x0000000784a00000|100%| E|CS|TAMS 0x0000000784800000, 0x0000000784800000| Complete 
| 421|0x0000000784a00000, 0x0000000784c00000, 0x0000000784c00000|100%| E|CS|TAMS 0x0000000784a00000, 0x0000000784a00000| Complete 
| 422|0x0000000784c00000, 0x0000000784e00000, 0x0000000784e00000|100%| E|CS|TAMS 0x0000000784c00000, 0x0000000784c00000| Complete 
| 423|0x0000000784e00000, 0x0000000785000000, 0x0000000785000000|100%| E|CS|TAMS 0x0000000784e00000, 0x0000000784e00000| Complete 
| 424|0x0000000785000000, 0x0000000785200000, 0x0000000785200000|100%| E|CS|TAMS 0x0000000785000000, 0x0000000785000000| Complete 
| 425|0x0000000785200000, 0x0000000785400000, 0x0000000785400000|100%| E|CS|TAMS 0x0000000785200000, 0x0000000785200000| Complete 
| 426|0x0000000785400000, 0x0000000785600000, 0x0000000785600000|100%| E|CS|TAMS 0x0000000785400000, 0x0000000785400000| Complete 
| 427|0x0000000785600000, 0x0000000785800000, 0x0000000785800000|100%| E|CS|TAMS 0x0000000785600000, 0x0000000785600000| Complete 
| 428|0x0000000785800000, 0x0000000785a00000, 0x0000000785a00000|100%| E|CS|TAMS 0x0000000785800000, 0x0000000785800000| Complete 
| 429|0x0000000785a00000, 0x0000000785c00000, 0x0000000785c00000|100%| E|CS|TAMS 0x0000000785a00000, 0x0000000785a00000| Complete 
| 430|0x0000000785c00000, 0x0000000785e00000, 0x0000000785e00000|100%| E|CS|TAMS 0x0000000785c00000, 0x0000000785c00000| Complete 
| 431|0x0000000785e00000, 0x0000000786000000, 0x0000000786000000|100%| E|CS|TAMS 0x0000000785e00000, 0x0000000785e00000| Complete 
| 432|0x0000000786000000, 0x0000000786200000, 0x0000000786200000|100%| E|CS|TAMS 0x0000000786000000, 0x0000000786000000| Complete 
| 433|0x0000000786200000, 0x0000000786400000, 0x0000000786400000|100%| E|CS|TAMS 0x0000000786200000, 0x0000000786200000| Complete 
| 434|0x0000000786400000, 0x0000000786600000, 0x0000000786600000|100%| E|CS|TAMS 0x0000000786400000, 0x0000000786400000| Complete 
| 435|0x0000000786600000, 0x0000000786800000, 0x0000000786800000|100%| E|CS|TAMS 0x0000000786600000, 0x0000000786600000| Complete 
| 436|0x0000000786800000, 0x0000000786a00000, 0x0000000786a00000|100%| E|CS|TAMS 0x0000000786800000, 0x0000000786800000| Complete 
| 437|0x0000000786a00000, 0x0000000786c00000, 0x0000000786c00000|100%| E|CS|TAMS 0x0000000786a00000, 0x0000000786a00000| Complete 
| 438|0x0000000786c00000, 0x0000000786e00000, 0x0000000786e00000|100%| E|CS|TAMS 0x0000000786c00000, 0x0000000786c00000| Complete 
| 439|0x0000000786e00000, 0x0000000787000000, 0x0000000787000000|100%| E|CS|TAMS 0x0000000786e00000, 0x0000000786e00000| Complete 
| 440|0x0000000787000000, 0x0000000787200000, 0x0000000787200000|100%| E|CS|TAMS 0x0000000787000000, 0x0000000787000000| Complete 
| 441|0x0000000787200000, 0x0000000787400000, 0x0000000787400000|100%| E|CS|TAMS 0x0000000787200000, 0x0000000787200000| Complete 
| 442|0x0000000787400000, 0x0000000787600000, 0x0000000787600000|100%| E|CS|TAMS 0x0000000787400000, 0x0000000787400000| Complete 
| 443|0x0000000787600000, 0x0000000787800000, 0x0000000787800000|100%| E|CS|TAMS 0x0000000787600000, 0x0000000787600000| Complete 
| 444|0x0000000787800000, 0x0000000787a00000, 0x0000000787a00000|100%| E|CS|TAMS 0x0000000787800000, 0x0000000787800000| Complete 
| 445|0x0000000787a00000, 0x0000000787c00000, 0x0000000787c00000|100%| E|CS|TAMS 0x0000000787a00000, 0x0000000787a00000| Complete 
| 446|0x0000000787c00000, 0x0000000787e00000, 0x0000000787e00000|100%| E|CS|TAMS 0x0000000787c00000, 0x0000000787c00000| Complete 
| 447|0x0000000787e00000, 0x0000000788000000, 0x0000000788000000|100%| E|CS|TAMS 0x0000000787e00000, 0x0000000787e00000| Complete 
| 448|0x0000000788000000, 0x0000000788200000, 0x0000000788200000|100%| E|CS|TAMS 0x0000000788000000, 0x0000000788000000| Complete 
| 449|0x0000000788200000, 0x0000000788400000, 0x0000000788400000|100%| E|CS|TAMS 0x0000000788200000, 0x0000000788200000| Complete 
| 450|0x0000000788400000, 0x0000000788600000, 0x0000000788600000|100%| E|CS|TAMS 0x0000000788400000, 0x0000000788400000| Complete 
| 451|0x0000000788600000, 0x0000000788800000, 0x0000000788800000|100%| E|CS|TAMS 0x0000000788600000, 0x0000000788600000| Complete 
| 452|0x0000000788800000, 0x0000000788a00000, 0x0000000788a00000|100%| E|CS|TAMS 0x0000000788800000, 0x0000000788800000| Complete 
| 453|0x0000000788a00000, 0x0000000788c00000, 0x0000000788c00000|100%| E|CS|TAMS 0x0000000788a00000, 0x0000000788a00000| Complete 
| 454|0x0000000788c00000, 0x0000000788e00000, 0x0000000788e00000|100%| E|CS|TAMS 0x0000000788c00000, 0x0000000788c00000| Complete 
| 455|0x0000000788e00000, 0x0000000789000000, 0x0000000789000000|100%| E|CS|TAMS 0x0000000788e00000, 0x0000000788e00000| Complete 
| 456|0x0000000789000000, 0x0000000789200000, 0x0000000789200000|100%| E|CS|TAMS 0x0000000789000000, 0x0000000789000000| Complete 
| 457|0x0000000789200000, 0x0000000789400000, 0x0000000789400000|100%| E|CS|TAMS 0x0000000789200000, 0x0000000789200000| Complete 
| 458|0x0000000789400000, 0x0000000789600000, 0x0000000789600000|100%| E|CS|TAMS 0x0000000789400000, 0x0000000789400000| Complete 
| 459|0x0000000789600000, 0x0000000789800000, 0x0000000789800000|100%| E|CS|TAMS 0x0000000789600000, 0x0000000789600000| Complete 
| 460|0x0000000789800000, 0x0000000789a00000, 0x0000000789a00000|100%| E|CS|TAMS 0x0000000789800000, 0x0000000789800000| Complete 
| 461|0x0000000789a00000, 0x0000000789c00000, 0x0000000789c00000|100%| E|CS|TAMS 0x0000000789a00000, 0x0000000789a00000| Complete 
| 462|0x0000000789c00000, 0x0000000789e00000, 0x0000000789e00000|100%| E|CS|TAMS 0x0000000789c00000, 0x0000000789c00000| Complete 
| 463|0x0000000789e00000, 0x000000078a000000, 0x000000078a000000|100%| E|CS|TAMS 0x0000000789e00000, 0x0000000789e00000| Complete 
| 464|0x000000078a000000, 0x000000078a200000, 0x000000078a200000|100%| E|CS|TAMS 0x000000078a000000, 0x000000078a000000| Complete 
| 465|0x000000078a200000, 0x000000078a400000, 0x000000078a400000|100%| E|CS|TAMS 0x000000078a200000, 0x000000078a200000| Complete 
| 466|0x000000078a400000, 0x000000078a600000, 0x000000078a600000|100%| E|CS|TAMS 0x000000078a400000, 0x000000078a400000| Complete 
| 467|0x000000078a600000, 0x000000078a800000, 0x000000078a800000|100%| E|CS|TAMS 0x000000078a600000, 0x000000078a600000| Complete 
| 468|0x000000078a800000, 0x000000078aa00000, 0x000000078aa00000|100%| E|CS|TAMS 0x000000078a800000, 0x000000078a800000| Complete 
| 469|0x000000078aa00000, 0x000000078ac00000, 0x000000078ac00000|100%| E|CS|TAMS 0x000000078aa00000, 0x000000078aa00000| Complete 
| 470|0x000000078ac00000, 0x000000078ae00000, 0x000000078ae00000|100%| E|CS|TAMS 0x000000078ac00000, 0x000000078ac00000| Complete 
| 471|0x000000078ae00000, 0x000000078b000000, 0x000000078b000000|100%| E|CS|TAMS 0x000000078ae00000, 0x000000078ae00000| Complete 
| 472|0x000000078b000000, 0x000000078b200000, 0x000000078b200000|100%| E|CS|TAMS 0x000000078b000000, 0x000000078b000000| Complete 
| 473|0x000000078b200000, 0x000000078b400000, 0x000000078b400000|100%| E|CS|TAMS 0x000000078b200000, 0x000000078b200000| Complete 
| 474|0x000000078b400000, 0x000000078b600000, 0x000000078b600000|100%| E|CS|TAMS 0x000000078b400000, 0x000000078b400000| Complete 
| 475|0x000000078b600000, 0x000000078b800000, 0x000000078b800000|100%| E|CS|TAMS 0x000000078b600000, 0x000000078b600000| Complete 
| 476|0x000000078b800000, 0x000000078ba00000, 0x000000078ba00000|100%| E|CS|TAMS 0x000000078b800000, 0x000000078b800000| Complete 
| 477|0x000000078ba00000, 0x000000078bc00000, 0x000000078bc00000|100%| E|CS|TAMS 0x000000078ba00000, 0x000000078ba00000| Complete 
| 478|0x000000078bc00000, 0x000000078be00000, 0x000000078be00000|100%| E|CS|TAMS 0x000000078bc00000, 0x000000078bc00000| Complete 
| 479|0x000000078be00000, 0x000000078c000000, 0x000000078c000000|100%| E|CS|TAMS 0x000000078be00000, 0x000000078be00000| Complete 
| 480|0x000000078c000000, 0x000000078c200000, 0x000000078c200000|100%| E|CS|TAMS 0x000000078c000000, 0x000000078c000000| Complete 
| 481|0x000000078c200000, 0x000000078c400000, 0x000000078c400000|100%| E|CS|TAMS 0x000000078c200000, 0x000000078c200000| Complete 
| 482|0x000000078c400000, 0x000000078c600000, 0x000000078c600000|100%| E|CS|TAMS 0x000000078c400000, 0x000000078c400000| Complete 
| 483|0x000000078c600000, 0x000000078c800000, 0x000000078c800000|100%| E|CS|TAMS 0x000000078c600000, 0x000000078c600000| Complete 
| 484|0x000000078c800000, 0x000000078ca00000, 0x000000078ca00000|100%| E|CS|TAMS 0x000000078c800000, 0x000000078c800000| Complete 
| 485|0x000000078ca00000, 0x000000078cc00000, 0x000000078cc00000|100%| E|CS|TAMS 0x000000078ca00000, 0x000000078ca00000| Complete 
| 486|0x000000078cc00000, 0x000000078ce00000, 0x000000078ce00000|100%| E|CS|TAMS 0x000000078cc00000, 0x000000078cc00000| Complete 
| 487|0x000000078ce00000, 0x000000078d000000, 0x000000078d000000|100%| E|CS|TAMS 0x000000078ce00000, 0x000000078ce00000| Complete 
| 488|0x000000078d000000, 0x000000078d200000, 0x000000078d200000|100%| E|CS|TAMS 0x000000078d000000, 0x000000078d000000| Complete 
| 489|0x000000078d200000, 0x000000078d400000, 0x000000078d400000|100%| E|CS|TAMS 0x000000078d200000, 0x000000078d200000| Complete 
| 490|0x000000078d400000, 0x000000078d600000, 0x000000078d600000|100%| E|CS|TAMS 0x000000078d400000, 0x000000078d400000| Complete 
| 491|0x000000078d600000, 0x000000078d800000, 0x000000078d800000|100%| E|CS|TAMS 0x000000078d600000, 0x000000078d600000| Complete 
| 492|0x000000078d800000, 0x000000078da00000, 0x000000078da00000|100%| E|CS|TAMS 0x000000078d800000, 0x000000078d800000| Complete 
| 493|0x000000078da00000, 0x000000078dc00000, 0x000000078dc00000|100%| E|CS|TAMS 0x000000078da00000, 0x000000078da00000| Complete 
| 494|0x000000078dc00000, 0x000000078de00000, 0x000000078de00000|100%| E|CS|TAMS 0x000000078dc00000, 0x000000078dc00000| Complete 
| 495|0x000000078de00000, 0x000000078e000000, 0x000000078e000000|100%| E|CS|TAMS 0x000000078de00000, 0x000000078de00000| Complete 
| 496|0x000000078e000000, 0x000000078e200000, 0x000000078e200000|100%| E|CS|TAMS 0x000000078e000000, 0x000000078e000000| Complete 
| 497|0x000000078e200000, 0x000000078e400000, 0x000000078e400000|100%| E|CS|TAMS 0x000000078e200000, 0x000000078e200000| Complete 
| 498|0x000000078e400000, 0x000000078e600000, 0x000000078e600000|100%| E|CS|TAMS 0x000000078e400000, 0x000000078e400000| Complete 
| 499|0x000000078e600000, 0x000000078e800000, 0x000000078e800000|100%| E|CS|TAMS 0x000000078e600000, 0x000000078e600000| Complete 
| 500|0x000000078e800000, 0x000000078ea00000, 0x000000078ea00000|100%| E|CS|TAMS 0x000000078e800000, 0x000000078e800000| Complete 
| 501|0x000000078ea00000, 0x000000078ec00000, 0x000000078ec00000|100%| E|CS|TAMS 0x000000078ea00000, 0x000000078ea00000| Complete 
| 502|0x000000078ec00000, 0x000000078ee00000, 0x000000078ee00000|100%| E|CS|TAMS 0x000000078ec00000, 0x000000078ec00000| Complete 
| 503|0x000000078ee00000, 0x000000078f000000, 0x000000078f000000|100%| E|CS|TAMS 0x000000078ee00000, 0x000000078ee00000| Complete 
| 504|0x000000078f000000, 0x000000078f200000, 0x000000078f200000|100%| E|CS|TAMS 0x000000078f000000, 0x000000078f000000| Complete 
| 505|0x000000078f200000, 0x000000078f400000, 0x000000078f400000|100%| E|CS|TAMS 0x000000078f200000, 0x000000078f200000| Complete 
| 506|0x000000078f400000, 0x000000078f600000, 0x000000078f600000|100%| E|CS|TAMS 0x000000078f400000, 0x000000078f400000| Complete 
| 507|0x000000078f600000, 0x000000078f800000, 0x000000078f800000|100%| E|CS|TAMS 0x000000078f600000, 0x000000078f600000| Complete 
| 508|0x000000078f800000, 0x000000078fa00000, 0x000000078fa00000|100%| E|CS|TAMS 0x000000078f800000, 0x000000078f800000| Complete 
| 509|0x000000078fa00000, 0x000000078fc00000, 0x000000078fc00000|100%| E|CS|TAMS 0x000000078fa00000, 0x000000078fa00000| Complete 
| 510|0x000000078fc00000, 0x000000078fe00000, 0x000000078fe00000|100%| E|CS|TAMS 0x000000078fc00000, 0x000000078fc00000| Complete 
| 511|0x000000078fe00000, 0x0000000790000000, 0x0000000790000000|100%| E|CS|TAMS 0x000000078fe00000, 0x000000078fe00000| Complete 
| 512|0x0000000790000000, 0x0000000790200000, 0x0000000790200000|100%| E|CS|TAMS 0x0000000790000000, 0x0000000790000000| Complete 
| 513|0x0000000790200000, 0x0000000790400000, 0x0000000790400000|100%| E|CS|TAMS 0x0000000790200000, 0x0000000790200000| Complete 
| 514|0x0000000790400000, 0x0000000790600000, 0x0000000790600000|100%| E|CS|TAMS 0x0000000790400000, 0x0000000790400000| Complete 
| 515|0x0000000790600000, 0x0000000790800000, 0x0000000790800000|100%| E|CS|TAMS 0x0000000790600000, 0x0000000790600000| Complete 
| 516|0x0000000790800000, 0x0000000790a00000, 0x0000000790a00000|100%| E|CS|TAMS 0x0000000790800000, 0x0000000790800000| Complete 
| 517|0x0000000790a00000, 0x0000000790c00000, 0x0000000790c00000|100%| E|CS|TAMS 0x0000000790a00000, 0x0000000790a00000| Complete 
| 518|0x0000000790c00000, 0x0000000790e00000, 0x0000000790e00000|100%| E|CS|TAMS 0x0000000790c00000, 0x0000000790c00000| Complete 
| 519|0x0000000790e00000, 0x0000000791000000, 0x0000000791000000|100%| E|CS|TAMS 0x0000000790e00000, 0x0000000790e00000| Complete 
| 520|0x0000000791000000, 0x0000000791200000, 0x0000000791200000|100%| E|CS|TAMS 0x0000000791000000, 0x0000000791000000| Complete 
| 521|0x0000000791200000, 0x0000000791400000, 0x0000000791400000|100%| E|CS|TAMS 0x0000000791200000, 0x0000000791200000| Complete 
| 522|0x0000000791400000, 0x0000000791600000, 0x0000000791600000|100%| E|CS|TAMS 0x0000000791400000, 0x0000000791400000| Complete 
| 523|0x0000000791600000, 0x0000000791800000, 0x0000000791800000|100%| E|CS|TAMS 0x0000000791600000, 0x0000000791600000| Complete 
| 524|0x0000000791800000, 0x0000000791a00000, 0x0000000791a00000|100%| E|CS|TAMS 0x0000000791800000, 0x0000000791800000| Complete 
| 525|0x0000000791a00000, 0x0000000791c00000, 0x0000000791c00000|100%| E|CS|TAMS 0x0000000791a00000, 0x0000000791a00000| Complete 
| 526|0x0000000791c00000, 0x0000000791e00000, 0x0000000791e00000|100%| E|CS|TAMS 0x0000000791c00000, 0x0000000791c00000| Complete 
| 527|0x0000000791e00000, 0x0000000792000000, 0x0000000792000000|100%| E|CS|TAMS 0x0000000791e00000, 0x0000000791e00000| Complete 
| 528|0x0000000792000000, 0x0000000792200000, 0x0000000792200000|100%| E|CS|TAMS 0x0000000792000000, 0x0000000792000000| Complete 
| 529|0x0000000792200000, 0x0000000792400000, 0x0000000792400000|100%| E|CS|TAMS 0x0000000792200000, 0x0000000792200000| Complete 
| 530|0x0000000792400000, 0x0000000792600000, 0x0000000792600000|100%| E|CS|TAMS 0x0000000792400000, 0x0000000792400000| Complete 
| 531|0x0000000792600000, 0x0000000792800000, 0x0000000792800000|100%| E|CS|TAMS 0x0000000792600000, 0x0000000792600000| Complete 
| 532|0x0000000792800000, 0x0000000792a00000, 0x0000000792a00000|100%| E|CS|TAMS 0x0000000792800000, 0x0000000792800000| Complete 
| 533|0x0000000792a00000, 0x0000000792c00000, 0x0000000792c00000|100%| E|CS|TAMS 0x0000000792a00000, 0x0000000792a00000| Complete 
| 534|0x0000000792c00000, 0x0000000792e00000, 0x0000000792e00000|100%| E|CS|TAMS 0x0000000792c00000, 0x0000000792c00000| Complete 
| 535|0x0000000792e00000, 0x0000000793000000, 0x0000000793000000|100%| E|CS|TAMS 0x0000000792e00000, 0x0000000792e00000| Complete 
| 536|0x0000000793000000, 0x0000000793200000, 0x0000000793200000|100%| E|CS|TAMS 0x0000000793000000, 0x0000000793000000| Complete 
| 537|0x0000000793200000, 0x0000000793400000, 0x0000000793400000|100%| E|CS|TAMS 0x0000000793200000, 0x0000000793200000| Complete 
| 538|0x0000000793400000, 0x0000000793600000, 0x0000000793600000|100%| E|CS|TAMS 0x0000000793400000, 0x0000000793400000| Complete 
| 539|0x0000000793600000, 0x0000000793800000, 0x0000000793800000|100%| E|CS|TAMS 0x0000000793600000, 0x0000000793600000| Complete 
| 540|0x0000000793800000, 0x0000000793a00000, 0x0000000793a00000|100%| E|CS|TAMS 0x0000000793800000, 0x0000000793800000| Complete 
| 541|0x0000000793a00000, 0x0000000793c00000, 0x0000000793c00000|100%| E|CS|TAMS 0x0000000793a00000, 0x0000000793a00000| Complete 
| 542|0x0000000793c00000, 0x0000000793e00000, 0x0000000793e00000|100%| E|CS|TAMS 0x0000000793c00000, 0x0000000793c00000| Complete 
| 543|0x0000000793e00000, 0x0000000794000000, 0x0000000794000000|100%| E|CS|TAMS 0x0000000793e00000, 0x0000000793e00000| Complete 
| 544|0x0000000794000000, 0x0000000794200000, 0x0000000794200000|100%| E|CS|TAMS 0x0000000794000000, 0x0000000794000000| Complete 
| 545|0x0000000794200000, 0x0000000794400000, 0x0000000794400000|100%| E|CS|TAMS 0x0000000794200000, 0x0000000794200000| Complete 
| 546|0x0000000794400000, 0x0000000794600000, 0x0000000794600000|100%| E|CS|TAMS 0x0000000794400000, 0x0000000794400000| Complete 
| 547|0x0000000794600000, 0x0000000794800000, 0x0000000794800000|100%| E|CS|TAMS 0x0000000794600000, 0x0000000794600000| Complete 
| 548|0x0000000794800000, 0x0000000794a00000, 0x0000000794a00000|100%| E|CS|TAMS 0x0000000794800000, 0x0000000794800000| Complete 
| 549|0x0000000794a00000, 0x0000000794c00000, 0x0000000794c00000|100%| E|CS|TAMS 0x0000000794a00000, 0x0000000794a00000| Complete 
| 550|0x0000000794c00000, 0x0000000794e00000, 0x0000000794e00000|100%| E|CS|TAMS 0x0000000794c00000, 0x0000000794c00000| Complete 
| 551|0x0000000794e00000, 0x0000000795000000, 0x0000000795000000|100%| E|CS|TAMS 0x0000000794e00000, 0x0000000794e00000| Complete 
| 552|0x0000000795000000, 0x0000000795200000, 0x0000000795200000|100%| E|CS|TAMS 0x0000000795000000, 0x0000000795000000| Complete 
| 553|0x0000000795200000, 0x0000000795400000, 0x0000000795400000|100%| E|CS|TAMS 0x0000000795200000, 0x0000000795200000| Complete 
| 554|0x0000000795400000, 0x0000000795600000, 0x0000000795600000|100%| E|CS|TAMS 0x0000000795400000, 0x0000000795400000| Complete 
| 555|0x0000000795600000, 0x0000000795800000, 0x0000000795800000|100%| E|CS|TAMS 0x0000000795600000, 0x0000000795600000| Complete 
| 556|0x0000000795800000, 0x0000000795a00000, 0x0000000795a00000|100%| E|CS|TAMS 0x0000000795800000, 0x0000000795800000| Complete 
| 557|0x0000000795a00000, 0x0000000795c00000, 0x0000000795c00000|100%| E|CS|TAMS 0x0000000795a00000, 0x0000000795a00000| Complete 
| 558|0x0000000795c00000, 0x0000000795e00000, 0x0000000795e00000|100%| E|CS|TAMS 0x0000000795c00000, 0x0000000795c00000| Complete 
| 559|0x0000000795e00000, 0x0000000796000000, 0x0000000796000000|100%| E|CS|TAMS 0x0000000795e00000, 0x0000000795e00000| Complete 
| 560|0x0000000796000000, 0x0000000796200000, 0x0000000796200000|100%| E|CS|TAMS 0x0000000796000000, 0x0000000796000000| Complete 
| 561|0x0000000796200000, 0x0000000796400000, 0x0000000796400000|100%| E|CS|TAMS 0x0000000796200000, 0x0000000796200000| Complete 
| 562|0x0000000796400000, 0x0000000796600000, 0x0000000796600000|100%| E|CS|TAMS 0x0000000796400000, 0x0000000796400000| Complete 
| 563|0x0000000796600000, 0x0000000796800000, 0x0000000796800000|100%| E|CS|TAMS 0x0000000796600000, 0x0000000796600000| Complete 
| 564|0x0000000796800000, 0x0000000796a00000, 0x0000000796a00000|100%| E|CS|TAMS 0x0000000796800000, 0x0000000796800000| Complete 
| 565|0x0000000796a00000, 0x0000000796c00000, 0x0000000796c00000|100%| E|CS|TAMS 0x0000000796a00000, 0x0000000796a00000| Complete 
| 566|0x0000000796c00000, 0x0000000796e00000, 0x0000000796e00000|100%| E|CS|TAMS 0x0000000796c00000, 0x0000000796c00000| Complete 
| 567|0x0000000796e00000, 0x0000000797000000, 0x0000000797000000|100%| E|CS|TAMS 0x0000000796e00000, 0x0000000796e00000| Complete 
| 568|0x0000000797000000, 0x0000000797200000, 0x0000000797200000|100%| E|CS|TAMS 0x0000000797000000, 0x0000000797000000| Complete 
| 569|0x0000000797200000, 0x0000000797400000, 0x0000000797400000|100%| E|CS|TAMS 0x0000000797200000, 0x0000000797200000| Complete 
| 570|0x0000000797400000, 0x0000000797600000, 0x0000000797600000|100%| E|CS|TAMS 0x0000000797400000, 0x0000000797400000| Complete 
| 571|0x0000000797600000, 0x0000000797800000, 0x0000000797800000|100%| E|CS|TAMS 0x0000000797600000, 0x0000000797600000| Complete 
| 572|0x0000000797800000, 0x0000000797a00000, 0x0000000797a00000|100%| E|CS|TAMS 0x0000000797800000, 0x0000000797800000| Complete 
| 573|0x0000000797a00000, 0x0000000797c00000, 0x0000000797c00000|100%| E|CS|TAMS 0x0000000797a00000, 0x0000000797a00000| Complete 
| 574|0x0000000797c00000, 0x0000000797e00000, 0x0000000797e00000|100%| E|CS|TAMS 0x0000000797c00000, 0x0000000797c00000| Complete 
| 575|0x0000000797e00000, 0x0000000798000000, 0x0000000798000000|100%| E|CS|TAMS 0x0000000797e00000, 0x0000000797e00000| Complete 
| 576|0x0000000798000000, 0x0000000798200000, 0x0000000798200000|100%| E|CS|TAMS 0x0000000798000000, 0x0000000798000000| Complete 
| 577|0x0000000798200000, 0x0000000798400000, 0x0000000798400000|100%| E|CS|TAMS 0x0000000798200000, 0x0000000798200000| Complete 
| 578|0x0000000798400000, 0x0000000798600000, 0x0000000798600000|100%| E|CS|TAMS 0x0000000798400000, 0x0000000798400000| Complete 
| 579|0x0000000798600000, 0x0000000798800000, 0x0000000798800000|100%| E|CS|TAMS 0x0000000798600000, 0x0000000798600000| Complete 
| 580|0x0000000798800000, 0x0000000798a00000, 0x0000000798a00000|100%| E|CS|TAMS 0x0000000798800000, 0x0000000798800000| Complete 
| 581|0x0000000798a00000, 0x0000000798c00000, 0x0000000798c00000|100%| E|CS|TAMS 0x0000000798a00000, 0x0000000798a00000| Complete 
| 582|0x0000000798c00000, 0x0000000798e00000, 0x0000000798e00000|100%| E|CS|TAMS 0x0000000798c00000, 0x0000000798c00000| Complete 
| 583|0x0000000798e00000, 0x0000000799000000, 0x0000000799000000|100%| E|CS|TAMS 0x0000000798e00000, 0x0000000798e00000| Complete 
| 584|0x0000000799000000, 0x0000000799200000, 0x0000000799200000|100%| E|CS|TAMS 0x0000000799000000, 0x0000000799000000| Complete 
| 585|0x0000000799200000, 0x0000000799400000, 0x0000000799400000|100%| E|  |TAMS 0x0000000799200000, 0x0000000799200000| Complete 
| 586|0x0000000799400000, 0x0000000799600000, 0x0000000799600000|100%| E|CS|TAMS 0x0000000799400000, 0x0000000799400000| Complete 
| 587|0x0000000799600000, 0x0000000799800000, 0x0000000799800000|100%| E|CS|TAMS 0x0000000799600000, 0x0000000799600000| Complete 
| 588|0x0000000799800000, 0x0000000799a00000, 0x0000000799a00000|100%| E|CS|TAMS 0x0000000799800000, 0x0000000799800000| Complete 
| 589|0x0000000799a00000, 0x0000000799c00000, 0x0000000799c00000|100%| E|CS|TAMS 0x0000000799a00000, 0x0000000799a00000| Complete 
| 590|0x0000000799c00000, 0x0000000799e00000, 0x0000000799e00000|100%| E|CS|TAMS 0x0000000799c00000, 0x0000000799c00000| Complete 
| 591|0x0000000799e00000, 0x000000079a000000, 0x000000079a000000|100%| E|CS|TAMS 0x0000000799e00000, 0x0000000799e00000| Complete 
| 592|0x000000079a000000, 0x000000079a200000, 0x000000079a200000|100%| E|CS|TAMS 0x000000079a000000, 0x000000079a000000| Complete 
| 593|0x000000079a200000, 0x000000079a400000, 0x000000079a400000|100%| E|CS|TAMS 0x000000079a200000, 0x000000079a200000| Complete 
| 594|0x000000079a400000, 0x000000079a600000, 0x000000079a600000|100%| E|CS|TAMS 0x000000079a400000, 0x000000079a400000| Complete 
| 595|0x000000079a600000, 0x000000079a800000, 0x000000079a800000|100%| E|CS|TAMS 0x000000079a600000, 0x000000079a600000| Complete 
| 596|0x000000079a800000, 0x000000079aa00000, 0x000000079aa00000|100%| E|CS|TAMS 0x000000079a800000, 0x000000079a800000| Complete 
| 597|0x000000079aa00000, 0x000000079ac00000, 0x000000079ac00000|100%| E|CS|TAMS 0x000000079aa00000, 0x000000079aa00000| Complete 
| 598|0x000000079ac00000, 0x000000079ae00000, 0x000000079ae00000|100%| E|CS|TAMS 0x000000079ac00000, 0x000000079ac00000| Complete 
| 599|0x000000079ae00000, 0x000000079b000000, 0x000000079b000000|100%| E|CS|TAMS 0x000000079ae00000, 0x000000079ae00000| Complete 
| 600|0x000000079b000000, 0x000000079b200000, 0x000000079b200000|100%| E|CS|TAMS 0x000000079b000000, 0x000000079b000000| Complete 
| 601|0x000000079b200000, 0x000000079b400000, 0x000000079b400000|100%| E|CS|TAMS 0x000000079b200000, 0x000000079b200000| Complete 
| 602|0x000000079b400000, 0x000000079b600000, 0x000000079b600000|100%| E|CS|TAMS 0x000000079b400000, 0x000000079b400000| Complete 
| 603|0x000000079b600000, 0x000000079b800000, 0x000000079b800000|100%| E|CS|TAMS 0x000000079b600000, 0x000000079b600000| Complete 
| 604|0x000000079b800000, 0x000000079ba00000, 0x000000079ba00000|100%| E|CS|TAMS 0x000000079b800000, 0x000000079b800000| Complete 
| 605|0x000000079ba00000, 0x000000079bc00000, 0x000000079bc00000|100%| E|CS|TAMS 0x000000079ba00000, 0x000000079ba00000| Complete 
| 606|0x000000079bc00000, 0x000000079be00000, 0x000000079be00000|100%| E|CS|TAMS 0x000000079bc00000, 0x000000079bc00000| Complete 
| 607|0x000000079be00000, 0x000000079c000000, 0x000000079c000000|100%| E|CS|TAMS 0x000000079be00000, 0x000000079be00000| Complete 
| 608|0x000000079c000000, 0x000000079c200000, 0x000000079c200000|100%| E|CS|TAMS 0x000000079c000000, 0x000000079c000000| Complete 
| 609|0x000000079c200000, 0x000000079c400000, 0x000000079c400000|100%| E|CS|TAMS 0x000000079c200000, 0x000000079c200000| Complete 
| 610|0x000000079c400000, 0x000000079c600000, 0x000000079c600000|100%| E|CS|TAMS 0x000000079c400000, 0x000000079c400000| Complete 
| 611|0x000000079c600000, 0x000000079c800000, 0x000000079c800000|100%| E|CS|TAMS 0x000000079c600000, 0x000000079c600000| Complete 
| 612|0x000000079c800000, 0x000000079ca00000, 0x000000079ca00000|100%| E|CS|TAMS 0x000000079c800000, 0x000000079c800000| Complete 
| 613|0x000000079ca00000, 0x000000079cc00000, 0x000000079cc00000|100%| E|CS|TAMS 0x000000079ca00000, 0x000000079ca00000| Complete 
| 614|0x000000079cc00000, 0x000000079ce00000, 0x000000079ce00000|100%| E|CS|TAMS 0x000000079cc00000, 0x000000079cc00000| Complete 
| 615|0x000000079ce00000, 0x000000079d000000, 0x000000079d000000|100%| E|CS|TAMS 0x000000079ce00000, 0x000000079ce00000| Complete 
| 616|0x000000079d000000, 0x000000079d200000, 0x000000079d200000|100%| E|CS|TAMS 0x000000079d000000, 0x000000079d000000| Complete 
| 617|0x000000079d200000, 0x000000079d400000, 0x000000079d400000|100%| E|CS|TAMS 0x000000079d200000, 0x000000079d200000| Complete 
| 618|0x000000079d400000, 0x000000079d600000, 0x000000079d600000|100%| E|CS|TAMS 0x000000079d400000, 0x000000079d400000| Complete 
| 619|0x000000079d600000, 0x000000079d800000, 0x000000079d800000|100%| E|CS|TAMS 0x000000079d600000, 0x000000079d600000| Complete 
| 620|0x000000079d800000, 0x000000079da00000, 0x000000079da00000|100%| E|CS|TAMS 0x000000079d800000, 0x000000079d800000| Complete 
| 621|0x000000079da00000, 0x000000079dc00000, 0x000000079dc00000|100%| E|CS|TAMS 0x000000079da00000, 0x000000079da00000| Complete 
| 622|0x000000079dc00000, 0x000000079de00000, 0x000000079de00000|100%| E|CS|TAMS 0x000000079dc00000, 0x000000079dc00000| Complete 
| 623|0x000000079de00000, 0x000000079e000000, 0x000000079e000000|100%| E|CS|TAMS 0x000000079de00000, 0x000000079de00000| Complete 
| 624|0x000000079e000000, 0x000000079e200000, 0x000000079e200000|100%| E|CS|TAMS 0x000000079e000000, 0x000000079e000000| Complete 
| 625|0x000000079e200000, 0x000000079e400000, 0x000000079e400000|100%| E|CS|TAMS 0x000000079e200000, 0x000000079e200000| Complete 
| 626|0x000000079e400000, 0x000000079e600000, 0x000000079e600000|100%| E|CS|TAMS 0x000000079e400000, 0x000000079e400000| Complete 
| 627|0x000000079e600000, 0x000000079e800000, 0x000000079e800000|100%| E|CS|TAMS 0x000000079e600000, 0x000000079e600000| Complete 
| 628|0x000000079e800000, 0x000000079ea00000, 0x000000079ea00000|100%| E|CS|TAMS 0x000000079e800000, 0x000000079e800000| Complete 
| 629|0x000000079ea00000, 0x000000079ec00000, 0x000000079ec00000|100%| E|CS|TAMS 0x000000079ea00000, 0x000000079ea00000| Complete 
| 630|0x000000079ec00000, 0x000000079ee00000, 0x000000079ee00000|100%| E|CS|TAMS 0x000000079ec00000, 0x000000079ec00000| Complete 
| 631|0x000000079ee00000, 0x000000079f000000, 0x000000079f000000|100%| E|CS|TAMS 0x000000079ee00000, 0x000000079ee00000| Complete 
| 632|0x000000079f000000, 0x000000079f200000, 0x000000079f200000|100%| E|CS|TAMS 0x000000079f000000, 0x000000079f000000| Complete 
| 633|0x000000079f200000, 0x000000079f400000, 0x000000079f400000|100%| E|CS|TAMS 0x000000079f200000, 0x000000079f200000| Complete 
| 634|0x000000079f400000, 0x000000079f600000, 0x000000079f600000|100%| E|CS|TAMS 0x000000079f400000, 0x000000079f400000| Complete 
| 635|0x000000079f600000, 0x000000079f800000, 0x000000079f800000|100%| E|CS|TAMS 0x000000079f600000, 0x000000079f600000| Complete 
| 636|0x000000079f800000, 0x000000079fa00000, 0x000000079fa00000|100%| E|CS|TAMS 0x000000079f800000, 0x000000079f800000| Complete 
| 637|0x000000079fa00000, 0x000000079fc00000, 0x000000079fc00000|100%| E|CS|TAMS 0x000000079fa00000, 0x000000079fa00000| Complete 
| 638|0x000000079fc00000, 0x000000079fe00000, 0x000000079fe00000|100%| E|CS|TAMS 0x000000079fc00000, 0x000000079fc00000| Complete 
| 639|0x000000079fe00000, 0x00000007a0000000, 0x00000007a0000000|100%| E|CS|TAMS 0x000000079fe00000, 0x000000079fe00000| Complete 
| 640|0x00000007a0000000, 0x00000007a0200000, 0x00000007a0200000|100%| E|CS|TAMS 0x00000007a0000000, 0x00000007a0000000| Complete 
| 641|0x00000007a0200000, 0x00000007a0400000, 0x00000007a0400000|100%| E|CS|TAMS 0x00000007a0200000, 0x00000007a0200000| Complete 
| 642|0x00000007a0400000, 0x00000007a0600000, 0x00000007a0600000|100%| E|CS|TAMS 0x00000007a0400000, 0x00000007a0400000| Complete 
| 643|0x00000007a0600000, 0x00000007a0800000, 0x00000007a0800000|100%| E|CS|TAMS 0x00000007a0600000, 0x00000007a0600000| Complete 
| 644|0x00000007a0800000, 0x00000007a0a00000, 0x00000007a0a00000|100%| E|CS|TAMS 0x00000007a0800000, 0x00000007a0800000| Complete 
| 645|0x00000007a0a00000, 0x00000007a0c00000, 0x00000007a0c00000|100%| E|CS|TAMS 0x00000007a0a00000, 0x00000007a0a00000| Complete 
| 646|0x00000007a0c00000, 0x00000007a0e00000, 0x00000007a0e00000|100%| E|CS|TAMS 0x00000007a0c00000, 0x00000007a0c00000| Complete 
| 647|0x00000007a0e00000, 0x00000007a1000000, 0x00000007a1000000|100%| E|CS|TAMS 0x00000007a0e00000, 0x00000007a0e00000| Complete 
| 648|0x00000007a1000000, 0x00000007a1200000, 0x00000007a1200000|100%| E|CS|TAMS 0x00000007a1000000, 0x00000007a1000000| Complete 
| 649|0x00000007a1200000, 0x00000007a1400000, 0x00000007a1400000|100%| E|CS|TAMS 0x00000007a1200000, 0x00000007a1200000| Complete 
| 650|0x00000007a1400000, 0x00000007a1600000, 0x00000007a1600000|100%| E|CS|TAMS 0x00000007a1400000, 0x00000007a1400000| Complete 
| 651|0x00000007a1600000, 0x00000007a1800000, 0x00000007a1800000|100%| E|CS|TAMS 0x00000007a1600000, 0x00000007a1600000| Complete 
| 652|0x00000007a1800000, 0x00000007a1a00000, 0x00000007a1a00000|100%| E|CS|TAMS 0x00000007a1800000, 0x00000007a1800000| Complete 
| 653|0x00000007a1a00000, 0x00000007a1c00000, 0x00000007a1c00000|100%| E|CS|TAMS 0x00000007a1a00000, 0x00000007a1a00000| Complete 
| 654|0x00000007a1c00000, 0x00000007a1e00000, 0x00000007a1e00000|100%| E|CS|TAMS 0x00000007a1c00000, 0x00000007a1c00000| Complete 
| 655|0x00000007a1e00000, 0x00000007a2000000, 0x00000007a2000000|100%| E|CS|TAMS 0x00000007a1e00000, 0x00000007a1e00000| Complete 
| 656|0x00000007a2000000, 0x00000007a2200000, 0x00000007a2200000|100%| E|CS|TAMS 0x00000007a2000000, 0x00000007a2000000| Complete 
| 657|0x00000007a2200000, 0x00000007a2400000, 0x00000007a2400000|100%| E|CS|TAMS 0x00000007a2200000, 0x00000007a2200000| Complete 
| 658|0x00000007a2400000, 0x00000007a2600000, 0x00000007a2600000|100%| E|CS|TAMS 0x00000007a2400000, 0x00000007a2400000| Complete 
| 659|0x00000007a2600000, 0x00000007a2800000, 0x00000007a2800000|100%| E|CS|TAMS 0x00000007a2600000, 0x00000007a2600000| Complete 
| 660|0x00000007a2800000, 0x00000007a2a00000, 0x00000007a2a00000|100%| E|CS|TAMS 0x00000007a2800000, 0x00000007a2800000| Complete 
| 661|0x00000007a2a00000, 0x00000007a2c00000, 0x00000007a2c00000|100%| E|CS|TAMS 0x00000007a2a00000, 0x00000007a2a00000| Complete 
| 662|0x00000007a2c00000, 0x00000007a2e00000, 0x00000007a2e00000|100%| E|CS|TAMS 0x00000007a2c00000, 0x00000007a2c00000| Complete 
| 663|0x00000007a2e00000, 0x00000007a3000000, 0x00000007a3000000|100%| E|CS|TAMS 0x00000007a2e00000, 0x00000007a2e00000| Complete 
| 664|0x00000007a3000000, 0x00000007a3200000, 0x00000007a3200000|100%| E|CS|TAMS 0x00000007a3000000, 0x00000007a3000000| Complete 
| 665|0x00000007a3200000, 0x00000007a3400000, 0x00000007a3400000|100%| E|CS|TAMS 0x00000007a3200000, 0x00000007a3200000| Complete 
| 666|0x00000007a3400000, 0x00000007a3600000, 0x00000007a3600000|100%| E|CS|TAMS 0x00000007a3400000, 0x00000007a3400000| Complete 
| 667|0x00000007a3600000, 0x00000007a3800000, 0x00000007a3800000|100%| E|CS|TAMS 0x00000007a3600000, 0x00000007a3600000| Complete 
| 668|0x00000007a3800000, 0x00000007a3a00000, 0x00000007a3a00000|100%| E|CS|TAMS 0x00000007a3800000, 0x00000007a3800000| Complete 
| 669|0x00000007a3a00000, 0x00000007a3c00000, 0x00000007a3c00000|100%| E|CS|TAMS 0x00000007a3a00000, 0x00000007a3a00000| Complete 
| 670|0x00000007a3c00000, 0x00000007a3e00000, 0x00000007a3e00000|100%| E|CS|TAMS 0x00000007a3c00000, 0x00000007a3c00000| Complete 
| 671|0x00000007a3e00000, 0x00000007a4000000, 0x00000007a4000000|100%| E|CS|TAMS 0x00000007a3e00000, 0x00000007a3e00000| Complete 
| 672|0x00000007a4000000, 0x00000007a4200000, 0x00000007a4200000|100%| E|CS|TAMS 0x00000007a4000000, 0x00000007a4000000| Complete 
| 673|0x00000007a4200000, 0x00000007a4400000, 0x00000007a4400000|100%| E|CS|TAMS 0x00000007a4200000, 0x00000007a4200000| Complete 
| 674|0x00000007a4400000, 0x00000007a4600000, 0x00000007a4600000|100%| E|CS|TAMS 0x00000007a4400000, 0x00000007a4400000| Complete 
| 675|0x00000007a4600000, 0x00000007a4800000, 0x00000007a4800000|100%| E|CS|TAMS 0x00000007a4600000, 0x00000007a4600000| Complete 
| 676|0x00000007a4800000, 0x00000007a4a00000, 0x00000007a4a00000|100%| E|CS|TAMS 0x00000007a4800000, 0x00000007a4800000| Complete 
| 677|0x00000007a4a00000, 0x00000007a4c00000, 0x00000007a4c00000|100%| E|CS|TAMS 0x00000007a4a00000, 0x00000007a4a00000| Complete 
| 678|0x00000007a4c00000, 0x00000007a4e00000, 0x00000007a4e00000|100%| E|CS|TAMS 0x00000007a4c00000, 0x00000007a4c00000| Complete 
| 679|0x00000007a4e00000, 0x00000007a5000000, 0x00000007a5000000|100%| E|CS|TAMS 0x00000007a4e00000, 0x00000007a4e00000| Complete 
| 680|0x00000007a5000000, 0x00000007a5200000, 0x00000007a5200000|100%| E|CS|TAMS 0x00000007a5000000, 0x00000007a5000000| Complete 
| 681|0x00000007a5200000, 0x00000007a5400000, 0x00000007a5400000|100%| E|CS|TAMS 0x00000007a5200000, 0x00000007a5200000| Complete 
| 682|0x00000007a5400000, 0x00000007a5600000, 0x00000007a5600000|100%| E|CS|TAMS 0x00000007a5400000, 0x00000007a5400000| Complete 
| 683|0x00000007a5600000, 0x00000007a5800000, 0x00000007a5800000|100%| E|CS|TAMS 0x00000007a5600000, 0x00000007a5600000| Complete 
| 684|0x00000007a5800000, 0x00000007a5a00000, 0x00000007a5a00000|100%| E|CS|TAMS 0x00000007a5800000, 0x00000007a5800000| Complete 
| 685|0x00000007a5a00000, 0x00000007a5c00000, 0x00000007a5c00000|100%| E|CS|TAMS 0x00000007a5a00000, 0x00000007a5a00000| Complete 
| 686|0x00000007a5c00000, 0x00000007a5e00000, 0x00000007a5e00000|100%| E|CS|TAMS 0x00000007a5c00000, 0x00000007a5c00000| Complete 
| 687|0x00000007a5e00000, 0x00000007a6000000, 0x00000007a6000000|100%| E|CS|TAMS 0x00000007a5e00000, 0x00000007a5e00000| Complete 
| 688|0x00000007a6000000, 0x00000007a6200000, 0x00000007a6200000|100%| E|CS|TAMS 0x00000007a6000000, 0x00000007a6000000| Complete 
| 689|0x00000007a6200000, 0x00000007a6400000, 0x00000007a6400000|100%| E|CS|TAMS 0x00000007a6200000, 0x00000007a6200000| Complete 
| 690|0x00000007a6400000, 0x00000007a6600000, 0x00000007a6600000|100%| E|CS|TAMS 0x00000007a6400000, 0x00000007a6400000| Complete 
| 691|0x00000007a6600000, 0x00000007a6800000, 0x00000007a6800000|100%| E|CS|TAMS 0x00000007a6600000, 0x00000007a6600000| Complete 
| 692|0x00000007a6800000, 0x00000007a6a00000, 0x00000007a6a00000|100%| E|CS|TAMS 0x00000007a6800000, 0x00000007a6800000| Complete 
| 693|0x00000007a6a00000, 0x00000007a6c00000, 0x00000007a6c00000|100%| E|CS|TAMS 0x00000007a6a00000, 0x00000007a6a00000| Complete 
| 694|0x00000007a6c00000, 0x00000007a6e00000, 0x00000007a6e00000|100%| E|CS|TAMS 0x00000007a6c00000, 0x00000007a6c00000| Complete 
| 695|0x00000007a6e00000, 0x00000007a7000000, 0x00000007a7000000|100%| E|CS|TAMS 0x00000007a6e00000, 0x00000007a6e00000| Complete 
| 696|0x00000007a7000000, 0x00000007a7200000, 0x00000007a7200000|100%| E|CS|TAMS 0x00000007a7000000, 0x00000007a7000000| Complete 
| 697|0x00000007a7200000, 0x00000007a7400000, 0x00000007a7400000|100%| E|CS|TAMS 0x00000007a7200000, 0x00000007a7200000| Complete 
| 698|0x00000007a7400000, 0x00000007a7600000, 0x00000007a7600000|100%| E|CS|TAMS 0x00000007a7400000, 0x00000007a7400000| Complete 
| 699|0x00000007a7600000, 0x00000007a7800000, 0x00000007a7800000|100%| E|CS|TAMS 0x00000007a7600000, 0x00000007a7600000| Complete 
| 700|0x00000007a7800000, 0x00000007a7a00000, 0x00000007a7a00000|100%| E|CS|TAMS 0x00000007a7800000, 0x00000007a7800000| Complete 
| 701|0x00000007a7a00000, 0x00000007a7c00000, 0x00000007a7c00000|100%| E|CS|TAMS 0x00000007a7a00000, 0x00000007a7a00000| Complete 
| 702|0x00000007a7c00000, 0x00000007a7e00000, 0x00000007a7e00000|100%| E|CS|TAMS 0x00000007a7c00000, 0x00000007a7c00000| Complete 
| 703|0x00000007a7e00000, 0x00000007a8000000, 0x00000007a8000000|100%| E|CS|TAMS 0x00000007a7e00000, 0x00000007a7e00000| Complete 
| 704|0x00000007a8000000, 0x00000007a8200000, 0x00000007a8200000|100%| E|CS|TAMS 0x00000007a8000000, 0x00000007a8000000| Complete 
| 705|0x00000007a8200000, 0x00000007a8400000, 0x00000007a8400000|100%| E|CS|TAMS 0x00000007a8200000, 0x00000007a8200000| Complete 
| 706|0x00000007a8400000, 0x00000007a8600000, 0x00000007a8600000|100%| E|CS|TAMS 0x00000007a8400000, 0x00000007a8400000| Complete 
| 707|0x00000007a8600000, 0x00000007a8800000, 0x00000007a8800000|100%| E|CS|TAMS 0x00000007a8600000, 0x00000007a8600000| Complete 
| 708|0x00000007a8800000, 0x00000007a8a00000, 0x00000007a8a00000|100%| E|CS|TAMS 0x00000007a8800000, 0x00000007a8800000| Complete 
| 709|0x00000007a8a00000, 0x00000007a8c00000, 0x00000007a8c00000|100%| E|CS|TAMS 0x00000007a8a00000, 0x00000007a8a00000| Complete 
| 710|0x00000007a8c00000, 0x00000007a8e00000, 0x00000007a8e00000|100%| E|CS|TAMS 0x00000007a8c00000, 0x00000007a8c00000| Complete 
| 711|0x00000007a8e00000, 0x00000007a9000000, 0x00000007a9000000|100%| E|CS|TAMS 0x00000007a8e00000, 0x00000007a8e00000| Complete 
| 712|0x00000007a9000000, 0x00000007a9200000, 0x00000007a9200000|100%| E|CS|TAMS 0x00000007a9000000, 0x00000007a9000000| Complete 
| 713|0x00000007a9200000, 0x00000007a9400000, 0x00000007a9400000|100%| E|CS|TAMS 0x00000007a9200000, 0x00000007a9200000| Complete 
| 714|0x00000007a9400000, 0x00000007a9600000, 0x00000007a9600000|100%| E|CS|TAMS 0x00000007a9400000, 0x00000007a9400000| Complete 
| 715|0x00000007a9600000, 0x00000007a9800000, 0x00000007a9800000|100%| E|CS|TAMS 0x00000007a9600000, 0x00000007a9600000| Complete 
| 716|0x00000007a9800000, 0x00000007a9a00000, 0x00000007a9a00000|100%| E|CS|TAMS 0x00000007a9800000, 0x00000007a9800000| Complete 
| 717|0x00000007a9a00000, 0x00000007a9c00000, 0x00000007a9c00000|100%| E|CS|TAMS 0x00000007a9a00000, 0x00000007a9a00000| Complete 
| 718|0x00000007a9c00000, 0x00000007a9e00000, 0x00000007a9e00000|100%| E|CS|TAMS 0x00000007a9c00000, 0x00000007a9c00000| Complete 
| 719|0x00000007a9e00000, 0x00000007aa000000, 0x00000007aa000000|100%| E|CS|TAMS 0x00000007a9e00000, 0x00000007a9e00000| Complete 
| 720|0x00000007aa000000, 0x00000007aa200000, 0x00000007aa200000|100%| E|CS|TAMS 0x00000007aa000000, 0x00000007aa000000| Complete 
| 721|0x00000007aa200000, 0x00000007aa400000, 0x00000007aa400000|100%| E|CS|TAMS 0x00000007aa200000, 0x00000007aa200000| Complete 
| 722|0x00000007aa400000, 0x00000007aa600000, 0x00000007aa600000|100%| E|CS|TAMS 0x00000007aa400000, 0x00000007aa400000| Complete 
| 723|0x00000007aa600000, 0x00000007aa800000, 0x00000007aa800000|100%| E|CS|TAMS 0x00000007aa600000, 0x00000007aa600000| Complete 
| 724|0x00000007aa800000, 0x00000007aaa00000, 0x00000007aaa00000|100%| E|CS|TAMS 0x00000007aa800000, 0x00000007aa800000| Complete 
| 725|0x00000007aaa00000, 0x00000007aac00000, 0x00000007aac00000|100%| E|CS|TAMS 0x00000007aaa00000, 0x00000007aaa00000| Complete 
| 726|0x00000007aac00000, 0x00000007aae00000, 0x00000007aae00000|100%| E|CS|TAMS 0x00000007aac00000, 0x00000007aac00000| Complete 
| 727|0x00000007aae00000, 0x00000007ab000000, 0x00000007ab000000|100%| E|CS|TAMS 0x00000007aae00000, 0x00000007aae00000| Complete 
| 728|0x00000007ab000000, 0x00000007ab200000, 0x00000007ab200000|100%| E|CS|TAMS 0x00000007ab000000, 0x00000007ab000000| Complete 
| 729|0x00000007ab200000, 0x00000007ab400000, 0x00000007ab400000|100%| E|CS|TAMS 0x00000007ab200000, 0x00000007ab200000| Complete 
| 730|0x00000007ab400000, 0x00000007ab600000, 0x00000007ab600000|100%| E|CS|TAMS 0x00000007ab400000, 0x00000007ab400000| Complete 
| 731|0x00000007ab600000, 0x00000007ab800000, 0x00000007ab800000|100%| E|CS|TAMS 0x00000007ab600000, 0x00000007ab600000| Complete 
| 732|0x00000007ab800000, 0x00000007aba00000, 0x00000007aba00000|100%| E|CS|TAMS 0x00000007ab800000, 0x00000007ab800000| Complete 
| 733|0x00000007aba00000, 0x00000007abc00000, 0x00000007abc00000|100%| E|CS|TAMS 0x00000007aba00000, 0x00000007aba00000| Complete 
| 734|0x00000007abc00000, 0x00000007abe00000, 0x00000007abe00000|100%| E|CS|TAMS 0x00000007abc00000, 0x00000007abc00000| Complete 
| 735|0x00000007abe00000, 0x00000007ac000000, 0x00000007ac000000|100%| E|CS|TAMS 0x00000007abe00000, 0x00000007abe00000| Complete 
| 736|0x00000007ac000000, 0x00000007ac200000, 0x00000007ac200000|100%| E|CS|TAMS 0x00000007ac000000, 0x00000007ac000000| Complete 
| 737|0x00000007ac200000, 0x00000007ac400000, 0x00000007ac400000|100%| E|CS|TAMS 0x00000007ac200000, 0x00000007ac200000| Complete 
| 738|0x00000007ac400000, 0x00000007ac600000, 0x00000007ac600000|100%| E|CS|TAMS 0x00000007ac400000, 0x00000007ac400000| Complete 
| 739|0x00000007ac600000, 0x00000007ac800000, 0x00000007ac800000|100%| E|CS|TAMS 0x00000007ac600000, 0x00000007ac600000| Complete 
| 740|0x00000007ac800000, 0x00000007aca00000, 0x00000007aca00000|100%| E|CS|TAMS 0x00000007ac800000, 0x00000007ac800000| Complete 
| 741|0x00000007aca00000, 0x00000007acc00000, 0x00000007acc00000|100%| E|CS|TAMS 0x00000007aca00000, 0x00000007aca00000| Complete 
| 742|0x00000007acc00000, 0x00000007ace00000, 0x00000007ace00000|100%| E|CS|TAMS 0x00000007acc00000, 0x00000007acc00000| Complete 
| 743|0x00000007ace00000, 0x00000007ad000000, 0x00000007ad000000|100%| E|CS|TAMS 0x00000007ace00000, 0x00000007ace00000| Complete 
| 744|0x00000007ad000000, 0x00000007ad200000, 0x00000007ad200000|100%| E|CS|TAMS 0x00000007ad000000, 0x00000007ad000000| Complete 
| 745|0x00000007ad200000, 0x00000007ad400000, 0x00000007ad400000|100%| E|CS|TAMS 0x00000007ad200000, 0x00000007ad200000| Complete 
| 746|0x00000007ad400000, 0x00000007ad600000, 0x00000007ad600000|100%| E|CS|TAMS 0x00000007ad400000, 0x00000007ad400000| Complete 
| 747|0x00000007ad600000, 0x00000007ad800000, 0x00000007ad800000|100%| E|CS|TAMS 0x00000007ad600000, 0x00000007ad600000| Complete 
| 748|0x00000007ad800000, 0x00000007ada00000, 0x00000007ada00000|100%| E|CS|TAMS 0x00000007ad800000, 0x00000007ad800000| Complete 
| 749|0x00000007ada00000, 0x00000007adc00000, 0x00000007adc00000|100%| E|CS|TAMS 0x00000007ada00000, 0x00000007ada00000| Complete 
| 750|0x00000007adc00000, 0x00000007ade00000, 0x00000007ade00000|100%| E|CS|TAMS 0x00000007adc00000, 0x00000007adc00000| Complete 
| 751|0x00000007ade00000, 0x00000007ae000000, 0x00000007ae000000|100%| E|CS|TAMS 0x00000007ade00000, 0x00000007ade00000| Complete 
| 752|0x00000007ae000000, 0x00000007ae200000, 0x00000007ae200000|100%| E|CS|TAMS 0x00000007ae000000, 0x00000007ae000000| Complete 
| 753|0x00000007ae200000, 0x00000007ae400000, 0x00000007ae400000|100%| E|CS|TAMS 0x00000007ae200000, 0x00000007ae200000| Complete 
| 754|0x00000007ae400000, 0x00000007ae600000, 0x00000007ae600000|100%| E|CS|TAMS 0x00000007ae400000, 0x00000007ae400000| Complete 
| 755|0x00000007ae600000, 0x00000007ae800000, 0x00000007ae800000|100%| E|CS|TAMS 0x00000007ae600000, 0x00000007ae600000| Complete 
| 756|0x00000007ae800000, 0x00000007aea00000, 0x00000007aea00000|100%| E|CS|TAMS 0x00000007ae800000, 0x00000007ae800000| Complete 
| 757|0x00000007aea00000, 0x00000007aec00000, 0x00000007aec00000|100%| E|CS|TAMS 0x00000007aea00000, 0x00000007aea00000| Complete 
| 758|0x00000007aec00000, 0x00000007aee00000, 0x00000007aee00000|100%| E|CS|TAMS 0x00000007aec00000, 0x00000007aec00000| Complete 
| 759|0x00000007aee00000, 0x00000007af000000, 0x00000007af000000|100%| E|CS|TAMS 0x00000007aee00000, 0x00000007aee00000| Complete 
| 760|0x00000007af000000, 0x00000007af200000, 0x00000007af200000|100%| E|CS|TAMS 0x00000007af000000, 0x00000007af000000| Complete 
| 761|0x00000007af200000, 0x00000007af400000, 0x00000007af400000|100%| E|CS|TAMS 0x00000007af200000, 0x00000007af200000| Complete 
| 762|0x00000007af400000, 0x00000007af600000, 0x00000007af600000|100%| E|CS|TAMS 0x00000007af400000, 0x00000007af400000| Complete 
| 763|0x00000007af600000, 0x00000007af800000, 0x00000007af800000|100%| E|CS|TAMS 0x00000007af600000, 0x00000007af600000| Complete 
| 764|0x00000007af800000, 0x00000007afa00000, 0x00000007afa00000|100%| E|CS|TAMS 0x00000007af800000, 0x00000007af800000| Complete 
| 765|0x00000007afa00000, 0x00000007afc00000, 0x00000007afc00000|100%| E|CS|TAMS 0x00000007afa00000, 0x00000007afa00000| Complete 
| 766|0x00000007afc00000, 0x00000007afe00000, 0x00000007afe00000|100%| E|CS|TAMS 0x00000007afc00000, 0x00000007afc00000| Complete 
| 767|0x00000007afe00000, 0x00000007b0000000, 0x00000007b0000000|100%| E|CS|TAMS 0x00000007afe00000, 0x00000007afe00000| Complete 
| 768|0x00000007b0000000, 0x00000007b0200000, 0x00000007b0200000|100%| E|CS|TAMS 0x00000007b0000000, 0x00000007b0000000| Complete 
| 769|0x00000007b0200000, 0x00000007b0400000, 0x00000007b0400000|100%| E|CS|TAMS 0x00000007b0200000, 0x00000007b0200000| Complete 
| 770|0x00000007b0400000, 0x00000007b0600000, 0x00000007b0600000|100%| E|CS|TAMS 0x00000007b0400000, 0x00000007b0400000| Complete 
| 771|0x00000007b0600000, 0x00000007b0800000, 0x00000007b0800000|100%| E|CS|TAMS 0x00000007b0600000, 0x00000007b0600000| Complete 
| 772|0x00000007b0800000, 0x00000007b0a00000, 0x00000007b0a00000|100%| E|CS|TAMS 0x00000007b0800000, 0x00000007b0800000| Complete 
| 773|0x00000007b0a00000, 0x00000007b0c00000, 0x00000007b0c00000|100%| E|CS|TAMS 0x00000007b0a00000, 0x00000007b0a00000| Complete 
| 774|0x00000007b0c00000, 0x00000007b0e00000, 0x00000007b0e00000|100%| E|CS|TAMS 0x00000007b0c00000, 0x00000007b0c00000| Complete 
| 775|0x00000007b0e00000, 0x00000007b1000000, 0x00000007b1000000|100%| E|CS|TAMS 0x00000007b0e00000, 0x00000007b0e00000| Complete 
| 776|0x00000007b1000000, 0x00000007b1200000, 0x00000007b1200000|100%| E|CS|TAMS 0x00000007b1000000, 0x00000007b1000000| Complete 
| 777|0x00000007b1200000, 0x00000007b1400000, 0x00000007b1400000|100%| E|CS|TAMS 0x00000007b1200000, 0x00000007b1200000| Complete 
| 778|0x00000007b1400000, 0x00000007b1600000, 0x00000007b1600000|100%| E|CS|TAMS 0x00000007b1400000, 0x00000007b1400000| Complete 
| 779|0x00000007b1600000, 0x00000007b1800000, 0x00000007b1800000|100%| E|CS|TAMS 0x00000007b1600000, 0x00000007b1600000| Complete 
| 780|0x00000007b1800000, 0x00000007b1a00000, 0x00000007b1a00000|100%| E|CS|TAMS 0x00000007b1800000, 0x00000007b1800000| Complete 
| 781|0x00000007b1a00000, 0x00000007b1c00000, 0x00000007b1c00000|100%| E|CS|TAMS 0x00000007b1a00000, 0x00000007b1a00000| Complete 
| 782|0x00000007b1c00000, 0x00000007b1e00000, 0x00000007b1e00000|100%| E|CS|TAMS 0x00000007b1c00000, 0x00000007b1c00000| Complete 
| 783|0x00000007b1e00000, 0x00000007b2000000, 0x00000007b2000000|100%| E|CS|TAMS 0x00000007b1e00000, 0x00000007b1e00000| Complete 
| 784|0x00000007b2000000, 0x00000007b2200000, 0x00000007b2200000|100%| E|CS|TAMS 0x00000007b2000000, 0x00000007b2000000| Complete 
| 785|0x00000007b2200000, 0x00000007b2400000, 0x00000007b2400000|100%| E|CS|TAMS 0x00000007b2200000, 0x00000007b2200000| Complete 
| 786|0x00000007b2400000, 0x00000007b2600000, 0x00000007b2600000|100%| E|CS|TAMS 0x00000007b2400000, 0x00000007b2400000| Complete 
| 787|0x00000007b2600000, 0x00000007b2800000, 0x00000007b2800000|100%| E|CS|TAMS 0x00000007b2600000, 0x00000007b2600000| Complete 
| 788|0x00000007b2800000, 0x00000007b2a00000, 0x00000007b2a00000|100%| E|CS|TAMS 0x00000007b2800000, 0x00000007b2800000| Complete 
| 789|0x00000007b2a00000, 0x00000007b2c00000, 0x00000007b2c00000|100%| E|CS|TAMS 0x00000007b2a00000, 0x00000007b2a00000| Complete 
| 790|0x00000007b2c00000, 0x00000007b2e00000, 0x00000007b2e00000|100%| E|CS|TAMS 0x00000007b2c00000, 0x00000007b2c00000| Complete 
| 791|0x00000007b2e00000, 0x00000007b3000000, 0x00000007b3000000|100%| E|CS|TAMS 0x00000007b2e00000, 0x00000007b2e00000| Complete 
| 792|0x00000007b3000000, 0x00000007b3200000, 0x00000007b3200000|100%| E|CS|TAMS 0x00000007b3000000, 0x00000007b3000000| Complete 
| 793|0x00000007b3200000, 0x00000007b3400000, 0x00000007b3400000|100%| E|CS|TAMS 0x00000007b3200000, 0x00000007b3200000| Complete 
| 794|0x00000007b3400000, 0x00000007b3600000, 0x00000007b3600000|100%| E|CS|TAMS 0x00000007b3400000, 0x00000007b3400000| Complete 
| 795|0x00000007b3600000, 0x00000007b3800000, 0x00000007b3800000|100%| E|CS|TAMS 0x00000007b3600000, 0x00000007b3600000| Complete 
| 796|0x00000007b3800000, 0x00000007b3a00000, 0x00000007b3a00000|100%| E|CS|TAMS 0x00000007b3800000, 0x00000007b3800000| Complete 
| 797|0x00000007b3a00000, 0x00000007b3c00000, 0x00000007b3c00000|100%| E|CS|TAMS 0x00000007b3a00000, 0x00000007b3a00000| Complete 
| 798|0x00000007b3c00000, 0x00000007b3e00000, 0x00000007b3e00000|100%| E|CS|TAMS 0x00000007b3c00000, 0x00000007b3c00000| Complete 
| 799|0x00000007b3e00000, 0x00000007b4000000, 0x00000007b4000000|100%| E|CS|TAMS 0x00000007b3e00000, 0x00000007b3e00000| Complete 
| 800|0x00000007b4000000, 0x00000007b4200000, 0x00000007b4200000|100%| E|CS|TAMS 0x00000007b4000000, 0x00000007b4000000| Complete 
| 801|0x00000007b4200000, 0x00000007b4400000, 0x00000007b4400000|100%| E|CS|TAMS 0x00000007b4200000, 0x00000007b4200000| Complete 
| 802|0x00000007b4400000, 0x00000007b4600000, 0x00000007b4600000|100%| E|CS|TAMS 0x00000007b4400000, 0x00000007b4400000| Complete 
| 803|0x00000007b4600000, 0x00000007b4800000, 0x00000007b4800000|100%| E|CS|TAMS 0x00000007b4600000, 0x00000007b4600000| Complete 
| 804|0x00000007b4800000, 0x00000007b4a00000, 0x00000007b4a00000|100%| E|CS|TAMS 0x00000007b4800000, 0x00000007b4800000| Complete 
| 805|0x00000007b4a00000, 0x00000007b4c00000, 0x00000007b4c00000|100%| E|CS|TAMS 0x00000007b4a00000, 0x00000007b4a00000| Complete 
| 806|0x00000007b4c00000, 0x00000007b4e00000, 0x00000007b4e00000|100%| E|CS|TAMS 0x00000007b4c00000, 0x00000007b4c00000| Complete 
| 807|0x00000007b4e00000, 0x00000007b5000000, 0x00000007b5000000|100%| E|CS|TAMS 0x00000007b4e00000, 0x00000007b4e00000| Complete 
| 808|0x00000007b5000000, 0x00000007b5200000, 0x00000007b5200000|100%| E|CS|TAMS 0x00000007b5000000, 0x00000007b5000000| Complete 
| 809|0x00000007b5200000, 0x00000007b5400000, 0x00000007b5400000|100%| E|CS|TAMS 0x00000007b5200000, 0x00000007b5200000| Complete 
| 810|0x00000007b5400000, 0x00000007b5600000, 0x00000007b5600000|100%| E|CS|TAMS 0x00000007b5400000, 0x00000007b5400000| Complete 
| 811|0x00000007b5600000, 0x00000007b5800000, 0x00000007b5800000|100%| E|CS|TAMS 0x00000007b5600000, 0x00000007b5600000| Complete 
| 812|0x00000007b5800000, 0x00000007b5a00000, 0x00000007b5a00000|100%| E|CS|TAMS 0x00000007b5800000, 0x00000007b5800000| Complete 
| 813|0x00000007b5a00000, 0x00000007b5c00000, 0x00000007b5c00000|100%| E|CS|TAMS 0x00000007b5a00000, 0x00000007b5a00000| Complete 
| 814|0x00000007b5c00000, 0x00000007b5e00000, 0x00000007b5e00000|100%| E|CS|TAMS 0x00000007b5c00000, 0x00000007b5c00000| Complete 
| 815|0x00000007b5e00000, 0x00000007b6000000, 0x00000007b6000000|100%| E|CS|TAMS 0x00000007b5e00000, 0x00000007b5e00000| Complete 
| 816|0x00000007b6000000, 0x00000007b6200000, 0x00000007b6200000|100%| E|CS|TAMS 0x00000007b6000000, 0x00000007b6000000| Complete 
| 817|0x00000007b6200000, 0x00000007b6400000, 0x00000007b6400000|100%| E|CS|TAMS 0x00000007b6200000, 0x00000007b6200000| Complete 
| 818|0x00000007b6400000, 0x00000007b6600000, 0x00000007b6600000|100%| E|CS|TAMS 0x00000007b6400000, 0x00000007b6400000| Complete 
| 819|0x00000007b6600000, 0x00000007b6800000, 0x00000007b6800000|100%| E|CS|TAMS 0x00000007b6600000, 0x00000007b6600000| Complete 
| 820|0x00000007b6800000, 0x00000007b6a00000, 0x00000007b6a00000|100%| E|CS|TAMS 0x00000007b6800000, 0x00000007b6800000| Complete 
| 821|0x00000007b6a00000, 0x00000007b6c00000, 0x00000007b6c00000|100%| E|CS|TAMS 0x00000007b6a00000, 0x00000007b6a00000| Complete 
| 822|0x00000007b6c00000, 0x00000007b6e00000, 0x00000007b6e00000|100%| E|CS|TAMS 0x00000007b6c00000, 0x00000007b6c00000| Complete 
| 823|0x00000007b6e00000, 0x00000007b7000000, 0x00000007b7000000|100%| E|CS|TAMS 0x00000007b6e00000, 0x00000007b6e00000| Complete 
| 943|0x00000007c5e00000, 0x00000007c6000000, 0x00000007c6000000|100%| E|CS|TAMS 0x00000007c5e00000, 0x00000007c5e00000| Complete 
| 944|0x00000007c6000000, 0x00000007c6200000, 0x00000007c6200000|100%| E|CS|TAMS 0x00000007c6000000, 0x00000007c6000000| Complete 
| 945|0x00000007c6200000, 0x00000007c6400000, 0x00000007c6400000|100%| E|CS|TAMS 0x00000007c6200000, 0x00000007c6200000| Complete 
| 946|0x00000007c6400000, 0x00000007c6600000, 0x00000007c6600000|100%| E|CS|TAMS 0x00000007c6400000, 0x00000007c6400000| Complete 
| 947|0x00000007c6600000, 0x00000007c6800000, 0x00000007c6800000|100%| E|CS|TAMS 0x00000007c6600000, 0x00000007c6600000| Complete 
| 948|0x00000007c6800000, 0x00000007c6a00000, 0x00000007c6a00000|100%| E|CS|TAMS 0x00000007c6800000, 0x00000007c6800000| Complete 
| 949|0x00000007c6a00000, 0x00000007c6c00000, 0x00000007c6c00000|100%| E|CS|TAMS 0x00000007c6a00000, 0x00000007c6a00000| Complete 
| 950|0x00000007c6c00000, 0x00000007c6e00000, 0x00000007c6e00000|100%| E|CS|TAMS 0x00000007c6c00000, 0x00000007c6c00000| Complete 
| 951|0x00000007c6e00000, 0x00000007c7000000, 0x00000007c7000000|100%| E|CS|TAMS 0x00000007c6e00000, 0x00000007c6e00000| Complete 
| 952|0x00000007c7000000, 0x00000007c7200000, 0x00000007c7200000|100%| E|CS|TAMS 0x00000007c7000000, 0x00000007c7000000| Complete 
| 953|0x00000007c7200000, 0x00000007c7400000, 0x00000007c7400000|100%| E|CS|TAMS 0x00000007c7200000, 0x00000007c7200000| Complete 
| 954|0x00000007c7400000, 0x00000007c7600000, 0x00000007c7600000|100%| E|CS|TAMS 0x00000007c7400000, 0x00000007c7400000| Complete 
| 955|0x00000007c7600000, 0x00000007c7800000, 0x00000007c7800000|100%| E|CS|TAMS 0x00000007c7600000, 0x00000007c7600000| Complete 
| 956|0x00000007c7800000, 0x00000007c7a00000, 0x00000007c7a00000|100%| E|CS|TAMS 0x00000007c7800000, 0x00000007c7800000| Complete 
| 957|0x00000007c7a00000, 0x00000007c7c00000, 0x00000007c7c00000|100%| E|CS|TAMS 0x00000007c7a00000, 0x00000007c7a00000| Complete 
| 958|0x00000007c7c00000, 0x00000007c7e00000, 0x00000007c7e00000|100%| E|CS|TAMS 0x00000007c7c00000, 0x00000007c7c00000| Complete 
| 959|0x00000007c7e00000, 0x00000007c8000000, 0x00000007c8000000|100%| E|CS|TAMS 0x00000007c7e00000, 0x00000007c7e00000| Complete 
| 960|0x00000007c8000000, 0x00000007c8200000, 0x00000007c8200000|100%| E|CS|TAMS 0x00000007c8000000, 0x00000007c8000000| Complete 
| 961|0x00000007c8200000, 0x00000007c8400000, 0x00000007c8400000|100%| E|CS|TAMS 0x00000007c8200000, 0x00000007c8200000| Complete 
| 962|0x00000007c8400000, 0x00000007c8600000, 0x00000007c8600000|100%| E|CS|TAMS 0x00000007c8400000, 0x00000007c8400000| Complete 
| 963|0x00000007c8600000, 0x00000007c8800000, 0x00000007c8800000|100%| E|CS|TAMS 0x00000007c8600000, 0x00000007c8600000| Complete 
|1406|0x00000007ffc00000, 0x00000007ffd75000, 0x00000007ffe00000| 72%|OA|  |TAMS 0x00000007ffd75000, 0x00000007ffc00000| Untracked 
|1407|0x00000007ffe00000, 0x00000007ffe78000, 0x0000000800000000| 23%|CA|  |TAMS 0x00000007ffe78000, 0x00000007ffe00000| Untracked 

Card table byte_map: [0x000070b2f78fa000,0x000070b2f7e7a000] _byte_map_base: 0x000070b2f3e7a000

Marking Bits (Prev, Next): (CMBitMap*) 0x000070b310074660, (CMBitMap*) 0x000070b310074620
 Prev Bits: [0x000070b2f1a00000, 0x000070b2f4600000)
 Next Bits: [0x000070b2f4600000, 0x000070b2f7200000)

Polling page: 0x000070b316009000

Metaspace:

Usage:
  Non-class:    331.24 MB used.
      Class:     27.30 MB used.
       Both:    358.54 MB used.

Virtual space:
  Non-class space:      384.00 MB reserved,     332.06 MB ( 86%) committed,  6 nodes.
      Class space:        1.00 GB reserved,      28.06 MB (  3%) committed,  1 nodes.
             Both:        1.38 GB reserved,     360.12 MB ( 26%) committed. 

Chunk freelists:
   Non-Class:  3.67 MB
       Class:  3.91 MB
        Both:  7.57 MB

MaxMetaspaceSize: unlimited
CompressedClassSpaceSize: 1.00 GB
Initial GC threshold: 21.00 MB
Current GC threshold: 598.25 MB
CDS: on
MetaspaceReclaimPolicy: balanced
 - commit_granule_bytes: 65536.
 - commit_granule_words: 8192.
 - virtual_space_node_default_size: 8388608.
 - enlarge_chunks_in_place: 1.
 - new_chunks_are_fully_committed: 0.
 - uncommit_free_chunks: 1.
 - use_allocation_guard: 0.
 - handle_deallocations: 1.


Internal statistics:

num_allocs_failed_limit: 9.
num_arena_births: 5436.
num_arena_deaths: 2950.
num_vsnodes_births: 7.
num_vsnodes_deaths: 0.
num_space_committed: 5926.
num_space_uncommitted: 164.
num_chunks_returned_to_freelist: 4438.
num_chunks_taken_from_freelist: 22869.
num_chunk_merges: 1589.
num_chunk_splits: 14682.
num_chunks_enlarged: 10101.
num_inconsistent_stats: 0.

CodeHeap 'non-profiled nmethods': size=120028Kb used=38123Kb max_used=38123Kb free=81904Kb
 bounds [0x000070b3004c9000, 0x000070b302a09000, 0x000070b307a00000]
CodeHeap 'profiled nmethods': size=120028Kb used=45884Kb max_used=46387Kb free=74143Kb
 bounds [0x000070b2f8a00000, 0x000070b2fb780000, 0x000070b2fff37000]
CodeHeap 'non-nmethods': size=5704Kb used=1575Kb max_used=1655Kb free=4128Kb
 bounds [0x000070b2fff37000, 0x000070b3001a7000, 0x000070b3004c9000]
 total_blobs=25768 nmethods=24926 adapters=754
 compilation: enabled
              stopped_count=0, restarted_count=0
 full_count=0

Compilation events (20 events):
Event: 8968.450 Thread 0x000070b31015aa20 36280       3       java.util.concurrent.ForkJoinTask::<init> (5 bytes)
Event: 8968.450 Thread 0x000070b31015aa20 nmethod 36280 0x000070b2f9a4db90 code [0x000070b2f9a4dd40, 0x000070b2f9a4de90]
Event: 8971.157 Thread 0x000070b310157f50 36281       4       ai.djl.ndarray.BaseNDManager$$Lambda$1569/0x000070b295187608::apply (24 bytes)
Event: 8971.161 Thread 0x000070b310157f50 nmethod 36281 0x000070b3029ff090 code [0x000070b3029ff240, 0x000070b3029ff448]
Event: 8979.509 Thread 0x000070b31015aa20 36282       1       com.apmosys.employeeportal.model.QuestionMaster::getQuestion (5 bytes)
Event: 8979.510 Thread 0x000070b31015aa20 nmethod 36282 0x000070b3029ff690 code [0x000070b3029ff820, 0x000070b3029ff8f0]
Event: 8979.644 Thread 0x000070b31015aa20 36283       1       com.apmosys.employeeportal.model.QuestionMaster::getQuestionMasterId (5 bytes)
Event: 8979.644 Thread 0x000070b31015aa20 nmethod 36283 0x000070b3029ff990 code [0x000070b3029ffb20, 0x000070b3029ffbf0]
Event: 8980.611 Thread 0x000070b310157f50 36284       4       java.util.regex.Pattern$CharProperty::match (71 bytes)
Event: 8980.627 Thread 0x000070b310157f50 nmethod 36284 0x000070b3029ffc90 code [0x000070b3029ffe40, 0x000070b302a001f8]
Event: 8986.531 Thread 0x000070b310157f50 36285   !   4       java.util.concurrent.ConcurrentHashMap::compute (654 bytes)
Event: 8986.679 Thread 0x000070b310157f50 nmethod 36285 0x000070b302a00690 code [0x000070b302a00940, 0x000070b302a02e58]
Event: 8987.301 Thread 0x000070b31015aa20 36286       3       org.springframework.boot.devtools.filewatch.FileSystemWatcher$Watcher::updateSnapshots (150 bytes)
Event: 8987.313 Thread 0x000070b31015aa20 nmethod 36286 0x000070b2f91ccb10 code [0x000070b2f91cce40, 0x000070b2f91ce3a0]
Event: 8987.314 Thread 0x000070b31015aa20 36287       3       org.springframework.boot.devtools.filewatch.ChangedFiles::hashCode (10 bytes)
Event: 8987.323 Thread 0x000070b31015aa20 nmethod 36287 0x000070b2f9c0a510 code [0x000070b2f9c0a6c0, 0x000070b2f9c0a8a0]
Event: 8989.188 Thread 0x000070b31015aa20 36288       3       org.springframework.boot.devtools.autoconfigure.FileWatchingFailureHandler$Listener::onChange (8 bytes)
Event: 8989.192 Thread 0x000070b31015aa20 nmethod 36288 0x000070b2f94a0a90 code [0x000070b2f94a0c60, 0x000070b2f94a0f30]
Event: 8989.838 Thread 0x000070b31015aa20 36289       3       com.apmosys.employeeportal.utility.SimilarityFinder::preprocessText (22 bytes)
Event: 8989.840 Thread 0x000070b31015aa20 nmethod 36289 0x000070b2fad67010 code [0x000070b2fad672c0, 0x000070b2fad67c90]

GC Heap History (20 events):
Event: 8946.317 GC heap before
{Heap before GC invocations=450 (full 12):
 garbage-first heap   total 1474560K, used 1230908K [0x0000000750000000, 0x0000000800000000)
  region size 2048K, 423 young (866304K), 1 survivors (2048K)
 Metaspace       used 340778K, committed 342272K, reserved 1376256K
  class space    used 26353K, committed 27072K, reserved 1048576K
}
Event: 8946.335 GC heap after
{Heap after GC invocations=451 (full 12):
 garbage-first heap   total 1474560K, used 388127K [0x0000000750000000, 0x0000000800000000)
  region size 2048K, 12 young (24576K), 12 survivors (24576K)
 Metaspace       used 340778K, committed 342272K, reserved 1376256K
  class space    used 26353K, committed 27072K, reserved 1048576K
}
Event: 8949.579 GC heap before
{Heap before GC invocations=452 (full 12):
 garbage-first heap   total 1372160K, used 1183456K [0x0000000750000000, 0x0000000800000000)
  region size 2048K, 402 young (823296K), 12 survivors (24576K)
 Metaspace       used 347321K, committed 348864K, reserved 1376256K
  class space    used 26759K, committed 27520K, reserved 1048576K
}
Event: 8949.599 GC heap after
{Heap after GC invocations=453 (full 12):
 garbage-first heap   total 1372160K, used 406866K [0x0000000750000000, 0x0000000800000000)
  region size 2048K, 23 young (47104K), 23 survivors (47104K)
 Metaspace       used 347321K, committed 348864K, reserved 1376256K
  class space    used 26759K, committed 27520K, reserved 1048576K
}
Event: 8949.628 GC heap before
{Heap before GC invocations=453 (full 12):
 garbage-first heap   total 1372160K, used 427346K [0x0000000750000000, 0x0000000800000000)
  region size 2048K, 33 young (67584K), 23 survivors (47104K)
 Metaspace       used 347349K, committed 348928K, reserved 1376256K
  class space    used 26761K, committed 27520K, reserved 1048576K
}
Event: 8949.650 GC heap after
{Heap after GC invocations=454 (full 12):
 garbage-first heap   total 1372160K, used 389725K [0x0000000750000000, 0x0000000800000000)
  region size 2048K, 4 young (8192K), 4 survivors (8192K)
 Metaspace       used 347349K, committed 348928K, reserved 1376256K
  class space    used 26761K, committed 27520K, reserved 1048576K
}
Event: 8953.139 GC heap before
{Heap before GC invocations=454 (full 12):
 garbage-first heap   total 1372160K, used 1145437K [0x0000000750000000, 0x0000000800000000)
  region size 2048K, 373 young (763904K), 4 survivors (8192K)
 Metaspace       used 353637K, committed 355200K, reserved 1376256K
  class space    used 27152K, committed 27904K, reserved 1048576K
}
Event: 8953.152 GC heap after
{Heap after GC invocations=455 (full 12):
 garbage-first heap   total 1372160K, used 411205K [0x0000000750000000, 0x0000000800000000)
  region size 2048K, 14 young (28672K), 14 survivors (28672K)
 Metaspace       used 353637K, committed 355200K, reserved 1376256K
  class space    used 27152K, committed 27904K, reserved 1048576K
}
Event: 8956.234 GC heap before
{Heap before GC invocations=456 (full 12):
 garbage-first heap   total 1372160K, used 1144389K [0x0000000750000000, 0x0000000800000000)
  region size 2048K, 372 young (761856K), 14 survivors (28672K)
 Metaspace       used 355125K, committed 356736K, reserved 1441792K
  class space    used 27239K, committed 28032K, reserved 1048576K
}
Event: 8956.252 GC heap after
{Heap after GC invocations=457 (full 12):
 garbage-first heap   total 1372160K, used 424249K [0x0000000750000000, 0x0000000800000000)
  region size 2048K, 21 young (43008K), 21 survivors (43008K)
 Metaspace       used 355125K, committed 356736K, reserved 1441792K
  class space    used 27239K, committed 28032K, reserved 1048576K
}
Event: 8956.301 GC heap before
{Heap before GC invocations=457 (full 12):
 garbage-first heap   total 1372160K, used 448825K [0x0000000750000000, 0x0000000800000000)
  region size 2048K, 33 young (67584K), 21 survivors (43008K)
 Metaspace       used 355162K, committed 356800K, reserved 1441792K
  class space    used 27241K, committed 28032K, reserved 1048576K
}
Event: 8956.328 GC heap after
{Heap after GC invocations=458 (full 12):
 garbage-first heap   total 1372160K, used 416559K [0x0000000750000000, 0x0000000800000000)
  region size 2048K, 4 young (8192K), 4 survivors (8192K)
 Metaspace       used 355162K, committed 356800K, reserved 1441792K
  class space    used 27241K, committed 28032K, reserved 1048576K
}
Event: 8960.903 GC heap before
{Heap before GC invocations=458 (full 12):
 garbage-first heap   total 1372160K, used 1149743K [0x0000000750000000, 0x0000000800000000)
  region size 2048K, 362 young (741376K), 4 survivors (8192K)
 Metaspace       used 361541K, committed 363136K, reserved 1441792K
  class space    used 27643K, committed 28416K, reserved 1048576K
}
Event: 8960.916 GC heap after
{Heap after GC invocations=459 (full 12):
 garbage-first heap   total 1372160K, used 436334K [0x0000000750000000, 0x0000000800000000)
  region size 2048K, 13 young (26624K), 13 survivors (26624K)
 Metaspace       used 361541K, committed 363136K, reserved 1441792K
  class space    used 27643K, committed 28416K, reserved 1048576K
}
Event: 8962.469 GC heap before
{Heap before GC invocations=460 (full 12):
 garbage-first heap   total 1372160K, used 1149038K [0x0000000750000000, 0x0000000800000000)
  region size 2048K, 361 young (739328K), 13 survivors (26624K)
 Metaspace       used 363069K, committed 364672K, reserved 1441792K
  class space    used 27728K, committed 28480K, reserved 1048576K
}
Event: 8962.492 GC heap after
{Heap after GC invocations=461 (full 12):
 garbage-first heap   total 1372160K, used 452721K [0x0000000750000000, 0x0000000800000000)
  region size 2048K, 21 young (43008K), 21 survivors (43008K)
 Metaspace       used 363069K, committed 364672K, reserved 1441792K
  class space    used 27728K, committed 28480K, reserved 1048576K
}
Event: 8962.543 GC heap before
{Heap before GC invocations=461 (full 12):
 garbage-first heap   total 1372160K, used 477297K [0x0000000750000000, 0x0000000800000000)
  region size 2048K, 33 young (67584K), 21 survivors (43008K)
 Metaspace       used 363189K, committed 364736K, reserved 1441792K
  class space    used 27736K, committed 28480K, reserved 1048576K
}
Event: 8962.571 GC heap after
{Heap after GC invocations=462 (full 12):
 garbage-first heap   total 1372160K, used 440925K [0x0000000750000000, 0x0000000800000000)
  region size 2048K, 3 young (6144K), 3 survivors (6144K)
 Metaspace       used 363189K, committed 364736K, reserved 1441792K
  class space    used 27736K, committed 28480K, reserved 1048576K
}
Event: 8963.975 GC heap before
{Heap before GC invocations=462 (full 12):
 garbage-first heap   total 1372160K, used 1153629K [0x0000000750000000, 0x0000000800000000)
  region size 2048K, 351 young (718848K), 3 survivors (6144K)
 Metaspace       used 365936K, committed 367552K, reserved 1441792K
  class space    used 27884K, committed 28672K, reserved 1048576K
}
Event: 8963.995 GC heap after
{Heap after GC invocations=463 (full 12):
 garbage-first heap   total 1978368K, used 459547K [0x0000000750000000, 0x0000000800000000)
  region size 2048K, 13 young (26624K), 13 survivors (26624K)
 Metaspace       used 365936K, committed 367552K, reserved 1441792K
  class space    used 27884K, committed 28672K, reserved 1048576K
}

Dll operation events (17 events):
Event: 0.005 Loaded shared library /usr/lib/jvm/java-17-openjdk-amd64/lib/libjava.so
Event: 0.030 Loaded shared library /usr/lib/jvm/java-17-openjdk-amd64/lib/libjsvml.so
Event: 0.161 Loaded shared library /usr/lib/jvm/java-17-openjdk-amd64/lib/libnio.so
Event: 0.163 Loaded shared library /usr/lib/jvm/java-17-openjdk-amd64/lib/libzip.so
Event: 0.217 Loaded shared library /usr/lib/jvm/java-17-openjdk-amd64/lib/libverify.so
Event: 0.221 Loaded shared library /usr/lib/jvm/java-17-openjdk-amd64/lib/libjimage.so
Event: 0.253 Loaded shared library /usr/lib/jvm/java-17-openjdk-amd64/lib/libnet.so
Event: 0.409 Loaded shared library /usr/lib/jvm/java-17-openjdk-amd64/lib/libmanagement.so
Event: 0.410 Loaded shared library /usr/lib/jvm/java-17-openjdk-amd64/lib/libmanagement_ext.so
Event: 3.184 Loaded shared library /usr/lib/jvm/java-17-openjdk-amd64/lib/libextnet.so
Event: 2847.225 Loaded shared library /home/rishabh.verma@apmosys.mahape/.cache/JNA/temp/jna2477341806478551571.tmp
Event: 2847.268 Loaded shared library /home/rishabh.verma@apmosys.mahape/.djl.ai/pytorch/2.0.1-cpu-linux-x86_64/libc10.so
Event: 2847.269 Loaded shared library /home/rishabh.verma@apmosys.mahape/.djl.ai/pytorch/2.0.1-cpu-linux-x86_64/libgomp-52f2fd74.so.1
Event: 2847.720 Loaded shared library /home/rishabh.verma@apmosys.mahape/.djl.ai/pytorch/2.0.1-cpu-linux-x86_64/libtorch_cpu.so
Event: 2847.720 Loaded shared library /home/rishabh.verma@apmosys.mahape/.djl.ai/pytorch/2.0.1-cpu-linux-x86_64/libtorch.so
Event: 2847.724 Loaded shared library /home/rishabh.verma@apmosys.mahape/.djl.ai/pytorch/2.0.1-cpu-linux-x86_64/0.24.0-libdjl_torch.so
Event: 2849.149 Loaded shared library /home/rishabh.verma@apmosys.mahape/.djl.ai/tokenizers/0.13.3-0.24.0-linux-x86_64/libtokenizers.so

Deoptimization events (20 events):
Event: 9042.515 Thread 0x000070b2e4547150 DEOPT PACKING pc=0x000070b2f9a3c3e4 sp=0x000070b1043f75c0
Event: 9042.515 Thread 0x000070b2e4547150 DEOPT UNPACKING pc=0x000070b2fff8de2f sp=0x000070b1043f6b28 mode 1
Event: 9042.515 Thread 0x000070b2e4547150 DEOPT PACKING pc=0x000070b2fabe096c sp=0x000070b1043f76b0
Event: 9042.515 Thread 0x000070b2e4547150 DEOPT UNPACKING pc=0x000070b2fff8de2f sp=0x000070b1043f6d50 mode 1
Event: 9042.515 Thread 0x000070b2e4559590 DEOPT PACKING pc=0x000070b2f989a67c sp=0x000070b1042f6ff0
Event: 9042.515 Thread 0x000070b2e4559590 DEOPT UNPACKING pc=0x000070b2fff8de2f sp=0x000070b1042f6528 mode 1
Event: 9042.515 Thread 0x000070b2e4559590 DEOPT PACKING pc=0x000070b2fb44eb1c sp=0x000070b1042f7110
Event: 9042.515 Thread 0x000070b2e4559590 DEOPT UNPACKING pc=0x000070b2fff8de2f sp=0x000070b1042f6918 mode 1
Event: 9042.515 Thread 0x000070b2e4559590 DEOPT PACKING pc=0x000070b2fab1a494 sp=0x000070b1042f7510
Event: 9042.515 Thread 0x000070b2e4559590 DEOPT UNPACKING pc=0x000070b2fff8de2f sp=0x000070b1042f6a40 mode 1
Event: 9042.515 Thread 0x000070b2e4559590 DEOPT PACKING pc=0x000070b2f99f9204 sp=0x000070b1042f75f0
Event: 9042.515 Thread 0x000070b2e4559590 DEOPT UNPACKING pc=0x000070b2fff8de2f sp=0x000070b1042f6b18 mode 1
Event: 9042.515 Thread 0x000070b2e4559590 DEOPT PACKING pc=0x000070b2faf643bc sp=0x000070b1042f76c0
Event: 9042.515 Thread 0x000070b2e4559590 DEOPT UNPACKING pc=0x000070b2fff8de2f sp=0x000070b1042f6ba8 mode 1
Event: 9042.515 Thread 0x000070b2e4559590 DEOPT PACKING pc=0x000070b2f99f9d9c sp=0x000070b1042f7740
Event: 9042.515 Thread 0x000070b2e4559590 DEOPT UNPACKING pc=0x000070b2fff8de2f sp=0x000070b1042f6c30 mode 1
Event: 9042.515 Thread 0x000070b2e4559590 DEOPT PACKING pc=0x000070b2f9a3c3e4 sp=0x000070b1042f77c0
Event: 9042.515 Thread 0x000070b2e4559590 DEOPT UNPACKING pc=0x000070b2fff8de2f sp=0x000070b1042f6d28 mode 1
Event: 9042.515 Thread 0x000070b2e4559590 DEOPT PACKING pc=0x000070b2f926fd54 sp=0x000070b1042f78b0
Event: 9042.515 Thread 0x000070b2e4559590 DEOPT UNPACKING pc=0x000070b2fff8de2f sp=0x000070b1042f6d98 mode 1

Classes loaded (20 events):
Event: 8967.040 Loading class java/lang/ObjectCustomizer
Event: 8967.040 Loading class java/lang/ObjectCustomizer done
Event: 8967.040 Loading class java/lang/ObjectCustomizer
Event: 8967.040 Loading class java/lang/ObjectCustomizer done
Event: 8967.089 Loading class java/lang/ObjectCustomizer
Event: 8967.089 Loading class java/lang/ObjectCustomizer done
Event: 8967.089 Loading class java/lang/ObjectCustomizer
Event: 8967.089 Loading class java/lang/ObjectCustomizer done
Event: 8967.105 Loading class java/lang/ObjectCustomizer
Event: 8967.105 Loading class java/lang/ObjectCustomizer done
Event: 8967.105 Loading class java/lang/ObjectCustomizer
Event: 8967.105 Loading class java/lang/ObjectCustomizer done
Event: 8967.139 Loading class java/lang/ObjectCustomizer
Event: 8967.139 Loading class java/lang/ObjectCustomizer done
Event: 8967.139 Loading class java/lang/ObjectCustomizer
Event: 8967.139 Loading class java/lang/ObjectCustomizer done
Event: 8967.162 Loading class java/lang/ObjectCustomizer
Event: 8967.162 Loading class java/lang/ObjectCustomizer done
Event: 8967.162 Loading class java/lang/ObjectCustomizer
Event: 8967.162 Loading class java/lang/ObjectCustomizer done

Classes unloaded (20 events):
Event: 8908.734 Thread 0x000070b31013f650 Unloading class 0x000070b295794000 'jdk/internal/reflect/GeneratedSerializationConstructorAccessor313'
Event: 8908.734 Thread 0x000070b31013f650 Unloading class 0x000070b295784400 'jdk/internal/reflect/GeneratedSerializationConstructorAccessor312'
Event: 8913.148 Thread 0x000070b31013f650 Unloading class 0x000070b295800400 'jdk/internal/reflect/GeneratedSerializationConstructorAccessor315'
Event: 8913.148 Thread 0x000070b31013f650 Unloading class 0x000070b295800000 'jdk/internal/reflect/GeneratedSerializationConstructorAccessor314'
Event: 8917.519 Thread 0x000070b31013f650 Unloading class 0x000070b295874400 'jdk/internal/reflect/GeneratedSerializationConstructorAccessor317'
Event: 8917.519 Thread 0x000070b31013f650 Unloading class 0x000070b295874000 'jdk/internal/reflect/GeneratedSerializationConstructorAccessor316'
Event: 8924.473 Thread 0x000070b31013f650 Unloading class 0x000070b2958e4000 'jdk/internal/reflect/GeneratedSerializationConstructorAccessor318'
Event: 8927.136 Thread 0x000070b31013f650 Unloading class 0x000070b2958e4400 'jdk/internal/reflect/GeneratedSerializationConstructorAccessor319'
Event: 8935.932 Thread 0x000070b31013f650 Unloading class 0x000070b29595c000 'jdk/internal/reflect/GeneratedSerializationConstructorAccessor321'
Event: 8935.932 Thread 0x000070b31013f650 Unloading class 0x000070b295950400 'jdk/internal/reflect/GeneratedSerializationConstructorAccessor320'
Event: 8946.593 Thread 0x000070b31013f650 Unloading class 0x000070b295950400 'jdk/internal/reflect/GeneratedSerializationConstructorAccessor323'
Event: 8946.593 Thread 0x000070b31013f650 Unloading class 0x000070b29595c000 'jdk/internal/reflect/GeneratedSerializationConstructorAccessor322'
Event: 8953.358 Thread 0x000070b31013f650 Unloading class 0x000070b295a70400 'jdk/internal/reflect/GeneratedSerializationConstructorAccessor325'
Event: 8953.358 Thread 0x000070b31013f650 Unloading class 0x000070b295a70000 'jdk/internal/reflect/GeneratedSerializationConstructorAccessor324'
Event: 8961.124 Thread 0x000070b31013f650 Unloading class 0x000070b295b60000 'jdk/internal/reflect/GeneratedSerializationConstructorAccessor328'
Event: 8961.124 Thread 0x000070b31013f650 Unloading class 0x000070b295aec400 'jdk/internal/reflect/GeneratedSerializationConstructorAccessor327'
Event: 8961.124 Thread 0x000070b31013f650 Unloading class 0x000070b295aec000 'jdk/internal/reflect/GeneratedSerializationConstructorAccessor326'
Event: 8964.374 Thread 0x000070b31013f650 Unloading class 0x000070b295bcc400 'jdk/internal/reflect/GeneratedSerializationConstructorAccessor331'
Event: 8964.374 Thread 0x000070b31013f650 Unloading class 0x000070b295b60000 'jdk/internal/reflect/GeneratedSerializationConstructorAccessor330'
Event: 8964.374 Thread 0x000070b31013f650 Unloading class 0x000070b295b60400 'jdk/internal/reflect/GeneratedSerializationConstructorAccessor329'

Classes redefined (0 events):
No events

Internal exceptions (20 events):
Event: 8967.139 Thread 0x000070b1a8053ac0 Exception <a 'java/lang/ClassNotFoundException'{0x000000079b52c850}: java/lang/ObjectCustomizer> (0x000000079b52c850) 
thrown [./src/hotspot/share/classfile/systemDictionary.cpp, line 256]
Event: 8967.139 Thread 0x000070b1a8053ac0 Exception <a 'java/lang/ClassNotFoundException'{0x000000079b535710}: com/apmosys/employeeportal/model/TravelDeskCustomizer> (0x000000079b535710) 
thrown [./src/hotspot/share/classfile/systemDictionary.cpp, line 256]
Event: 8967.162 Thread 0x000070b1a8053ac0 Exception <a 'java/lang/ClassNotFoundException'{0x000000079a587da0}: java/lang/ObjectCustomizer> (0x000000079a587da0) 
thrown [./src/hotspot/share/classfile/systemDictionary.cpp, line 256]
Event: 8967.162 Thread 0x000070b1a8053ac0 Exception <a 'java/lang/ClassNotFoundException'{0x000000079a590d70}: com/apmosys/employeeportal/model/TypeDocumentCustomizer> (0x000000079a590d70) 
thrown [./src/hotspot/share/classfile/systemDictionary.cpp, line 256]
Event: 8972.422 Thread 0x000070b2e4547150 Exception <a 'java/net/ConnectException'{0x0000000797971360}> (0x0000000797971360) 
thrown [./src/hotspot/share/prims/jni.cpp, line 516]
Event: 8972.422 Thread 0x000070b2e4559590 Exception <a 'java/net/ConnectException'{0x00000007978b0038}> (0x00000007978b0038) 
thrown [./src/hotspot/share/prims/jni.cpp, line 516]
Event: 8982.431 Thread 0x000070b2e4547150 Exception <a 'java/net/ConnectException'{0x0000000797972778}> (0x0000000797972778) 
thrown [./src/hotspot/share/prims/jni.cpp, line 516]
Event: 8982.431 Thread 0x000070b2e4559590 Exception <a 'java/net/ConnectException'{0x00000007978b1128}> (0x00000007978b1128) 
thrown [./src/hotspot/share/prims/jni.cpp, line 516]
Event: 8992.442 Thread 0x000070b2e4547150 Exception <a 'java/net/ConnectException'{0x0000000797973b90}> (0x0000000797973b90) 
thrown [./src/hotspot/share/prims/jni.cpp, line 516]
Event: 8992.445 Thread 0x000070b2e4559590 Exception <a 'java/net/ConnectException'{0x00000007978b2218}> (0x00000007978b2218) 
thrown [./src/hotspot/share/prims/jni.cpp, line 516]
Event: 9002.446 Thread 0x000070b2e4547150 Exception <a 'java/net/ConnectException'{0x0000000797974fa8}> (0x0000000797974fa8) 
thrown [./src/hotspot/share/prims/jni.cpp, line 516]
Event: 9002.451 Thread 0x000070b2e4559590 Exception <a 'java/net/ConnectException'{0x00000007978b3308}> (0x00000007978b3308) 
thrown [./src/hotspot/share/prims/jni.cpp, line 516]
Event: 9012.457 Thread 0x000070b2e4559590 Exception <a 'java/net/ConnectException'{0x00000007978b43f8}> (0x00000007978b43f8) 
thrown [./src/hotspot/share/prims/jni.cpp, line 516]
Event: 9012.457 Thread 0x000070b2e4547150 Exception <a 'java/net/ConnectException'{0x00000007979763c0}> (0x00000007979763c0) 
thrown [./src/hotspot/share/prims/jni.cpp, line 516]
Event: 9022.467 Thread 0x000070b2e4547150 Exception <a 'java/net/ConnectException'{0x00000007979777d8}> (0x00000007979777d8) 
thrown [./src/hotspot/share/prims/jni.cpp, line 516]
Event: 9022.467 Thread 0x000070b2e4559590 Exception <a 'java/net/ConnectException'{0x00000007978b54e8}> (0x00000007978b54e8) 
thrown [./src/hotspot/share/prims/jni.cpp, line 516]
Event: 9032.477 Thread 0x000070b2e4547150 Exception <a 'java/net/ConnectException'{0x0000000797978bf0}> (0x0000000797978bf0) 
thrown [./src/hotspot/share/prims/jni.cpp, line 516]
Event: 9032.477 Thread 0x000070b2e4559590 Exception <a 'java/net/ConnectException'{0x00000007978b65d8}> (0x00000007978b65d8) 
thrown [./src/hotspot/share/prims/jni.cpp, line 516]
Event: 9042.508 Thread 0x000070b2e4547150 Exception <a 'java/net/ConnectException'{0x000000079797a008}> (0x000000079797a008) 
thrown [./src/hotspot/share/prims/jni.cpp, line 516]
Event: 9042.509 Thread 0x000070b2e4559590 Exception <a 'java/net/ConnectException'{0x00000007978b76c8}> (0x00000007978b76c8) 
thrown [./src/hotspot/share/prims/jni.cpp, line 516]

VM Operations (20 events):
Event: 8963.975 Executing VM operation: G1CollectForAllocation
Event: 8963.996 Executing VM operation: G1CollectForAllocation done
Event: 8964.365 Executing VM operation: G1PauseRemark
Event: 8964.421 Executing VM operation: G1PauseRemark done
Event: 8964.600 Executing VM operation: G1PauseCleanup
Event: 8964.601 Executing VM operation: G1PauseCleanup done
Event: 8965.601 Executing VM operation: Cleanup
Event: 8965.601 Executing VM operation: Cleanup done
Event: 8966.604 Executing VM operation: Cleanup
Event: 8966.604 Executing VM operation: Cleanup done
Event: 8968.605 Executing VM operation: Cleanup
Event: 8968.605 Executing VM operation: Cleanup done
Event: 8971.607 Executing VM operation: Cleanup
Event: 8971.607 Executing VM operation: Cleanup done
Event: 8972.607 Executing VM operation: Cleanup
Event: 8972.607 Executing VM operation: Cleanup done
Event: 9002.626 Executing VM operation: Cleanup
Event: 9002.626 Executing VM operation: Cleanup done
Event: 9004.388 Executing VM operation: HandshakeAllThreads
Event: 9004.389 Executing VM operation: HandshakeAllThreads done

Memory protections (20 events):
Event: 8952.768 Protecting memory [0x000070b15418c000,0x000070b154190000] with protection modes 0
Event: 8952.826 Protecting memory [0x000070b2e06f4000,0x000070b2e06f8000] with protection modes 0
Event: 8956.485 Protecting memory [0x000070b2e06f4000,0x000070b2e06f8000] with protection modes 0
Event: 8956.485 Protecting memory [0x000070b2e15ff000,0x000070b2e1603000] with protection modes 0
Event: 8956.485 Protecting memory [0x000070b15438c000,0x000070b154390000] with protection modes 0
Event: 8956.637 Protecting memory [0x000070b1043f9000,0x000070b1043fd000] with protection modes 0
Event: 8956.718 Protecting memory [0x000070b1045f9000,0x000070b1045fd000] with protection modes 0
Event: 8958.181 Protecting memory [0x000070b2e06f4000,0x000070b2e06f8000] with protection modes 0
Event: 8958.284 Protecting memory [0x000070b2e15ff000,0x000070b2e1603000] with protection modes 0
Event: 8959.028 Protecting memory [0x000070b2e15ff000,0x000070b2e1603000] with protection modes 0
Event: 8959.129 Protecting memory [0x000070b15438c000,0x000070b154390000] with protection modes 0
Event: 8962.165 Protecting memory [0x000070b1046f9000,0x000070b1046fd000] with protection modes 0
Event: 8962.166 Protecting memory [0x000070b15418c000,0x000070b154190000] with protection modes 0
Event: 8962.167 Protecting memory [0x000070b1043f9000,0x000070b1043fd000] with protection modes 0
Event: 8962.407 Protecting memory [0x000070b1042f9000,0x000070b1042fd000] with protection modes 0
Event: 8962.407 Protecting memory [0x000070b1041f9000,0x000070b1041fd000] with protection modes 0
Event: 8968.447 Protecting memory [0x000070b15438c000,0x000070b154390000] with protection modes 0
Event: 8968.448 Protecting memory [0x000070b1040f9000,0x000070b1040fd000] with protection modes 0
Event: 8968.449 Protecting memory [0x000070b0cbe00000,0x000070b0cbe04000] with protection modes 0
Event: 8968.449 Protecting memory [0x000070b0cbf00000,0x000070b0cbf04000] with protection modes 0

Nmethod flushes (20 events):
Event: 8952.815 Thread 0x000070b310163b10 flushing  nmethod 0x000070b2faeb6690
Event: 8952.815 Thread 0x000070b310163b10 flushing  nmethod 0x000070b2faed1f90
Event: 8952.815 Thread 0x000070b310163b10 flushing  nmethod 0x000070b2faed5f10
Event: 8952.815 Thread 0x000070b310163b10 flushing  nmethod 0x000070b2faee3a10
Event: 8952.816 Thread 0x000070b310163b10 flushing  nmethod 0x000070b2faf0fe90
Event: 8952.816 Thread 0x000070b310163b10 flushing  nmethod 0x000070b2fafbc610
Event: 8952.817 Thread 0x000070b310163b10 flushing  nmethod 0x000070b2faff0c10
Event: 8952.817 Thread 0x000070b310163b10 flushing  nmethod 0x000070b2fb000410
Event: 8952.817 Thread 0x000070b310163b10 flushing  nmethod 0x000070b2fb067a90
Event: 8952.819 Thread 0x000070b310163b10 flushing  nmethod 0x000070b2fb0c7790
Event: 8952.820 Thread 0x000070b310163b10 flushing  nmethod 0x000070b2fb0d8510
Event: 8952.820 Thread 0x000070b310163b10 flushing  nmethod 0x000070b2fb0e9f10
Event: 8952.820 Thread 0x000070b310163b10 flushing  nmethod 0x000070b2fb0ed790
Event: 8952.820 Thread 0x000070b310163b10 flushing  nmethod 0x000070b2fb0edf10
Event: 8952.820 Thread 0x000070b310163b10 flushing  nmethod 0x000070b2fb0f7290
Event: 8952.821 Thread 0x000070b310163b10 flushing  nmethod 0x000070b2fb1b0a90
Event: 8952.821 Thread 0x000070b310163b10 flushing  nmethod 0x000070b2fb1e2b10
Event: 8952.822 Thread 0x000070b310163b10 flushing  nmethod 0x000070b2fb2c9990
Event: 8952.825 Thread 0x000070b310163b10 flushing  nmethod 0x000070b2fb64b190
Event: 8952.825 Thread 0x000070b310163b10 flushing  nmethod 0x000070b2fb66a390

Events (20 events):
Event: 8956.705 Thread 0x000070b27061b910 Thread exited: 0x000070b27061b910
Event: 8956.705 Thread 0x000070b27061b090 Thread exited: 0x000070b27061b090
Event: 8956.717 Thread 0x000070b1a8052dd0 Thread exited: 0x000070b1a8052dd0
Event: 8956.717 Thread 0x000070b110233660 Thread added: 0x000070b1a8052dd0
Event: 8958.181 Thread 0x000070b110233660 Thread added: 0x000070b1a8053ac0
Event: 8958.283 Thread 0x000070b1a8053ac0 Thread added: 0x000070b2e43a6630
Event: 8958.305 Thread 0x000070b2e43a6630 Thread exited: 0x000070b2e43a6630
Event: 8959.028 Thread 0x000070b1a8053ac0 Thread added: 0x000070b2e43f6390
Event: 8959.129 Thread 0x000070b2e43f6390 Thread added: 0x000070b310174570
Event: 8962.164 Thread 0x000070b1a8053ac0 Thread added: 0x000070b2e444f910
Event: 8962.165 Thread 0x000070b1a8053ac0 Thread added: 0x000070b2e441dc20
Event: 8962.166 Thread 0x000070b1a8053ac0 Thread added: 0x000070b2e441e5e0
Event: 8962.407 Thread 0x000070b1a8053ac0 Thread added: 0x000070b2e4547150
Event: 8962.407 Thread 0x000070b1a8053ac0 Thread added: 0x000070b2e4559590
Event: 8964.730 Thread 0x000070b310174570 Thread exited: 0x000070b310174570
Event: 8968.447 Thread 0x000070b1a8053ac0 Thread added: 0x000070b2e45ca6b0
Event: 8968.448 Thread 0x000070b1a8053ac0 Thread added: 0x000070b2e45cac20
Event: 8968.448 Thread 0x000070b1a8053ac0 Thread added: 0x000070b03de00b60
Event: 8968.449 Thread 0x000070b1a8053ac0 Thread added: 0x000070b03de01490
Event: 9046.904 Thread 0x000070b26c001120 Thread exited: 0x000070b26c001120


Dynamic libraries:
750000000-7b7000000 rw-p 00000000 00:00 0 
7b7000000-7c5e00000 ---p 00000000 00:00 0 
7c5e00000-7c8800000 rw-p 00000000 00:00 0 
7c8800000-7ffc00000 ---p 00000000 00:00 0 
7ffc00000-7ffd00000 rw-p 00000000 00:00 0 
7ffd00000-7ffd75000 rw-p 00c77000 103:03 1615452                         /usr/lib/jvm/java-17-openjdk-amd64/lib/server/classes.jsa
7ffd75000-7ffe00000 rw-p 00000000 00:00 0 
7ffe00000-7ffe78000 rw-p 00bff000 103:03 1615452                         /usr/lib/jvm/java-17-openjdk-amd64/lib/server/classes.jsa
7ffe78000-800000000 rw-p 00000000 00:00 0 
581abf31f000-581abf320000 r--p 00000000 103:03 1615298                   /usr/lib/jvm/java-17-openjdk-amd64/bin/java
581abf320000-581abf321000 r-xp 00001000 103:03 1615298                   /usr/lib/jvm/java-17-openjdk-amd64/bin/java
581abf321000-581abf322000 r--p 00002000 103:03 1615298                   /usr/lib/jvm/java-17-openjdk-amd64/bin/java
581abf322000-581abf323000 r--p 00002000 103:03 1615298                   /usr/lib/jvm/java-17-openjdk-amd64/bin/java
581abf323000-581abf324000 rw-p 00003000 103:03 1615298                   /usr/lib/jvm/java-17-openjdk-amd64/bin/java
581ae939c000-581aea36a000 rw-p 00000000 00:00 0                          [heap]
70b02a1da000-70b02efee000 rw-p 00000000 00:00 0 
70b02efee000-70b02efef000 ---p 00000000 00:00 0 
70b02efef000-70b02f7ef000 rw-p 00000000 00:00 0 
70b02f7ef000-70b02f7f0000 ---p 00000000 00:00 0 
70b02f7f0000-70b02fff0000 rw-p 00000000 00:00 0 
70b02fff0000-70b02fff1000 ---p 00000000 00:00 0 
70b02fff1000-70b0307f1000 rw-p 00000000 00:00 0 
70b0307f1000-70b0307f2000 ---p 00000000 00:00 0 
70b0307f2000-70b030ff2000 rw-p 00000000 00:00 0 
70b030ff2000-70b030ff3000 ---p 00000000 00:00 0 
70b030ff3000-70b0317f3000 rw-p 00000000 00:00 0 
70b0317f3000-70b0317f4000 ---p 00000000 00:00 0 
70b0317f4000-70b031ff4000 rw-p 00000000 00:00 0 
70b031ff4000-70b031ff5000 ---p 00000000 00:00 0 
70b031ff5000-70b0327f5000 rw-p 00000000 00:00 0 
70b0327f5000-70b0327f6000 ---p 00000000 00:00 0 
70b0327f6000-70b032ff6000 rw-p 00000000 00:00 0 
70b032ff6000-70b032ff7000 ---p 00000000 00:00 0 
70b032ff7000-70b0337f7000 rw-p 00000000 00:00 0 
70b0337f7000-70b0337f8000 ---p 00000000 00:00 0 
70b0337f8000-70b033ff8000 rw-p 00000000 00:00 0 
70b033ff8000-70b033ff9000 ---p 00000000 00:00 0 
70b033ff9000-70b0347f9000 rw-p 00000000 00:00 0 
70b0347f9000-70b0347fa000 ---p 00000000 00:00 0 
70b0347fa000-70b034ffa000 rw-p 00000000 00:00 0 
70b034ffa000-70b034ffb000 ---p 00000000 00:00 0 
70b034ffb000-70b0357fb000 rw-p 00000000 00:00 0 
70b0357fb000-70b0357fc000 ---p 00000000 00:00 0 
70b0357fc000-70b035ffc000 rw-p 00000000 00:00 0 
70b035ffc000-70b035ffd000 ---p 00000000 00:00 0 
70b035ffd000-70b0367fd000 rw-p 00000000 00:00 0 
70b0367fd000-70b0367fe000 ---p 00000000 00:00 0 
70b0367fe000-70b036ffe000 rw-p 00000000 00:00 0 
70b036ffe000-70b036fff000 ---p 00000000 00:00 0 
70b036fff000-70b0377ff000 rw-p 00000000 00:00 0 
70b0377ff000-70b037800000 ---p 00000000 00:00 0 
70b037800000-70b038000000 rw-p 00000000 00:00 0 
70b038000000-70b03bf1d000 rw-p 00000000 00:00 0 
70b03bf1d000-70b03c000000 ---p 00000000 00:00 0 
70b03c000000-70b03e5c7000 rw-p 00000000 00:00 0 
70b03e5c7000-70b040000000 ---p 00000000 00:00 0 
70b040000000-70b043f01000 rw-p 00000000 00:00 0 
70b043f01000-70b044000000 ---p 00000000 00:00 0 
70b044000000-70b047f04000 rw-p 00000000 00:00 0 
70b047f04000-70b048000000 ---p 00000000 00:00 0 
70b048000000-70b04bf01000 rw-p 00000000 00:00 0 
70b04bf01000-70b04c000000 ---p 00000000 00:00 0 
70b04c690000-70b052c60000 rw-p 00000000 00:00 0 
70b052c60000-70b056000000 ---p 00000000 00:00 0 
70b0567ed000-70b0567ee000 ---p 00000000 00:00 0 
70b0567ee000-70b056fee000 rw-p 00000000 00:00 0 
70b056fee000-70b056fef000 ---p 00000000 00:00 0 
70b056fef000-70b0577ef000 rw-p 00000000 00:00 0 
70b0577ef000-70b0577f0000 ---p 00000000 00:00 0 
70b0577f0000-70b057ff0000 rw-p 00000000 00:00 0 
70b057ff0000-70b057ff1000 ---p 00000000 00:00 0 
70b057ff1000-70b0587f1000 rw-p 00000000 00:00 0 
70b0587f1000-70b0587f2000 ---p 00000000 00:00 0 
70b0587f2000-70b058ff2000 rw-p 00000000 00:00 0 
70b058ff2000-70b058ff3000 ---p 00000000 00:00 0 
70b058ff3000-70b0597f3000 rw-p 00000000 00:00 0 
70b0597f3000-70b0597f4000 ---p 00000000 00:00 0 
70b0597f4000-70b059ff4000 rw-p 00000000 00:00 0 
70b059ff4000-70b059ff5000 ---p 00000000 00:00 0 
70b059ff5000-70b05a7f5000 rw-p 00000000 00:00 0 
70b05a7f5000-70b05a7f6000 ---p 00000000 00:00 0 
70b05a7f6000-70b05aff6000 rw-p 00000000 00:00 0 
70b05aff6000-70b05aff7000 ---p 00000000 00:00 0 
70b05aff7000-70b05b7f7000 rw-p 00000000 00:00 0 
70b05b7f7000-70b05b7f8000 ---p 00000000 00:00 0 
70b05b7f8000-70b05bff8000 rw-p 00000000 00:00 0 
70b05bff8000-70b05bff9000 ---p 00000000 00:00 0 
70b05bff9000-70b05c7f9000 rw-p 00000000 00:00 0 
70b05c7f9000-70b05c7fa000 ---p 00000000 00:00 0 
70b05c7fa000-70b05cffa000 rw-p 00000000 00:00 0 
70b05cffa000-70b05cffb000 ---p 00000000 00:00 0 
70b05cffb000-70b05d7fb000 rw-p 00000000 00:00 0 
70b05d7fb000-70b05d7fc000 ---p 00000000 00:00 0 
70b05d7fc000-70b05dffc000 rw-p 00000000 00:00 0 
70b05dffc000-70b05dffd000 ---p 00000000 00:00 0 
70b05dffd000-70b05e7fd000 rw-p 00000000 00:00 0 
70b05e7fd000-70b05e7fe000 ---p 00000000 00:00 0 
70b05e7fe000-70b05effe000 rw-p 00000000 00:00 0 
70b05effe000-70b05efff000 ---p 00000000 00:00 0 
70b05efff000-70b05f7ff000 rw-p 00000000 00:00 0 
70b05f7ff000-70b05f800000 ---p 00000000 00:00 0 
70b05f800000-70b060000000 rw-p 00000000 00:00 0 
70b060000000-70b063f20000 rw-p 00000000 00:00 0 
70b063f20000-70b064000000 ---p 00000000 00:00 0 
70b064000000-70b065cc0000 rw-p 00000000 00:00 0 
70b065cc0000-70b068000000 ---p 00000000 00:00 0 
70b068000000-70b06bf01000 rw-p 00000000 00:00 0 
70b06bf01000-70b06c000000 ---p 00000000 00:00 0 
70b06c000000-70b06ff07000 rw-p 00000000 00:00 0 
70b06ff07000-70b070000000 ---p 00000000 00:00 0 
70b070000000-70b073cc1000 rw-p 00000000 00:00 0 
70b073cc1000-70b074000000 ---p 00000000 00:00 0 
70b0747f1000-70b0747f2000 ---p 00000000 00:00 0 
70b0747f2000-70b074ff2000 rw-p 00000000 00:00 0 
70b074ff2000-70b074ff3000 ---p 00000000 00:00 0 
70b074ff3000-70b0757f3000 rw-p 00000000 00:00 0 
70b0757f3000-70b0757f4000 ---p 00000000 00:00 0 
70b0757f4000-70b075ff4000 rw-p 00000000 00:00 0 
70b075ff4000-70b075ff5000 ---p 00000000 00:00 0 
70b075ff5000-70b0767f5000 rw-p 00000000 00:00 0 
70b0767f5000-70b0767f6000 ---p 00000000 00:00 0 
70b0767f6000-70b076ff6000 rw-p 00000000 00:00 0 
70b076ff6000-70b076ff7000 ---p 00000000 00:00 0 
70b076ff7000-70b0777f7000 rw-p 00000000 00:00 0 
70b0777f7000-70b0777f8000 ---p 00000000 00:00 0 
70b0777f8000-70b077ff8000 rw-p 00000000 00:00 0 
70b077ff8000-70b077ff9000 ---p 00000000 00:00 0 
70b077ff9000-70b0787f9000 rw-p 00000000 00:00 0 
70b0787f9000-70b0787fa000 ---p 00000000 00:00 0 
70b0787fa000-70b078ffa000 rw-p 00000000 00:00 0 
70b078ffa000-70b078ffb000 ---p 00000000 00:00 0 
70b078ffb000-70b0797fb000 rw-p 00000000 00:00 0 
70b0797fb000-70b0797fc000 ---p 00000000 00:00 0 
70b0797fc000-70b079ffc000 rw-p 00000000 00:00 0 
70b079ffc000-70b079ffd000 ---p 00000000 00:00 0 
70b079ffd000-70b07a7fd000 rw-p 00000000 00:00 0 
70b07a7fd000-70b07a7fe000 ---p 00000000 00:00 0 
70b07a7fe000-70b07affe000 rw-p 00000000 00:00 0 
70b07affe000-70b07afff000 ---p 00000000 00:00 0 
70b07afff000-70b07b7ff000 rw-p 00000000 00:00 0 
70b07b7ff000-70b07b800000 ---p 00000000 00:00 0 
70b07b800000-70b07c000000 rw-p 00000000 00:00 0 
70b07c000000-70b07ff01000 rw-p 00000000 00:00 0 
70b07ff01000-70b080000000 ---p 00000000 00:00 0 
70b080000000-70b082361000 rw-p 00000000 00:00 0 
70b082361000-70b084000000 ---p 00000000 00:00 0 
70b084000000-70b087f01000 rw-p 00000000 00:00 0 
70b087f01000-70b088000000 ---p 00000000 00:00 0 
70b088000000-70b08bf01000 rw-p 00000000 00:00 0 
70b08bf01000-70b08c000000 ---p 00000000 00:00 0 
70b08c000000-70b08ff01000 rw-p 00000000 00:00 0 
70b08ff01000-70b090000000 ---p 00000000 00:00 0 
70b0907e9000-70b0907ea000 ---p 00000000 00:00 0 
70b0907ea000-70b090fea000 rw-p 00000000 00:00 0 
70b090fea000-70b090feb000 ---p 00000000 00:00 0 
70b090feb000-70b0917eb000 rw-p 00000000 00:00 0 
70b0917eb000-70b0917ec000 ---p 00000000 00:00 0 
70b0917ec000-70b091fec000 rw-p 00000000 00:00 0 
70b091fec000-70b091fed000 ---p 00000000 00:00 0 
70b091fed000-70b0927ed000 rw-p 00000000 00:00 0 
70b0927ed000-70b0927ee000 ---p 00000000 00:00 0 
70b0927ee000-70b092fee000 rw-p 00000000 00:00 0 
70b092fee000-70b092fef000 ---p 00000000 00:00 0 
70b092fef000-70b0937ef000 rw-p 00000000 00:00 0 
70b0937ef000-70b0937f0000 ---p 00000000 00:00 0 
70b0937f0000-70b093ff0000 rw-p 00000000 00:00 0 
70b093ff0000-70b093ff1000 ---p 00000000 00:00 0 
70b093ff1000-70b0947f1000 rw-p 00000000 00:00 0 
70b0947f1000-70b0947f2000 ---p 00000000 00:00 0 
70b0947f2000-70b094ff2000 rw-p 00000000 00:00 0 
70b094ff2000-70b094ff3000 ---p 00000000 00:00 0 
70b094ff3000-70b0957f3000 rw-p 00000000 00:00 0 
70b0957f3000-70b0957f4000 ---p 00000000 00:00 0 
70b0957f4000-70b095ff4000 rw-p 00000000 00:00 0 
70b095ff4000-70b095ff5000 ---p 00000000 00:00 0 
70b095ff5000-70b0967f5000 rw-p 00000000 00:00 0 
70b0967f5000-70b0967f6000 ---p 00000000 00:00 0 
70b0967f6000-70b096ff6000 rw-p 00000000 00:00 0 
70b096ff6000-70b096ff7000 ---p 00000000 00:00 0 
70b096ff7000-70b0977f7000 rw-p 00000000 00:00 0 
70b0977f7000-70b0977f8000 ---p 00000000 00:00 0 
70b0977f8000-70b097ff8000 rw-p 00000000 00:00 0 
70b097ff8000-70b097ff9000 ---p 00000000 00:00 0 
70b097ff9000-70b0987f9000 rw-p 00000000 00:00 0 
70b0987f9000-70b0987fa000 ---p 00000000 00:00 0 
70b0987fa000-70b098ffa000 rw-p 00000000 00:00 0 
70b098ffa000-70b098ffb000 ---p 00000000 00:00 0 
70b098ffb000-70b0997fb000 rw-p 00000000 00:00 0 
70b0997fb000-70b0997fc000 ---p 00000000 00:00 0 
70b0997fc000-70b099ffc000 rw-p 00000000 00:00 0 
70b099ffc000-70b099ffd000 ---p 00000000 00:00 0 
70b099ffd000-70b09a7fd000 rw-p 00000000 00:00 0 
70b09a7fd000-70b09a7fe000 ---p 00000000 00:00 0 
70b09a7fe000-70b09affe000 rw-p 00000000 00:00 0 
70b09affe000-70b09afff000 ---p 00000000 00:00 0 
70b09afff000-70b09b7ff000 rw-p 00000000 00:00 0 
70b09b7ff000-70b09b800000 ---p 00000000 00:00 0 
70b09b800000-70b09c000000 rw-p 00000000 00:00 0 
70b09c000000-70b09ff1b000 rw-p 00000000 00:00 0 
70b09ff1b000-70b0a0000000 ---p 00000000 00:00 0 
70b0a0000000-70b0a25c6000 rw-p 00000000 00:00 0 
70b0a25c6000-70b0a4000000 ---p 00000000 00:00 0 
70b0a4000000-70b0a7f01000 rw-p 00000000 00:00 0 
70b0a7f01000-70b0a8000000 ---p 00000000 00:00 0 
70b0a8000000-70b0abf04000 rw-p 00000000 00:00 0 
70b0abf04000-70b0ac000000 ---p 00000000 00:00 0 
70b0ac000000-70b0aff01000 rw-p 00000000 00:00 0 
70b0aff01000-70b0b0000000 ---p 00000000 00:00 0 
70b0b07f9000-70b0b07fa000 ---p 00000000 00:00 0 
70b0b07fa000-70b0b0ffa000 rw-p 00000000 00:00 0 
70b0b0ffa000-70b0b0ffb000 ---p 00000000 00:00 0 
70b0b0ffb000-70b0b17fb000 rw-p 00000000 00:00 0 
70b0b17fb000-70b0b17fc000 ---p 00000000 00:00 0 
70b0b17fc000-70b0b1ffc000 rw-p 00000000 00:00 0 
70b0b1ffc000-70b0b1ffd000 ---p 00000000 00:00 0 
70b0b1ffd000-70b0b27fd000 rw-p 00000000 00:00 0 
70b0b27fd000-70b0b27fe000 ---p 00000000 00:00 0 
70b0b27fe000-70b0b2ffe000 rw-p 00000000 00:00 0 
70b0b2ffe000-70b0b2fff000 ---p 00000000 00:00 0 
70b0b2fff000-70b0b37ff000 rw-p 00000000 00:00 0 
70b0b37ff000-70b0b3800000 ---p 00000000 00:00 0 
70b0b3800000-70b0b4000000 rw-p 00000000 00:00 0 
70b0b4000000-70b0b6361000 rw-p 00000000 00:00 0 
70b0b6361000-70b0b8000000 ---p 00000000 00:00 0 
70b0b87f9000-70b0b87fa000 ---p 00000000 00:00 0 
70b0b87fa000-70b0b8ffa000 rw-p 00000000 00:00 0 
70b0b8ffa000-70b0b8ffb000 ---p 00000000 00:00 0 
70b0b8ffb000-70b0b97fb000 rw-p 00000000 00:00 0 
70b0b97fb000-70b0b97fc000 ---p 00000000 00:00 0 
70b0b97fc000-70b0b9ffc000 rw-p 00000000 00:00 0 
70b0b9ffc000-70b0b9ffd000 ---p 00000000 00:00 0 
70b0b9ffd000-70b0ba7fd000 rw-p 00000000 00:00 0 
70b0ba7fd000-70b0ba7fe000 ---p 00000000 00:00 0 
70b0ba7fe000-70b0baffe000 rw-p 00000000 00:00 0 
70b0baffe000-70b0bafff000 ---p 00000000 00:00 0 
70b0bafff000-70b0bb7ff000 rw-p 00000000 00:00 0 
70b0bb7ff000-70b0bb800000 ---p 00000000 00:00 0 
70b0bb800000-70b0bc000000 rw-p 00000000 00:00 0 
70b0bc000000-70b0bff01000 rw-p 00000000 00:00 0 
70b0bff01000-70b0c0000000 ---p 00000000 00:00 0 
70b0c0000000-70b0c3f01000 rw-p 00000000 00:00 0 
70b0c3f01000-70b0c4000000 ---p 00000000 00:00 0 
70b0c4000000-70b0c7f01000 rw-p 00000000 00:00 0 
70b0c7f01000-70b0c8000000 ---p 00000000 00:00 0 
70b0c868c000-70b0c868d000 ---p 00000000 00:00 0 
70b0c868d000-70b0c8e8d000 rw-p 00000000 00:00 0 
70b0c8e8d000-70b0c8e8e000 ---p 00000000 00:00 0 
70b0c8e8e000-70b0c968e000 rw-p 00000000 00:00 0 
70b0c968e000-70b0c968f000 ---p 00000000 00:00 0 
70b0c968f000-70b0c9e8f000 rw-p 00000000 00:00 0 
70b0c9e8f000-70b0c9e90000 ---p 00000000 00:00 0 
70b0c9e90000-70b0ca690000 rw-p 00000000 00:00 0 
70b0cadfe000-70b0cadff000 ---p 00000000 00:00 0 
70b0cadff000-70b0cb5ff000 rw-p 00000000 00:00 0 
70b0cb5ff000-70b0cb600000 ---p 00000000 00:00 0 
70b0cb600000-70b0cbe00000 rw-p 00000000 00:00 0 
70b0cbe00000-70b0cbe04000 ---p 00000000 00:00 0 
70b0cbe04000-70b0cbf00000 rw-p 00000000 00:00 0 
70b0cbf00000-70b0cbf04000 ---p 00000000 00:00 0 
70b0cbf04000-70b0cc000000 rw-p 00000000 00:00 0 
70b0cc000000-70b0d0000000 rw-p 00000000 00:00 0 
70b0d0000000-70b0d03d1000 rw-p 00000000 00:00 0 
70b0d03d1000-70b0d4000000 ---p 00000000 00:00 0 
70b0d4000000-70b0d7f01000 rw-p 00000000 00:00 0 
70b0d7f01000-70b0d8000000 ---p 00000000 00:00 0 
70b0d8000000-70b0d8305000 rw-p 00000000 00:00 0 
70b0d8305000-70b0dc000000 ---p 00000000 00:00 0 
70b0dc000000-70b0dc3d1000 rw-p 00000000 00:00 0 
70b0dc3d1000-70b0e0000000 ---p 00000000 00:00 0 
70b0e0000000-70b0e05a6000 rw-p 00000000 00:00 0 
70b0e05a6000-70b0e4000000 ---p 00000000 00:00 0 
70b0e4000000-70b0e430c000 rw-p 00000000 00:00 0 
70b0e430c000-70b0e8000000 ---p 00000000 00:00 0 
70b0e8000000-70b0e8d7d000 rw-p 00000000 00:00 0 
70b0e8d7d000-70b0ec000000 ---p 00000000 00:00 0 
70b0ec000000-70b0ed241000 rw-p 00000000 00:00 0 
70b0ed241000-70b0f0000000 ---p 00000000 00:00 0 
70b0f0000000-70b0f0701000 rw-p 00000000 00:00 0 
70b0f0701000-70b0f4000000 ---p 00000000 00:00 0 
70b0f4000000-70b0f5521000 rw-p 00000000 00:00 0 
70b0f5521000-70b0f8000000 ---p 00000000 00:00 0 
70b0f8000000-70b0f859a000 rw-p 00000000 00:00 0 
70b0f859a000-70b0fc000000 ---p 00000000 00:00 0 
70b0fc000000-70b0fc500000 rw-p 00000000 00:00 0 
70b0fc500000-70b100000000 ---p 00000000 00:00 0 
70b100000000-70b10059a000 rw-p 00000000 00:00 0 
70b10059a000-70b104000000 ---p 00000000 00:00 0 
70b1040f9000-70b1040fd000 ---p 00000000 00:00 0 
70b1040fd000-70b1041f9000 rw-p 00000000 00:00 0 
70b1041f9000-70b1041fd000 ---p 00000000 00:00 0 
70b1041fd000-70b1042f9000 rw-p 00000000 00:00 0 
70b1042f9000-70b1042fd000 ---p 00000000 00:00 0 
70b1042fd000-70b1043f9000 rw-p 00000000 00:00 0 
70b1043f9000-70b1043fd000 ---p 00000000 00:00 0 
70b1043fd000-70b1044f9000 rw-p 00000000 00:00 0 
70b1044f9000-70b1044fd000 ---p 00000000 00:00 0 
70b1044fd000-70b1045f9000 rw-p 00000000 00:00 0 
70b1045f9000-70b1045fd000 ---p 00000000 00:00 0 
70b1045fd000-70b1046f9000 rw-p 00000000 00:00 0 
70b1046f9000-70b1046fd000 ---p 00000000 00:00 0 
70b1046fd000-70b1047f9000 rw-p 00000000 00:00 0 
70b1047f9000-70b1047fa000 ---p 00000000 00:00 0 
70b1047fa000-70b104ffa000 rw-p 00000000 00:00 0 
70b104ffa000-70b104ffb000 ---p 00000000 00:00 0 
70b104ffb000-70b1057fb000 rw-p 00000000 00:00 0 
70b1057fb000-70b1057fc000 ---p 00000000 00:00 0 
70b1057fc000-70b105ffc000 rw-p 00000000 00:00 0 
70b105ffc000-70b105ffd000 ---p 00000000 00:00 0 
70b105ffd000-70b1067fd000 rw-p 00000000 00:00 0 
70b1067fd000-70b1067fe000 ---p 00000000 00:00 0 
70b1067fe000-70b106ffe000 rw-p 00000000 00:00 0 
70b106ffe000-70b106fff000 ---p 00000000 00:00 0 
70b106fff000-70b1077ff000 rw-p 00000000 00:00 0 
70b1077ff000-70b107800000 ---p 00000000 00:00 0 
70b107800000-70b108000000 rw-p 00000000 00:00 0 
70b108000000-70b108495000 rw-p 00000000 00:00 0 
70b108495000-70b10c000000 ---p 00000000 00:00 0 
70b10c000000-70b10c491000 rw-p 00000000 00:00 0 
70b10c491000-70b110000000 ---p 00000000 00:00 0 
70b110000000-70b1105c0000 rw-p 00000000 00:00 0 
70b1105c0000-70b114000000 ---p 00000000 00:00 0 
70b114000000-70b1143ce000 rw-p 00000000 00:00 0 
70b1143ce000-70b118000000 ---p 00000000 00:00 0 
70b118000000-70b118e98000 rw-p 00000000 00:00 0 
70b118e98000-70b11c000000 ---p 00000000 00:00 0 
70b11c000000-70b11c39f000 rw-p 00000000 00:00 0 
70b11c39f000-70b120000000 ---p 00000000 00:00 0 
70b120000000-70b1204a2000 rw-p 00000000 00:00 0 
70b1204a2000-70b124000000 ---p 00000000 00:00 0 
70b124000000-70b127f21000 rw-p 00000000 00:00 0 
70b127f21000-70b128000000 ---p 00000000 00:00 0 
70b128000000-70b129cbf000 rw-p 00000000 00:00 0 
70b129cbf000-70b12c000000 ---p 00000000 00:00 0 
70b12c000000-70b12ff01000 rw-p 00000000 00:00 0 
70b12ff01000-70b130000000 ---p 00000000 00:00 0 
70b130000000-70b133f06000 rw-p 00000000 00:00 0 
70b133f06000-70b134000000 ---p 00000000 00:00 0 
70b134000000-70b134395000 rw-p 00000000 00:00 0 
70b134395000-70b138000000 ---p 00000000 00:00 0 
70b138000000-70b13bf01000 rw-p 00000000 00:00 0 
70b13bf01000-70b13c000000 ---p 00000000 00:00 0 
70b13c000000-70b13c2d3000 rw-p 00000000 00:00 0 
70b13c2d3000-70b140000000 ---p 00000000 00:00 0 
70b1400fa000-70b1400fe000 ---p 00000000 00:00 0 
70b1400fe000-70b1401fa000 rw-p 00000000 00:00 0 
70b1401fa000-70b1401fb000 ---p 00000000 00:00 0 
70b1401fb000-70b1409fb000 rw-p 00000000 00:00 0 
70b1409fb000-70b1409fc000 ---p 00000000 00:00 0 
70b1409fc000-70b1411fc000 rw-p 00000000 00:00 0 
70b1411fc000-70b1411fd000 ---p 00000000 00:00 0 
70b1411fd000-70b1419fd000 rw-p 00000000 00:00 0 
70b1419fd000-70b1419fe000 ---p 00000000 00:00 0 
70b1419fe000-70b1421fe000 rw-p 00000000 00:00 0 
70b1421fe000-70b1421ff000 ---p 00000000 00:00 0 
70b1421ff000-70b1429ff000 rw-p 00000000 00:00 0 
70b1429ff000-70b142a00000 ---p 00000000 00:00 0 
70b142a00000-70b143200000 rw-p 00000000 00:00 0 
70b143200000-70b143c0d000 r-xp 00000000 103:05 4591129                   /home/rishabh.verma@apmosys.mahape/.djl.ai/tokenizers/0.13.3-0.24.0-linux-x86_64/libtokenizers.so
70b143c0d000-70b143e0d000 ---p 00a0d000 103:05 4591129                   /home/rishabh.verma@apmosys.mahape/.djl.ai/tokenizers/0.13.3-0.24.0-linux-x86_64/libtokenizers.so
70b143e0d000-70b143ebd000 r--p 00a0d000 103:05 4591129                   /home/rishabh.verma@apmosys.mahape/.djl.ai/tokenizers/0.13.3-0.24.0-linux-x86_64/libtokenizers.so
70b143ebd000-70b143eca000 rw-p 00abd000 103:05 4591129                   /home/rishabh.verma@apmosys.mahape/.djl.ai/tokenizers/0.13.3-0.24.0-linux-x86_64/libtokenizers.so
70b143eca000-70b143ee1000 rw-p 00000000 00:00 0 
70b143f00000-70b143f04000 ---p 00000000 00:00 0 
70b143f04000-70b144000000 rw-p 00000000 00:00 0 
70b144000000-70b144ac6000 rw-p 00000000 00:00 0 
70b144ac6000-70b148000000 ---p 00000000 00:00 0 
70b148000000-70b1484a5000 rw-p 00000000 00:00 0 
70b1484a5000-70b14c000000 ---p 00000000 00:00 0 
70b14c000000-70b14c9ca000 rw-p 00000000 00:00 0 
70b14c9ca000-70b150000000 ---p 00000000 00:00 0 
70b150000000-70b153f36000 rw-p 00000000 00:00 0 
70b153f36000-70b154000000 ---p 00000000 00:00 0 
70b15408c000-70b154090000 ---p 00000000 00:00 0 
70b154090000-70b15418c000 rw-p 00000000 00:00 0 
70b15418c000-70b154190000 ---p 00000000 00:00 0 
70b154190000-70b15428c000 rw-p 00000000 00:00 0 
70b15428c000-70b154290000 ---p 00000000 00:00 0 
70b154290000-70b15438c000 rw-p 00000000 00:00 0 
70b15438c000-70b154390000 ---p 00000000 00:00 0 
70b154390000-70b15448c000 rw-p 00000000 00:00 0 
70b15448c000-70b154490000 ---p 00000000 00:00 0 
70b154490000-70b15458c000 rw-p 00000000 00:00 0 
70b15458c000-70b154590000 ---p 00000000 00:00 0 
70b154590000-70b15468c000 rw-p 00000000 00:00 0 
70b15468c000-70b15468d000 ---p 00000000 00:00 0 
70b15468d000-70b154e8d000 rw-p 00000000 00:00 0 
70b154e8d000-70b154e8e000 ---p 00000000 00:00 0 
70b154e8e000-70b15568e000 rw-p 00000000 00:00 0 
70b15568e000-70b15568f000 ---p 00000000 00:00 0 
70b15568f000-70b155e8f000 rw-p 00000000 00:00 0 
70b155e8f000-70b155e90000 ---p 00000000 00:00 0 
70b155e90000-70b156690000 rw-p 00000000 00:00 0 
70b1566fd000-70b156701000 ---p 00000000 00:00 0 
70b156701000-70b1567fd000 rw-p 00000000 00:00 0 
70b1567fd000-70b1567fe000 ---p 00000000 00:00 0 
70b1567fe000-70b156ffe000 rw-p 00000000 00:00 0 
70b156ffe000-70b156fff000 ---p 00000000 00:00 0 
70b156fff000-70b1577ff000 rw-p 00000000 00:00 0 
70b1577ff000-70b157800000 ---p 00000000 00:00 0 
70b157800000-70b158000000 rw-p 00000000 00:00 0 
70b158000000-70b158370000 rw-p 00000000 00:00 0 
70b158370000-70b1583f0000 rw-p 00000000 00:00 0 
70b1583f0000-70b159570000 rw-p 00000000 00:00 0 
70b159570000-70b1595b0000 rw-p 00000000 00:00 0 
70b1595b0000-70b159600000 ---p 00000000 00:00 0 
70b159600000-70b15c000000 rw-p 00000000 00:00 0 
70b15c000000-70b15fe5b000 rw-p 00000000 00:00 0 
70b15fe5b000-70b160000000 ---p 00000000 00:00 0 
70b160000000-70b160004000 ---p 00000000 00:00 0 
70b160004000-70b160100000 rw-p 00000000 00:00 0 
70b160100000-70b160104000 ---p 00000000 00:00 0 
70b160104000-70b160200000 rw-p 00000000 00:00 0 
70b160200000-70b160204000 ---p 00000000 00:00 0 
70b160204000-70b160300000 rw-p 00000000 00:00 0 
70b160300000-70b160304000 ---p 00000000 00:00 0 
70b160304000-70b160400000 rw-p 00000000 00:00 0 
70b160400000-70b160404000 ---p 00000000 00:00 0 
70b160404000-70b160500000 rw-p 00000000 00:00 0 
70b160500000-70b160504000 ---p 00000000 00:00 0 
70b160504000-70b160600000 rw-p 00000000 00:00 0 
70b160600000-70b160604000 ---p 00000000 00:00 0 
70b160604000-70b160700000 rw-p 00000000 00:00 0 
70b160700000-70b160704000 ---p 00000000 00:00 0 
70b160704000-70b160800000 rw-p 00000000 00:00 0 
70b160800000-70b1772bc000 r-xp 00000000 103:05 4591123                   /home/rishabh.verma@apmosys.mahape/.djl.ai/pytorch/2.0.1-cpu-linux-x86_64/libtorch_cpu.so
70b1772bc000-70b1772bd000 ---p 16abc000 103:05 4591123                   /home/rishabh.verma@apmosys.mahape/.djl.ai/pytorch/2.0.1-cpu-linux-x86_64/libtorch_cpu.so
70b1772bd000-70b177672000 r--p 16abc000 103:05 4591123                   /home/rishabh.verma@apmosys.mahape/.djl.ai/pytorch/2.0.1-cpu-linux-x86_64/libtorch_cpu.so
70b177672000-70b177793000 rw-p 16e71000 103:05 4591123                   /home/rishabh.verma@apmosys.mahape/.djl.ai/pytorch/2.0.1-cpu-linux-x86_64/libtorch_cpu.so
70b177793000-70b17785f000 rw-p 00000000 00:00 0 
70b17785f000-70b177fd5000 rw-p 1bda6000 103:05 4591123                   /home/rishabh.verma@apmosys.mahape/.djl.ai/pytorch/2.0.1-cpu-linux-x86_64/libtorch_cpu.so
70b178000000-70b17ad15000 rw-p 00000000 00:00 0 
70b17ad15000-70b17c000000 ---p 00000000 00:00 0 
70b17c000000-70b17c2d2000 rw-p 00000000 00:00 0 
70b17c2d2000-70b180000000 ---p 00000000 00:00 0 
70b180000000-70b1807d8000 rw-p 00000000 00:00 0 
70b1807d8000-70b184000000 ---p 00000000 00:00 0 
70b184000000-70b1842d8000 rw-p 00000000 00:00 0 
70b1842d8000-70b188000000 ---p 00000000 00:00 0 
70b188000000-70b1887f0000 rw-p 00000000 00:00 0 
70b1887f0000-70b1889f0000 rw-p 00000000 00:00 0 
70b1889f0000-70b18a9b0000 rw-p 00000000 00:00 0 
70b18a9b0000-70b18a9f0000 rw-p 00000000 00:00 0 
70b18a9f0000-70b18ab70000 rw-p 00000000 00:00 0 
70b18ab70000-70b18abf0000 rw-p 00000000 00:00 0 
70b18abf0000-70b18b7f0000 rw-p 00000000 00:00 0 
70b18b7f0000-70b18c000000 rw-p 00000000 00:00 0 
70b18c000000-70b18c216000 rw-p 00000000 00:00 0 
70b18c216000-70b190000000 ---p 00000000 00:00 0 
70b190000000-70b1902d9000 rw-p 00000000 00:00 0 
70b1902d9000-70b194000000 ---p 00000000 00:00 0 
70b194000000-70b196293000 rw-p 00000000 00:00 0 
70b196293000-70b198000000 ---p 00000000 00:00 0 
70b1980f1000-70b1980f5000 ---p 00000000 00:00 0 
70b1980f5000-70b1981f1000 rw-p 00000000 00:00 0 
70b1981f1000-70b1981f5000 ---p 00000000 00:00 0 
70b1981f5000-70b1982f1000 rw-p 00000000 00:00 0 
70b1982f1000-70b1982f5000 ---p 00000000 00:00 0 
70b1982f5000-70b1983f1000 rw-p 00000000 00:00 0 
70b1983f1000-70b1983f2000 ---p 00000000 00:00 0 
70b1983f2000-70b198bf2000 rw-p 00000000 00:00 0 
70b198bf2000-70b198bf3000 ---p 00000000 00:00 0 
70b198bf3000-70b1993f3000 rw-p 00000000 00:00 0 
70b1993f3000-70b1993f4000 ---p 00000000 00:00 0 
70b1993f4000-70b199bf4000 rw-p 00000000 00:00 0 
70b199bf4000-70b199bf5000 ---p 00000000 00:00 0 
70b199bf5000-70b19a3f5000 rw-p 00000000 00:00 0 
70b19a3f5000-70b19a3f6000 ---p 00000000 00:00 0 
70b19a3f6000-70b19abf6000 rw-p 00000000 00:00 0 
70b19abf6000-70b19abf7000 ---p 00000000 00:00 0 
70b19abf7000-70b19adf7000 rw-p 00000000 00:00 0 
70b19adf7000-70b19adf8000 ---p 00000000 00:00 0 
70b19adf8000-70b19aff8000 rw-p 00000000 00:00 0 
70b19aff8000-70b19aff9000 ---p 00000000 00:00 0 
70b19aff9000-70b19b1f9000 rw-p 00000000 00:00 0 
70b19b1f9000-70b19b1fa000 ---p 00000000 00:00 0 
70b19b1fa000-70b19b3fa000 rw-p 00000000 00:00 0 
70b19b3fa000-70b19b3fb000 ---p 00000000 00:00 0 
70b19b3fb000-70b19b5fb000 rw-p 00000000 00:00 0 
70b19b5fb000-70b19b5fc000 ---p 00000000 00:00 0 
70b19b5fc000-70b19b7fc000 rw-p 00000000 00:00 0 
70b19b7fc000-70b19b7fd000 ---p 00000000 00:00 0 
70b19b7fd000-70b19b9fd000 rw-p 00000000 00:00 0 
70b19b9fd000-70b19b9fe000 ---p 00000000 00:00 0 
70b19b9fe000-70b19bbfe000 rw-p 00000000 00:00 0 
70b19bbfe000-70b19bbff000 ---p 00000000 00:00 0 
70b19bbff000-70b19bdff000 rw-p 00000000 00:00 0 
70b19bdff000-70b19be00000 ---p 00000000 00:00 0 
70b19be00000-70b19c000000 rw-p 00000000 00:00 0 
70b19c000000-70b19d08c000 rw-p 00000000 00:00 0 
70b19d08c000-70b1a0000000 ---p 00000000 00:00 0 
70b1a0000000-70b1a073d000 rw-p 00000000 00:00 0 
70b1a073d000-70b1a4000000 ---p 00000000 00:00 0 
70b1a4000000-70b1a7dd0000 rw-p 00000000 00:00 0 
70b1a7dd0000-70b1a8000000 ---p 00000000 00:00 0 
70b1a8000000-70b1a86c2000 rw-p 00000000 00:00 0 
70b1a86c2000-70b1ac000000 ---p 00000000 00:00 0 
70b1ac000000-70b1afa3c000 rw-p 00000000 00:00 0 
70b1afa3c000-70b1b0000000 ---p 00000000 00:00 0 
70b1b0000000-70b1b0e2b000 rw-p 00000000 00:00 0 
70b1b0e2b000-70b1b4000000 ---p 00000000 00:00 0 
70b1b4000000-70b1b6e14000 rw-p 00000000 00:00 0 
70b1b6e14000-70b1b8000000 ---p 00000000 00:00 0 
70b1b8000000-70b1b85ad000 rw-p 00000000 00:00 0 
70b1b85ad000-70b1bc000000 ---p 00000000 00:00 0 
70b1bc000000-70b1bc994000 rw-p 00000000 00:00 0 
70b1bc994000-70b1c0000000 ---p 00000000 00:00 0 
70b1c0000000-70b1c1504000 rw-p 00000000 00:00 0 
70b1c1504000-70b1c4000000 ---p 00000000 00:00 0 
70b1c4000000-70b1c487d000 rw-p 00000000 00:00 0 
70b1c487d000-70b1c8000000 ---p 00000000 00:00 0 
70b1c8000000-70b1c8e6f000 rw-p 00000000 00:00 0 
70b1c8e6f000-70b1cc000000 ---p 00000000 00:00 0 
70b1cc000000-70b1cc237000 rw-p 00000000 00:00 0 
70b1cc237000-70b1d0000000 ---p 00000000 00:00 0 
70b1d0000000-70b1d0c7d000 rw-p 00000000 00:00 0 
70b1d0c7d000-70b1d4000000 ---p 00000000 00:00 0 
70b1d4000000-70b1d4234000 rw-p 00000000 00:00 0 
70b1d4234000-70b1d8000000 ---p 00000000 00:00 0 
70b1d8000000-70b1d84a9000 rw-p 00000000 00:00 0 
70b1d84a9000-70b1dc000000 ---p 00000000 00:00 0 
70b1dc000000-70b1dc1e3000 rw-p 00000000 00:00 0 
70b1dc1e3000-70b1e0000000 ---p 00000000 00:00 0 
70b1e0000000-70b1e0221000 rw-p 00000000 00:00 0 
70b1e0221000-70b1e4000000 ---p 00000000 00:00 0 
70b1e4000000-70b1e45d8000 rw-p 00000000 00:00 0 
70b1e45d8000-70b1e8000000 ---p 00000000 00:00 0 
70b1e8000000-70b1e8324000 rw-p 00000000 00:00 0 
70b1e8324000-70b1ec000000 ---p 00000000 00:00 0 
70b1ec000000-70b1ec10f000 rw-p 00000000 00:00 0 
70b1ec10f000-70b1f0000000 ---p 00000000 00:00 0 
70b1f0000000-70b1f012f000 rw-p 00000000 00:00 0 
70b1f012f000-70b1f4000000 ---p 00000000 00:00 0 
70b1f4000000-70b1f7def000 rw-p 00000000 00:00 0 
70b1f7def000-70b1f8000000 ---p 00000000 00:00 0 
70b1f8000000-70b1f8a4d000 rw-p 00000000 00:00 0 
70b1f8a4d000-70b1fc000000 ---p 00000000 00:00 0 
70b1fc000000-70b1fc867000 rw-p 00000000 00:00 0 
70b1fc867000-70b200000000 ---p 00000000 00:00 0 
70b200000000-70b201011000 rw-p 00000000 00:00 0 
70b201011000-70b204000000 ---p 00000000 00:00 0 
70b204000000-70b204170000 rw-p 00000000 00:00 0 
70b204170000-70b2041f0000 rw-p 00000000 00:00 0 
70b2041f0000-70b204af0000 rw-p 00000000 00:00 0 
70b204af0000-70b2052f0000 rw-p 00000000 00:00 0 
70b2052f0000-70b2053f0000 rw-p 00000000 00:00 0 
70b2053f0000-70b205f70000 rw-p 00000000 00:00 0 
70b205f70000-70b205ff0000 rw-p 00000000 00:00 0 
70b205ff0000-70b206ff0000 rw-p 00000000 00:00 0 
70b206ff0000-70b207070000 rw-p 00000000 00:00 0 
70b207070000-70b2071f0000 rw-p 00000000 00:00 0 
70b2071f0000-70b207210000 rw-p 00000000 00:00 0 
70b207210000-70b207370000 rw-p 00000000 00:00 0 
70b207370000-70b2073b0000 rw-p 00000000 00:00 0 
70b2073b0000-70b2077f0000 rw-p 00000000 00:00 0 
70b2077f0000-70b207810000 rw-p 00000000 00:00 0 
70b207810000-70b207870000 rw-p 00000000 00:00 0 
70b207870000-70b207890000 rw-p 00000000 00:00 0 
70b207890000-70b208000000 rw-p 00000000 00:00 0 
70b208000000-70b20812a000 rw-p 00000000 00:00 0 
70b20812a000-70b20c000000 ---p 00000000 00:00 0 
70b20c000000-70b20fd02000 rw-p 00000000 00:00 0 
70b20fd02000-70b210000000 ---p 00000000 00:00 0 
70b210000000-70b210492000 rw-p 00000000 00:00 0 
70b210492000-70b214000000 ---p 00000000 00:00 0 
70b214000000-70b215492000 rw-p 00000000 00:00 0 
70b215492000-70b218000000 ---p 00000000 00:00 0 
70b218000000-70b2186ea000 rw-p 00000000 00:00 0 
70b2186ea000-70b21c000000 ---p 00000000 00:00 0 
70b21c000000-70b21c09c000 rw-p 00000000 00:00 0 
70b21c09c000-70b220000000 ---p 00000000 00:00 0 
70b220000000-70b22006b000 rw-p 00000000 00:00 0 
70b22006b000-70b224000000 ---p 00000000 00:00 0 
70b224000000-70b22405e000 rw-p 00000000 00:00 0 
70b22405e000-70b228000000 ---p 00000000 00:00 0 
70b228000000-70b22807d000 rw-p 00000000 00:00 0 
70b22807d000-70b22c000000 ---p 00000000 00:00 0 
70b22c000000-70b22c586000 rw-p 00000000 00:00 0 
70b22c586000-70b230000000 ---p 00000000 00:00 0 
70b230000000-70b23027d000 rw-p 00000000 00:00 0 
70b23027d000-70b234000000 ---p 00000000 00:00 0 
70b234000000-70b23406a000 rw-p 00000000 00:00 0 
70b23406a000-70b238000000 ---p 00000000 00:00 0 
70b238000000-70b239dea000 rw-p 00000000 00:00 0 
70b239dea000-70b23c000000 ---p 00000000 00:00 0 
70b23c000000-70b240000000 rw-p 00000000 00:00 0 
70b240000000-70b24034d000 rw-p 00000000 00:00 0 
70b24034d000-70b244000000 ---p 00000000 00:00 0 
70b244000000-70b24472f000 rw-p 00000000 00:00 0 
70b24472f000-70b248000000 ---p 00000000 00:00 0 
70b248000000-70b24be4b000 rw-p 00000000 00:00 0 
70b24be4b000-70b24c000000 ---p 00000000 00:00 0 
70b24c000000-70b24c074000 rw-p 00000000 00:00 0 
70b24c074000-70b250000000 ---p 00000000 00:00 0 
70b250000000-70b250180000 rw-p 00000000 00:00 0 
70b250180000-70b254000000 ---p 00000000 00:00 0 
70b254000000-70b256d28000 rw-p 00000000 00:00 0 
70b256d28000-70b258000000 ---p 00000000 00:00 0 
70b258000000-70b258021000 rw-p 00000000 00:00 0 
70b258021000-70b25c000000 ---p 00000000 00:00 0 
70b25c000000-70b25ff8d000 rw-p 00000000 00:00 0 
70b25ff8d000-70b260000000 ---p 00000000 00:00 0 
70b260000000-70b2610bd000 rw-p 00000000 00:00 0 
70b2610bd000-70b264000000 ---p 00000000 00:00 0 
70b264000000-70b2645ee000 rw-p 00000000 00:00 0 
70b2645ee000-70b268000000 ---p 00000000 00:00 0 
70b268000000-70b268c3c000 rw-p 00000000 00:00 0 
70b268c3c000-70b26c000000 ---p 00000000 00:00 0 
70b26c000000-70b26c4bc000 rw-p 00000000 00:00 0 
70b26c4bc000-70b270000000 ---p 00000000 00:00 0 
70b270000000-70b273ffe000 rw-p 00000000 00:00 0 
70b273ffe000-70b274000000 ---p 00000000 00:00 0 
70b274000000-70b275ec7000 rw-p 00000000 00:00 0 
70b275ec7000-70b278000000 ---p 00000000 00:00 0 
70b278000000-70b279358000 rw-p 00000000 00:00 0 
70b279358000-70b27c000000 ---p 00000000 00:00 0 
70b27c000000-70b27c124000 rw-p 00000000 00:00 0 
70b27c124000-70b280000000 ---p 00000000 00:00 0 
70b280000000-70b28074b000 rw-p 00000000 00:00 0 
70b28074b000-70b284000000 ---p 00000000 00:00 0 
70b284000000-70b2852de000 rw-p 00000000 00:00 0 
70b2852de000-70b288000000 ---p 00000000 00:00 0 
70b288000000-70b289aff000 rw-p 00000000 00:00 0 
70b289aff000-70b28c000000 ---p 00000000 00:00 0 
70b28c07e000-70b28c082000 ---p 00000000 00:00 0 
70b28c082000-70b28c17e000 rw-p 00000000 00:00 0 
70b28c1fe000-70b28c1ff000 ---p 00000000 00:00 0 
70b28c1ff000-70b28c3ff000 rw-p 00000000 00:00 0 
70b28c3ff000-70b28c400000 ---p 00000000 00:00 0 
70b28c400000-70b28c600000 rw-p 00000000 00:00 0 
70b28c600000-70b28c7fa000 r-xp 00000000 103:05 4591126                   /home/rishabh.verma@apmosys.mahape/.djl.ai/pytorch/2.0.1-cpu-linux-x86_64/0.24.0-libdjl_torch.so
70b28c7fa000-70b28c9f9000 ---p 001fa000 103:05 4591126                   /home/rishabh.verma@apmosys.mahape/.djl.ai/pytorch/2.0.1-cpu-linux-x86_64/0.24.0-libdjl_torch.so
70b28c9f9000-70b28c9fa000 r--p 001f9000 103:05 4591126                   /home/rishabh.verma@apmosys.mahape/.djl.ai/pytorch/2.0.1-cpu-linux-x86_64/0.24.0-libdjl_torch.so
70b28c9fa000-70b28ca05000 rw-p 001fa000 103:05 4591126                   /home/rishabh.verma@apmosys.mahape/.djl.ai/pytorch/2.0.1-cpu-linux-x86_64/0.24.0-libdjl_torch.so
70b28cc00000-70b28cc2e000 r-xp 00000000 103:05 4591125                   /home/rishabh.verma@apmosys.mahape/.djl.ai/pytorch/2.0.1-cpu-linux-x86_64/libgomp-52f2fd74.so.1
70b28cc2e000-70b28ce2d000 ---p 0002e000 103:05 4591125                   /home/rishabh.verma@apmosys.mahape/.djl.ai/pytorch/2.0.1-cpu-linux-x86_64/libgomp-52f2fd74.so.1
70b28ce2d000-70b28ce2e000 r--p 0002d000 103:05 4591125                   /home/rishabh.verma@apmosys.mahape/.djl.ai/pytorch/2.0.1-cpu-linux-x86_64/libgomp-52f2fd74.so.1
70b28ce2e000-70b28ce33000 rw-p 0002e000 103:05 4591125                   /home/rishabh.verma@apmosys.mahape/.djl.ai/pytorch/2.0.1-cpu-linux-x86_64/libgomp-52f2fd74.so.1
70b28d000000-70b28d01e000 r-xp 00000000 103:05 4515409                   /home/rishabh.verma@apmosys.mahape/.cache/JNA/temp/jna2477341806478551571.tmp (deleted)
70b28d01e000-70b28d21d000 ---p 0001e000 103:05 4515409                   /home/rishabh.verma@apmosys.mahape/.cache/JNA/temp/jna2477341806478551571.tmp (deleted)
70b28d21d000-70b28d21e000 rw-p 0001d000 103:05 4515409                   /home/rishabh.verma@apmosys.mahape/.cache/JNA/temp/jna2477341806478551571.tmp (deleted)
70b28d21e000-70b28d21f000 rw-p 00000000 00:00 0 
70b28d277000-70b28d2b7000 rwxp 00000000 00:00 0 
70b28d2f7000-70b28d2fb000 ---p 00000000 00:00 0 
70b28d2fb000-70b28d3f7000 rw-p 00000000 00:00 0 
70b28d3f7000-70b28d3fb000 ---p 00000000 00:00 0 
70b28d3fb000-70b28d4f7000 rw-p 00000000 00:00 0 
70b28d4f7000-70b28d4fb000 ---p 00000000 00:00 0 
70b28d4fb000-70b28d5f7000 rw-p 00000000 00:00 0 
70b28d5f7000-70b28d5fb000 ---p 00000000 00:00 0 
70b28d5fb000-70b28d6f7000 rw-p 00000000 00:00 0 
70b28d6f7000-70b28d6fb000 ---p 00000000 00:00 0 
70b28d6fb000-70b28d7f7000 rw-p 00000000 00:00 0 
70b28d7f7000-70b28d7fb000 ---p 00000000 00:00 0 
70b28d7fb000-70b28d8f7000 rw-p 00000000 00:00 0 
70b28d8f7000-70b28d8fb000 ---p 00000000 00:00 0 
70b28d8fb000-70b28d9f7000 rw-p 00000000 00:00 0 
70b28d9f7000-70b28d9fb000 ---p 00000000 00:00 0 
70b28d9fb000-70b28daf7000 rw-p 00000000 00:00 0 
70b28daf7000-70b28dafb000 ---p 00000000 00:00 0 
70b28dafb000-70b28dbf7000 rw-p 00000000 00:00 0 
70b28dbf7000-70b28dbfb000 ---p 00000000 00:00 0 
70b28dbfb000-70b28dcf7000 rw-p 00000000 00:00 0 
70b28dcf7000-70b28dcfb000 ---p 00000000 00:00 0 
70b28dcfb000-70b28ddf7000 rw-p 00000000 00:00 0 
70b28ddf7000-70b28ddfb000 ---p 00000000 00:00 0 
70b28ddfb000-70b28def7000 rw-p 00000000 00:00 0 
70b28def7000-70b28defb000 ---p 00000000 00:00 0 
70b28defb000-70b28dff7000 rw-p 00000000 00:00 0 
70b28dff7000-70b28dffb000 ---p 00000000 00:00 0 
70b28dffb000-70b28e0f7000 rw-p 00000000 00:00 0 
70b28e0f7000-70b28e0fb000 ---p 00000000 00:00 0 
70b28e0fb000-70b28e1f7000 rw-p 00000000 00:00 0 
70b28e1f7000-70b28e1fb000 ---p 00000000 00:00 0 
70b28e1fb000-70b28e2f7000 rw-p 00000000 00:00 0 
70b28e2f7000-70b28e2fb000 ---p 00000000 00:00 0 
70b28e2fb000-70b28e3f7000 rw-p 00000000 00:00 0 
70b28e3f7000-70b28e3fb000 ---p 00000000 00:00 0 
70b28e3fb000-70b28e4f7000 rw-p 00000000 00:00 0 
70b28e4f7000-70b28e4f8000 ---p 00000000 00:00 0 
70b28e4f8000-70b28e5f8000 rw-p 00000000 00:00 0 
70b28e5f8000-70b28e5f9000 ---p 00000000 00:00 0 
70b28e5f9000-70b28e6f9000 rw-p 00000000 00:00 0 
70b28e6f9000-70b28e6fa000 ---p 00000000 00:00 0 
70b28e6fa000-70b28e7fa000 rw-p 00000000 00:00 0 
70b28e7fa000-70b28e7fb000 ---p 00000000 00:00 0 
70b28e7fb000-70b28e8fb000 rw-p 00000000 00:00 0 
70b28e8fb000-70b28e8fc000 ---p 00000000 00:00 0 
70b28e8fc000-70b28e9fc000 rw-p 00000000 00:00 0 
70b28e9fc000-70b28e9fd000 ---p 00000000 00:00 0 
70b28e9fd000-70b28eafd000 rw-p 00000000 00:00 0 
70b28eafd000-70b28eafe000 ---p 00000000 00:00 0 
70b28eafe000-70b28ebfe000 rw-p 00000000 00:00 0 
70b28ebfe000-70b28ebff000 ---p 00000000 00:00 0 
70b28ebff000-70b28ecff000 rw-p 00000000 00:00 0 
70b28ecff000-70b28ed00000 ---p 00000000 00:00 0 
70b28ed00000-70b28ee00000 rw-p 00000000 00:00 0 
70b28ee00000-70b28ee04000 ---p 00000000 00:00 0 
70b28ee04000-70b28ef00000 rw-p 00000000 00:00 0 
70b28ef00000-70b28ef04000 ---p 00000000 00:00 0 
70b28ef04000-70b28f000000 rw-p 00000000 00:00 0 
70b28f000000-70b28f3f0000 rw-p 00000000 00:00 0 
70b28f3f0000-70b28fd70000 rw-p 00000000 00:00 0 
70b28fd70000-70b28fdf0000 rw-p 00000000 00:00 0 
70b28fdf0000-70b2903b0000 rw-p 00000000 00:00 0 
70b2903b0000-70b2903f0000 rw-p 00000000 00:00 0 
70b2903f0000-70b290770000 rw-p 00000000 00:00 0 
70b290770000-70b2907f0000 rw-p 00000000 00:00 0 
70b2907f0000-70b2908f0000 rw-p 00000000 00:00 0 
70b2908f0000-70b2909f0000 rw-p 00000000 00:00 0 
70b2909f0000-70b2910f0000 rw-p 00000000 00:00 0 
70b2910f0000-70b2911f0000 rw-p 00000000 00:00 0 
70b2911f0000-70b2912f0000 rw-p 00000000 00:00 0 
70b2912f0000-70b2913f0000 rw-p 00000000 00:00 0 
70b2913f0000-70b291470000 rw-p 00000000 00:00 0 
70b291470000-70b2914f0000 rw-p 00000000 00:00 0 
70b2914f0000-70b2916f0000 rw-p 00000000 00:00 0 
70b2916f0000-70b2917f0000 rw-p 00000000 00:00 0 
70b2917f0000-70b291b90000 rw-p 00000000 00:00 0 
70b291b90000-70b291bb0000 rw-p 00000000 00:00 0 
70b291bb0000-70b291df0000 rw-p 00000000 00:00 0 
70b291df0000-70b2929d0000 rw-p 00000000 00:00 0 
70b2929d0000-70b2929f0000 rw-p 00000000 00:00 0 
70b2929f0000-70b292b70000 rw-p 00000000 00:00 0 
70b292b70000-70b292bf0000 rw-p 00000000 00:00 0 
70b292bf0000-70b293000000 rw-p 00000000 00:00 0 
70b293000000-70b293bc7000 rw-p 00001000 103:03 1615452                   /usr/lib/jvm/java-17-openjdk-amd64/lib/server/classes.jsa
70b293bc7000-70b294000000 ---p 00000000 00:00 0 
70b294000000-70b294030000 rw-p 00000000 00:00 0 
70b294030000-70b294070000 rw-p 00000000 00:00 0 
70b294070000-70b2940b0000 rw-p 00000000 00:00 0 
70b2940b0000-70b2940f0000 rw-p 00000000 00:00 0 
70b2940f0000-70b294370000 rw-p 00000000 00:00 0 
70b294370000-70b2944f0000 rw-p 00000000 00:00 0 
70b2944f0000-70b294630000 rw-p 00000000 00:00 0 
70b294630000-70b2949b0000 rw-p 00000000 00:00 0 
70b2949b0000-70b2949f0000 rw-p 00000000 00:00 0 
70b2949f0000-70b295170000 rw-p 00000000 00:00 0 
70b295170000-70b295180000 ---p 00000000 00:00 0 
70b295180000-70b295c20000 rw-p 00000000 00:00 0 
70b295c20000-70b2d4000000 ---p 00000000 00:00 0 
70b2d4000000-70b2d4803000 rw-p 00000000 00:00 0 
70b2d4803000-70b2d8000000 ---p 00000000 00:00 0 
70b2d8000000-70b2da825000 rw-p 00000000 00:00 0 
70b2da825000-70b2dc000000 ---p 00000000 00:00 0 
70b2dc000000-70b2dcc1f000 rw-p 00000000 00:00 0 
70b2dcc1f000-70b2e0000000 ---p 00000000 00:00 0 
70b2e0034000-70b2e0074000 rwxp 00000000 00:00 0 
70b2e00f4000-70b2e00f8000 ---p 00000000 00:00 0 
70b2e00f8000-70b2e01f4000 rw-p 00000000 00:00 0 
70b2e01f4000-70b2e01f8000 ---p 00000000 00:00 0 
70b2e01f8000-70b2e02f4000 rw-p 00000000 00:00 0 
70b2e02f4000-70b2e02f8000 ---p 00000000 00:00 0 
70b2e02f8000-70b2e03f4000 rw-p 00000000 00:00 0 
70b2e03f4000-70b2e03f8000 ---p 00000000 00:00 0 
70b2e03f8000-70b2e04f4000 rw-p 00000000 00:00 0 
70b2e04f4000-70b2e04f8000 ---p 00000000 00:00 0 
70b2e04f8000-70b2e05f4000 rw-p 00000000 00:00 0 
70b2e05f4000-70b2e05f8000 ---p 00000000 00:00 0 
70b2e05f8000-70b2e06f4000 rw-p 00000000 00:00 0 
70b2e06f4000-70b2e06f8000 ---p 00000000 00:00 0 
70b2e06f8000-70b2e07f4000 rw-p 00000000 00:00 0 
70b2e07f4000-70b2e07f5000 ---p 00000000 00:00 0 
70b2e07f5000-70b2e08f5000 rw-p 00000000 00:00 0 
70b2e08f5000-70b2e08f6000 ---p 00000000 00:00 0 
70b2e08f6000-70b2e09f6000 rw-p 00000000 00:00 0 
70b2e09f6000-70b2e09f7000 ---p 00000000 00:00 0 
70b2e09f7000-70b2e0af7000 rw-p 00000000 00:00 0 
70b2e0af7000-70b2e0af8000 ---p 00000000 00:00 0 
70b2e0af8000-70b2e0bf8000 rw-p 00000000 00:00 0 
70b2e0bf8000-70b2e0bf9000 ---p 00000000 00:00 0 
70b2e0bf9000-70b2e0cf9000 rw-p 00000000 00:00 0 
70b2e0cf9000-70b2e0cfa000 ---p 00000000 00:00 0 
70b2e0cfa000-70b2e0dfa000 rw-p 00000000 00:00 0 
70b2e0dfa000-70b2e0dfb000 ---p 00000000 00:00 0 
70b2e0dfb000-70b2e0efb000 rw-p 00000000 00:00 0 
70b2e0efb000-70b2e0efc000 ---p 00000000 00:00 0 
70b2e0efc000-70b2e0ffc000 rw-p 00000000 00:00 0 
70b2e0ffc000-70b2e1000000 ---p 00000000 00:00 0 
70b2e1000000-70b2e10fc000 rw-p 00000000 00:00 0 
70b2e10fc000-70b2e1100000 ---p 00000000 00:00 0 
70b2e1100000-70b2e11fc000 rw-p 00000000 00:00 0 
70b2e11fc000-70b2e1200000 ---p 00000000 00:00 0 
70b2e1200000-70b2e12fc000 rw-p 00000000 00:00 0 
70b2e12fc000-70b2e12fd000 ---p 00000000 00:00 0 
70b2e12fd000-70b2e13fd000 rw-p 00000000 00:00 0 
70b2e13fd000-70b2e13fe000 ---p 00000000 00:00 0 
70b2e13fe000-70b2e14fe000 rw-p 00000000 00:00 0 
70b2e14fe000-70b2e14ff000 ---p 00000000 00:00 0 
70b2e14ff000-70b2e15ff000 rw-p 00000000 00:00 0 
70b2e15ff000-70b2e1603000 ---p 00000000 00:00 0 
70b2e1603000-70b2e16ff000 rw-p 00000000 00:00 0 
70b2e16ff000-70b2e1703000 ---p 00000000 00:00 0 
70b2e1703000-70b2e17ff000 rw-p 00000000 00:00 0 
70b2e17ff000-70b2e1803000 ---p 00000000 00:00 0 
70b2e1803000-70b2e18ff000 rw-p 00000000 00:00 0 
70b2e18ff000-70b2e1900000 ---p 00000000 00:00 0 
70b2e1900000-70b2e1a00000 rw-p 00000000 00:00 0 
70b2e1a00000-70b2e1a04000 ---p 00000000 00:00 0 
70b2e1a04000-70b2e1b00000 rw-p 00000000 00:00 0 
70b2e1b00000-70b2e1b04000 ---p 00000000 00:00 0 
70b2e1b04000-70b2e1c00000 rw-p 00000000 00:00 0 
70b2e1c00000-70b2e1c04000 ---p 00000000 00:00 0 
70b2e1c04000-70b2e1d00000 rw-p 00000000 00:00 0 
70b2e1d00000-70b2e1d04000 ---p 00000000 00:00 0 
70b2e1d04000-70b2e1e00000 rw-p 00000000 00:00 0 
70b2e1e00000-70b2e1e04000 ---p 00000000 00:00 0 
70b2e1e04000-70b2e1f00000 rw-p 00000000 00:00 0 
70b2e1f00000-70b2e1f04000 ---p 00000000 00:00 0 
70b2e1f04000-70b2e2000000 rw-p 00000000 00:00 0 
70b2e2000000-70b2e4000000 rw-p 00000000 00:00 0 
70b2e4000000-70b2e7934000 rw-p 00000000 00:00 0 
70b2e7934000-70b2e8000000 ---p 00000000 00:00 0 
70b2e8000000-70b2e843e000 rw-p 00000000 00:00 0 
70b2e843e000-70b2ec000000 ---p 00000000 00:00 0 
70b2ec000000-70b2ec412000 rw-p 00000000 00:00 0 
70b2ec412000-70b2f0000000 ---p 00000000 00:00 0 
70b2f002d000-70b2f00c7000 r-xp 00000000 103:05 4591122                   /home/rishabh.verma@apmosys.mahape/.djl.ai/pytorch/2.0.1-cpu-linux-x86_64/libc10.so
70b2f00c7000-70b2f00c8000 ---p 0009a000 103:05 4591122                   /home/rishabh.verma@apmosys.mahape/.djl.ai/pytorch/2.0.1-cpu-linux-x86_64/libc10.so
70b2f00c8000-70b2f00ca000 r--p 0009a000 103:05 4591122                   /home/rishabh.verma@apmosys.mahape/.djl.ai/pytorch/2.0.1-cpu-linux-x86_64/libc10.so
70b2f00ca000-70b2f00d0000 rw-p 0009c000 103:05 4591122                   /home/rishabh.verma@apmosys.mahape/.djl.ai/pytorch/2.0.1-cpu-linux-x86_64/libc10.so
70b2f00d0000-70b2f00d3000 rw-p 00000000 00:00 0 
70b2f00d3000-70b2f00d7000 ---p 00000000 00:00 0 
70b2f00d7000-70b2f01d3000 rw-p 00000000 00:00 0 
70b2f01d3000-70b2f01d7000 ---p 00000000 00:00 0 
70b2f01d7000-70b2f02d3000 rw-p 00000000 00:00 0 
70b2f02d3000-70b2f02d7000 ---p 00000000 00:00 0 
70b2f02d7000-70b2f03d3000 rw-p 00000000 00:00 0 
70b2f03d3000-70b2f03d7000 ---p 00000000 00:00 0 
70b2f03d7000-70b2f04d3000 rw-p 00000000 00:00 0 
70b2f04d3000-70b2f0527000 r--p 00000000 07:01 189                        /snap/code/198/usr/lib/locale/aa_DJ.utf8/LC_CTYPE
70b2f0527000-70b2f079f000 r--p 00000000 07:01 188                        /snap/code/198/usr/lib/locale/aa_DJ.utf8/LC_COLLATE
70b2f079f000-70b2f07a3000 ---p 00000000 00:00 0 
70b2f07a3000-70b2f089f000 rw-p 00000000 00:00 0 
70b2f089f000-70b2f08a3000 ---p 00000000 00:00 0 
70b2f08a3000-70b2f099f000 rw-p 00000000 00:00 0 
70b2f099f000-70b2f09a0000 ---p 00000000 00:00 0 
70b2f09a0000-70b2f0aa0000 rw-p 00000000 00:00 0 
70b2f0aa0000-70b2f0aa5000 r--p 00000000 103:03 1615434                   /usr/lib/jvm/java-17-openjdk-amd64/lib/libjsvml.so
70b2f0aa5000-70b2f0ae6000 r-xp 00005000 103:03 1615434                   /usr/lib/jvm/java-17-openjdk-amd64/lib/libjsvml.so
70b2f0ae6000-70b2f0b6f000 r--p 00046000 103:03 1615434                   /usr/lib/jvm/java-17-openjdk-amd64/lib/libjsvml.so
70b2f0b6f000-70b2f0b70000 r--p 000ce000 103:03 1615434                   /usr/lib/jvm/java-17-openjdk-amd64/lib/libjsvml.so
70b2f0b70000-70b2f0b71000 rw-p 000cf000 103:03 1615434                   /usr/lib/jvm/java-17-openjdk-amd64/lib/libjsvml.so
70b2f0b71000-70b2f0bf2000 rw-p 00000000 00:00 0 
70b2f0bf2000-70b2f0bf3000 ---p 00000000 00:00 0 
70b2f0bf3000-70b2f0cf3000 rw-p 00000000 00:00 0 
70b2f0cf3000-70b2f0cf4000 ---p 00000000 00:00 0 
70b2f0cf4000-70b2f0df4000 rw-p 00000000 00:00 0 
70b2f0df4000-70b2f17fe000 rw-p 00000000 00:00 0 
70b2f17fe000-70b2f17ff000 ---p 00000000 00:00 0 
70b2f17ff000-70b2f18ff000 rw-p 00000000 00:00 0 
70b2f18ff000-70b2f1900000 ---p 00000000 00:00 0 
70b2f1900000-70b2f1a00000 rw-p 00000000 00:00 0 
70b2f1a00000-70b2f33c0000 rw-p 00000000 00:00 0 
70b2f33c0000-70b2f3778000 ---p 00000000 00:00 0 
70b2f3778000-70b2f3820000 rw-p 00000000 00:00 0 
70b2f3820000-70b2f45f0000 ---p 00000000 00:00 0 
70b2f45f0000-70b2f5fc0000 rw-p 00000000 00:00 0 
70b2f5fc0000-70b2f6378000 ---p 00000000 00:00 0 
70b2f6378000-70b2f6420000 rw-p 00000000 00:00 0 
70b2f6420000-70b2f71f0000 ---p 00000000 00:00 0 
70b2f71f0000-70b2f7200000 rw-p 00000000 00:00 0 
70b2f721e000-70b2f7279000 rw-p 00000000 00:00 0 
70b2f7279000-70b2f727a000 ---p 00000000 00:00 0 
70b2f727a000-70b2f737a000 rw-p 00000000 00:00 0 
70b2f737a000-70b2f76b2000 rw-p 00000000 00:00 0 
70b2f76b2000-70b2f7729000 ---p 00000000 00:00 0 
70b2f7729000-70b2f773e000 rw-p 00000000 00:00 0 
70b2f773e000-70b2f78f8000 ---p 00000000 00:00 0 
70b2f78f8000-70b2f7c32000 rw-p 00000000 00:00 0 
70b2f7c32000-70b2f7ca9000 ---p 00000000 00:00 0 
70b2f7ca9000-70b2f7cbe000 rw-p 00000000 00:00 0 
70b2f7cbe000-70b2f7e78000 ---p 00000000 00:00 0 
70b2f7e78000-70b2f81b2000 rw-p 00000000 00:00 0 
70b2f81b2000-70b2f8229000 ---p 00000000 00:00 0 
70b2f8229000-70b2f823e000 rw-p 00000000 00:00 0 
70b2f823e000-70b2f83f8000 ---p 00000000 00:00 0 
70b2f83f8000-70b2f8a00000 rw-p 00000000 00:00 0 
70b2f8a00000-70b2fb780000 rwxp 00000000 00:00 0 
70b2fb780000-70b2fff37000 ---p 00000000 00:00 0 
70b2fff37000-70b3001a7000 rwxp 00000000 00:00 0 
70b3001a7000-70b3004c9000 ---p 00000000 00:00 0 
70b3004c9000-70b302a09000 rwxp 00000000 00:00 0 
70b302a09000-70b307a00000 ---p 00000000 00:00 0 
70b307a00000-70b3082d4000 r--s 00000000 103:03 786043                    /var/lib/sss/mc/passwd
70b3082ff000-70b308400000 rw-p 00000000 00:00 0 
70b308400000-70b30feb4000 r--s 00000000 103:03 1615449                   /usr/lib/jvm/java-17-openjdk-amd64/lib/modules
70b30fece000-70b310000000 rw-p 00000000 00:00 0 
70b310000000-70b311009000 rw-p 00000000 00:00 0 
70b311009000-70b314000000 ---p 00000000 00:00 0 
70b31401e000-70b31401f000 r--p 00000000 103:03 1048703                   /usr/lib/x86_64-linux-gnu/librt.so.1
70b31401f000-70b314020000 r-xp 00001000 103:03 1048703                   /usr/lib/x86_64-linux-gnu/librt.so.1
70b314020000-70b314021000 r--p 00002000 103:03 1048703                   /usr/lib/x86_64-linux-gnu/librt.so.1
70b314021000-70b314022000 r--p 00002000 103:03 1048703                   /usr/lib/x86_64-linux-gnu/librt.so.1
70b314022000-70b314023000 rw-p 00003000 103:03 1048703                   /usr/lib/x86_64-linux-gnu/librt.so.1
70b314023000-70b314024000 r--p 00000000 103:03 1615420                   /usr/lib/jvm/java-17-openjdk-amd64/lib/libextnet.so
70b314024000-70b314025000 r-xp 00001000 103:03 1615420                   /usr/lib/jvm/java-17-openjdk-amd64/lib/libextnet.so
70b314025000-70b314026000 r--p 00002000 103:03 1615420                   /usr/lib/jvm/java-17-openjdk-amd64/lib/libextnet.so
70b314026000-70b314027000 r--p 00002000 103:03 1615420                   /usr/lib/jvm/java-17-openjdk-amd64/lib/libextnet.so
70b314027000-70b314028000 rw-p 00003000 103:03 1615420                   /usr/lib/jvm/java-17-openjdk-amd64/lib/libextnet.so
70b314028000-70b314275000 rw-p 00000000 00:00 0 
70b314275000-70b314315000 ---p 00000000 00:00 0 
70b314315000-70b314370000 rw-p 00000000 00:00 0 
70b314370000-70b314400000 ---p 00000000 00:00 0 
70b314400000-70b31449a000 r--p 00000000 103:03 1048579                   /usr/lib/x86_64-linux-gnu/libstdc++.so.6.0.30
70b31449a000-70b3145ab000 r-xp 0009a000 103:03 1048579                   /usr/lib/x86_64-linux-gnu/libstdc++.so.6.0.30
70b3145ab000-70b31461a000 r--p 001ab000 103:03 1048579                   /usr/lib/x86_64-linux-gnu/libstdc++.so.6.0.30
70b31461a000-70b31461b000 ---p 0021a000 103:03 1048579                   /usr/lib/x86_64-linux-gnu/libstdc++.so.6.0.30
70b31461b000-70b314626000 r--p 0021a000 103:03 1048579                   /usr/lib/x86_64-linux-gnu/libstdc++.so.6.0.30
70b314626000-70b314629000 rw-p 00225000 103:03 1048579                   /usr/lib/x86_64-linux-gnu/libstdc++.so.6.0.30
70b314629000-70b31462c000 rw-p 00000000 00:00 0 
70b31462d000-70b31462e000 r--p 00000000 103:03 1048700                   /usr/lib/x86_64-linux-gnu/libpthread.so.0
70b31462e000-70b31462f000 r-xp 00001000 103:03 1048700                   /usr/lib/x86_64-linux-gnu/libpthread.so.0
70b31462f000-70b314630000 r--p 00002000 103:03 1048700                   /usr/lib/x86_64-linux-gnu/libpthread.so.0
70b314630000-70b314631000 r--p 00002000 103:03 1048700                   /usr/lib/x86_64-linux-gnu/libpthread.so.0
70b314631000-70b314632000 rw-p 00003000 103:03 1048700                   /usr/lib/x86_64-linux-gnu/libpthread.so.0
70b314632000-70b314633000 r--p 00000000 103:03 1048682                   /usr/lib/x86_64-linux-gnu/libdl.so.2
70b314633000-70b314634000 r-xp 00001000 103:03 1048682                   /usr/lib/x86_64-linux-gnu/libdl.so.2
70b314634000-70b314635000 r--p 00002000 103:03 1048682                   /usr/lib/x86_64-linux-gnu/libdl.so.2
70b314635000-70b314636000 r--p 00002000 103:03 1048682                   /usr/lib/x86_64-linux-gnu/libdl.so.2
70b314636000-70b314637000 rw-p 00003000 103:03 1048682                   /usr/lib/x86_64-linux-gnu/libdl.so.2
70b314637000-70b31463b000 ---p 00000000 00:00 0 
70b31463b000-70b314659000 rw-p 00000000 00:00 0 
70b314659000-70b31465a000 r--p 00000000 103:03 1074154                   /usr/lib/x86_64-linux-gnu/libnss_mdns4_minimal.so.2
70b31465a000-70b31465c000 r-xp 00001000 103:03 1074154                   /usr/lib/x86_64-linux-gnu/libnss_mdns4_minimal.so.2
70b31465c000-70b31465d000 r--p 00003000 103:03 1074154                   /usr/lib/x86_64-linux-gnu/libnss_mdns4_minimal.so.2
70b31465d000-70b31465e000 r--p 00003000 103:03 1074154                   /usr/lib/x86_64-linux-gnu/libnss_mdns4_minimal.so.2
70b31465e000-70b31465f000 rw-p 00004000 103:03 1074154                   /usr/lib/x86_64-linux-gnu/libnss_mdns4_minimal.so.2
70b314661000-70b31466e000 r-xp 00000000 00:00 0 
70b31466e000-70b314670000 r--p 00000000 103:03 1615438                   /usr/lib/jvm/java-17-openjdk-amd64/lib/libmanagement_ext.so
70b314670000-70b314673000 r-xp 00002000 103:03 1615438                   /usr/lib/jvm/java-17-openjdk-amd64/lib/libmanagement_ext.so
70b314673000-70b314675000 r--p 00005000 103:03 1615438                   /usr/lib/jvm/java-17-openjdk-amd64/lib/libmanagement_ext.so
70b314675000-70b314676000 r--p 00006000 103:03 1615438                   /usr/lib/jvm/java-17-openjdk-amd64/lib/libmanagement_ext.so
70b314676000-70b314677000 rw-p 00007000 103:03 1615438                   /usr/lib/jvm/java-17-openjdk-amd64/lib/libmanagement_ext.so
70b314677000-70b314679000 r--p 00000000 103:03 1615436                   /usr/lib/jvm/java-17-openjdk-amd64/lib/libmanagement.so
70b314679000-70b31467a000 r-xp 00002000 103:03 1615436                   /usr/lib/jvm/java-17-openjdk-amd64/lib/libmanagement.so
70b31467a000-70b31467b000 r--p 00003000 103:03 1615436                   /usr/lib/jvm/java-17-openjdk-amd64/lib/libmanagement.so
70b31467b000-70b31467c000 r--p 00003000 103:03 1615436                   /usr/lib/jvm/java-17-openjdk-amd64/lib/libmanagement.so
70b31467c000-70b31467d000 rw-p 00004000 103:03 1615436                   /usr/lib/jvm/java-17-openjdk-amd64/lib/libmanagement.so
70b31467d000-70b314681000 r--p 00000000 103:03 1615447                   /usr/lib/jvm/java-17-openjdk-amd64/lib/libverify.so
70b314681000-70b314688000 r-xp 00004000 103:03 1615447                   /usr/lib/jvm/java-17-openjdk-amd64/lib/libverify.so
70b314688000-70b31468a000 r--p 0000b000 103:03 1615447                   /usr/lib/jvm/java-17-openjdk-amd64/lib/libverify.so
70b31468a000-70b31468c000 r--p 0000c000 103:03 1615447                   /usr/lib/jvm/java-17-openjdk-amd64/lib/libverify.so
70b31468c000-70b31468d000 rw-p 0000e000 103:03 1615447                   /usr/lib/jvm/java-17-openjdk-amd64/lib/libverify.so
70b31468d000-70b314691000 r--p 00000000 103:03 1615440                   /usr/lib/jvm/java-17-openjdk-amd64/lib/libnet.so
70b314691000-70b31469f000 r-xp 00004000 103:03 1615440                   /usr/lib/jvm/java-17-openjdk-amd64/lib/libnet.so
70b31469f000-70b3146a3000 r--p 00012000 103:03 1615440                   /usr/lib/jvm/java-17-openjdk-amd64/lib/libnet.so
70b3146a3000-70b3146a4000 r--p 00015000 103:03 1615440                   /usr/lib/jvm/java-17-openjdk-amd64/lib/libnet.so
70b3146a4000-70b3146a5000 rw-p 00016000 103:03 1615440                   /usr/lib/jvm/java-17-openjdk-amd64/lib/libnet.so
70b3146a5000-70b314700000 rw-p 00000000 00:00 0 
70b314700000-70b314704000 ---p 00000000 00:00 0 
70b314704000-70b314800000 rw-p 00000000 00:00 0 
70b314800000-70b314a51000 r--p 00000000 103:03 1615455                   /usr/lib/jvm/java-17-openjdk-amd64/lib/server/libjvm.so
70b314a51000-70b3157c6000 r-xp 00251000 103:03 1615455                   /usr/lib/jvm/java-17-openjdk-amd64/lib/server/libjvm.so
70b3157c6000-70b315a49000 r--p 00fc6000 103:03 1615455                   /usr/lib/jvm/java-17-openjdk-amd64/lib/server/libjvm.so
70b315a49000-70b315a4a000 ---p 01249000 103:03 1615455                   /usr/lib/jvm/java-17-openjdk-amd64/lib/server/libjvm.so
70b315a4a000-70b315b02000 r--p 01249000 103:03 1615455                   /usr/lib/jvm/java-17-openjdk-amd64/lib/server/libjvm.so
70b315b02000-70b315b37000 rw-p 01301000 103:03 1615455                   /usr/lib/jvm/java-17-openjdk-amd64/lib/server/libjvm.so
70b315b37000-70b315b91000 rw-p 00000000 00:00 0 
70b315b91000-70b315b93000 r--p 00000000 103:03 1615448                   /usr/lib/jvm/java-17-openjdk-amd64/lib/libzip.so
70b315b93000-70b315b98000 r-xp 00002000 103:03 1615448                   /usr/lib/jvm/java-17-openjdk-amd64/lib/libzip.so
70b315b98000-70b315b9a000 r--p 00007000 103:03 1615448                   /usr/lib/jvm/java-17-openjdk-amd64/lib/libzip.so
70b315b9a000-70b315b9b000 r--p 00008000 103:03 1615448                   /usr/lib/jvm/java-17-openjdk-amd64/lib/libzip.so
70b315b9b000-70b315b9c000 rw-p 00009000 103:03 1615448                   /usr/lib/jvm/java-17-openjdk-amd64/lib/libzip.so
70b315b9c000-70b315ba3000 r--p 00000000 103:03 1615441                   /usr/lib/jvm/java-17-openjdk-amd64/lib/libnio.so
70b315ba3000-70b315bac000 r-xp 00007000 103:03 1615441                   /usr/lib/jvm/java-17-openjdk-amd64/lib/libnio.so
70b315bac000-70b315bb0000 r--p 00010000 103:03 1615441                   /usr/lib/jvm/java-17-openjdk-amd64/lib/libnio.so
70b315bb0000-70b315bb1000 ---p 00014000 103:03 1615441                   /usr/lib/jvm/java-17-openjdk-amd64/lib/libnio.so
70b315bb1000-70b315bb2000 r--p 00014000 103:03 1615441                   /usr/lib/jvm/java-17-openjdk-amd64/lib/libnio.so
70b315bb2000-70b315bb3000 rw-p 00015000 103:03 1615441                   /usr/lib/jvm/java-17-openjdk-amd64/lib/libnio.so
70b315bb3000-70b315bb9000 r--p 00000000 103:03 1046755                   /usr/lib/x86_64-linux-gnu/libnss_systemd.so.2
70b315bb9000-70b315beb000 r-xp 00006000 103:03 1046755                   /usr/lib/x86_64-linux-gnu/libnss_systemd.so.2
70b315beb000-70b315bfb000 r--p 00038000 103:03 1046755                   /usr/lib/x86_64-linux-gnu/libnss_systemd.so.2
70b315bfb000-70b315bff000 r--p 00047000 103:03 1046755                   /usr/lib/x86_64-linux-gnu/libnss_systemd.so.2
70b315bff000-70b315c00000 rw-p 0004b000 103:03 1046755                   /usr/lib/x86_64-linux-gnu/libnss_systemd.so.2
70b315c00000-70b315c28000 r--p 00000000 103:03 1048680                   /usr/lib/x86_64-linux-gnu/libc.so.6
70b315c28000-70b315dbd000 r-xp 00028000 103:03 1048680                   /usr/lib/x86_64-linux-gnu/libc.so.6
70b315dbd000-70b315e15000 r--p 001bd000 103:03 1048680                   /usr/lib/x86_64-linux-gnu/libc.so.6
70b315e15000-70b315e16000 ---p 00215000 103:03 1048680                   /usr/lib/x86_64-linux-gnu/libc.so.6
70b315e16000-70b315e1a000 r--p 00215000 103:03 1048680                   /usr/lib/x86_64-linux-gnu/libc.so.6
70b315e1a000-70b315e1c000 rw-p 00219000 103:03 1048680                   /usr/lib/x86_64-linux-gnu/libc.so.6
70b315e1c000-70b315e29000 rw-p 00000000 00:00 0 
70b315e29000-70b315e2a000 r--p 00000000 00:00 0 
70b315e2a000-70b315e2b000 r-xp 00000000 103:05 4591124                   /home/rishabh.verma@apmosys.mahape/.djl.ai/pytorch/2.0.1-cpu-linux-x86_64/libtorch.so
70b315e2b000-70b315e2c000 r--p 00000000 103:05 4591124                   /home/rishabh.verma@apmosys.mahape/.djl.ai/pytorch/2.0.1-cpu-linux-x86_64/libtorch.so
70b315e2c000-70b315e2d000 rw-p 00001000 103:05 4591124                   /home/rishabh.verma@apmosys.mahape/.djl.ai/pytorch/2.0.1-cpu-linux-x86_64/libtorch.so
70b315e2d000-70b315e2e000 r--p 00000000 103:03 1615419                   /usr/lib/jvm/java-17-openjdk-amd64/lib/libdt_socket.so
70b315e2e000-70b315e31000 r-xp 00001000 103:03 1615419                   /usr/lib/jvm/java-17-openjdk-amd64/lib/libdt_socket.so
70b315e31000-70b315e32000 r--p 00004000 103:03 1615419                   /usr/lib/jvm/java-17-openjdk-amd64/lib/libdt_socket.so
70b315e32000-70b315e33000 ---p 00005000 103:03 1615419                   /usr/lib/jvm/java-17-openjdk-amd64/lib/libdt_socket.so
70b315e33000-70b315e34000 r--p 00005000 103:03 1615419                   /usr/lib/jvm/java-17-openjdk-amd64/lib/libdt_socket.so
70b315e34000-70b315e35000 rw-p 00006000 103:03 1615419                   /usr/lib/jvm/java-17-openjdk-amd64/lib/libdt_socket.so
70b315e35000-70b315e36000 r--p 00000000 07:01 238                        /snap/code/198/usr/lib/locale/aa_ET/LC_NUMERIC
70b315e36000-70b315e37000 r--p 00000000 07:01 2383                       /snap/code/198/usr/lib/locale/en_US.utf8/LC_TIME
70b315e37000-70b315e38000 r--p 00000000 07:01 1426                       /snap/code/198/usr/lib/locale/chr_US/LC_MONETARY
70b315e38000-70b315e39000 r--p 00000000 07:01 1957                       /snap/code/198/usr/lib/locale/en_AG/LC_MESSAGES/SYS_LC_MESSAGES
70b315e39000-70b315e3a000 r--p 00000000 07:01 1429                       /snap/code/198/usr/lib/locale/chr_US/LC_PAPER
70b315e3a000-70b315e3b000 r--p 00000000 07:01 1105                       /snap/code/198/usr/lib/locale/bi_VU/LC_NAME
70b315e3b000-70b315e40000 rw-p 00000000 00:00 0 
70b315e40000-70b315e47000 ---p 00000000 00:00 0 
70b315e47000-70b315e49000 r--p 00000000 103:03 1049982                   /usr/lib/x86_64-linux-gnu/libnss_sss.so.2
70b315e49000-70b315e50000 r-xp 00002000 103:03 1049982                   /usr/lib/x86_64-linux-gnu/libnss_sss.so.2
70b315e50000-70b315e52000 r--p 00009000 103:03 1049982                   /usr/lib/x86_64-linux-gnu/libnss_sss.so.2
70b315e52000-70b315e53000 r--p 0000a000 103:03 1049982                   /usr/lib/x86_64-linux-gnu/libnss_sss.so.2
70b315e53000-70b315e54000 rw-p 0000b000 103:03 1049982                   /usr/lib/x86_64-linux-gnu/libnss_sss.so.2
70b315e54000-70b315e5b000 r--s 00000000 103:03 1049048                   /usr/lib/x86_64-linux-gnu/gconv/gconv-modules.cache
70b315e5b000-70b315e63000 rw-s 00000000 103:03 661347                    /tmp/hsperfdata_rishabh.verma@apmosys.mahape/459904
70b315e63000-70b315e6f000 r--p 00000000 103:03 1615427                   /usr/lib/jvm/java-17-openjdk-amd64/lib/libjava.so
70b315e6f000-70b315e82000 r-xp 0000c000 103:03 1615427                   /usr/lib/jvm/java-17-openjdk-amd64/lib/libjava.so
70b315e82000-70b315e88000 r--p 0001f000 103:03 1615427                   /usr/lib/jvm/java-17-openjdk-amd64/lib/libjava.so
70b315e88000-70b315e89000 r--p 00024000 103:03 1615427                   /usr/lib/jvm/java-17-openjdk-amd64/lib/libjava.so
70b315e89000-70b315e8a000 rw-p 00025000 103:03 1615427                   /usr/lib/jvm/java-17-openjdk-amd64/lib/libjava.so
70b315e8a000-70b315e8b000 rw-p 00000000 00:00 0 
70b315e8b000-70b315e8e000 r--p 00000000 103:03 1615429                   /usr/lib/jvm/java-17-openjdk-amd64/lib/libjdwp.so
70b315e8e000-70b315ebc000 r-xp 00003000 103:03 1615429                   /usr/lib/jvm/java-17-openjdk-amd64/lib/libjdwp.so
70b315ebc000-70b315eca000 r--p 00031000 103:03 1615429                   /usr/lib/jvm/java-17-openjdk-amd64/lib/libjdwp.so
70b315eca000-70b315ecb000 ---p 0003f000 103:03 1615429                   /usr/lib/jvm/java-17-openjdk-amd64/lib/libjdwp.so
70b315ecb000-70b315ecc000 r--p 0003f000 103:03 1615429                   /usr/lib/jvm/java-17-openjdk-amd64/lib/libjdwp.so
70b315ecc000-70b315ecd000 rw-p 00040000 103:03 1615429                   /usr/lib/jvm/java-17-openjdk-amd64/lib/libjdwp.so
70b315ecd000-70b315ece000 rw-p 00000000 00:00 0 
70b315ece000-70b315ed1000 r--p 00000000 103:03 1048584                   /usr/lib/x86_64-linux-gnu/libgcc_s.so.1
70b315ed1000-70b315ee8000 r-xp 00003000 103:03 1048584                   /usr/lib/x86_64-linux-gnu/libgcc_s.so.1
70b315ee8000-70b315eec000 r--p 0001a000 103:03 1048584                   /usr/lib/x86_64-linux-gnu/libgcc_s.so.1
70b315eec000-70b315eed000 r--p 0001d000 103:03 1048584                   /usr/lib/x86_64-linux-gnu/libgcc_s.so.1
70b315eed000-70b315eee000 rw-p 0001e000 103:03 1048584                   /usr/lib/x86_64-linux-gnu/libgcc_s.so.1
70b315eee000-70b315efc000 r--p 00000000 103:03 1048683                   /usr/lib/x86_64-linux-gnu/libm.so.6
70b315efc000-70b315f78000 r-xp 0000e000 103:03 1048683                   /usr/lib/x86_64-linux-gnu/libm.so.6
70b315f78000-70b315fd3000 r--p 0008a000 103:03 1048683                   /usr/lib/x86_64-linux-gnu/libm.so.6
70b315fd3000-70b315fd4000 r--p 000e4000 103:03 1048683                   /usr/lib/x86_64-linux-gnu/libm.so.6
70b315fd4000-70b315fd5000 rw-p 000e5000 103:03 1048683                   /usr/lib/x86_64-linux-gnu/libm.so.6
70b315fd5000-70b315fd8000 rw-p 00000000 00:00 0 
70b315fd8000-70b315fda000 r--p 00000000 103:03 1615431                   /usr/lib/jvm/java-17-openjdk-amd64/lib/libjli.so
70b315fda000-70b315fe4000 r-xp 00002000 103:03 1615431                   /usr/lib/jvm/java-17-openjdk-amd64/lib/libjli.so
70b315fe4000-70b315fe7000 r--p 0000c000 103:03 1615431                   /usr/lib/jvm/java-17-openjdk-amd64/lib/libjli.so
70b315fe7000-70b315fe8000 r--p 0000e000 103:03 1615431                   /usr/lib/jvm/java-17-openjdk-amd64/lib/libjli.so
70b315fe8000-70b315fe9000 rw-p 0000f000 103:03 1615431                   /usr/lib/jvm/java-17-openjdk-amd64/lib/libjli.so
70b315fe9000-70b315feb000 r--p 00000000 103:03 1074728                   /usr/lib/x86_64-linux-gnu/libz.so.1.2.11
70b315feb000-70b315ffc000 r-xp 00002000 103:03 1074728                   /usr/lib/x86_64-linux-gnu/libz.so.1.2.11
70b315ffc000-70b316002000 r--p 00013000 103:03 1074728                   /usr/lib/x86_64-linux-gnu/libz.so.1.2.11
70b316002000-70b316003000 ---p 00019000 103:03 1074728                   /usr/lib/x86_64-linux-gnu/libz.so.1.2.11
70b316003000-70b316004000 r--p 00019000 103:03 1074728                   /usr/lib/x86_64-linux-gnu/libz.so.1.2.11
70b316004000-70b316005000 rw-p 0001a000 103:03 1074728                   /usr/lib/x86_64-linux-gnu/libz.so.1.2.11
70b316005000-70b316006000 r--p 00000000 07:01 2371                       /snap/code/198/usr/lib/locale/en_US.utf8/LC_ADDRESS
70b316006000-70b316007000 r--p 00000000 07:01 1430                       /snap/code/198/usr/lib/locale/chr_US/LC_TELEPHONE
70b316007000-70b316008000 r--p 00000000 07:01 1423                       /snap/code/198/usr/lib/locale/chr_US/LC_MEASUREMENT
70b316008000-70b316009000 r--p 00000000 07:01 2374                       /snap/code/198/usr/lib/locale/en_US.utf8/LC_IDENTIFICATION
70b316009000-70b31600a000 ---p 00000000 00:00 0 
70b31600a000-70b31600b000 r--p 00000000 00:00 0 
70b31600b000-70b31600d000 r--p 00000000 103:03 1615430                   /usr/lib/jvm/java-17-openjdk-amd64/lib/libjimage.so
70b31600d000-70b316010000 r-xp 00002000 103:03 1615430                   /usr/lib/jvm/java-17-openjdk-amd64/lib/libjimage.so
70b316010000-70b316011000 r--p 00005000 103:03 1615430                   /usr/lib/jvm/java-17-openjdk-amd64/lib/libjimage.so
70b316011000-70b316012000 ---p 00006000 103:03 1615430                   /usr/lib/jvm/java-17-openjdk-amd64/lib/libjimage.so
70b316012000-70b316013000 r--p 00006000 103:03 1615430                   /usr/lib/jvm/java-17-openjdk-amd64/lib/libjimage.so
70b316013000-70b316014000 rw-p 00007000 103:03 1615430                   /usr/lib/jvm/java-17-openjdk-amd64/lib/libjimage.so
70b316014000-70b316016000 rw-p 00000000 00:00 0 
70b316016000-70b316018000 r--p 00000000 103:03 1048671                   /usr/lib/x86_64-linux-gnu/ld-linux-x86-64.so.2
70b316018000-70b316042000 r-xp 00002000 103:03 1048671                   /usr/lib/x86_64-linux-gnu/ld-linux-x86-64.so.2
70b316042000-70b31604d000 r--p 0002c000 103:03 1048671                   /usr/lib/x86_64-linux-gnu/ld-linux-x86-64.so.2
70b31604d000-70b31604e000 ---p 00000000 00:00 0 
70b31604e000-70b316050000 r--p 00037000 103:03 1048671                   /usr/lib/x86_64-linux-gnu/ld-linux-x86-64.so.2
70b316050000-70b316052000 rw-p 00039000 103:03 1048671                   /usr/lib/x86_64-linux-gnu/ld-linux-x86-64.so.2
7ffe78044000-7ffe78066000 rw-p 00000000 00:00 0                          [stack]
7ffe78125000-7ffe78129000 r--p 00000000 00:00 0                          [vvar]
7ffe78129000-7ffe7812b000 r-xp 00000000 00:00 0                          [vdso]
ffffffffff600000-ffffffffff601000 --xp 00000000 00:00 0                  [vsyscall]


VM Arguments:
jvm_args: -agentlib:jdwp=transport=dt_socket,server=n,suspend=y,address=localhost:34735 -XX:+ShowCodeDetailsInExceptionMessages 
java_command: com.apmosys.employeeportal.EmployeeportalApplication
java_class_path (initial): /home/rishabh.verma@apmosys.mahape/Videos/employeeportal_java/target/classes:/home/rishabh.verma@apmosys.mahape/.m2/repository/org/springframework/boot/spring-boot-starter-data-jpa/2.6.7/spring-boot-starter-data-jpa-2.6.7.jar:/home/rishabh.verma@apmosys.mahape/.m2/repository/org/springframework/boot/spring-boot-starter-aop/2.6.7/spring-boot-starter-aop-2.6.7.jar:/home/rishabh.verma@apmosys.mahape/.m2/repository/org/aspectj/aspectjweaver/1.9.7/aspectjweaver-1.9.7.jar:/home/rishabh.verma@apmosys.mahape/.m2/repository/org/springframework/boot/spring-boot-starter-jdbc/2.6.7/spring-boot-starter-jdbc-2.6.7.jar:/home/rishabh.verma@apmosys.mahape/.m2/repository/com/zaxxer/HikariCP/4.0.3/HikariCP-4.0.3.jar:/home/rishabh.verma@apmosys.mahape/.m2/repository/org/springframework/spring-jdbc/5.3.19/spring-jdbc-5.3.19.jar:/home/rishabh.verma@apmosys.mahape/.m2/repository/jakarta/transaction/jakarta.transaction-api/1.3.3/jakarta.transaction-api-1.3.3.jar:/home/rishabh.verma@apmosys.mahape/.m2/repository/jakarta/persistence/jakarta.persistence-api/2.2.3/jakarta.persistence-api-2.2.3.jar:/home/rishabh.verma@apmosys.mahape/.m2/repository/org/hibernate/hibernate-core/5.6.8.Final/hibernate-core-5.6.8.Final.jar:/home/rishabh.verma@apmosys.mahape/.m2/repository/net/bytebuddy/byte-buddy/1.11.22/byte-buddy-1.11.22.jar:/home/rishabh.verma@apmosys.mahape/.m2/repository/antlr/antlr/2.7.7/antlr-2.7.7.jar:/home/rishabh.verma@apmosys.mahape/.m2/repository/org/jboss/jandex/2.4.2.Final/jandex-2.4.2.Final.jar:/home/rishabh.verma@apmosys.mahape/.m2/repository/com/fasterxml/classmate/1.5.1/classmate-1.5.1.jar:/home/rishabh.verma@apmosys.mahape/.m2/repository/org/hibernate/common/hibernate-commons-annotations/5.1.2.Final/hibernate-commons-annotations-5.1.2.Final.jar:/home/rishabh.verma@apmosys.mahape/.m2/repository/org/springframework/data/spring-data-jpa/2.6.4/spring-data-jpa-2.6.4.jar:/home/rishabh.verma@apmosys.mahape/.m2/repository/org/springframework/data/spring-data-c
Launcher Type: SUN_STANDARD

[Global flags]
     intx CICompilerCount                          = 4                                         {product} {ergonomic}
     uint ConcGCThreads                            = 3                                         {product} {ergonomic}
     uint G1ConcRefinementThreads                  = 10                                        {product} {ergonomic}
   size_t G1HeapRegionSize                         = 2097152                                   {product} {ergonomic}
    uintx GCDrainStackTargetSize                   = 64                                        {product} {ergonomic}
   size_t InitialHeapSize                          = 184549376                                 {product} {ergonomic}
   size_t MarkStackSize                            = 4194304                                   {product} {ergonomic}
   size_t MaxHeapSize                              = 2952790016                                {product} {ergonomic}
   size_t MaxNewSize                               = 1769996288                                {product} {ergonomic}
   size_t MinHeapDeltaBytes                        = 2097152                                   {product} {ergonomic}
   size_t MinHeapSize                              = 8388608                                   {product} {ergonomic}
    uintx NonNMethodCodeHeapSize                   = 5839372                                {pd product} {ergonomic}
    uintx NonProfiledCodeHeapSize                  = 122909434                              {pd product} {ergonomic}
    uintx ProfiledCodeHeapSize                     = 122909434                              {pd product} {ergonomic}
    uintx ReservedCodeCacheSize                    = 251658240                              {pd product} {ergonomic}
     bool SegmentedCodeCache                       = true                                      {product} {ergonomic}
     bool ShowCodeDetailsInExceptionMessages       = true                                   {manageable} {command line}
   size_t SoftMaxHeapSize                          = 2952790016                             {manageable} {ergonomic}
     bool UseCompressedClassPointers               = true                           {product lp64_product} {ergonomic}
     bool UseCompressedOops                        = true                           {product lp64_product} {ergonomic}
     bool UseG1GC                                  = true                                      {product} {ergonomic}

Logging:
Log output configuration:
 #0: stdout all=warning uptime,level,tags
 #1: stderr all=off uptime,level,tags

Environment Variables:
JAVA_HOME=/usr/lib/jvm/java-17-openjdk-amd64
PATH=/home/rishabh.verma@apmosys.mahape/.nvm/versions/node/v20.19.3/bin:/usr/local/sbin:/usr/local/bin:/usr/sbin:/usr/bin:/sbin:/bin:/usr/games:/usr/local/games:/snap/bin:/snap/bin:/usr/lib/jvm/java-17-openjdk-amd64/bin:/usr/lib/jvm/java-17-openjdk-amd64/bin
USERNAME=rishabh.verma@apmosys.mahape
SHELL=/bin/bash
DISPLAY=:0
LANG=en_US.UTF-8
TERM=xterm-256color

Active Locale:
LC_ALL=en_US.UTF-8
LC_COLLATE=en_US.UTF-8
LC_CTYPE=en_US.UTF-8
LC_MESSAGES=en_US.UTF-8
LC_MONETARY=en_US.UTF-8
LC_NUMERIC=en_US.UTF-8
LC_TIME=en_US.UTF-8

Signal Handlers:
   SIGSEGV: crash_handler in libjvm.so, mask=11100100010111111101111111111110, flags=SA_RESTART|SA_SIGINFO, unblocked
    SIGBUS: crash_handler in libjvm.so, mask=11100100010111111101111111111110, flags=SA_RESTART|SA_SIGINFO, unblocked
    SIGFPE: crash_handler in libjvm.so, mask=11100100010111111101111111111110, flags=SA_RESTART|SA_SIGINFO, unblocked
   SIGPIPE: javaSignalHandler in libjvm.so, mask=11100100010111111101111111111110, flags=SA_RESTART|SA_SIGINFO, blocked
   SIGXFSZ: javaSignalHandler in libjvm.so, mask=11100100010111111101111111111110, flags=SA_RESTART|SA_SIGINFO, blocked
    SIGILL: crash_handler in libjvm.so, mask=11100100010111111101111111111110, flags=SA_RESTART|SA_SIGINFO, unblocked
   SIGUSR2: SR_handler in libjvm.so, mask=00000000000000000000000000000000, flags=SA_RESTART|SA_SIGINFO, blocked
    SIGHUP: UserHandler in libjvm.so, mask=11100100010111111101111111111110, flags=SA_RESTART|SA_SIGINFO, blocked
    SIGINT: UserHandler in libjvm.so, mask=11100100010111111101111111111110, flags=SA_RESTART|SA_SIGINFO, blocked
   SIGTERM: UserHandler in libjvm.so, mask=11100100010111111101111111111110, flags=SA_RESTART|SA_SIGINFO, blocked
   SIGQUIT: UserHandler in libjvm.so, mask=11100100010111111101111111111110, flags=SA_RESTART|SA_SIGINFO, blocked
   SIGTRAP: crash_handler in libjvm.so, mask=11100100010111111101111111111110, flags=SA_RESTART|SA_SIGINFO, unblocked


Periodic native trim disabled


---------------  S Y S T E M  ---------------

OS:
DISTRIB_ID=Ubuntu
DISTRIB_RELEASE=22.04
DISTRIB_CODENAME=jammy
DISTRIB_DESCRIPTION="Ubuntu 22.04.2 LTS"
uname: Linux 6.8.0-64-generic #67~22.04.1-Ubuntu SMP PREEMPT_DYNAMIC Tue Jun 24 15:19:46 UTC 2 x86_64
OS uptime: 5 days 1:20 hours
libc: glibc 2.35 NPTL 2.35 
rlimit (soft/hard): STACK 8192k/infinity , CORE 0k/infinity , NPROC 44724/44724 , NOFILE 1048576/1048576 , AS infinity/infinity , CPU infinity/infinity , DATA infinity/infinity , FSIZE infinity/infinity , MEMLOCK 1441536k/1441536k
load average: 21.98 9.09 5.50

/proc/meminfo:
MemTotal:       11532292 kB
MemFree:          240164 kB
MemAvailable:     260508 kB
Buffers:            1452 kB
Cached:           205556 kB
SwapCached:        42564 kB
Active:          5292852 kB
Inactive:        4132960 kB
Active(anon):    5201768 kB
Inactive(anon):  4056936 kB
Active(file):      91084 kB
Inactive(file):    76024 kB
Unevictable:          88 kB
Mlocked:              88 kB
SwapTotal:      11718652 kB
SwapFree:             48 kB
Zswap:                 0 kB
Zswapped:              0 kB
Dirty:               432 kB
Writeback:           128 kB
AnonPages:       9182364 kB
Mapped:           137736 kB
Shmem:             39660 kB
KReclaimable:     171972 kB
Slab:             669276 kB
SReclaimable:     171972 kB
SUnreclaim:       497304 kB
KernelStack:       34640 kB
PageTables:       179616 kB
SecPageTables:         0 kB
NFS_Unstable:          0 kB
Bounce:                0 kB
WritebackTmp:          0 kB
CommitLimit:    17484796 kB
Committed_AS:   52106032 kB
VmallocTotal:   34359738367 kB
VmallocUsed:       89516 kB
VmallocChunk:          0 kB
Percpu:            18048 kB
HardwareCorrupted:     0 kB
AnonHugePages:     18432 kB
ShmemHugePages:        0 kB
ShmemPmdMapped:        0 kB
FileHugePages:         0 kB
FilePmdMapped:         0 kB
Unaccepted:            0 kB
HugePages_Total:       0
HugePages_Free:        0
HugePages_Rsvd:        0
HugePages_Surp:        0
Hugepagesize:       2048 kB
Hugetlb:               0 kB
DirectMap4k:     3647876 kB
DirectMap2M:     5068800 kB
DirectMap1G:     4194304 kB

/sys/kernel/mm/transparent_hugepage/enabled: always [madvise] never
/sys/kernel/mm/transparent_hugepage/hpage_pmd_size: 2097152
/sys/kernel/mm/transparent_hugepage/defrag (defrag/compaction efforts parameter): always defer defer+madvise [madvise] never

Process Memory:
Virtual Size: 15080728K (peak: 15085848K)
Resident Set Size: 3448360K (peak: 3455528K) (anon: 3443520K, file: 4840K, shmem: 0K)
Swapped out: 2129540K
C-Heap outstanding allocations: 933198K, retained: 2422925K
glibc malloc tunables: (default)

/proc/sys/kernel/threads-max (system-wide limit on the number of threads): 89449
/proc/sys/vm/max_map_count (maximum number of memory map areas a process may have): 65530
/proc/sys/vm/swappiness (control to define how aggressively the kernel swaps out anonymous memory): 60
/proc/sys/kernel/pid_max (system-wide limit on number of process identifiers): 4194304

container (cgroup) information:
container_type: cgroupv2
cpu_cpuset_cpus: not supported
cpu_memory_nodes: not supported
active_processor_count: 12
cpu_quota: not supported
cpu_period: not supported
cpu_shares: not supported
memory_limit_in_bytes: unlimited
memory_and_swap_limit_in_bytes: unlimited
memory_soft_limit_in_bytes: unlimited
memory_usage_in_bytes: 8635600 k
memory_max_usage_in_bytes: not supported
memory_swap_current_in_bytes: 7600200 k
memory_swap_max_limit_in_bytes: unlimited
maximum number of tasks: 13417
current number of tasks: 852

Steal ticks since vm start: 0
Steal ticks percentage since vm start:  0.000

CPU: total 12 (initial active 12) (12 cores per cpu, 2 threads per core) family 25 model 80 stepping 0 microcode 0xa50000f, cx8, cmov, fxsr, ht, mmx, 3dnowpref, sse, sse2, sse3, ssse3, sse4a, sse4.1, sse4.2, popcnt, lzcnt, tsc, tscinvbit, avx, avx2, aes, erms, clmul, bmi1, bmi2, adx, sha, fma, vzeroupper, clflush, clflushopt
CPU Model and flags from /proc/cpuinfo:
model name	: AMD Ryzen 5 5625U with Radeon Graphics
flags		: fpu vme de pse tsc msr pae mce cx8 apic sep mtrr pge mca cmov pat pse36 clflush mmx fxsr sse sse2 ht syscall nx mmxext fxsr_opt pdpe1gb rdtscp lm constant_tsc rep_good nopl nonstop_tsc cpuid extd_apicid aperfmperf rapl pni pclmulqdq monitor ssse3 fma cx16 sse4_1 sse4_2 movbe popcnt aes xsave avx f16c rdrand lahf_lm cmp_legacy svm extapic cr8_legacy abm sse4a misalignsse 3dnowprefetch osvw ibs skinit wdt tce topoext perfctr_core perfctr_nb bpext perfctr_llc mwaitx cpb cat_l3 cdp_l3 hw_pstate ssbd mba ibrs ibpb stibp vmmcall fsgsbase bmi1 avx2 smep bmi2 erms invpcid cqm rdt_a rdseed adx smap clflushopt clwb sha_ni xsaveopt xsavec xgetbv1 xsaves cqm_llc cqm_occup_llc cqm_mbm_total cqm_mbm_local user_shstk clzero irperf xsaveerptr rdpru wbnoinvd cppc arat npt lbrv svm_lock nrip_save tsc_scale vmcb_clean flushbyasid decodeassists pausefilter pfthreshold avic v_vmsave_vmload vgif v_spec_ctrl umip pku ospke vaes vpclmulqdq rdpid overflow_recov succor smca fsrm debug_swap

Online cpus: 0-11
Offline cpus: 12-15
BIOS frequency limitation: <Not Available>
Frequency switch latency (ns): 0
Available cpu frequencies: <Not Available>
Current governor: powersave
Core performance/turbo boost: <Not Available>

Memory: 4k page, physical 11532292k(237912k free), swap 11718652k(184k free)
Page Sizes: 4k

vm_info: OpenJDK 64-Bit Server VM (17.0.15+6-Ubuntu-0ubuntu122.04) for linux-amd64 JRE (17.0.15+6-Ubuntu-0ubuntu122.04), built on Apr 21 2025 05:41:34 by "buildd" with gcc 11.4.0

END.
