2026-01-13 19:34:23 [restartedMain] INFO  org.hibernate.envers.boot.internal.EnversServiceImpl - Envers integration enabled? : true
2026-01-13 19:51:49 [restartedMain] ERROR org.springframework.orm.jpa.LocalContainerEntityManagerFactoryBean - Failed to initialize JPA EntityManagerFactory: [PersistenceUnit: default] Unable to build Hibernate SessionFactory; nested exception is org.hibernate.MappingException: Could not get constructor for org.hibernate.persister.entity.SingleTableEntityPersister
2026-01-13 19:51:50 [restartedMain] WARN  org.springframework.boot.web.servlet.context.AnnotationConfigServletWebServerApplicationContext - Exception encountered during context initialization - cancelling refresh attempt: org.springframework.context.ApplicationContextException: Unable to start web server; nested exception is org.springframework.beans.factory.BeanCreationException: Error creating bean with name 'tomcatServletWebServerFactory' defined in class path resource [org/springframework/boot/autoconfigure/web/servlet/ServletWebServerFactoryConfiguration$EmbeddedTomcat.class]: Initialization of bean failed; nested exception is org.springframework.beans.factory.UnsatisfiedDependencyException: Error creating bean with name 'errorPageCustomizer' defined in class path resource [org/springframework/boot/autoconfigure/web/servlet/error/ErrorMvcAutoConfiguration.class]: Unsatisfied dependency expressed through method 'errorPageCustomizer' parameter 0; nested exception is org.springframework.beans.factory.BeanCreationException: Error creating bean with name 'dispatcherServletRegistration' defined in class path resource [org/springframework/boot/autoconfigure/web/servlet/DispatcherServletAutoConfiguration$DispatcherServletRegistrationConfiguration.class]: Bean instantiation via factory method failed; nested exception is org.springframework.beans.BeanInstantiationException: Failed to instantiate [org.springframework.boot.autoconfigure.web.servlet.DispatcherServletRegistrationBean]: Factory method 'dispatcherServletRegistration' threw exception; nested exception is org.springframework.beans.factory.UnsatisfiedDependencyException: Error creating bean with name 'myConfig': Unsatisfied dependency expressed through field 'employeePortalInterceptor'; nested exception is org.springframework.beans.factory.UnsatisfiedDependencyException: Error creating bean with name 'employeePortalInterceptor': Unsatisfied dependency expressed through field 'authenticationService'; nested exception is org.springframework.beans.factory.UnsatisfiedDependencyException: Error creating bean with name 'authenticationService': Unsatisfied dependency expressed through field 'employeeRepository'; nested exception is org.springframework.beans.factory.BeanCreationException: Error creating bean with name 'employeeRepository' defined in com.apmosys.employeeportal.repository.EmployeeRepository defined in @EnableJpaRepositories declared on EnversRevisionRepositoriesRegistrar.EnableJpaRepositoriesConfiguration: Cannot create inner bean '(inner bean)#3bbde042' of type [org.springframework.orm.jpa.SharedEntityManagerCreator] while setting bean property 'entityManager'; nested exception is org.springframework.beans.factory.BeanCreationException: Error creating bean with name '(inner bean)#3bbde042': Cannot resolve reference to bean 'entityManagerFactory' while setting constructor argument; nested exception is org.springframework.beans.factory.BeanCreationException: Error creating bean with name 'entityManagerFactory' defined in class path resource [org/springframework/boot/autoconfigure/orm/jpa/HibernateJpaConfiguration.class]: Invocation of init method failed; nested exception is javax.persistence.PersistenceException: [PersistenceUnit: default] Unable to build Hibernate SessionFactory; nested exception is org.hibernate.MappingException: Could not get constructor for org.hibernate.persister.entity.SingleTableEntityPersister
2026-01-13 19:51:50 [restartedMain] INFO  org.springframework.boot.autoconfigure.logging.ConditionEvaluationReportLoggingListener - 

Error starting ApplicationContext. To display the conditions report re-run your application with 'debug' enabled.
2026-01-13 19:51:52 [restartedMain] ERROR org.springframework.boot.SpringApplication - Application run failed
org.springframework.context.ApplicationContextException: Unable to start web server; nested exception is org.springframework.beans.factory.BeanCreationException: Error creating bean with name 'tomcatServletWebServerFactory' defined in class path resource [org/springframework/boot/autoconfigure/web/servlet/ServletWebServerFactoryConfiguration$EmbeddedTomcat.class]: Initialization of bean failed; nested exception is org.springframework.beans.factory.UnsatisfiedDependencyException: Error creating bean with name 'errorPageCustomizer' defined in class path resource [org/springframework/boot/autoconfigure/web/servlet/error/ErrorMvcAutoConfiguration.class]: Unsatisfied dependency expressed through method 'errorPageCustomizer' parameter 0; nested exception is org.springframework.beans.factory.BeanCreationException: Error creating bean with name 'dispatcherServletRegistration' defined in class path resource [org/springframework/boot/autoconfigure/web/servlet/DispatcherServletAutoConfiguration$DispatcherServletRegistrationConfiguration.class]: Bean instantiation via factory method failed; nested exception is org.springframework.beans.BeanInstantiationException: Failed to instantiate [org.springframework.boot.autoconfigure.web.servlet.DispatcherServletRegistrationBean]: Factory method 'dispatcherServletRegistration' threw exception; nested exception is org.springframework.beans.factory.UnsatisfiedDependencyException: Error creating bean with name 'myConfig': Unsatisfied dependency expressed through field 'employeePortalInterceptor'; nested exception is org.springframework.beans.factory.UnsatisfiedDependencyException: Error creating bean with name 'employeePortalInterceptor': Unsatisfied dependency expressed through field 'authenticationService'; nested exception is org.springframework.beans.factory.UnsatisfiedDependencyException: Error creating bean with name 'authenticationService': Unsatisfied dependency expressed through field 'employeeRepository'; nested exception is org.springframework.beans.factory.BeanCreationException: Error creating bean with name 'employeeRepository' defined in com.apmosys.employeeportal.repository.EmployeeRepository defined in @EnableJpaRepositories declared on EnversRevisionRepositoriesRegistrar.EnableJpaRepositoriesConfiguration: Cannot create inner bean '(inner bean)#3bbde042' of type [org.springframework.orm.jpa.SharedEntityManagerCreator] while setting bean property 'entityManager'; nested exception is org.springframework.beans.factory.BeanCreationException: Error creating bean with name '(inner bean)#3bbde042': Cannot resolve reference to bean 'entityManagerFactory' while setting constructor argument; nested exception is org.springframework.beans.factory.BeanCreationException: Error creating bean with name 'entityManagerFactory' defined in class path resource [org/springframework/boot/autoconfigure/orm/jpa/HibernateJpaConfiguration.class]: Invocation of init method failed; nested exception is javax.persistence.PersistenceException: [PersistenceUnit: default] Unable to build Hibernate SessionFactory; nested exception is org.hibernate.MappingException: Could not get constructor for org.hibernate.persister.entity.SingleTableEntityPersister
	at org.springframework.boot.web.servlet.context.ServletWebServerApplicationContext.onRefresh(ServletWebServerApplicationContext.java:163)
	at org.springframework.context.support.AbstractApplicationContext.refresh(AbstractApplicationContext.java:577)
	at org.springframework.boot.web.servlet.context.ServletWebServerApplicationContext.refresh(ServletWebServerApplicationContext.java:145)
	at org.springframework.boot.SpringApplication.refresh(SpringApplication.java:740)
	at org.springframework.boot.SpringApplication.refreshContext(SpringApplication.java:415)
	at org.springframework.boot.SpringApplication.run(SpringApplication.java:303)
	at org.springframework.boot.SpringApplication.run(SpringApplication.java:1312)
	at org.springframework.boot.SpringApplication.run(SpringApplication.java:1301)
	at com.apmosys.employeeportal.EmployeeportalApplication.main(EmployeeportalApplication.java:17)
	at java.base/jdk.internal.reflect.NativeMethodAccessorImpl.invoke0(Native Method)
	at java.base/jdk.internal.reflect.NativeMethodAccessorImpl.invoke(NativeMethodAccessorImpl.java:77)
	at java.base/jdk.internal.reflect.DelegatingMethodAccessorImpl.invoke(DelegatingMethodAccessorImpl.java:43)
	at java.base/java.lang.reflect.Method.invoke(Method.java:568)
	at org.springframework.boot.devtools.restart.RestartLauncher.run(RestartLauncher.java:49)
Caused by: org.springframework.beans.factory.BeanCreationException: Error creating bean with name 'tomcatServletWebServerFactory' defined in class path resource [org/springframework/boot/autoconfigure/web/servlet/ServletWebServerFactoryConfiguration$EmbeddedTomcat.class]: Initialization of bean failed; nested exception is org.springframework.beans.factory.UnsatisfiedDependencyException: Error creating bean with name 'errorPageCustomizer' defined in class path resource [org/springframework/boot/autoconfigure/web/servlet/error/ErrorMvcAutoConfiguration.class]: Unsatisfied dependency expressed through method 'errorPageCustomizer' parameter 0; nested exception is org.springframework.beans.factory.BeanCreationException: Error creating bean with name 'dispatcherServletRegistration' defined in class path resource [org/springframework/boot/autoconfigure/web/servlet/DispatcherServletAutoConfiguration$DispatcherServletRegistrationConfiguration.class]: Bean instantiation via factory method failed; nested exception is org.springframework.beans.BeanInstantiationException: Failed to instantiate [org.springframework.boot.autoconfigure.web.servlet.DispatcherServletRegistrationBean]: Factory method 'dispatcherServletRegistration' threw exception; nested exception is org.springframework.beans.factory.UnsatisfiedDependencyException: Error creating bean with name 'myConfig': Unsatisfied dependency expressed through field 'employeePortalInterceptor'; nested exception is org.springframework.beans.factory.UnsatisfiedDependencyException: Error creating bean with name 'employeePortalInterceptor': Unsatisfied dependency expressed through field 'authenticationService'; nested exception is org.springframework.beans.factory.UnsatisfiedDependencyException: Error creating bean with name 'authenticationService': Unsatisfied dependency expressed through field 'employeeRepository'; nested exception is org.springframework.beans.factory.BeanCreationException: Error creating bean with name 'employeeRepository' defined in com.apmosys.employeeportal.repository.EmployeeRepository defined in @EnableJpaRepositories declared on EnversRevisionRepositoriesRegistrar.EnableJpaRepositoriesConfiguration: Cannot create inner bean '(inner bean)#3bbde042' of type [org.springframework.orm.jpa.SharedEntityManagerCreator] while setting bean property 'entityManager'; nested exception is org.springframework.beans.factory.BeanCreationException: Error creating bean with name '(inner bean)#3bbde042': Cannot resolve reference to bean 'entityManagerFactory' while setting constructor argument; nested exception is org.springframework.beans.factory.BeanCreationException: Error creating bean with name 'entityManagerFactory' defined in class path resource [org/springframework/boot/autoconfigure/orm/jpa/HibernateJpaConfiguration.class]: Invocation of init method failed; nested exception is javax.persistence.PersistenceException: [PersistenceUnit: default] Unable to build Hibernate SessionFactory; nested exception is org.hibernate.MappingException: Could not get constructor for org.hibernate.persister.entity.SingleTableEntityPersister
	at org.springframework.beans.factory.support.AbstractAutowireCapableBeanFactory.doCreateBean(AbstractAutowireCapableBeanFactory.java:628)
	at org.springframework.beans.factory.support.AbstractAutowireCapableBeanFactory.createBean(AbstractAutowireCapableBeanFactory.java:542)
	at org.springframework.beans.factory.support.AbstractBeanFactory.lambda$doGetBean$0(AbstractBeanFactory.java:335)
	at org.springframework.beans.factory.support.DefaultSingletonBeanRegistry.getSingleton(DefaultSingletonBeanRegistry.java:234)
	at org.springframework.beans.factory.support.AbstractBeanFactory.doGetBean(AbstractBeanFactory.java:333)
	at org.springframework.beans.factory.support.AbstractBeanFactory.getBean(AbstractBeanFactory.java:213)
	at org.springframework.boot.web.servlet.context.ServletWebServerApplicationContext.getWebServerFactory(ServletWebServerApplicationContext.java:217)
	at org.springframework.boot.web.servlet.context.ServletWebServerApplicationContext.createWebServer(ServletWebServerApplicationContext.java:180)
	at org.springframework.boot.web.servlet.context.ServletWebServerApplicationContext.onRefresh(ServletWebServerApplicationContext.java:160)
	... 13 common frames omitted
Caused by: org.springframework.beans.factory.UnsatisfiedDependencyException: Error creating bean with name 'errorPageCustomizer' defined in class path resource [org/springframework/boot/autoconfigure/web/servlet/error/ErrorMvcAutoConfiguration.class]: Unsatisfied dependency expressed through method 'errorPageCustomizer' parameter 0; nested exception is org.springframework.beans.factory.BeanCreationException: Error creating bean with name 'dispatcherServletRegistration' defined in class path resource [org/springframework/boot/autoconfigure/web/servlet/DispatcherServletAutoConfiguration$DispatcherServletRegistrationConfiguration.class]: Bean instantiation via factory method failed; nested exception is org.springframework.beans.BeanInstantiationException: Failed to instantiate [org.springframework.boot.autoconfigure.web.servlet.DispatcherServletRegistrationBean]: Factory method 'dispatcherServletRegistration' threw exception; nested exception is org.springframework.beans.factory.UnsatisfiedDependencyException: Error creating bean with name 'myConfig': Unsatisfied dependency expressed through field 'employeePortalInterceptor'; nested exception is org.springframework.beans.factory.UnsatisfiedDependencyException: Error creating bean with name 'employeePortalInterceptor': Unsatisfied dependency expressed through field 'authenticationService'; nested exception is org.springframework.beans.factory.UnsatisfiedDependencyException: Error creating bean with name 'authenticationService': Unsatisfied dependency expressed through field 'employeeRepository'; nested exception is org.springframework.beans.factory.BeanCreationException: Error creating bean with name 'employeeRepository' defined in com.apmosys.employeeportal.repository.EmployeeRepository defined in @EnableJpaRepositories declared on EnversRevisionRepositoriesRegistrar.EnableJpaRepositoriesConfiguration: Cannot create inner bean '(inner bean)#3bbde042' of type [org.springframework.orm.jpa.SharedEntityManagerCreator] while setting bean property 'entityManager'; nested exception is org.springframework.beans.factory.BeanCreationException: Error creating bean with name '(inner bean)#3bbde042': Cannot resolve reference to bean 'entityManagerFactory' while setting constructor argument; nested exception is org.springframework.beans.factory.BeanCreationException: Error creating bean with name 'entityManagerFactory' defined in class path resource [org/springframework/boot/autoconfigure/orm/jpa/HibernateJpaConfiguration.class]: Invocation of init method failed; nested exception is javax.persistence.PersistenceException: [PersistenceUnit: default] Unable to build Hibernate SessionFactory; nested exception is org.hibernate.MappingException: Could not get constructor for org.hibernate.persister.entity.SingleTableEntityPersister
	at org.springframework.beans.factory.support.ConstructorResolver.createArgumentArray(ConstructorResolver.java:800)
	at org.springframework.beans.factory.support.ConstructorResolver.instantiateUsingFactoryMethod(ConstructorResolver.java:541)
	at org.springframework.beans.factory.support.AbstractAutowireCapableBeanFactory.instantiateUsingFactoryMethod(AbstractAutowireCapableBeanFactory.java:1352)
	at org.springframework.beans.factory.support.AbstractAutowireCapableBeanFactory.createBeanInstance(AbstractAutowireCapableBeanFactory.java:1195)
	at org.springframework.beans.factory.support.AbstractAutowireCapableBeanFactory.doCreateBean(AbstractAutowireCapableBeanFactory.java:582)
	at org.springframework.beans.factory.support.AbstractAutowireCapableBeanFactory.createBean(AbstractAutowireCapableBeanFactory.java:542)
	at org.springframework.beans.factory.support.AbstractBeanFactory.lambda$doGetBean$0(AbstractBeanFactory.java:335)
	at org.springframework.beans.factory.support.DefaultSingletonBeanRegistry.getSingleton(DefaultSingletonBeanRegistry.java:234)
	at org.springframework.beans.factory.support.AbstractBeanFactory.doGetBean(AbstractBeanFactory.java:333)
	at org.springframework.beans.factory.support.AbstractBeanFactory.getBean(AbstractBeanFactory.java:208)
	at org.springframework.beans.factory.support.DefaultListableBeanFactory.getBeansOfType(DefaultListableBeanFactory.java:671)
	at org.springframework.boot.web.server.ErrorPageRegistrarBeanPostProcessor.getRegistrars(ErrorPageRegistrarBeanPostProcessor.java:76)
	at org.springframework.boot.web.server.ErrorPageRegistrarBeanPostProcessor.postProcessBeforeInitialization(ErrorPageRegistrarBeanPostProcessor.java:67)
	at org.springframework.boot.web.server.ErrorPageRegistrarBeanPostProcessor.postProcessBeforeInitialization(ErrorPageRegistrarBeanPostProcessor.java:56)
	at org.springframework.beans.factory.support.AbstractAutowireCapableBeanFactory.applyBeanPostProcessorsBeforeInitialization(AbstractAutowireCapableBeanFactory.java:440)
	at org.springframework.beans.factory.support.AbstractAutowireCapableBeanFactory.initializeBean(AbstractAutowireCapableBeanFactory.java:1796)
	at org.springframework.beans.factory.support.AbstractAutowireCapableBeanFactory.doCreateBean(AbstractAutowireCapableBeanFactory.java:620)
	... 21 common frames omitted
Caused by: org.springframework.beans.factory.BeanCreationException: Error creating bean with name 'dispatcherServletRegistration' defined in class path resource [org/springframework/boot/autoconfigure/web/servlet/DispatcherServletAutoConfiguration$DispatcherServletRegistrationConfiguration.class]: Bean instantiation via factory method failed; nested exception is org.springframework.beans.BeanInstantiationException: Failed to instantiate [org.springframework.boot.autoconfigure.web.servlet.DispatcherServletRegistrationBean]: Factory method 'dispatcherServletRegistration' threw exception; nested exception is org.springframework.beans.factory.UnsatisfiedDependencyException: Error creating bean with name 'myConfig': Unsatisfied dependency expressed through field 'employeePortalInterceptor'; nested exception is org.springframework.beans.factory.UnsatisfiedDependencyException: Error creating bean with name 'employeePortalInterceptor': Unsatisfied dependency expressed through field 'authenticationService'; nested exception is org.springframework.beans.factory.UnsatisfiedDependencyException: Error creating bean with name 'authenticationService': Unsatisfied dependency expressed through field 'employeeRepository'; nested exception is org.springframework.beans.factory.BeanCreationException: Error creating bean with name 'employeeRepository' defined in com.apmosys.employeeportal.repository.EmployeeRepository defined in @EnableJpaRepositories declared on EnversRevisionRepositoriesRegistrar.EnableJpaRepositoriesConfiguration: Cannot create inner bean '(inner bean)#3bbde042' of type [org.springframework.orm.jpa.SharedEntityManagerCreator] while setting bean property 'entityManager'; nested exception is org.springframework.beans.factory.BeanCreationException: Error creating bean with name '(inner bean)#3bbde042': Cannot resolve reference to bean 'entityManagerFactory' while setting constructor argument; nested exception is org.springframework.beans.factory.BeanCreationException: Error creating bean with name 'entityManagerFactory' defined in class path resource [org/springframework/boot/autoconfigure/orm/jpa/HibernateJpaConfiguration.class]: Invocation of init method failed; nested exception is javax.persistence.PersistenceException: [PersistenceUnit: default] Unable to build Hibernate SessionFactory; nested exception is org.hibernate.MappingException: Could not get constructor for org.hibernate.persister.entity.SingleTableEntityPersister
	at org.springframework.beans.factory.support.ConstructorResolver.instantiate(ConstructorResolver.java:658)
	at org.springframework.beans.factory.support.ConstructorResolver.instantiateUsingFactoryMethod(ConstructorResolver.java:638)
	at org.springframework.beans.factory.support.AbstractAutowireCapableBeanFactory.instantiateUsingFactoryMethod(AbstractAutowireCapableBeanFactory.java:1352)
	at org.springframework.beans.factory.support.AbstractAutowireCapableBeanFactory.createBeanInstance(AbstractAutowireCapableBeanFactory.java:1195)
	at org.springframework.beans.factory.support.AbstractAutowireCapableBeanFactory.doCreateBean(AbstractAutowireCapableBeanFactory.java:582)
	at org.springframework.beans.factory.support.AbstractAutowireCapableBeanFactory.createBean(AbstractAutowireCapableBeanFactory.java:542)
	at org.springframework.beans.factory.support.AbstractBeanFactory.lambda$doGetBean$0(AbstractBeanFactory.java:335)
	at org.springframework.beans.factory.support.DefaultSingletonBeanRegistry.getSingleton(DefaultSingletonBeanRegistry.java:234)
	at org.springframework.beans.factory.support.AbstractBeanFactory.doGetBean(AbstractBeanFactory.java:333)
	at org.springframework.beans.factory.support.AbstractBeanFactory.getBean(AbstractBeanFactory.java:208)
	at org.springframework.beans.factory.config.DependencyDescriptor.resolveCandidate(DependencyDescriptor.java:276)
	at org.springframework.beans.factory.support.DefaultListableBeanFactory.doResolveDependency(DefaultListableBeanFactory.java:1389)
	at org.springframework.beans.factory.support.DefaultListableBeanFactory.resolveDependency(DefaultListableBeanFactory.java:1309)
	at org.springframework.beans.factory.support.ConstructorResolver.resolveAutowiredArgument(ConstructorResolver.java:887)
	at org.springframework.beans.factory.support.ConstructorResolver.createArgumentArray(ConstructorResolver.java:791)
	... 37 common frames omitted
Caused by: org.springframework.beans.BeanInstantiationException: Failed to instantiate [org.springframework.boot.autoconfigure.web.servlet.DispatcherServletRegistrationBean]: Factory method 'dispatcherServletRegistration' threw exception; nested exception is org.springframework.beans.factory.UnsatisfiedDependencyException: Error creating bean with name 'myConfig': Unsatisfied dependency expressed through field 'employeePortalInterceptor'; nested exception is org.springframework.beans.factory.UnsatisfiedDependencyException: Error creating bean with name 'employeePortalInterceptor': Unsatisfied dependency expressed through field 'authenticationService'; nested exception is org.springframework.beans.factory.UnsatisfiedDependencyException: Error creating bean with name 'authenticationService': Unsatisfied dependency expressed through field 'employeeRepository'; nested exception is org.springframework.beans.factory.BeanCreationException: Error creating bean with name 'employeeRepository' defined in com.apmosys.employeeportal.repository.EmployeeRepository defined in @EnableJpaRepositories declared on EnversRevisionRepositoriesRegistrar.EnableJpaRepositoriesConfiguration: Cannot create inner bean '(inner bean)#3bbde042' of type [org.springframework.orm.jpa.SharedEntityManagerCreator] while setting bean property 'entityManager'; nested exception is org.springframework.beans.factory.BeanCreationException: Error creating bean with name '(inner bean)#3bbde042': Cannot resolve reference to bean 'entityManagerFactory' while setting constructor argument; nested exception is org.springframework.beans.factory.BeanCreationException: Error creating bean with name 'entityManagerFactory' defined in class path resource [org/springframework/boot/autoconfigure/orm/jpa/HibernateJpaConfiguration.class]: Invocation of init method failed; nested exception is javax.persistence.PersistenceException: [PersistenceUnit: default] Unable to build Hibernate SessionFactory; nested exception is org.hibernate.MappingException: Could not get constructor for org.hibernate.persister.entity.SingleTableEntityPersister
	at org.springframework.beans.factory.support.SimpleInstantiationStrategy.instantiate(SimpleInstantiationStrategy.java:185)
	at org.springframework.beans.factory.support.ConstructorResolver.instantiate(ConstructorResolver.java:653)
	... 51 common frames omitted
Caused by: org.springframework.beans.factory.UnsatisfiedDependencyException: Error creating bean with name 'myConfig': Unsatisfied dependency expressed through field 'employeePortalInterceptor'; nested exception is org.springframework.beans.factory.UnsatisfiedDependencyException: Error creating bean with name 'employeePortalInterceptor': Unsatisfied dependency expressed through field 'authenticationService'; nested exception is org.springframework.beans.factory.UnsatisfiedDependencyException: Error creating bean with name 'authenticationService': Unsatisfied dependency expressed through field 'employeeRepository'; nested exception is org.springframework.beans.factory.BeanCreationException: Error creating bean with name 'employeeRepository' defined in com.apmosys.employeeportal.repository.EmployeeRepository defined in @EnableJpaRepositories declared on EnversRevisionRepositoriesRegistrar.EnableJpaRepositoriesConfiguration: Cannot create inner bean '(inner bean)#3bbde042' of type [org.springframework.orm.jpa.SharedEntityManagerCreator] while setting bean property 'entityManager'; nested exception is org.springframework.beans.factory.BeanCreationException: Error creating bean with name '(inner bean)#3bbde042': Cannot resolve reference to bean 'entityManagerFactory' while setting constructor argument; nested exception is org.springframework.beans.factory.BeanCreationException: Error creating bean with name 'entityManagerFactory' defined in class path resource [org/springframework/boot/autoconfigure/orm/jpa/HibernateJpaConfiguration.class]: Invocation of init method failed; nested exception is javax.persistence.PersistenceException: [PersistenceUnit: default] Unable to build Hibernate SessionFactory; nested exception is org.hibernate.MappingException: Could not get constructor for org.hibernate.persister.entity.SingleTableEntityPersister
	at org.springframework.beans.factory.annotation.AutowiredAnnotationBeanPostProcessor$AutowiredFieldElement.resolveFieldValue(AutowiredAnnotationBeanPostProcessor.java:659)
	at org.springframework.beans.factory.annotation.AutowiredAnnotationBeanPostProcessor$AutowiredFieldElement.inject(AutowiredAnnotationBeanPostProcessor.java:639)
	at org.springframework.beans.factory.annotation.InjectionMetadata.inject(InjectionMetadata.java:119)
	at org.springframework.beans.factory.annotation.AutowiredAnnotationBeanPostProcessor.postProcessProperties(AutowiredAnnotationBeanPostProcessor.java:399)
	at org.springframework.beans.factory.support.AbstractAutowireCapableBeanFactory.populateBean(AbstractAutowireCapableBeanFactory.java:1431)
	at org.springframework.beans.factory.support.AbstractAutowireCapableBeanFactory.doCreateBean(AbstractAutowireCapableBeanFactory.java:619)
	at org.springframework.beans.factory.support.AbstractAutowireCapableBeanFactory.createBean(AbstractAutowireCapableBeanFactory.java:542)
	at org.springframework.beans.factory.support.AbstractBeanFactory.lambda$doGetBean$0(AbstractBeanFactory.java:335)
	at org.springframework.beans.factory.support.DefaultSingletonBeanRegistry.getSingleton(DefaultSingletonBeanRegistry.java:234)
	at org.springframework.beans.factory.support.AbstractBeanFactory.doGetBean(AbstractBeanFactory.java:333)
	at org.springframework.beans.factory.support.AbstractBeanFactory.getBean(AbstractBeanFactory.java:208)
	at org.springframework.beans.factory.support.ConstructorResolver.instantiateUsingFactoryMethod(ConstructorResolver.java:410)
	at org.springframework.beans.factory.support.AbstractAutowireCapableBeanFactory.instantiateUsingFactoryMethod(AbstractAutowireCapableBeanFactory.java:1352)
	at org.springframework.beans.factory.support.AbstractAutowireCapableBeanFactory.createBeanInstance(AbstractAutowireCapableBeanFactory.java:1195)
	at org.springframework.beans.factory.support.AbstractAutowireCapableBeanFactory.doCreateBean(AbstractAutowireCapableBeanFactory.java:582)
	at org.springframework.beans.factory.support.AbstractAutowireCapableBeanFactory.createBean(AbstractAutowireCapableBeanFactory.java:542)
	at org.springframework.beans.factory.support.AbstractBeanFactory.lambda$doGetBean$0(AbstractBeanFactory.java:335)
	at org.springframework.beans.factory.support.DefaultSingletonBeanRegistry.getSingleton(DefaultSingletonBeanRegistry.java:234)
	at org.springframework.beans.factory.support.AbstractBeanFactory.doGetBean(AbstractBeanFactory.java:333)
	at org.springframework.beans.factory.support.AbstractBeanFactory.getBean(AbstractBeanFactory.java:208)
	at org.springframework.beans.factory.config.DependencyDescriptor.resolveCandidate(DependencyDescriptor.java:276)
	at org.springframework.beans.factory.support.DefaultListableBeanFactory.doResolveDependency(DefaultListableBeanFactory.java:1389)
	at org.springframework.beans.factory.support.DefaultListableBeanFactory$DependencyObjectProvider.getIfAvailable(DefaultListableBeanFactory.java:2030)
	at org.springframework.beans.factory.support.DefaultListableBeanFactory$DependencyObjectProvider.ifAvailable(DefaultListableBeanFactory.java:2041)
	at org.springframework.boot.autoconfigure.web.servlet.DispatcherServletAutoConfiguration$DispatcherServletRegistrationConfiguration.dispatcherServletRegistration(DispatcherServletAutoConfiguration.java:124)
	at java.base/jdk.internal.reflect.NativeMethodAccessorImpl.invoke0(Native Method)
	at java.base/jdk.internal.reflect.NativeMethodAccessorImpl.invoke(NativeMethodAccessorImpl.java:77)
	at java.base/jdk.internal.reflect.DelegatingMethodAccessorImpl.invoke(DelegatingMethodAccessorImpl.java:43)
	at java.base/java.lang.reflect.Method.invoke(Method.java:568)
	at org.springframework.beans.factory.support.SimpleInstantiationStrategy.instantiate(SimpleInstantiationStrategy.java:154)
	... 52 common frames omitted
Caused by: org.springframework.beans.factory.UnsatisfiedDependencyException: Error creating bean with name 'employeePortalInterceptor': Unsatisfied dependency expressed through field 'authenticationService'; nested exception is org.springframework.beans.factory.UnsatisfiedDependencyException: Error creating bean with name 'authenticationService': Unsatisfied dependency expressed through field 'employeeRepository'; nested exception is org.springframework.beans.factory.BeanCreationException: Error creating bean with name 'employeeRepository' defined in com.apmosys.employeeportal.repository.EmployeeRepository defined in @EnableJpaRepositories declared on EnversRevisionRepositoriesRegistrar.EnableJpaRepositoriesConfiguration: Cannot create inner bean '(inner bean)#3bbde042' of type [org.springframework.orm.jpa.SharedEntityManagerCreator] while setting bean property 'entityManager'; nested exception is org.springframework.beans.factory.BeanCreationException: Error creating bean with name '(inner bean)#3bbde042': Cannot resolve reference to bean 'entityManagerFactory' while setting constructor argument; nested exception is org.springframework.beans.factory.BeanCreationException: Error creating bean with name 'entityManagerFactory' defined in class path resource [org/springframework/boot/autoconfigure/orm/jpa/HibernateJpaConfiguration.class]: Invocation of init method failed; nested exception is javax.persistence.PersistenceException: [PersistenceUnit: default] Unable to build Hibernate SessionFactory; nested exception is org.hibernate.MappingException: Could not get constructor for org.hibernate.persister.entity.SingleTableEntityPersister
	at org.springframework.beans.factory.annotation.AutowiredAnnotationBeanPostProcessor$AutowiredFieldElement.resolveFieldValue(AutowiredAnnotationBeanPostProcessor.java:659)
	at org.springframework.beans.factory.annotation.AutowiredAnnotationBeanPostProcessor$AutowiredFieldElement.inject(AutowiredAnnotationBeanPostProcessor.java:639)
	at org.springframework.beans.factory.annotation.InjectionMetadata.inject(InjectionMetadata.java:119)
	at org.springframework.beans.factory.annotation.AutowiredAnnotationBeanPostProcessor.postProcessProperties(AutowiredAnnotationBeanPostProcessor.java:399)
	at org.springframework.beans.factory.support.AbstractAutowireCapableBeanFactory.populateBean(AbstractAutowireCapableBeanFactory.java:1431)
	at org.springframework.beans.factory.support.AbstractAutowireCapableBeanFactory.doCreateBean(AbstractAutowireCapableBeanFactory.java:619)
	at org.springframework.beans.factory.support.AbstractAutowireCapableBeanFactory.createBean(AbstractAutowireCapableBeanFactory.java:542)
	at org.springframework.beans.factory.support.AbstractBeanFactory.lambda$doGetBean$0(AbstractBeanFactory.java:335)
	at org.springframework.beans.factory.support.DefaultSingletonBeanRegistry.getSingleton(DefaultSingletonBeanRegistry.java:234)
	at org.springframework.beans.factory.support.AbstractBeanFactory.doGetBean(AbstractBeanFactory.java:333)
	at org.springframework.beans.factory.support.AbstractBeanFactory.getBean(AbstractBeanFactory.java:208)
	at org.springframework.beans.factory.config.DependencyDescriptor.resolveCandidate(DependencyDescriptor.java:276)
	at org.springframework.beans.factory.support.DefaultListableBeanFactory.doResolveDependency(DefaultListableBeanFactory.java:1389)
	at org.springframework.beans.factory.support.DefaultListableBeanFactory.resolveDependency(DefaultListableBeanFactory.java:1309)
	at org.springframework.beans.factory.annotation.AutowiredAnnotationBeanPostProcessor$AutowiredFieldElement.resolveFieldValue(AutowiredAnnotationBeanPostProcessor.java:656)
	... 81 common frames omitted
Caused by: org.springframework.beans.factory.UnsatisfiedDependencyException: Error creating bean with name 'authenticationService': Unsatisfied dependency expressed through field 'employeeRepository'; nested exception is org.springframework.beans.factory.BeanCreationException: Error creating bean with name 'employeeRepository' defined in com.apmosys.employeeportal.repository.EmployeeRepository defined in @EnableJpaRepositories declared on EnversRevisionRepositoriesRegistrar.EnableJpaRepositoriesConfiguration: Cannot create inner bean '(inner bean)#3bbde042' of type [org.springframework.orm.jpa.SharedEntityManagerCreator] while setting bean property 'entityManager'; nested exception is org.springframework.beans.factory.BeanCreationException: Error creating bean with name '(inner bean)#3bbde042': Cannot resolve reference to bean 'entityManagerFactory' while setting constructor argument; nested exception is org.springframework.beans.factory.BeanCreationException: Error creating bean with name 'entityManagerFactory' defined in class path resource [org/springframework/boot/autoconfigure/orm/jpa/HibernateJpaConfiguration.class]: Invocation of init method failed; nested exception is javax.persistence.PersistenceException: [PersistenceUnit: default] Unable to build Hibernate SessionFactory; nested exception is org.hibernate.MappingException: Could not get constructor for org.hibernate.persister.entity.SingleTableEntityPersister
	at org.springframework.beans.factory.annotation.AutowiredAnnotationBeanPostProcessor$AutowiredFieldElement.resolveFieldValue(AutowiredAnnotationBeanPostProcessor.java:659)
	at org.springframework.beans.factory.annotation.AutowiredAnnotationBeanPostProcessor$AutowiredFieldElement.inject(AutowiredAnnotationBeanPostProcessor.java:639)
	at org.springframework.beans.factory.annotation.InjectionMetadata.inject(InjectionMetadata.java:119)
	at org.springframework.beans.factory.annotation.AutowiredAnnotationBeanPostProcessor.postProcessProperties(AutowiredAnnotationBeanPostProcessor.java:399)
	at org.springframework.beans.factory.support.AbstractAutowireCapableBeanFactory.populateBean(AbstractAutowireCapableBeanFactory.java:1431)
	at org.springframework.beans.factory.support.AbstractAutowireCapableBeanFactory.doCreateBean(AbstractAutowireCapableBeanFactory.java:619)
	at org.springframework.beans.factory.support.AbstractAutowireCapableBeanFactory.createBean(AbstractAutowireCapableBeanFactory.java:542)
	at org.springframework.beans.factory.support.AbstractBeanFactory.lambda$doGetBean$0(AbstractBeanFactory.java:335)
	at org.springframework.beans.factory.support.DefaultSingletonBeanRegistry.getSingleton(DefaultSingletonBeanRegistry.java:234)
	at org.springframework.beans.factory.support.AbstractBeanFactory.doGetBean(AbstractBeanFactory.java:333)
	at org.springframework.beans.factory.support.AbstractBeanFactory.getBean(AbstractBeanFactory.java:208)
	at org.springframework.beans.factory.config.DependencyDescriptor.resolveCandidate(DependencyDescriptor.java:276)
	at org.springframework.beans.factory.support.DefaultListableBeanFactory.doResolveDependency(DefaultListableBeanFactory.java:1389)
	at org.springframework.beans.factory.support.DefaultListableBeanFactory.resolveDependency(DefaultListableBeanFactory.java:1309)
	at org.springframework.beans.factory.annotation.AutowiredAnnotationBeanPostProcessor$AutowiredFieldElement.resolveFieldValue(AutowiredAnnotationBeanPostProcessor.java:656)
	... 95 common frames omitted
Caused by: org.springframework.beans.factory.BeanCreationException: Error creating bean with name 'employeeRepository' defined in com.apmosys.employeeportal.repository.EmployeeRepository defined in @EnableJpaRepositories declared on EnversRevisionRepositoriesRegistrar.EnableJpaRepositoriesConfiguration: Cannot create inner bean '(inner bean)#3bbde042' of type [org.springframework.orm.jpa.SharedEntityManagerCreator] while setting bean property 'entityManager'; nested exception is org.springframework.beans.factory.BeanCreationException: Error creating bean with name '(inner bean)#3bbde042': Cannot resolve reference to bean 'entityManagerFactory' while setting constructor argument; nested exception is org.springframework.beans.factory.BeanCreationException: Error creating bean with name 'entityManagerFactory' defined in class path resource [org/springframework/boot/autoconfigure/orm/jpa/HibernateJpaConfiguration.class]: Invocation of init method failed; nested exception is javax.persistence.PersistenceException: [PersistenceUnit: default] Unable to build Hibernate SessionFactory; nested exception is org.hibernate.MappingException: Could not get constructor for org.hibernate.persister.entity.SingleTableEntityPersister
	at org.springframework.beans.factory.support.BeanDefinitionValueResolver.resolveInnerBean(BeanDefinitionValueResolver.java:389)
	at org.springframework.beans.factory.support.BeanDefinitionValueResolver.resolveValueIfNecessary(BeanDefinitionValueResolver.java:134)
	at org.springframework.beans.factory.support.AbstractAutowireCapableBeanFactory.applyPropertyValues(AbstractAutowireCapableBeanFactory.java:1707)
	at org.springframework.beans.factory.support.AbstractAutowireCapableBeanFactory.populateBean(AbstractAutowireCapableBeanFactory.java:1452)
	at org.springframework.beans.factory.support.AbstractAutowireCapableBeanFactory.doCreateBean(AbstractAutowireCapableBeanFactory.java:619)
	at org.springframework.beans.factory.support.AbstractAutowireCapableBeanFactory.createBean(AbstractAutowireCapableBeanFactory.java:542)
	at org.springframework.beans.factory.support.AbstractBeanFactory.lambda$doGetBean$0(AbstractBeanFactory.java:335)
	at org.springframework.beans.factory.support.DefaultSingletonBeanRegistry.getSingleton(DefaultSingletonBeanRegistry.java:234)
	at org.springframework.beans.factory.support.AbstractBeanFactory.doGetBean(AbstractBeanFactory.java:333)
	at org.springframework.beans.factory.support.AbstractBeanFactory.getBean(AbstractBeanFactory.java:208)
	at org.springframework.beans.factory.config.DependencyDescriptor.resolveCandidate(DependencyDescriptor.java:276)
	at org.springframework.beans.factory.support.DefaultListableBeanFactory.doResolveDependency(DefaultListableBeanFactory.java:1389)
	at org.springframework.beans.factory.support.DefaultListableBeanFactory.resolveDependency(DefaultListableBeanFactory.java:1309)
	at org.springframework.beans.factory.annotation.AutowiredAnnotationBeanPostProcessor$AutowiredFieldElement.resolveFieldValue(AutowiredAnnotationBeanPostProcessor.java:656)
	... 109 common frames omitted
Caused by: org.springframework.beans.factory.BeanCreationException: Error creating bean with name '(inner bean)#3bbde042': Cannot resolve reference to bean 'entityManagerFactory' while setting constructor argument; nested exception is org.springframework.beans.factory.BeanCreationException: Error creating bean with name 'entityManagerFactory' defined in class path resource [org/springframework/boot/autoconfigure/orm/jpa/HibernateJpaConfiguration.class]: Invocation of init method failed; nested exception is javax.persistence.PersistenceException: [PersistenceUnit: default] Unable to build Hibernate SessionFactory; nested exception is org.hibernate.MappingException: Could not get constructor for org.hibernate.persister.entity.SingleTableEntityPersister
	at org.springframework.beans.factory.support.BeanDefinitionValueResolver.resolveReference(BeanDefinitionValueResolver.java:342)
	at org.springframework.beans.factory.support.BeanDefinitionValueResolver.resolveValueIfNecessary(BeanDefinitionValueResolver.java:113)
	at org.springframework.beans.factory.support.ConstructorResolver.resolveConstructorArguments(ConstructorResolver.java:693)
	at org.springframework.beans.factory.support.ConstructorResolver.instantiateUsingFactoryMethod(ConstructorResolver.java:510)
	at org.springframework.beans.factory.support.AbstractAutowireCapableBeanFactory.instantiateUsingFactoryMethod(AbstractAutowireCapableBeanFactory.java:1352)
	at org.springframework.beans.factory.support.AbstractAutowireCapableBeanFactory.createBeanInstance(AbstractAutowireCapableBeanFactory.java:1195)
	at org.springframework.beans.factory.support.AbstractAutowireCapableBeanFactory.doCreateBean(AbstractAutowireCapableBeanFactory.java:582)
	at org.springframework.beans.factory.support.AbstractAutowireCapableBeanFactory.createBean(AbstractAutowireCapableBeanFactory.java:542)
	at org.springframework.beans.factory.support.BeanDefinitionValueResolver.resolveInnerBean(BeanDefinitionValueResolver.java:374)
	... 122 common frames omitted
Caused by: org.springframework.beans.factory.BeanCreationException: Error creating bean with name 'entityManagerFactory' defined in class path resource [org/springframework/boot/autoconfigure/orm/jpa/HibernateJpaConfiguration.class]: Invocation of init method failed; nested exception is javax.persistence.PersistenceException: [PersistenceUnit: default] Unable to build Hibernate SessionFactory; nested exception is org.hibernate.MappingException: Could not get constructor for org.hibernate.persister.entity.SingleTableEntityPersister
	at org.springframework.beans.factory.support.AbstractAutowireCapableBeanFactory.initializeBean(AbstractAutowireCapableBeanFactory.java:1804)
	at org.springframework.beans.factory.support.AbstractAutowireCapableBeanFactory.doCreateBean(AbstractAutowireCapableBeanFactory.java:620)
	at org.springframework.beans.factory.support.AbstractAutowireCapableBeanFactory.createBean(AbstractAutowireCapableBeanFactory.java:542)
	at org.springframework.beans.factory.support.AbstractBeanFactory.lambda$doGetBean$0(AbstractBeanFactory.java:335)
	at org.springframework.beans.factory.support.DefaultSingletonBeanRegistry.getSingleton(DefaultSingletonBeanRegistry.java:234)
	at org.springframework.beans.factory.support.AbstractBeanFactory.doGetBean(AbstractBeanFactory.java:333)
	at org.springframework.beans.factory.support.AbstractBeanFactory.getBean(AbstractBeanFactory.java:208)
	at org.springframework.beans.factory.support.BeanDefinitionValueResolver.resolveReference(BeanDefinitionValueResolver.java:330)
	... 130 common frames omitted
Caused by: javax.persistence.PersistenceException: [PersistenceUnit: default] Unable to build Hibernate SessionFactory; nested exception is org.hibernate.MappingException: Could not get constructor for org.hibernate.persister.entity.SingleTableEntityPersister
	at org.springframework.orm.jpa.AbstractEntityManagerFactoryBean.buildNativeEntityManagerFactory(AbstractEntityManagerFactoryBean.java:421)
	at org.springframework.orm.jpa.AbstractEntityManagerFactoryBean.afterPropertiesSet(AbstractEntityManagerFactoryBean.java:396)
	at org.springframework.orm.jpa.LocalContainerEntityManagerFactoryBean.afterPropertiesSet(LocalContainerEntityManagerFactoryBean.java:341)
	at org.springframework.beans.factory.support.AbstractAutowireCapableBeanFactory.invokeInitMethods(AbstractAutowireCapableBeanFactory.java:1863)
	at org.springframework.beans.factory.support.AbstractAutowireCapableBeanFactory.initializeBean(AbstractAutowireCapableBeanFactory.java:1800)
	... 137 common frames omitted
Caused by: org.hibernate.MappingException: Could not get constructor for org.hibernate.persister.entity.SingleTableEntityPersister
	at org.hibernate.persister.internal.PersisterFactoryImpl.createEntityPersister(PersisterFactoryImpl.java:123)
	at org.hibernate.persister.internal.PersisterFactoryImpl.createEntityPersister(PersisterFactoryImpl.java:77)
	at org.hibernate.metamodel.internal.MetamodelImpl.initialize(MetamodelImpl.java:181)
	at org.hibernate.internal.SessionFactoryImpl.<init>(SessionFactoryImpl.java:319)
	at org.hibernate.boot.internal.SessionFactoryBuilderImpl.build(SessionFactoryBuilderImpl.java:471)
	at org.hibernate.jpa.boot.internal.EntityManagerFactoryBuilderImpl.build(EntityManagerFactoryBuilderImpl.java:1498)
	at org.springframework.orm.jpa.vendor.SpringHibernateJpaPersistenceProvider.createContainerEntityManagerFactory(SpringHibernateJpaPersistenceProvider.java:58)
	at org.springframework.orm.jpa.LocalContainerEntityManagerFactoryBean.createNativeEntityManagerFactory(LocalContainerEntityManagerFactoryBean.java:365)
	at org.springframework.orm.jpa.AbstractEntityManagerFactoryBean.buildNativeEntityManagerFactory(AbstractEntityManagerFactoryBean.java:409)
	... 141 common frames omitted
Caused by: org.hibernate.HibernateException: Unable to instantiate default tuplizer [org.hibernate.tuple.entity.PojoEntityTuplizer]
	at org.hibernate.tuple.entity.EntityTuplizerFactory.constructTuplizer(EntityTuplizerFactory.java:91)
	at org.hibernate.tuple.entity.EntityTuplizerFactory.constructDefaultTuplizer(EntityTuplizerFactory.java:116)
	at org.hibernate.tuple.entity.EntityMetamodel.<init>(EntityMetamodel.java:432)
	at org.hibernate.persister.entity.AbstractEntityPersister.<init>(AbstractEntityPersister.java:613)
	at org.hibernate.persister.entity.SingleTableEntityPersister.<init>(SingleTableEntityPersister.java:126)
	at java.base/jdk.internal.reflect.NativeConstructorAccessorImpl.newInstance0(Native Method)
	at java.base/jdk.internal.reflect.NativeConstructorAccessorImpl.newInstance(NativeConstructorAccessorImpl.java:77)
	at java.base/jdk.internal.reflect.DelegatingConstructorAccessorImpl.newInstance(DelegatingConstructorAccessorImpl.java:45)
	at java.base/java.lang.reflect.Constructor.newInstanceWithCaller(Constructor.java:499)
	at java.base/java.lang.reflect.Constructor.newInstance(Constructor.java:480)
	at org.hibernate.persister.internal.PersisterFactoryImpl.createEntityPersister(PersisterFactoryImpl.java:96)
	... 149 common frames omitted
Caused by: java.lang.reflect.InvocationTargetException: null
	at java.base/jdk.internal.reflect.NativeConstructorAccessorImpl.newInstance0(Native Method)
	at java.base/jdk.internal.reflect.NativeConstructorAccessorImpl.newInstance(NativeConstructorAccessorImpl.java:77)
	at java.base/jdk.internal.reflect.DelegatingConstructorAccessorImpl.newInstance(DelegatingConstructorAccessorImpl.java:45)
	at java.base/java.lang.reflect.Constructor.newInstanceWithCaller(Constructor.java:499)
	at java.base/java.lang.reflect.Constructor.newInstance(Constructor.java:480)
	at org.hibernate.tuple.entity.EntityTuplizerFactory.constructTuplizer(EntityTuplizerFactory.java:88)
	... 159 common frames omitted
Caused by: java.lang.IllegalArgumentException: Could not create type
	at net.bytebuddy.TypeCache.findOrInsert(TypeCache.java:155)
	at net.bytebuddy.TypeCache.findOrInsert(TypeCache.java:175)
	at org.hibernate.bytecode.internal.bytebuddy.ByteBuddyState.load(ByteBuddyState.java:179)
	at org.hibernate.bytecode.internal.bytebuddy.ByteBuddyState.loadProxy(ByteBuddyState.java:103)
	at org.hibernate.proxy.pojo.bytebuddy.ByteBuddyProxyHelper.buildProxy(ByteBuddyProxyHelper.java:59)
	at org.hibernate.proxy.pojo.bytebuddy.ByteBuddyProxyFactory.postInstantiate(ByteBuddyProxyFactory.java:61)
	at org.hibernate.tuple.entity.PojoEntityTuplizer.buildProxyFactory(PojoEntityTuplizer.java:102)
	at org.hibernate.tuple.entity.AbstractEntityTuplizer.<init>(AbstractEntityTuplizer.java:160)
	at org.hibernate.tuple.entity.PojoEntityTuplizer.<init>(PojoEntityTuplizer.java:53)
	... 165 common frames omitted
Caused by: java.lang.OutOfMemoryError: Java heap space
2026-01-13 19:51:57 [restartedMain] INFO  org.hibernate.engine.transaction.jta.platform.internal.JtaPlatformInitiator - HHH000490: Using JtaPlatform implementation: [org.hibernate.engine.transaction.jta.platform.internal.NoJtaPlatform]
2026-01-13 19:51:57 [restartedMain] INFO  org.springframework.orm.jpa.LocalContainerEntityManagerFactoryBean - Initialized JPA EntityManagerFactory for persistence unit 'default'
2026-01-13 19:52:04 [restartedMain] INFO  org.hibernate.engine.transaction.jta.platform.internal.JtaPlatformInitiator - HHH000490: Using JtaPlatform implementation: [org.hibernate.engine.transaction.jta.platform.internal.NoJtaPlatform]
2026-01-13 19:52:04 [restartedMain] INFO  org.springframework.orm.jpa.LocalContainerEntityManagerFactoryBean - Initialized JPA EntityManagerFactory for persistence unit 'default'
2026-01-13 19:52:05 [restartedMain] INFO  org.hibernate.engine.transaction.jta.platform.internal.JtaPlatformInitiator - HHH000490: Using JtaPlatform implementation: [org.hibernate.engine.transaction.jta.platform.internal.NoJtaPlatform]
2026-01-13 19:52:05 [restartedMain] INFO  org.springframework.orm.jpa.LocalContainerEntityManagerFactoryBean - Initialized JPA EntityManagerFactory for persistence unit 'default'
2026-01-13 19:52:10 [restartedMain] INFO  org.hibernate.engine.transaction.jta.platform.internal.JtaPlatformInitiator - HHH000490: Using JtaPlatform implementation: [org.hibernate.engine.transaction.jta.platform.internal.NoJtaPlatform]
2026-01-13 19:52:10 [restartedMain] INFO  org.springframework.orm.jpa.LocalContainerEntityManagerFactoryBean - Initialized JPA EntityManagerFactory for persistence unit 'default'
2026-01-13 19:52:12 [restartedMain] INFO  org.hibernate.engine.transaction.jta.platform.internal.JtaPlatformInitiator - HHH000490: Using JtaPlatform implementation: [org.hibernate.engine.transaction.jta.platform.internal.NoJtaPlatform]
2026-01-13 19:52:12 [restartedMain] INFO  org.springframework.orm.jpa.LocalContainerEntityManagerFactoryBean - Initialized JPA EntityManagerFactory for persistence unit 'default'
2026-01-13 19:54:18 [restartedMain] WARN  org.springframework.boot.web.servlet.context.AnnotationConfigServletWebServerApplicationContext - Exception encountered during context initialization - cancelling refresh attempt: org.springframework.context.ApplicationContextException: Unable to start web server; nested exception is org.springframework.beans.factory.BeanCreationException: Error creating bean with name 'tomcatServletWebServerFactory' defined in class path resource [org/springframework/boot/autoconfigure/web/servlet/ServletWebServerFactoryConfiguration$EmbeddedTomcat.class]: Initialization of bean failed; nested exception is org.springframework.beans.factory.UnsatisfiedDependencyException: Error creating bean with name 'errorPageCustomizer' defined in class path resource [org/springframework/boot/autoconfigure/web/servlet/error/ErrorMvcAutoConfiguration.class]: Unsatisfied dependency expressed through method 'errorPageCustomizer' parameter 0; nested exception is org.springframework.beans.factory.BeanCreationException: Error creating bean with name 'dispatcherServletRegistration' defined in class path resource [org/springframework/boot/autoconfigure/web/servlet/DispatcherServletAutoConfiguration$DispatcherServletRegistrationConfiguration.class]: Bean instantiation via factory method failed; nested exception is org.springframework.beans.BeanInstantiationException: Failed to instantiate [org.springframework.boot.autoconfigure.web.servlet.DispatcherServletRegistrationBean]: Factory method 'dispatcherServletRegistration' threw exception; nested exception is org.springframework.beans.factory.UnsatisfiedDependencyException: Error creating bean with name 'myConfig': Unsatisfied dependency expressed through field 'employeePortalInterceptor'; nested exception is org.springframework.beans.factory.UnsatisfiedDependencyException: Error creating bean with name 'employeePortalInterceptor': Unsatisfied dependency expressed through field 'authenticationService'; nested exception is org.springframework.beans.factory.UnsatisfiedDependencyException: Error creating bean with name 'authenticationService': Unsatisfied dependency expressed through field 'employeeService'; nested exception is org.springframework.beans.factory.UnsatisfiedDependencyException: Error creating bean with name 'employeeService': Unsatisfied dependency expressed through field 'certificateSkillMapRepository'; nested exception is org.springframework.beans.factory.BeanCreationException: Error creating bean with name 'certificateSkillMapRepository' defined in com.apmosys.employeeportal.repository.CertificateSkillMapRepository defined in @EnableJpaRepositories declared on EnversRevisionRepositoriesRegistrar.EnableJpaRepositoriesConfiguration: Invocation of init method failed; nested exception is java.lang.OutOfMemoryError: Java heap space
2026-01-13 19:54:18 [restartedMain] INFO  org.springframework.orm.jpa.LocalContainerEntityManagerFactoryBean - Closing JPA EntityManagerFactory for persistence unit 'default'
2026-01-13 19:54:18 [restartedMain] INFO  org.springframework.boot.autoconfigure.logging.ConditionEvaluationReportLoggingListener - 

Error starting ApplicationContext. To display the conditions report re-run your application with 'debug' enabled.
2026-01-13 19:54:18 [restartedMain] ERROR org.springframework.boot.SpringApplication - Application run failed
org.springframework.context.ApplicationContextException: Unable to start web server; nested exception is org.springframework.beans.factory.BeanCreationException: Error creating bean with name 'tomcatServletWebServerFactory' defined in class path resource [org/springframework/boot/autoconfigure/web/servlet/ServletWebServerFactoryConfiguration$EmbeddedTomcat.class]: Initialization of bean failed; nested exception is org.springframework.beans.factory.UnsatisfiedDependencyException: Error creating bean with name 'errorPageCustomizer' defined in class path resource [org/springframework/boot/autoconfigure/web/servlet/error/ErrorMvcAutoConfiguration.class]: Unsatisfied dependency expressed through method 'errorPageCustomizer' parameter 0; nested exception is org.springframework.beans.factory.BeanCreationException: Error creating bean with name 'dispatcherServletRegistration' defined in class path resource [org/springframework/boot/autoconfigure/web/servlet/DispatcherServletAutoConfiguration$DispatcherServletRegistrationConfiguration.class]: Bean instantiation via factory method failed; nested exception is org.springframework.beans.BeanInstantiationException: Failed to instantiate [org.springframework.boot.autoconfigure.web.servlet.DispatcherServletRegistrationBean]: Factory method 'dispatcherServletRegistration' threw exception; nested exception is org.springframework.beans.factory.UnsatisfiedDependencyException: Error creating bean with name 'myConfig': Unsatisfied dependency expressed through field 'employeePortalInterceptor'; nested exception is org.springframework.beans.factory.UnsatisfiedDependencyException: Error creating bean with name 'employeePortalInterceptor': Unsatisfied dependency expressed through field 'authenticationService'; nested exception is org.springframework.beans.factory.UnsatisfiedDependencyException: Error creating bean with name 'authenticationService': Unsatisfied dependency expressed through field 'employeeService'; nested exception is org.springframework.beans.factory.UnsatisfiedDependencyException: Error creating bean with name 'employeeService': Unsatisfied dependency expressed through field 'certificateSkillMapRepository'; nested exception is org.springframework.beans.factory.BeanCreationException: Error creating bean with name 'certificateSkillMapRepository' defined in com.apmosys.employeeportal.repository.CertificateSkillMapRepository defined in @EnableJpaRepositories declared on EnversRevisionRepositoriesRegistrar.EnableJpaRepositoriesConfiguration: Invocation of init method failed; nested exception is java.lang.OutOfMemoryError: Java heap space
	at org.springframework.boot.web.servlet.context.ServletWebServerApplicationContext.onRefresh(ServletWebServerApplicationContext.java:163)
	at org.springframework.context.support.AbstractApplicationContext.refresh(AbstractApplicationContext.java:577)
	at org.springframework.boot.web.servlet.context.ServletWebServerApplicationContext.refresh(ServletWebServerApplicationContext.java:145)
	at org.springframework.boot.SpringApplication.refresh(SpringApplication.java:740)
	at org.springframework.boot.SpringApplication.refreshContext(SpringApplication.java:415)
	at org.springframework.boot.SpringApplication.run(SpringApplication.java:303)
	at org.springframework.boot.SpringApplication.run(SpringApplication.java:1312)
	at org.springframework.boot.SpringApplication.run(SpringApplication.java:1301)
	at com.apmosys.employeeportal.EmployeeportalApplication.main(EmployeeportalApplication.java:17)
	at java.base/jdk.internal.reflect.NativeMethodAccessorImpl.invoke0(Native Method)
	at java.base/jdk.internal.reflect.NativeMethodAccessorImpl.invoke(NativeMethodAccessorImpl.java:77)
	at java.base/jdk.internal.reflect.DelegatingMethodAccessorImpl.invoke(DelegatingMethodAccessorImpl.java:43)
	at java.base/java.lang.reflect.Method.invoke(Method.java:568)
	at org.springframework.boot.devtools.restart.RestartLauncher.run(RestartLauncher.java:49)
Caused by: org.springframework.beans.factory.BeanCreationException: Error creating bean with name 'tomcatServletWebServerFactory' defined in class path resource [org/springframework/boot/autoconfigure/web/servlet/ServletWebServerFactoryConfiguration$EmbeddedTomcat.class]: Initialization of bean failed; nested exception is org.springframework.beans.factory.UnsatisfiedDependencyException: Error creating bean with name 'errorPageCustomizer' defined in class path resource [org/springframework/boot/autoconfigure/web/servlet/error/ErrorMvcAutoConfiguration.class]: Unsatisfied dependency expressed through method 'errorPageCustomizer' parameter 0; nested exception is org.springframework.beans.factory.BeanCreationException: Error creating bean with name 'dispatcherServletRegistration' defined in class path resource [org/springframework/boot/autoconfigure/web/servlet/DispatcherServletAutoConfiguration$DispatcherServletRegistrationConfiguration.class]: Bean instantiation via factory method failed; nested exception is org.springframework.beans.BeanInstantiationException: Failed to instantiate [org.springframework.boot.autoconfigure.web.servlet.DispatcherServletRegistrationBean]: Factory method 'dispatcherServletRegistration' threw exception; nested exception is org.springframework.beans.factory.UnsatisfiedDependencyException: Error creating bean with name 'myConfig': Unsatisfied dependency expressed through field 'employeePortalInterceptor'; nested exception is org.springframework.beans.factory.UnsatisfiedDependencyException: Error creating bean with name 'employeePortalInterceptor': Unsatisfied dependency expressed through field 'authenticationService'; nested exception is org.springframework.beans.factory.UnsatisfiedDependencyException: Error creating bean with name 'authenticationService': Unsatisfied dependency expressed through field 'employeeService'; nested exception is org.springframework.beans.factory.UnsatisfiedDependencyException: Error creating bean with name 'employeeService': Unsatisfied dependency expressed through field 'certificateSkillMapRepository'; nested exception is org.springframework.beans.factory.BeanCreationException: Error creating bean with name 'certificateSkillMapRepository' defined in com.apmosys.employeeportal.repository.CertificateSkillMapRepository defined in @EnableJpaRepositories declared on EnversRevisionRepositoriesRegistrar.EnableJpaRepositoriesConfiguration: Invocation of init method failed; nested exception is java.lang.OutOfMemoryError: Java heap space
	at org.springframework.beans.factory.support.AbstractAutowireCapableBeanFactory.doCreateBean(AbstractAutowireCapableBeanFactory.java:628)
	at org.springframework.beans.factory.support.AbstractAutowireCapableBeanFactory.createBean(AbstractAutowireCapableBeanFactory.java:542)
	at org.springframework.beans.factory.support.AbstractBeanFactory.lambda$doGetBean$0(AbstractBeanFactory.java:335)
	at org.springframework.beans.factory.support.DefaultSingletonBeanRegistry.getSingleton(DefaultSingletonBeanRegistry.java:234)
	at org.springframework.beans.factory.support.AbstractBeanFactory.doGetBean(AbstractBeanFactory.java:333)
	at org.springframework.beans.factory.support.AbstractBeanFactory.getBean(AbstractBeanFactory.java:213)
	at org.springframework.boot.web.servlet.context.ServletWebServerApplicationContext.getWebServerFactory(ServletWebServerApplicationContext.java:217)
	at org.springframework.boot.web.servlet.context.ServletWebServerApplicationContext.createWebServer(ServletWebServerApplicationContext.java:180)
	at org.springframework.boot.web.servlet.context.ServletWebServerApplicationContext.onRefresh(ServletWebServerApplicationContext.java:160)
	... 13 common frames omitted
Caused by: org.springframework.beans.factory.UnsatisfiedDependencyException: Error creating bean with name 'errorPageCustomizer' defined in class path resource [org/springframework/boot/autoconfigure/web/servlet/error/ErrorMvcAutoConfiguration.class]: Unsatisfied dependency expressed through method 'errorPageCustomizer' parameter 0; nested exception is org.springframework.beans.factory.BeanCreationException: Error creating bean with name 'dispatcherServletRegistration' defined in class path resource [org/springframework/boot/autoconfigure/web/servlet/DispatcherServletAutoConfiguration$DispatcherServletRegistrationConfiguration.class]: Bean instantiation via factory method failed; nested exception is org.springframework.beans.BeanInstantiationException: Failed to instantiate [org.springframework.boot.autoconfigure.web.servlet.DispatcherServletRegistrationBean]: Factory method 'dispatcherServletRegistration' threw exception; nested exception is org.springframework.beans.factory.UnsatisfiedDependencyException: Error creating bean with name 'myConfig': Unsatisfied dependency expressed through field 'employeePortalInterceptor'; nested exception is org.springframework.beans.factory.UnsatisfiedDependencyException: Error creating bean with name 'employeePortalInterceptor': Unsatisfied dependency expressed through field 'authenticationService'; nested exception is org.springframework.beans.factory.UnsatisfiedDependencyException: Error creating bean with name 'authenticationService': Unsatisfied dependency expressed through field 'employeeService'; nested exception is org.springframework.beans.factory.UnsatisfiedDependencyException: Error creating bean with name 'employeeService': Unsatisfied dependency expressed through field 'certificateSkillMapRepository'; nested exception is org.springframework.beans.factory.BeanCreationException: Error creating bean with name 'certificateSkillMapRepository' defined in com.apmosys.employeeportal.repository.CertificateSkillMapRepository defined in @EnableJpaRepositories declared on EnversRevisionRepositoriesRegistrar.EnableJpaRepositoriesConfiguration: Invocation of init method failed; nested exception is java.lang.OutOfMemoryError: Java heap space
	at org.springframework.beans.factory.support.ConstructorResolver.createArgumentArray(ConstructorResolver.java:800)
	at org.springframework.beans.factory.support.ConstructorResolver.instantiateUsingFactoryMethod(ConstructorResolver.java:541)
	at org.springframework.beans.factory.support.AbstractAutowireCapableBeanFactory.instantiateUsingFactoryMethod(AbstractAutowireCapableBeanFactory.java:1352)
	at org.springframework.beans.factory.support.AbstractAutowireCapableBeanFactory.createBeanInstance(AbstractAutowireCapableBeanFactory.java:1195)
	at org.springframework.beans.factory.support.AbstractAutowireCapableBeanFactory.doCreateBean(AbstractAutowireCapableBeanFactory.java:582)
	at org.springframework.beans.factory.support.AbstractAutowireCapableBeanFactory.createBean(AbstractAutowireCapableBeanFactory.java:542)
	at org.springframework.beans.factory.support.AbstractBeanFactory.lambda$doGetBean$0(AbstractBeanFactory.java:335)
	at org.springframework.beans.factory.support.DefaultSingletonBeanRegistry.getSingleton(DefaultSingletonBeanRegistry.java:234)
	at org.springframework.beans.factory.support.AbstractBeanFactory.doGetBean(AbstractBeanFactory.java:333)
	at org.springframework.beans.factory.support.AbstractBeanFactory.getBean(AbstractBeanFactory.java:208)
	at org.springframework.beans.factory.support.DefaultListableBeanFactory.getBeansOfType(DefaultListableBeanFactory.java:671)
	at org.springframework.boot.web.server.ErrorPageRegistrarBeanPostProcessor.getRegistrars(ErrorPageRegistrarBeanPostProcessor.java:76)
	at org.springframework.boot.web.server.ErrorPageRegistrarBeanPostProcessor.postProcessBeforeInitialization(ErrorPageRegistrarBeanPostProcessor.java:67)
	at org.springframework.boot.web.server.ErrorPageRegistrarBeanPostProcessor.postProcessBeforeInitialization(ErrorPageRegistrarBeanPostProcessor.java:56)
	at org.springframework.beans.factory.support.AbstractAutowireCapableBeanFactory.applyBeanPostProcessorsBeforeInitialization(AbstractAutowireCapableBeanFactory.java:440)
	at org.springframework.beans.factory.support.AbstractAutowireCapableBeanFactory.initializeBean(AbstractAutowireCapableBeanFactory.java:1796)
	at org.springframework.beans.factory.support.AbstractAutowireCapableBeanFactory.doCreateBean(AbstractAutowireCapableBeanFactory.java:620)
	... 21 common frames omitted
Caused by: org.springframework.beans.factory.BeanCreationException: Error creating bean with name 'dispatcherServletRegistration' defined in class path resource [org/springframework/boot/autoconfigure/web/servlet/DispatcherServletAutoConfiguration$DispatcherServletRegistrationConfiguration.class]: Bean instantiation via factory method failed; nested exception is org.springframework.beans.BeanInstantiationException: Failed to instantiate [org.springframework.boot.autoconfigure.web.servlet.DispatcherServletRegistrationBean]: Factory method 'dispatcherServletRegistration' threw exception; nested exception is org.springframework.beans.factory.UnsatisfiedDependencyException: Error creating bean with name 'myConfig': Unsatisfied dependency expressed through field 'employeePortalInterceptor'; nested exception is org.springframework.beans.factory.UnsatisfiedDependencyException: Error creating bean with name 'employeePortalInterceptor': Unsatisfied dependency expressed through field 'authenticationService'; nested exception is org.springframework.beans.factory.UnsatisfiedDependencyException: Error creating bean with name 'authenticationService': Unsatisfied dependency expressed through field 'employeeService'; nested exception is org.springframework.beans.factory.UnsatisfiedDependencyException: Error creating bean with name 'employeeService': Unsatisfied dependency expressed through field 'certificateSkillMapRepository'; nested exception is org.springframework.beans.factory.BeanCreationException: Error creating bean with name 'certificateSkillMapRepository' defined in com.apmosys.employeeportal.repository.CertificateSkillMapRepository defined in @EnableJpaRepositories declared on EnversRevisionRepositoriesRegistrar.EnableJpaRepositoriesConfiguration: Invocation of init method failed; nested exception is java.lang.OutOfMemoryError: Java heap space
	at org.springframework.beans.factory.support.ConstructorResolver.instantiate(ConstructorResolver.java:658)
	at org.springframework.beans.factory.support.ConstructorResolver.instantiateUsingFactoryMethod(ConstructorResolver.java:638)
	at org.springframework.beans.factory.support.AbstractAutowireCapableBeanFactory.instantiateUsingFactoryMethod(AbstractAutowireCapableBeanFactory.java:1352)
	at org.springframework.beans.factory.support.AbstractAutowireCapableBeanFactory.createBeanInstance(AbstractAutowireCapableBeanFactory.java:1195)
	at org.springframework.beans.factory.support.AbstractAutowireCapableBeanFactory.doCreateBean(AbstractAutowireCapableBeanFactory.java:582)
	at org.springframework.beans.factory.support.AbstractAutowireCapableBeanFactory.createBean(AbstractAutowireCapableBeanFactory.java:542)
	at org.springframework.beans.factory.support.AbstractBeanFactory.lambda$doGetBean$0(AbstractBeanFactory.java:335)
	at org.springframework.beans.factory.support.DefaultSingletonBeanRegistry.getSingleton(DefaultSingletonBeanRegistry.java:234)
	at org.springframework.beans.factory.support.AbstractBeanFactory.doGetBean(AbstractBeanFactory.java:333)
	at org.springframework.beans.factory.support.AbstractBeanFactory.getBean(AbstractBeanFactory.java:208)
	at org.springframework.beans.factory.config.DependencyDescriptor.resolveCandidate(DependencyDescriptor.java:276)
	at org.springframework.beans.factory.support.DefaultListableBeanFactory.doResolveDependency(DefaultListableBeanFactory.java:1389)
	at org.springframework.beans.factory.support.DefaultListableBeanFactory.resolveDependency(DefaultListableBeanFactory.java:1309)
	at org.springframework.beans.factory.support.ConstructorResolver.resolveAutowiredArgument(ConstructorResolver.java:887)
	at org.springframework.beans.factory.support.ConstructorResolver.createArgumentArray(ConstructorResolver.java:791)
	... 37 common frames omitted
Caused by: org.springframework.beans.BeanInstantiationException: Failed to instantiate [org.springframework.boot.autoconfigure.web.servlet.DispatcherServletRegistrationBean]: Factory method 'dispatcherServletRegistration' threw exception; nested exception is org.springframework.beans.factory.UnsatisfiedDependencyException: Error creating bean with name 'myConfig': Unsatisfied dependency expressed through field 'employeePortalInterceptor'; nested exception is org.springframework.beans.factory.UnsatisfiedDependencyException: Error creating bean with name 'employeePortalInterceptor': Unsatisfied dependency expressed through field 'authenticationService'; nested exception is org.springframework.beans.factory.UnsatisfiedDependencyException: Error creating bean with name 'authenticationService': Unsatisfied dependency expressed through field 'employeeService'; nested exception is org.springframework.beans.factory.UnsatisfiedDependencyException: Error creating bean with name 'employeeService': Unsatisfied dependency expressed through field 'certificateSkillMapRepository'; nested exception is org.springframework.beans.factory.BeanCreationException: Error creating bean with name 'certificateSkillMapRepository' defined in com.apmosys.employeeportal.repository.CertificateSkillMapRepository defined in @EnableJpaRepositories declared on EnversRevisionRepositoriesRegistrar.EnableJpaRepositoriesConfiguration: Invocation of init method failed; nested exception is java.lang.OutOfMemoryError: Java heap space
	at org.springframework.beans.factory.support.SimpleInstantiationStrategy.instantiate(SimpleInstantiationStrategy.java:185)
	at org.springframework.beans.factory.support.ConstructorResolver.instantiate(ConstructorResolver.java:653)
	... 51 common frames omitted
Caused by: org.springframework.beans.factory.UnsatisfiedDependencyException: Error creating bean with name 'myConfig': Unsatisfied dependency expressed through field 'employeePortalInterceptor'; nested exception is org.springframework.beans.factory.UnsatisfiedDependencyException: Error creating bean with name 'employeePortalInterceptor': Unsatisfied dependency expressed through field 'authenticationService'; nested exception is org.springframework.beans.factory.UnsatisfiedDependencyException: Error creating bean with name 'authenticationService': Unsatisfied dependency expressed through field 'employeeService'; nested exception is org.springframework.beans.factory.UnsatisfiedDependencyException: Error creating bean with name 'employeeService': Unsatisfied dependency expressed through field 'certificateSkillMapRepository'; nested exception is org.springframework.beans.factory.BeanCreationException: Error creating bean with name 'certificateSkillMapRepository' defined in com.apmosys.employeeportal.repository.CertificateSkillMapRepository defined in @EnableJpaRepositories declared on EnversRevisionRepositoriesRegistrar.EnableJpaRepositoriesConfiguration: Invocation of init method failed; nested exception is java.lang.OutOfMemoryError: Java heap space
	at org.springframework.beans.factory.annotation.AutowiredAnnotationBeanPostProcessor$AutowiredFieldElement.resolveFieldValue(AutowiredAnnotationBeanPostProcessor.java:659)
	at org.springframework.beans.factory.annotation.AutowiredAnnotationBeanPostProcessor$AutowiredFieldElement.inject(AutowiredAnnotationBeanPostProcessor.java:639)
	at org.springframework.beans.factory.annotation.InjectionMetadata.inject(InjectionMetadata.java:119)
	at org.springframework.beans.factory.annotation.AutowiredAnnotationBeanPostProcessor.postProcessProperties(AutowiredAnnotationBeanPostProcessor.java:399)
	at org.springframework.beans.factory.support.AbstractAutowireCapableBeanFactory.populateBean(AbstractAutowireCapableBeanFactory.java:1431)
	at org.springframework.beans.factory.support.AbstractAutowireCapableBeanFactory.doCreateBean(AbstractAutowireCapableBeanFactory.java:619)
	at org.springframework.beans.factory.support.AbstractAutowireCapableBeanFactory.createBean(AbstractAutowireCapableBeanFactory.java:542)
	at org.springframework.beans.factory.support.AbstractBeanFactory.lambda$doGetBean$0(AbstractBeanFactory.java:335)
	at org.springframework.beans.factory.support.DefaultSingletonBeanRegistry.getSingleton(DefaultSingletonBeanRegistry.java:234)
	at org.springframework.beans.factory.support.AbstractBeanFactory.doGetBean(AbstractBeanFactory.java:333)
	at org.springframework.beans.factory.support.AbstractBeanFactory.getBean(AbstractBeanFactory.java:208)
	at org.springframework.beans.factory.support.ConstructorResolver.instantiateUsingFactoryMethod(ConstructorResolver.java:410)
	at org.springframework.beans.factory.support.AbstractAutowireCapableBeanFactory.instantiateUsingFactoryMethod(AbstractAutowireCapableBeanFactory.java:1352)
	at org.springframework.beans.factory.support.AbstractAutowireCapableBeanFactory.createBeanInstance(AbstractAutowireCapableBeanFactory.java:1195)
	at org.springframework.beans.factory.support.AbstractAutowireCapableBeanFactory.doCreateBean(AbstractAutowireCapableBeanFactory.java:582)
	at org.springframework.beans.factory.support.AbstractAutowireCapableBeanFactory.createBean(AbstractAutowireCapableBeanFactory.java:542)
	at org.springframework.beans.factory.support.AbstractBeanFactory.lambda$doGetBean$0(AbstractBeanFactory.java:335)
	at org.springframework.beans.factory.support.DefaultSingletonBeanRegistry.getSingleton(DefaultSingletonBeanRegistry.java:234)
	at org.springframework.beans.factory.support.AbstractBeanFactory.doGetBean(AbstractBeanFactory.java:333)
	at org.springframework.beans.factory.support.AbstractBeanFactory.getBean(AbstractBeanFactory.java:208)
	at org.springframework.beans.factory.config.DependencyDescriptor.resolveCandidate(DependencyDescriptor.java:276)
	at org.springframework.beans.factory.support.DefaultListableBeanFactory.doResolveDependency(DefaultListableBeanFactory.java:1389)
	at org.springframework.beans.factory.support.DefaultListableBeanFactory$DependencyObjectProvider.getIfAvailable(DefaultListableBeanFactory.java:2030)
	at org.springframework.beans.factory.support.DefaultListableBeanFactory$DependencyObjectProvider.ifAvailable(DefaultListableBeanFactory.java:2041)
	at org.springframework.boot.autoconfigure.web.servlet.DispatcherServletAutoConfiguration$DispatcherServletRegistrationConfiguration.dispatcherServletRegistration(DispatcherServletAutoConfiguration.java:124)
	at java.base/jdk.internal.reflect.NativeMethodAccessorImpl.invoke0(Native Method)
	at java.base/jdk.internal.reflect.NativeMethodAccessorImpl.invoke(NativeMethodAccessorImpl.java:77)
	at java.base/jdk.internal.reflect.DelegatingMethodAccessorImpl.invoke(DelegatingMethodAccessorImpl.java:43)
	at java.base/java.lang.reflect.Method.invoke(Method.java:568)
	at org.springframework.beans.factory.support.SimpleInstantiationStrategy.instantiate(SimpleInstantiationStrategy.java:154)
	... 52 common frames omitted
Caused by: org.springframework.beans.factory.UnsatisfiedDependencyException: Error creating bean with name 'employeePortalInterceptor': Unsatisfied dependency expressed through field 'authenticationService'; nested exception is org.springframework.beans.factory.UnsatisfiedDependencyException: Error creating bean with name 'authenticationService': Unsatisfied dependency expressed through field 'employeeService'; nested exception is org.springframework.beans.factory.UnsatisfiedDependencyException: Error creating bean with name 'employeeService': Unsatisfied dependency expressed through field 'certificateSkillMapRepository'; nested exception is org.springframework.beans.factory.BeanCreationException: Error creating bean with name 'certificateSkillMapRepository' defined in com.apmosys.employeeportal.repository.CertificateSkillMapRepository defined in @EnableJpaRepositories declared on EnversRevisionRepositoriesRegistrar.EnableJpaRepositoriesConfiguration: Invocation of init method failed; nested exception is java.lang.OutOfMemoryError: Java heap space
	at org.springframework.beans.factory.annotation.AutowiredAnnotationBeanPostProcessor$AutowiredFieldElement.resolveFieldValue(AutowiredAnnotationBeanPostProcessor.java:659)
	at org.springframework.beans.factory.annotation.AutowiredAnnotationBeanPostProcessor$AutowiredFieldElement.inject(AutowiredAnnotationBeanPostProcessor.java:639)
	at org.springframework.beans.factory.annotation.InjectionMetadata.inject(InjectionMetadata.java:119)
	at org.springframework.beans.factory.annotation.AutowiredAnnotationBeanPostProcessor.postProcessProperties(AutowiredAnnotationBeanPostProcessor.java:399)
	at org.springframework.beans.factory.support.AbstractAutowireCapableBeanFactory.populateBean(AbstractAutowireCapableBeanFactory.java:1431)
	at org.springframework.beans.factory.support.AbstractAutowireCapableBeanFactory.doCreateBean(AbstractAutowireCapableBeanFactory.java:619)
	at org.springframework.beans.factory.support.AbstractAutowireCapableBeanFactory.createBean(AbstractAutowireCapableBeanFactory.java:542)
	at org.springframework.beans.factory.support.AbstractBeanFactory.lambda$doGetBean$0(AbstractBeanFactory.java:335)
	at org.springframework.beans.factory.support.DefaultSingletonBeanRegistry.getSingleton(DefaultSingletonBeanRegistry.java:234)
	at org.springframework.beans.factory.support.AbstractBeanFactory.doGetBean(AbstractBeanFactory.java:333)
	at org.springframework.beans.factory.support.AbstractBeanFactory.getBean(AbstractBeanFactory.java:208)
	at org.springframework.beans.factory.config.DependencyDescriptor.resolveCandidate(DependencyDescriptor.java:276)
	at org.springframework.beans.factory.support.DefaultListableBeanFactory.doResolveDependency(DefaultListableBeanFactory.java:1389)
	at org.springframework.beans.factory.support.DefaultListableBeanFactory.resolveDependency(DefaultListableBeanFactory.java:1309)
	at org.springframework.beans.factory.annotation.AutowiredAnnotationBeanPostProcessor$AutowiredFieldElement.resolveFieldValue(AutowiredAnnotationBeanPostProcessor.java:656)
	... 81 common frames omitted
Caused by: org.springframework.beans.factory.UnsatisfiedDependencyException: Error creating bean with name 'authenticationService': Unsatisfied dependency expressed through field 'employeeService'; nested exception is org.springframework.beans.factory.UnsatisfiedDependencyException: Error creating bean with name 'employeeService': Unsatisfied dependency expressed through field 'certificateSkillMapRepository'; nested exception is org.springframework.beans.factory.BeanCreationException: Error creating bean with name 'certificateSkillMapRepository' defined in com.apmosys.employeeportal.repository.CertificateSkillMapRepository defined in @EnableJpaRepositories declared on EnversRevisionRepositoriesRegistrar.EnableJpaRepositoriesConfiguration: Invocation of init method failed; nested exception is java.lang.OutOfMemoryError: Java heap space
	at org.springframework.beans.factory.annotation.AutowiredAnnotationBeanPostProcessor$AutowiredFieldElement.resolveFieldValue(AutowiredAnnotationBeanPostProcessor.java:659)
	at org.springframework.beans.factory.annotation.AutowiredAnnotationBeanPostProcessor$AutowiredFieldElement.inject(AutowiredAnnotationBeanPostProcessor.java:639)
	at org.springframework.beans.factory.annotation.InjectionMetadata.inject(InjectionMetadata.java:119)
	at org.springframework.beans.factory.annotation.AutowiredAnnotationBeanPostProcessor.postProcessProperties(AutowiredAnnotationBeanPostProcessor.java:399)
	at org.springframework.beans.factory.support.AbstractAutowireCapableBeanFactory.populateBean(AbstractAutowireCapableBeanFactory.java:1431)
	at org.springframework.beans.factory.support.AbstractAutowireCapableBeanFactory.doCreateBean(AbstractAutowireCapableBeanFactory.java:619)
	at org.springframework.beans.factory.support.AbstractAutowireCapableBeanFactory.createBean(AbstractAutowireCapableBeanFactory.java:542)
	at org.springframework.beans.factory.support.AbstractBeanFactory.lambda$doGetBean$0(AbstractBeanFactory.java:335)
	at org.springframework.beans.factory.support.DefaultSingletonBeanRegistry.getSingleton(DefaultSingletonBeanRegistry.java:234)
	at org.springframework.beans.factory.support.AbstractBeanFactory.doGetBean(AbstractBeanFactory.java:333)
	at org.springframework.beans.factory.support.AbstractBeanFactory.getBean(AbstractBeanFactory.java:208)
	at org.springframework.beans.factory.config.DependencyDescriptor.resolveCandidate(DependencyDescriptor.java:276)
	at org.springframework.beans.factory.support.DefaultListableBeanFactory.doResolveDependency(DefaultListableBeanFactory.java:1389)
	at org.springframework.beans.factory.support.DefaultListableBeanFactory.resolveDependency(DefaultListableBeanFactory.java:1309)
	at org.springframework.beans.factory.annotation.AutowiredAnnotationBeanPostProcessor$AutowiredFieldElement.resolveFieldValue(AutowiredAnnotationBeanPostProcessor.java:656)
	... 95 common frames omitted
Caused by: org.springframework.beans.factory.UnsatisfiedDependencyException: Error creating bean with name 'employeeService': Unsatisfied dependency expressed through field 'certificateSkillMapRepository'; nested exception is org.springframework.beans.factory.BeanCreationException: Error creating bean with name 'certificateSkillMapRepository' defined in com.apmosys.employeeportal.repository.CertificateSkillMapRepository defined in @EnableJpaRepositories declared on EnversRevisionRepositoriesRegistrar.EnableJpaRepositoriesConfiguration: Invocation of init method failed; nested exception is java.lang.OutOfMemoryError: Java heap space
	at org.springframework.beans.factory.annotation.AutowiredAnnotationBeanPostProcessor$AutowiredFieldElement.resolveFieldValue(AutowiredAnnotationBeanPostProcessor.java:659)
	at org.springframework.beans.factory.annotation.AutowiredAnnotationBeanPostProcessor$AutowiredFieldElement.inject(AutowiredAnnotationBeanPostProcessor.java:639)
	at org.springframework.beans.factory.annotation.InjectionMetadata.inject(InjectionMetadata.java:119)
	at org.springframework.beans.factory.annotation.AutowiredAnnotationBeanPostProcessor.postProcessProperties(AutowiredAnnotationBeanPostProcessor.java:399)
	at org.springframework.beans.factory.support.AbstractAutowireCapableBeanFactory.populateBean(AbstractAutowireCapableBeanFactory.java:1431)
	at org.springframework.beans.factory.support.AbstractAutowireCapableBeanFactory.doCreateBean(AbstractAutowireCapableBeanFactory.java:619)
	at org.springframework.beans.factory.support.AbstractAutowireCapableBeanFactory.createBean(AbstractAutowireCapableBeanFactory.java:542)
	at org.springframework.beans.factory.support.AbstractBeanFactory.lambda$doGetBean$0(AbstractBeanFactory.java:335)
	at org.springframework.beans.factory.support.DefaultSingletonBeanRegistry.getSingleton(DefaultSingletonBeanRegistry.java:234)
	at org.springframework.beans.factory.support.AbstractBeanFactory.doGetBean(AbstractBeanFactory.java:333)
	at org.springframework.beans.factory.support.AbstractBeanFactory.getBean(AbstractBeanFactory.java:208)
	at org.springframework.beans.factory.config.DependencyDescriptor.resolveCandidate(DependencyDescriptor.java:276)
	at org.springframework.beans.factory.support.DefaultListableBeanFactory.doResolveDependency(DefaultListableBeanFactory.java:1389)
	at org.springframework.beans.factory.support.DefaultListableBeanFactory.resolveDependency(DefaultListableBeanFactory.java:1309)
	at org.springframework.beans.factory.annotation.AutowiredAnnotationBeanPostProcessor$AutowiredFieldElement.resolveFieldValue(AutowiredAnnotationBeanPostProcessor.java:656)
	... 109 common frames omitted
Caused by: org.springframework.beans.factory.BeanCreationException: Error creating bean with name 'certificateSkillMapRepository' defined in com.apmosys.employeeportal.repository.CertificateSkillMapRepository defined in @EnableJpaRepositories declared on EnversRevisionRepositoriesRegistrar.EnableJpaRepositoriesConfiguration: Invocation of init method failed; nested exception is java.lang.OutOfMemoryError: Java heap space
	at org.springframework.beans.factory.support.AbstractAutowireCapableBeanFactory.initializeBean(AbstractAutowireCapableBeanFactory.java:1804)
	at org.springframework.beans.factory.support.AbstractAutowireCapableBeanFactory.doCreateBean(AbstractAutowireCapableBeanFactory.java:620)
	at org.springframework.beans.factory.support.AbstractAutowireCapableBeanFactory.createBean(AbstractAutowireCapableBeanFactory.java:542)
	at org.springframework.beans.factory.support.AbstractBeanFactory.lambda$doGetBean$0(AbstractBeanFactory.java:335)
	at org.springframework.beans.factory.support.DefaultSingletonBeanRegistry.getSingleton(DefaultSingletonBeanRegistry.java:234)
	at org.springframework.beans.factory.support.AbstractBeanFactory.doGetBean(AbstractBeanFactory.java:333)
	at org.springframework.beans.factory.support.AbstractBeanFactory.getBean(AbstractBeanFactory.java:208)
	at org.springframework.beans.factory.config.DependencyDescriptor.resolveCandidate(DependencyDescriptor.java:276)
	at org.springframework.beans.factory.support.DefaultListableBeanFactory.doResolveDependency(DefaultListableBeanFactory.java:1389)
	at org.springframework.beans.factory.support.DefaultListableBeanFactory.resolveDependency(DefaultListableBeanFactory.java:1309)
	at org.springframework.beans.factory.annotation.AutowiredAnnotationBeanPostProcessor$AutowiredFieldElement.resolveFieldValue(AutowiredAnnotationBeanPostProcessor.java:656)
	... 123 common frames omitted
Caused by: java.lang.OutOfMemoryError: Java heap space
2026-01-13 19:56:54 [restartedMain] WARN  org.springframework.boot.web.servlet.context.AnnotationConfigServletWebServerApplicationContext - Exception encountered during context initialization - cancelling refresh attempt: org.springframework.context.ApplicationContextException: Unable to start web server; nested exception is org.springframework.beans.factory.BeanCreationException: Error creating bean with name 'tomcatServletWebServerFactory' defined in class path resource [org/springframework/boot/autoconfigure/web/servlet/ServletWebServerFactoryConfiguration$EmbeddedTomcat.class]: Initialization of bean failed; nested exception is org.springframework.beans.factory.UnsatisfiedDependencyException: Error creating bean with name 'errorPageCustomizer' defined in class path resource [org/springframework/boot/autoconfigure/web/servlet/error/ErrorMvcAutoConfiguration.class]: Unsatisfied dependency expressed through method 'errorPageCustomizer' parameter 0; nested exception is org.springframework.beans.factory.BeanCreationException: Error creating bean with name 'dispatcherServletRegistration' defined in class path resource [org/springframework/boot/autoconfigure/web/servlet/DispatcherServletAutoConfiguration$DispatcherServletRegistrationConfiguration.class]: Bean instantiation via factory method failed; nested exception is org.springframework.beans.BeanInstantiationException: Failed to instantiate [org.springframework.boot.autoconfigure.web.servlet.DispatcherServletRegistrationBean]: Factory method 'dispatcherServletRegistration' threw exception; nested exception is org.springframework.beans.factory.UnsatisfiedDependencyException: Error creating bean with name 'myConfig': Unsatisfied dependency expressed through field 'employeePortalInterceptor'; nested exception is org.springframework.beans.factory.UnsatisfiedDependencyException: Error creating bean with name 'employeePortalInterceptor': Unsatisfied dependency expressed through field 'authenticationService'; nested exception is org.springframework.beans.factory.UnsatisfiedDependencyException: Error creating bean with name 'authenticationService': Unsatisfied dependency expressed through field 'employeeService'; nested exception is org.springframework.beans.factory.UnsatisfiedDependencyException: Error creating bean with name 'employeeService': Unsatisfied dependency expressed through field 'employeeTeamMapRepository'; nested exception is org.springframework.beans.factory.BeanCreationException: Error creating bean with name 'employeeTeamMapRepository' defined in com.apmosys.employeeportal.repository.EmployeeTeamMapRepository defined in @EnableJpaRepositories declared on EnversRevisionRepositoriesRegistrar.EnableJpaRepositoriesConfiguration: Invocation of init method failed; nested exception is java.lang.OutOfMemoryError: Java heap space
2026-01-13 19:56:57 [restartedMain] INFO  org.springframework.orm.jpa.LocalContainerEntityManagerFactoryBean - Closing JPA EntityManagerFactory for persistence unit 'default'
2026-01-13 19:56:59 [restartedMain] INFO  org.springframework.boot.autoconfigure.logging.ConditionEvaluationReportLoggingListener - 

Error starting ApplicationContext. To display the conditions report re-run your application with 'debug' enabled.
2026-01-13 19:57:02 [restartedMain] ERROR org.springframework.boot.SpringApplication - Application run failed
org.springframework.context.ApplicationContextException: Unable to start web server; nested exception is org.springframework.beans.factory.BeanCreationException: Error creating bean with name 'tomcatServletWebServerFactory' defined in class path resource [org/springframework/boot/autoconfigure/web/servlet/ServletWebServerFactoryConfiguration$EmbeddedTomcat.class]: Initialization of bean failed; nested exception is org.springframework.beans.factory.UnsatisfiedDependencyException: Error creating bean with name 'errorPageCustomizer' defined in class path resource [org/springframework/boot/autoconfigure/web/servlet/error/ErrorMvcAutoConfiguration.class]: Unsatisfied dependency expressed through method 'errorPageCustomizer' parameter 0; nested exception is org.springframework.beans.factory.BeanCreationException: Error creating bean with name 'dispatcherServletRegistration' defined in class path resource [org/springframework/boot/autoconfigure/web/servlet/DispatcherServletAutoConfiguration$DispatcherServletRegistrationConfiguration.class]: Bean instantiation via factory method failed; nested exception is org.springframework.beans.BeanInstantiationException: Failed to instantiate [org.springframework.boot.autoconfigure.web.servlet.DispatcherServletRegistrationBean]: Factory method 'dispatcherServletRegistration' threw exception; nested exception is org.springframework.beans.factory.UnsatisfiedDependencyException: Error creating bean with name 'myConfig': Unsatisfied dependency expressed through field 'employeePortalInterceptor'; nested exception is org.springframework.beans.factory.UnsatisfiedDependencyException: Error creating bean with name 'employeePortalInterceptor': Unsatisfied dependency expressed through field 'authenticationService'; nested exception is org.springframework.beans.factory.UnsatisfiedDependencyException: Error creating bean with name 'authenticationService': Unsatisfied dependency expressed through field 'employeeService'; nested exception is org.springframework.beans.factory.UnsatisfiedDependencyException: Error creating bean with name 'employeeService': Unsatisfied dependency expressed through field 'employeeTeamMapRepository'; nested exception is org.springframework.beans.factory.BeanCreationException: Error creating bean with name 'employeeTeamMapRepository' defined in com.apmosys.employeeportal.repository.EmployeeTeamMapRepository defined in @EnableJpaRepositories declared on EnversRevisionRepositoriesRegistrar.EnableJpaRepositoriesConfiguration: Invocation of init method failed; nested exception is java.lang.OutOfMemoryError: Java heap space
	at org.springframework.boot.web.servlet.context.ServletWebServerApplicationContext.onRefresh(ServletWebServerApplicationContext.java:163)
	at org.springframework.context.support.AbstractApplicationContext.refresh(AbstractApplicationContext.java:577)
	at org.springframework.boot.web.servlet.context.ServletWebServerApplicationContext.refresh(ServletWebServerApplicationContext.java:145)
	at org.springframework.boot.SpringApplication.refresh(SpringApplication.java:740)
	at org.springframework.boot.SpringApplication.refreshContext(SpringApplication.java:415)
	at org.springframework.boot.SpringApplication.run(SpringApplication.java:303)
	at org.springframework.boot.SpringApplication.run(SpringApplication.java:1312)
	at org.springframework.boot.SpringApplication.run(SpringApplication.java:1301)
	at com.apmosys.employeeportal.EmployeeportalApplication.main(EmployeeportalApplication.java:17)
	at java.base/jdk.internal.reflect.NativeMethodAccessorImpl.invoke0(Native Method)
	at java.base/jdk.internal.reflect.NativeMethodAccessorImpl.invoke(NativeMethodAccessorImpl.java:77)
	at java.base/jdk.internal.reflect.DelegatingMethodAccessorImpl.invoke(DelegatingMethodAccessorImpl.java:43)
	at java.base/java.lang.reflect.Method.invoke(Method.java:568)
	at org.springframework.boot.devtools.restart.RestartLauncher.run(RestartLauncher.java:49)
Caused by: org.springframework.beans.factory.BeanCreationException: Error creating bean with name 'tomcatServletWebServerFactory' defined in class path resource [org/springframework/boot/autoconfigure/web/servlet/ServletWebServerFactoryConfiguration$EmbeddedTomcat.class]: Initialization of bean failed; nested exception is org.springframework.beans.factory.UnsatisfiedDependencyException: Error creating bean with name 'errorPageCustomizer' defined in class path resource [org/springframework/boot/autoconfigure/web/servlet/error/ErrorMvcAutoConfiguration.class]: Unsatisfied dependency expressed through method 'errorPageCustomizer' parameter 0; nested exception is org.springframework.beans.factory.BeanCreationException: Error creating bean with name 'dispatcherServletRegistration' defined in class path resource [org/springframework/boot/autoconfigure/web/servlet/DispatcherServletAutoConfiguration$DispatcherServletRegistrationConfiguration.class]: Bean instantiation via factory method failed; nested exception is org.springframework.beans.BeanInstantiationException: Failed to instantiate [org.springframework.boot.autoconfigure.web.servlet.DispatcherServletRegistrationBean]: Factory method 'dispatcherServletRegistration' threw exception; nested exception is org.springframework.beans.factory.UnsatisfiedDependencyException: Error creating bean with name 'myConfig': Unsatisfied dependency expressed through field 'employeePortalInterceptor'; nested exception is org.springframework.beans.factory.UnsatisfiedDependencyException: Error creating bean with name 'employeePortalInterceptor': Unsatisfied dependency expressed through field 'authenticationService'; nested exception is org.springframework.beans.factory.UnsatisfiedDependencyException: Error creating bean with name 'authenticationService': Unsatisfied dependency expressed through field 'employeeService'; nested exception is org.springframework.beans.factory.UnsatisfiedDependencyException: Error creating bean with name 'employeeService': Unsatisfied dependency expressed through field 'employeeTeamMapRepository'; nested exception is org.springframework.beans.factory.BeanCreationException: Error creating bean with name 'employeeTeamMapRepository' defined in com.apmosys.employeeportal.repository.EmployeeTeamMapRepository defined in @EnableJpaRepositories declared on EnversRevisionRepositoriesRegistrar.EnableJpaRepositoriesConfiguration: Invocation of init method failed; nested exception is java.lang.OutOfMemoryError: Java heap space
	at org.springframework.beans.factory.support.AbstractAutowireCapableBeanFactory.doCreateBean(AbstractAutowireCapableBeanFactory.java:628)
	at org.springframework.beans.factory.support.AbstractAutowireCapableBeanFactory.createBean(AbstractAutowireCapableBeanFactory.java:542)
	at org.springframework.beans.factory.support.AbstractBeanFactory.lambda$doGetBean$0(AbstractBeanFactory.java:335)
	at org.springframework.beans.factory.support.DefaultSingletonBeanRegistry.getSingleton(DefaultSingletonBeanRegistry.java:234)
	at org.springframework.beans.factory.support.AbstractBeanFactory.doGetBean(AbstractBeanFactory.java:333)
	at org.springframework.beans.factory.support.AbstractBeanFactory.getBean(AbstractBeanFactory.java:213)
	at org.springframework.boot.web.servlet.context.ServletWebServerApplicationContext.getWebServerFactory(ServletWebServerApplicationContext.java:217)
	at org.springframework.boot.web.servlet.context.ServletWebServerApplicationContext.createWebServer(ServletWebServerApplicationContext.java:180)
	at org.springframework.boot.web.servlet.context.ServletWebServerApplicationContext.onRefresh(ServletWebServerApplicationContext.java:160)
	... 13 common frames omitted
Caused by: org.springframework.beans.factory.UnsatisfiedDependencyException: Error creating bean with name 'errorPageCustomizer' defined in class path resource [org/springframework/boot/autoconfigure/web/servlet/error/ErrorMvcAutoConfiguration.class]: Unsatisfied dependency expressed through method 'errorPageCustomizer' parameter 0; nested exception is org.springframework.beans.factory.BeanCreationException: Error creating bean with name 'dispatcherServletRegistration' defined in class path resource [org/springframework/boot/autoconfigure/web/servlet/DispatcherServletAutoConfiguration$DispatcherServletRegistrationConfiguration.class]: Bean instantiation via factory method failed; nested exception is org.springframework.beans.BeanInstantiationException: Failed to instantiate [org.springframework.boot.autoconfigure.web.servlet.DispatcherServletRegistrationBean]: Factory method 'dispatcherServletRegistration' threw exception; nested exception is org.springframework.beans.factory.UnsatisfiedDependencyException: Error creating bean with name 'myConfig': Unsatisfied dependency expressed through field 'employeePortalInterceptor'; nested exception is org.springframework.beans.factory.UnsatisfiedDependencyException: Error creating bean with name 'employeePortalInterceptor': Unsatisfied dependency expressed through field 'authenticationService'; nested exception is org.springframework.beans.factory.UnsatisfiedDependencyException: Error creating bean with name 'authenticationService': Unsatisfied dependency expressed through field 'employeeService'; nested exception is org.springframework.beans.factory.UnsatisfiedDependencyException: Error creating bean with name 'employeeService': Unsatisfied dependency expressed through field 'employeeTeamMapRepository'; nested exception is org.springframework.beans.factory.BeanCreationException: Error creating bean with name 'employeeTeamMapRepository' defined in com.apmosys.employeeportal.repository.EmployeeTeamMapRepository defined in @EnableJpaRepositories declared on EnversRevisionRepositoriesRegistrar.EnableJpaRepositoriesConfiguration: Invocation of init method failed; nested exception is java.lang.OutOfMemoryError: Java heap space
	at org.springframework.beans.factory.support.ConstructorResolver.createArgumentArray(ConstructorResolver.java:800)
	at org.springframework.beans.factory.support.ConstructorResolver.instantiateUsingFactoryMethod(ConstructorResolver.java:541)
	at org.springframework.beans.factory.support.AbstractAutowireCapableBeanFactory.instantiateUsingFactoryMethod(AbstractAutowireCapableBeanFactory.java:1352)
	at org.springframework.beans.factory.support.AbstractAutowireCapableBeanFactory.createBeanInstance(AbstractAutowireCapableBeanFactory.java:1195)
	at org.springframework.beans.factory.support.AbstractAutowireCapableBeanFactory.doCreateBean(AbstractAutowireCapableBeanFactory.java:582)
	at org.springframework.beans.factory.support.AbstractAutowireCapableBeanFactory.createBean(AbstractAutowireCapableBeanFactory.java:542)
	at org.springframework.beans.factory.support.AbstractBeanFactory.lambda$doGetBean$0(AbstractBeanFactory.java:335)
	at org.springframework.beans.factory.support.DefaultSingletonBeanRegistry.getSingleton(DefaultSingletonBeanRegistry.java:234)
	at org.springframework.beans.factory.support.AbstractBeanFactory.doGetBean(AbstractBeanFactory.java:333)
	at org.springframework.beans.factory.support.AbstractBeanFactory.getBean(AbstractBeanFactory.java:208)
	at org.springframework.beans.factory.support.DefaultListableBeanFactory.getBeansOfType(DefaultListableBeanFactory.java:671)
	at org.springframework.boot.web.server.ErrorPageRegistrarBeanPostProcessor.getRegistrars(ErrorPageRegistrarBeanPostProcessor.java:76)
	at org.springframework.boot.web.server.ErrorPageRegistrarBeanPostProcessor.postProcessBeforeInitialization(ErrorPageRegistrarBeanPostProcessor.java:67)
	at org.springframework.boot.web.server.ErrorPageRegistrarBeanPostProcessor.postProcessBeforeInitialization(ErrorPageRegistrarBeanPostProcessor.java:56)
	at org.springframework.beans.factory.support.AbstractAutowireCapableBeanFactory.applyBeanPostProcessorsBeforeInitialization(AbstractAutowireCapableBeanFactory.java:440)
	at org.springframework.beans.factory.support.AbstractAutowireCapableBeanFactory.initializeBean(AbstractAutowireCapableBeanFactory.java:1796)
	at org.springframework.beans.factory.support.AbstractAutowireCapableBeanFactory.doCreateBean(AbstractAutowireCapableBeanFactory.java:620)
	... 21 common frames omitted
Caused by: org.springframework.beans.factory.BeanCreationException: Error creating bean with name 'dispatcherServletRegistration' defined in class path resource [org/springframework/boot/autoconfigure/web/servlet/DispatcherServletAutoConfiguration$DispatcherServletRegistrationConfiguration.class]: Bean instantiation via factory method failed; nested exception is org.springframework.beans.BeanInstantiationException: Failed to instantiate [org.springframework.boot.autoconfigure.web.servlet.DispatcherServletRegistrationBean]: Factory method 'dispatcherServletRegistration' threw exception; nested exception is org.springframework.beans.factory.UnsatisfiedDependencyException: Error creating bean with name 'myConfig': Unsatisfied dependency expressed through field 'employeePortalInterceptor'; nested exception is org.springframework.beans.factory.UnsatisfiedDependencyException: Error creating bean with name 'employeePortalInterceptor': Unsatisfied dependency expressed through field 'authenticationService'; nested exception is org.springframework.beans.factory.UnsatisfiedDependencyException: Error creating bean with name 'authenticationService': Unsatisfied dependency expressed through field 'employeeService'; nested exception is org.springframework.beans.factory.UnsatisfiedDependencyException: Error creating bean with name 'employeeService': Unsatisfied dependency expressed through field 'employeeTeamMapRepository'; nested exception is org.springframework.beans.factory.BeanCreationException: Error creating bean with name 'employeeTeamMapRepository' defined in com.apmosys.employeeportal.repository.EmployeeTeamMapRepository defined in @EnableJpaRepositories declared on EnversRevisionRepositoriesRegistrar.EnableJpaRepositoriesConfiguration: Invocation of init method failed; nested exception is java.lang.OutOfMemoryError: Java heap space
	at org.springframework.beans.factory.support.ConstructorResolver.instantiate(ConstructorResolver.java:658)
	at org.springframework.beans.factory.support.ConstructorResolver.instantiateUsingFactoryMethod(ConstructorResolver.java:638)
	at org.springframework.beans.factory.support.AbstractAutowireCapableBeanFactory.instantiateUsingFactoryMethod(AbstractAutowireCapableBeanFactory.java:1352)
	at org.springframework.beans.factory.support.AbstractAutowireCapableBeanFactory.createBeanInstance(AbstractAutowireCapableBeanFactory.java:1195)
	at org.springframework.beans.factory.support.AbstractAutowireCapableBeanFactory.doCreateBean(AbstractAutowireCapableBeanFactory.java:582)
	at org.springframework.beans.factory.support.AbstractAutowireCapableBeanFactory.createBean(AbstractAutowireCapableBeanFactory.java:542)
	at org.springframework.beans.factory.support.AbstractBeanFactory.lambda$doGetBean$0(AbstractBeanFactory.java:335)
	at org.springframework.beans.factory.support.DefaultSingletonBeanRegistry.getSingleton(DefaultSingletonBeanRegistry.java:234)
	at org.springframework.beans.factory.support.AbstractBeanFactory.doGetBean(AbstractBeanFactory.java:333)
	at org.springframework.beans.factory.support.AbstractBeanFactory.getBean(AbstractBeanFactory.java:208)
	at org.springframework.beans.factory.config.DependencyDescriptor.resolveCandidate(DependencyDescriptor.java:276)
	at org.springframework.beans.factory.support.DefaultListableBeanFactory.doResolveDependency(DefaultListableBeanFactory.java:1389)
	at org.springframework.beans.factory.support.DefaultListableBeanFactory.resolveDependency(DefaultListableBeanFactory.java:1309)
	at org.springframework.beans.factory.support.ConstructorResolver.resolveAutowiredArgument(ConstructorResolver.java:887)
	at org.springframework.beans.factory.support.ConstructorResolver.createArgumentArray(ConstructorResolver.java:791)
	... 37 common frames omitted
Caused by: org.springframework.beans.BeanInstantiationException: Failed to instantiate [org.springframework.boot.autoconfigure.web.servlet.DispatcherServletRegistrationBean]: Factory method 'dispatcherServletRegistration' threw exception; nested exception is org.springframework.beans.factory.UnsatisfiedDependencyException: Error creating bean with name 'myConfig': Unsatisfied dependency expressed through field 'employeePortalInterceptor'; nested exception is org.springframework.beans.factory.UnsatisfiedDependencyException: Error creating bean with name 'employeePortalInterceptor': Unsatisfied dependency expressed through field 'authenticationService'; nested exception is org.springframework.beans.factory.UnsatisfiedDependencyException: Error creating bean with name 'authenticationService': Unsatisfied dependency expressed through field 'employeeService'; nested exception is org.springframework.beans.factory.UnsatisfiedDependencyException: Error creating bean with name 'employeeService': Unsatisfied dependency expressed through field 'employeeTeamMapRepository'; nested exception is org.springframework.beans.factory.BeanCreationException: Error creating bean with name 'employeeTeamMapRepository' defined in com.apmosys.employeeportal.repository.EmployeeTeamMapRepository defined in @EnableJpaRepositories declared on EnversRevisionRepositoriesRegistrar.EnableJpaRepositoriesConfiguration: Invocation of init method failed; nested exception is java.lang.OutOfMemoryError: Java heap space
	at org.springframework.beans.factory.support.SimpleInstantiationStrategy.instantiate(SimpleInstantiationStrategy.java:185)
	at org.springframework.beans.factory.support.ConstructorResolver.instantiate(ConstructorResolver.java:653)
	... 51 common frames omitted
Caused by: org.springframework.beans.factory.UnsatisfiedDependencyException: Error creating bean with name 'myConfig': Unsatisfied dependency expressed through field 'employeePortalInterceptor'; nested exception is org.springframework.beans.factory.UnsatisfiedDependencyException: Error creating bean with name 'employeePortalInterceptor': Unsatisfied dependency expressed through field 'authenticationService'; nested exception is org.springframework.beans.factory.UnsatisfiedDependencyException: Error creating bean with name 'authenticationService': Unsatisfied dependency expressed through field 'employeeService'; nested exception is org.springframework.beans.factory.UnsatisfiedDependencyException: Error creating bean with name 'employeeService': Unsatisfied dependency expressed through field 'employeeTeamMapRepository'; nested exception is org.springframework.beans.factory.BeanCreationException: Error creating bean with name 'employeeTeamMapRepository' defined in com.apmosys.employeeportal.repository.EmployeeTeamMapRepository defined in @EnableJpaRepositories declared on EnversRevisionRepositoriesRegistrar.EnableJpaRepositoriesConfiguration: Invocation of init method failed; nested exception is java.lang.OutOfMemoryError: Java heap space
	at org.springframework.beans.factory.annotation.AutowiredAnnotationBeanPostProcessor$AutowiredFieldElement.resolveFieldValue(AutowiredAnnotationBeanPostProcessor.java:659)
	at org.springframework.beans.factory.annotation.AutowiredAnnotationBeanPostProcessor$AutowiredFieldElement.inject(AutowiredAnnotationBeanPostProcessor.java:639)
	at org.springframework.beans.factory.annotation.InjectionMetadata.inject(InjectionMetadata.java:119)
	at org.springframework.beans.factory.annotation.AutowiredAnnotationBeanPostProcessor.postProcessProperties(AutowiredAnnotationBeanPostProcessor.java:399)
	at org.springframework.beans.factory.support.AbstractAutowireCapableBeanFactory.populateBean(AbstractAutowireCapableBeanFactory.java:1431)
	at org.springframework.beans.factory.support.AbstractAutowireCapableBeanFactory.doCreateBean(AbstractAutowireCapableBeanFactory.java:619)
	at org.springframework.beans.factory.support.AbstractAutowireCapableBeanFactory.createBean(AbstractAutowireCapableBeanFactory.java:542)
	at org.springframework.beans.factory.support.AbstractBeanFactory.lambda$doGetBean$0(AbstractBeanFactory.java:335)
	at org.springframework.beans.factory.support.DefaultSingletonBeanRegistry.getSingleton(DefaultSingletonBeanRegistry.java:234)
	at org.springframework.beans.factory.support.AbstractBeanFactory.doGetBean(AbstractBeanFactory.java:333)
	at org.springframework.beans.factory.support.AbstractBeanFactory.getBean(AbstractBeanFactory.java:208)
	at org.springframework.beans.factory.support.ConstructorResolver.instantiateUsingFactoryMethod(ConstructorResolver.java:410)
	at org.springframework.beans.factory.support.AbstractAutowireCapableBeanFactory.instantiateUsingFactoryMethod(AbstractAutowireCapableBeanFactory.java:1352)
	at org.springframework.beans.factory.support.AbstractAutowireCapableBeanFactory.createBeanInstance(AbstractAutowireCapableBeanFactory.java:1195)
	at org.springframework.beans.factory.support.AbstractAutowireCapableBeanFactory.doCreateBean(AbstractAutowireCapableBeanFactory.java:582)
	at org.springframework.beans.factory.support.AbstractAutowireCapableBeanFactory.createBean(AbstractAutowireCapableBeanFactory.java:542)
	at org.springframework.beans.factory.support.AbstractBeanFactory.lambda$doGetBean$0(AbstractBeanFactory.java:335)
	at org.springframework.beans.factory.support.DefaultSingletonBeanRegistry.getSingleton(DefaultSingletonBeanRegistry.java:234)
	at org.springframework.beans.factory.support.AbstractBeanFactory.doGetBean(AbstractBeanFactory.java:333)
	at org.springframework.beans.factory.support.AbstractBeanFactory.getBean(AbstractBeanFactory.java:208)
	at org.springframework.beans.factory.config.DependencyDescriptor.resolveCandidate(DependencyDescriptor.java:276)
	at org.springframework.beans.factory.support.DefaultListableBeanFactory.doResolveDependency(DefaultListableBeanFactory.java:1389)
	at org.springframework.beans.factory.support.DefaultListableBeanFactory$DependencyObjectProvider.getIfAvailable(DefaultListableBeanFactory.java:2030)
	at org.springframework.beans.factory.support.DefaultListableBeanFactory$DependencyObjectProvider.ifAvailable(DefaultListableBeanFactory.java:2041)
	at org.springframework.boot.autoconfigure.web.servlet.DispatcherServletAutoConfiguration$DispatcherServletRegistrationConfiguration.dispatcherServletRegistration(DispatcherServletAutoConfiguration.java:124)
	at java.base/jdk.internal.reflect.NativeMethodAccessorImpl.invoke0(Native Method)
	at java.base/jdk.internal.reflect.NativeMethodAccessorImpl.invoke(NativeMethodAccessorImpl.java:77)
	at java.base/jdk.internal.reflect.DelegatingMethodAccessorImpl.invoke(DelegatingMethodAccessorImpl.java:43)
	at java.base/java.lang.reflect.Method.invoke(Method.java:568)
	at org.springframework.beans.factory.support.SimpleInstantiationStrategy.instantiate(SimpleInstantiationStrategy.java:154)
	... 52 common frames omitted
Caused by: org.springframework.beans.factory.UnsatisfiedDependencyException: Error creating bean with name 'employeePortalInterceptor': Unsatisfied dependency expressed through field 'authenticationService'; nested exception is org.springframework.beans.factory.UnsatisfiedDependencyException: Error creating bean with name 'authenticationService': Unsatisfied dependency expressed through field 'employeeService'; nested exception is org.springframework.beans.factory.UnsatisfiedDependencyException: Error creating bean with name 'employeeService': Unsatisfied dependency expressed through field 'employeeTeamMapRepository'; nested exception is org.springframework.beans.factory.BeanCreationException: Error creating bean with name 'employeeTeamMapRepository' defined in com.apmosys.employeeportal.repository.EmployeeTeamMapRepository defined in @EnableJpaRepositories declared on EnversRevisionRepositoriesRegistrar.EnableJpaRepositoriesConfiguration: Invocation of init method failed; nested exception is java.lang.OutOfMemoryError: Java heap space
	at org.springframework.beans.factory.annotation.AutowiredAnnotationBeanPostProcessor$AutowiredFieldElement.resolveFieldValue(AutowiredAnnotationBeanPostProcessor.java:659)
	at org.springframework.beans.factory.annotation.AutowiredAnnotationBeanPostProcessor$AutowiredFieldElement.inject(AutowiredAnnotationBeanPostProcessor.java:639)
	at org.springframework.beans.factory.annotation.InjectionMetadata.inject(InjectionMetadata.java:119)
	at org.springframework.beans.factory.annotation.AutowiredAnnotationBeanPostProcessor.postProcessProperties(AutowiredAnnotationBeanPostProcessor.java:399)
	at org.springframework.beans.factory.support.AbstractAutowireCapableBeanFactory.populateBean(AbstractAutowireCapableBeanFactory.java:1431)
	at org.springframework.beans.factory.support.AbstractAutowireCapableBeanFactory.doCreateBean(AbstractAutowireCapableBeanFactory.java:619)
	at org.springframework.beans.factory.support.AbstractAutowireCapableBeanFactory.createBean(AbstractAutowireCapableBeanFactory.java:542)
	at org.springframework.beans.factory.support.AbstractBeanFactory.lambda$doGetBean$0(AbstractBeanFactory.java:335)
	at org.springframework.beans.factory.support.DefaultSingletonBeanRegistry.getSingleton(DefaultSingletonBeanRegistry.java:234)
	at org.springframework.beans.factory.support.AbstractBeanFactory.doGetBean(AbstractBeanFactory.java:333)
	at org.springframework.beans.factory.support.AbstractBeanFactory.getBean(AbstractBeanFactory.java:208)
	at org.springframework.beans.factory.config.DependencyDescriptor.resolveCandidate(DependencyDescriptor.java:276)
	at org.springframework.beans.factory.support.DefaultListableBeanFactory.doResolveDependency(DefaultListableBeanFactory.java:1389)
	at org.springframework.beans.factory.support.DefaultListableBeanFactory.resolveDependency(DefaultListableBeanFactory.java:1309)
	at org.springframework.beans.factory.annotation.AutowiredAnnotationBeanPostProcessor$AutowiredFieldElement.resolveFieldValue(AutowiredAnnotationBeanPostProcessor.java:656)
	... 81 common frames omitted
Caused by: org.springframework.beans.factory.UnsatisfiedDependencyException: Error creating bean with name 'authenticationService': Unsatisfied dependency expressed through field 'employeeService'; nested exception is org.springframework.beans.factory.UnsatisfiedDependencyException: Error creating bean with name 'employeeService': Unsatisfied dependency expressed through field 'employeeTeamMapRepository'; nested exception is org.springframework.beans.factory.BeanCreationException: Error creating bean with name 'employeeTeamMapRepository' defined in com.apmosys.employeeportal.repository.EmployeeTeamMapRepository defined in @EnableJpaRepositories declared on EnversRevisionRepositoriesRegistrar.EnableJpaRepositoriesConfiguration: Invocation of init method failed; nested exception is java.lang.OutOfMemoryError: Java heap space
	at org.springframework.beans.factory.annotation.AutowiredAnnotationBeanPostProcessor$AutowiredFieldElement.resolveFieldValue(AutowiredAnnotationBeanPostProcessor.java:659)
	at org.springframework.beans.factory.annotation.AutowiredAnnotationBeanPostProcessor$AutowiredFieldElement.inject(AutowiredAnnotationBeanPostProcessor.java:639)
	at org.springframework.beans.factory.annotation.InjectionMetadata.inject(InjectionMetadata.java:119)
	at org.springframework.beans.factory.annotation.AutowiredAnnotationBeanPostProcessor.postProcessProperties(AutowiredAnnotationBeanPostProcessor.java:399)
	at org.springframework.beans.factory.support.AbstractAutowireCapableBeanFactory.populateBean(AbstractAutowireCapableBeanFactory.java:1431)
	at org.springframework.beans.factory.support.AbstractAutowireCapableBeanFactory.doCreateBean(AbstractAutowireCapableBeanFactory.java:619)
	at org.springframework.beans.factory.support.AbstractAutowireCapableBeanFactory.createBean(AbstractAutowireCapableBeanFactory.java:542)
	at org.springframework.beans.factory.support.AbstractBeanFactory.lambda$doGetBean$0(AbstractBeanFactory.java:335)
	at org.springframework.beans.factory.support.DefaultSingletonBeanRegistry.getSingleton(DefaultSingletonBeanRegistry.java:234)
	at org.springframework.beans.factory.support.AbstractBeanFactory.doGetBean(AbstractBeanFactory.java:333)
	at org.springframework.beans.factory.support.AbstractBeanFactory.getBean(AbstractBeanFactory.java:208)
	at org.springframework.beans.factory.config.DependencyDescriptor.resolveCandidate(DependencyDescriptor.java:276)
	at org.springframework.beans.factory.support.DefaultListableBeanFactory.doResolveDependency(DefaultListableBeanFactory.java:1389)
	at org.springframework.beans.factory.support.DefaultListableBeanFactory.resolveDependency(DefaultListableBeanFactory.java:1309)
	at org.springframework.beans.factory.annotation.AutowiredAnnotationBeanPostProcessor$AutowiredFieldElement.resolveFieldValue(AutowiredAnnotationBeanPostProcessor.java:656)
	... 95 common frames omitted
Caused by: org.springframework.beans.factory.UnsatisfiedDependencyException: Error creating bean with name 'employeeService': Unsatisfied dependency expressed through field 'employeeTeamMapRepository'; nested exception is org.springframework.beans.factory.BeanCreationException: Error creating bean with name 'employeeTeamMapRepository' defined in com.apmosys.employeeportal.repository.EmployeeTeamMapRepository defined in @EnableJpaRepositories declared on EnversRevisionRepositoriesRegistrar.EnableJpaRepositoriesConfiguration: Invocation of init method failed; nested exception is java.lang.OutOfMemoryError: Java heap space
	at org.springframework.beans.factory.annotation.AutowiredAnnotationBeanPostProcessor$AutowiredFieldElement.resolveFieldValue(AutowiredAnnotationBeanPostProcessor.java:659)
	at org.springframework.beans.factory.annotation.AutowiredAnnotationBeanPostProcessor$AutowiredFieldElement.inject(AutowiredAnnotationBeanPostProcessor.java:639)
	at org.springframework.beans.factory.annotation.InjectionMetadata.inject(InjectionMetadata.java:119)
	at org.springframework.beans.factory.annotation.AutowiredAnnotationBeanPostProcessor.postProcessProperties(AutowiredAnnotationBeanPostProcessor.java:399)
	at org.springframework.beans.factory.support.AbstractAutowireCapableBeanFactory.populateBean(AbstractAutowireCapableBeanFactory.java:1431)
	at org.springframework.beans.factory.support.AbstractAutowireCapableBeanFactory.doCreateBean(AbstractAutowireCapableBeanFactory.java:619)
	at org.springframework.beans.factory.support.AbstractAutowireCapableBeanFactory.createBean(AbstractAutowireCapableBeanFactory.java:542)
	at org.springframework.beans.factory.support.AbstractBeanFactory.lambda$doGetBean$0(AbstractBeanFactory.java:335)
	at org.springframework.beans.factory.support.DefaultSingletonBeanRegistry.getSingleton(DefaultSingletonBeanRegistry.java:234)
	at org.springframework.beans.factory.support.AbstractBeanFactory.doGetBean(AbstractBeanFactory.java:333)
	at org.springframework.beans.factory.support.AbstractBeanFactory.getBean(AbstractBeanFactory.java:208)
	at org.springframework.beans.factory.config.DependencyDescriptor.resolveCandidate(DependencyDescriptor.java:276)
	at org.springframework.beans.factory.support.DefaultListableBeanFactory.doResolveDependency(DefaultListableBeanFactory.java:1389)
	at org.springframework.beans.factory.support.DefaultListableBeanFactory.resolveDependency(DefaultListableBeanFactory.java:1309)
	at org.springframework.beans.factory.annotation.AutowiredAnnotationBeanPostProcessor$AutowiredFieldElement.resolveFieldValue(AutowiredAnnotationBeanPostProcessor.java:656)
	... 109 common frames omitted
Caused by: org.springframework.beans.factory.BeanCreationException: Error creating bean with name 'employeeTeamMapRepository' defined in com.apmosys.employeeportal.repository.EmployeeTeamMapRepository defined in @EnableJpaRepositories declared on EnversRevisionRepositoriesRegistrar.EnableJpaRepositoriesConfiguration: Invocation of init method failed; nested exception is java.lang.OutOfMemoryError: Java heap space
	at org.springframework.beans.factory.support.AbstractAutowireCapableBeanFactory.initializeBean(AbstractAutowireCapableBeanFactory.java:1804)
	at org.springframework.beans.factory.support.AbstractAutowireCapableBeanFactory.doCreateBean(AbstractAutowireCapableBeanFactory.java:620)
	at org.springframework.beans.factory.support.AbstractAutowireCapableBeanFactory.createBean(AbstractAutowireCapableBeanFactory.java:542)
	at org.springframework.beans.factory.support.AbstractBeanFactory.lambda$doGetBean$0(AbstractBeanFactory.java:335)
	at org.springframework.beans.factory.support.DefaultSingletonBeanRegistry.getSingleton(DefaultSingletonBeanRegistry.java:234)
	at org.springframework.beans.factory.support.AbstractBeanFactory.doGetBean(AbstractBeanFactory.java:333)
	at org.springframework.beans.factory.support.AbstractBeanFactory.getBean(AbstractBeanFactory.java:208)
	at org.springframework.beans.factory.config.DependencyDescriptor.resolveCandidate(DependencyDescriptor.java:276)
	at org.springframework.beans.factory.support.DefaultListableBeanFactory.doResolveDependency(DefaultListableBeanFactory.java:1389)
	at org.springframework.beans.factory.support.DefaultListableBeanFactory.resolveDependency(DefaultListableBeanFactory.java:1309)
	at org.springframework.beans.factory.annotation.AutowiredAnnotationBeanPostProcessor$AutowiredFieldElement.resolveFieldValue(AutowiredAnnotationBeanPostProcessor.java:656)
	... 123 common frames omitted
Caused by: java.lang.OutOfMemoryError: Java heap space
2026-01-13 22:21:25 [restartedMain] ERROR org.springframework.boot.SpringApplication - Application run failed
java.lang.IllegalStateException: java.lang.IllegalStateException: Logback configuration error detected: 
ERROR in ch.qos.logback.core.rolling.RollingFileAppender[FILE] - 'FileNamePattern' option has the same value "log.path_IS_UNDEFINED/ishineportal-%d{yyyy-MM-dd}.%i.log" as that given for appender [FILE] defined earlier.
ERROR in ch.qos.logback.core.rolling.RollingFileAppender[FILE] - Collisions detected with FileAppender/RollingAppender instances defined earlier. Aborting.
ERROR in ch.qos.logback.core.rolling.RollingFileAppender[FILE] - For more information, please visit http://logback.qos.ch/codes.html#earlier_fa_collision
	at org.springframework.boot.context.logging.LoggingApplicationListener.initializeSystem(LoggingApplicationListener.java:328)
	at org.springframework.boot.context.logging.LoggingApplicationListener.initialize(LoggingApplicationListener.java:282)
	at org.springframework.boot.context.logging.LoggingApplicationListener.onApplicationEnvironmentPreparedEvent(LoggingApplicationListener.java:240)
	at org.springframework.boot.context.logging.LoggingApplicationListener.onApplicationEvent(LoggingApplicationListener.java:216)
	at org.springframework.context.event.SimpleApplicationEventMulticaster.doInvokeListener(SimpleApplicationEventMulticaster.java:176)
	at org.springframework.context.event.SimpleApplicationEventMulticaster.invokeListener(SimpleApplicationEventMulticaster.java:169)
	at org.springframework.context.event.SimpleApplicationEventMulticaster.multicastEvent(SimpleApplicationEventMulticaster.java:143)
	at org.springframework.context.event.SimpleApplicationEventMulticaster.multicastEvent(SimpleApplicationEventMulticaster.java:131)
	at org.springframework.boot.context.event.EventPublishingRunListener.environmentPrepared(EventPublishingRunListener.java:85)
	at org.springframework.boot.SpringApplicationRunListeners.lambda$environmentPrepared$2(SpringApplicationRunListeners.java:66)
	at java.base/java.util.ArrayList.forEach(ArrayList.java:1511)
	at org.springframework.boot.SpringApplicationRunListeners.doWithListeners(SpringApplicationRunListeners.java:120)
	at org.springframework.boot.SpringApplicationRunListeners.doWithListeners(SpringApplicationRunListeners.java:114)
	at org.springframework.boot.SpringApplicationRunListeners.environmentPrepared(SpringApplicationRunListeners.java:65)
	at org.springframework.boot.SpringApplication.prepareEnvironment(SpringApplication.java:339)
	at org.springframework.boot.SpringApplication.run(SpringApplication.java:297)
	at org.springframework.boot.SpringApplication.run(SpringApplication.java:1312)
	at org.springframework.boot.SpringApplication.run(SpringApplication.java:1301)
	at com.apmosys.employeeportal.EmployeeportalApplication.main(EmployeeportalApplication.java:17)
	at java.base/jdk.internal.reflect.NativeMethodAccessorImpl.invoke0(Native Method)
	at java.base/jdk.internal.reflect.NativeMethodAccessorImpl.invoke(NativeMethodAccessorImpl.java:77)
	at java.base/jdk.internal.reflect.DelegatingMethodAccessorImpl.invoke(DelegatingMethodAccessorImpl.java:43)
	at java.base/java.lang.reflect.Method.invoke(Method.java:568)
	at org.springframework.boot.devtools.restart.RestartLauncher.run(RestartLauncher.java:49)
Caused by: java.lang.IllegalStateException: Logback configuration error detected: 
ERROR in ch.qos.logback.core.rolling.RollingFileAppender[FILE] - 'FileNamePattern' option has the same value "log.path_IS_UNDEFINED/ishineportal-%d{yyyy-MM-dd}.%i.log" as that given for appender [FILE] defined earlier.
ERROR in ch.qos.logback.core.rolling.RollingFileAppender[FILE] - Collisions detected with FileAppender/RollingAppender instances defined earlier. Aborting.
ERROR in ch.qos.logback.core.rolling.RollingFileAppender[FILE] - For more information, please visit http://logback.qos.ch/codes.html#earlier_fa_collision
	at org.springframework.boot.logging.logback.LogbackLoggingSystem.loadConfiguration(LogbackLoggingSystem.java:179)
	at org.springframework.boot.logging.AbstractLoggingSystem.initializeWithConventions(AbstractLoggingSystem.java:80)
	at org.springframework.boot.logging.AbstractLoggingSystem.initialize(AbstractLoggingSystem.java:60)
	at org.springframework.boot.logging.logback.LogbackLoggingSystem.initialize(LogbackLoggingSystem.java:132)
	at org.springframework.boot.context.logging.LoggingApplicationListener.initializeSystem(LoggingApplicationListener.java:313)
	... 23 common frames omitted
2026-01-13 22:21:25 [restartedMain] ERROR org.springframework.boot.SpringApplication - Application run failed
java.lang.IllegalStateException: java.lang.IllegalStateException: Logback configuration error detected: 
ERROR in ch.qos.logback.core.rolling.RollingFileAppender[FILE] - 'FileNamePattern' option has the same value "log.path_IS_UNDEFINED/ishineportal-%d{yyyy-MM-dd}.%i.log" as that given for appender [FILE] defined earlier.
ERROR in ch.qos.logback.core.rolling.RollingFileAppender[FILE] - Collisions detected with FileAppender/RollingAppender instances defined earlier. Aborting.
ERROR in ch.qos.logback.core.rolling.RollingFileAppender[FILE] - For more information, please visit http://logback.qos.ch/codes.html#earlier_fa_collision
ERROR in ch.qos.logback.core.rolling.RollingFileAppender[FILE] - 'FileNamePattern' option has the same value "log.path_IS_UNDEFINED/ishineportal-%d{yyyy-MM-dd}.%i.log" as that given for appender [FILE] defined earlier.
ERROR in ch.qos.logback.core.rolling.RollingFileAppender[FILE] - Collisions detected with FileAppender/RollingAppender instances defined earlier. Aborting.
ERROR in ch.qos.logback.core.rolling.RollingFileAppender[FILE] - For more information, please visit http://logback.qos.ch/codes.html#earlier_fa_collision
	at org.springframework.boot.context.logging.LoggingApplicationListener.initializeSystem(LoggingApplicationListener.java:328)
	at org.springframework.boot.context.logging.LoggingApplicationListener.initialize(LoggingApplicationListener.java:282)
	at org.springframework.boot.context.logging.LoggingApplicationListener.onApplicationEnvironmentPreparedEvent(LoggingApplicationListener.java:240)
	at org.springframework.boot.context.logging.LoggingApplicationListener.onApplicationEvent(LoggingApplicationListener.java:216)
	at org.springframework.context.event.SimpleApplicationEventMulticaster.doInvokeListener(SimpleApplicationEventMulticaster.java:176)
	at org.springframework.context.event.SimpleApplicationEventMulticaster.invokeListener(SimpleApplicationEventMulticaster.java:169)
	at org.springframework.context.event.SimpleApplicationEventMulticaster.multicastEvent(SimpleApplicationEventMulticaster.java:143)
	at org.springframework.context.event.SimpleApplicationEventMulticaster.multicastEvent(SimpleApplicationEventMulticaster.java:131)
	at org.springframework.boot.context.event.EventPublishingRunListener.environmentPrepared(EventPublishingRunListener.java:85)
	at org.springframework.boot.SpringApplicationRunListeners.lambda$environmentPrepared$2(SpringApplicationRunListeners.java:66)
	at java.base/java.util.ArrayList.forEach(ArrayList.java:1511)
	at org.springframework.boot.SpringApplicationRunListeners.doWithListeners(SpringApplicationRunListeners.java:120)
	at org.springframework.boot.SpringApplicationRunListeners.doWithListeners(SpringApplicationRunListeners.java:114)
	at org.springframework.boot.SpringApplicationRunListeners.environmentPrepared(SpringApplicationRunListeners.java:65)
	at org.springframework.boot.SpringApplication.prepareEnvironment(SpringApplication.java:339)
	at org.springframework.boot.SpringApplication.run(SpringApplication.java:297)
	at org.springframework.boot.SpringApplication.run(SpringApplication.java:1312)
	at org.springframework.boot.SpringApplication.run(SpringApplication.java:1301)
	at com.apmosys.employeeportal.EmployeeportalApplication.main(EmployeeportalApplication.java:17)
	at java.base/jdk.internal.reflect.NativeMethodAccessorImpl.invoke0(Native Method)
	at java.base/jdk.internal.reflect.NativeMethodAccessorImpl.invoke(NativeMethodAccessorImpl.java:77)
	at java.base/jdk.internal.reflect.DelegatingMethodAccessorImpl.invoke(DelegatingMethodAccessorImpl.java:43)
	at java.base/java.lang.reflect.Method.invoke(Method.java:568)
	at org.springframework.boot.devtools.restart.RestartLauncher.run(RestartLauncher.java:49)
Caused by: java.lang.IllegalStateException: Logback configuration error detected: 
ERROR in ch.qos.logback.core.rolling.RollingFileAppender[FILE] - 'FileNamePattern' option has the same value "log.path_IS_UNDEFINED/ishineportal-%d{yyyy-MM-dd}.%i.log" as that given for appender [FILE] defined earlier.
ERROR in ch.qos.logback.core.rolling.RollingFileAppender[FILE] - Collisions detected with FileAppender/RollingAppender instances defined earlier. Aborting.
ERROR in ch.qos.logback.core.rolling.RollingFileAppender[FILE] - For more information, please visit http://logback.qos.ch/codes.html#earlier_fa_collision
ERROR in ch.qos.logback.core.rolling.RollingFileAppender[FILE] - 'FileNamePattern' option has the same value "log.path_IS_UNDEFINED/ishineportal-%d{yyyy-MM-dd}.%i.log" as that given for appender [FILE] defined earlier.
ERROR in ch.qos.logback.core.rolling.RollingFileAppender[FILE] - Collisions detected with FileAppender/RollingAppender instances defined earlier. Aborting.
ERROR in ch.qos.logback.core.rolling.RollingFileAppender[FILE] - For more information, please visit http://logback.qos.ch/codes.html#earlier_fa_collision
	at org.springframework.boot.logging.logback.LogbackLoggingSystem.loadConfiguration(LogbackLoggingSystem.java:179)
	at org.springframework.boot.logging.AbstractLoggingSystem.initializeWithConventions(AbstractLoggingSystem.java:80)
	at org.springframework.boot.logging.AbstractLoggingSystem.initialize(AbstractLoggingSystem.java:60)
	at org.springframework.boot.logging.logback.LogbackLoggingSystem.initialize(LogbackLoggingSystem.java:132)
	at org.springframework.boot.context.logging.LoggingApplicationListener.initializeSystem(LoggingApplicationListener.java:313)
	... 23 common frames omitted
2026-01-13 22:21:25 [restartedMain] INFO  com.apmosys.employeeportal.EmployeeportalApplication - Starting EmployeeportalApplication using Java 17.0.5 on Apmosyslt05M with PID 101062 (/home/apmosys/Documents/LatestWorkSpace/Rewamp_Cleaning/employeeportal_revamp/target/classes started by apmosys in /home/apmosys/Documents/LatestWorkSpace/Rewamp_Cleaning/employeeportal_revamp)
2026-01-13 22:21:26 [restartedMain] INFO  com.apmosys.employeeportal.EmployeeportalApplication - The following 1 profile is active: "uat"
2026-01-13 22:21:34 [restartedMain] INFO  org.springframework.data.repository.config.RepositoryConfigurationDelegate - Finished Spring Data repository scanning in 47453 ms. Found 169 JPA repository interfaces.
2026-01-13 22:21:34 [restartedMain] INFO  org.springframework.data.repository.config.RepositoryConfigurationDelegate - Finished Spring Data repository scanning in 50493 ms. Found 169 JPA repository interfaces.
2026-01-13 22:21:38 [restartedMain] INFO  org.springframework.data.repository.config.RepositoryConfigurationDelegate - Multiple Spring Data modules found, entering strict repository configuration mode!
2026-01-13 22:21:38 [restartedMain] INFO  org.springframework.data.repository.config.RepositoryConfigurationDelegate - Bootstrapping Spring Data MongoDB repositories in DEFAULT mode.
2026-01-13 22:21:40 [restartedMain] INFO  org.springframework.data.repository.config.RepositoryConfigurationDelegate - Multiple Spring Data modules found, entering strict repository configuration mode!
2026-01-13 22:21:40 [restartedMain] INFO  org.springframework.data.repository.config.RepositoryConfigurationDelegate - Bootstrapping Spring Data MongoDB repositories in DEFAULT mode.
2026-01-13 22:22:15 [restartedMain] INFO  org.springframework.data.repository.config.RepositoryConfigurationExtensionSupport - Spring Data MongoDB - Could not safely identify store assignment for repository candidate interface com.apmosys.employeeportal.repository.ActivitiesRepository. If you want this repository to be a MongoDB repository, consider annotating your entities with one of these annotations: org.springframework.data.mongodb.core.mapping.Document (preferred), or consider extending one of the following types with your repository: org.springframework.data.mongodb.repository.MongoRepository.
2026-01-13 22:22:15 [restartedMain] INFO  org.springframework.data.repository.config.RepositoryConfigurationExtensionSupport - Spring Data MongoDB - Could not safely identify store assignment for repository candidate interface com.apmosys.employeeportal.repository.ActivityTemplateRepository. If you want this repository to be a MongoDB repository, consider annotating your entities with one of these annotations: org.springframework.data.mongodb.core.mapping.Document (preferred), or consider extending one of the following types with your repository: org.springframework.data.mongodb.repository.MongoRepository.
2026-01-13 22:22:15 [restartedMain] INFO  org.springframework.data.repository.config.RepositoryConfigurationExtensionSupport - Spring Data MongoDB - Could not safely identify store assignment for repository candidate interface com.apmosys.employeeportal.repository.ApiLogRepository. If you want this repository to be a MongoDB repository, consider annotating your entities with one of these annotations: org.springframework.data.mongodb.core.mapping.Document (preferred), or consider extending one of the following types with your repository: org.springframework.data.mongodb.repository.MongoRepository.
2026-01-13 22:22:15 [restartedMain] INFO  org.springframework.data.repository.config.RepositoryConfigurationExtensionSupport - Spring Data MongoDB - Could not safely identify store assignment for repository candidate interface com.apmosys.employeeportal.repository.ApiSourceRepository. If you want this repository to be a MongoDB repository, consider annotating your entities with one of these annotations: org.springframework.data.mongodb.core.mapping.Document (preferred), or consider extending one of the following types with your repository: org.springframework.data.mongodb.repository.MongoRepository.
2026-01-13 22:22:15 [restartedMain] INFO  org.springframework.data.repository.config.RepositoryConfigurationExtensionSupport - Spring Data MongoDB - Could not safely identify store assignment for repository candidate interface com.apmosys.employeeportal.repository.AppraisalSummaryRepository. If you want this repository to be a MongoDB repository, consider annotating your entities with one of these annotations: org.springframework.data.mongodb.core.mapping.Document (preferred), or consider extending one of the following types with your repository: org.springframework.data.mongodb.repository.MongoRepository.
2026-01-13 22:22:15 [restartedMain] INFO  org.springframework.data.repository.config.RepositoryConfigurationExtensionSupport - Spring Data MongoDB - Could not safely identify store assignment for repository candidate interface com.apmosys.employeeportal.repository.AppreciationRepository. If you want this repository to be a MongoDB repository, consider annotating your entities with one of these annotations: org.springframework.data.mongodb.core.mapping.Document (preferred), or consider extending one of the following types with your repository: org.springframework.data.mongodb.repository.MongoRepository.
2026-01-13 22:22:15 [restartedMain] INFO  org.springframework.data.repository.config.RepositoryConfigurationExtensionSupport - Spring Data MongoDB - Could not safely identify store assignment for repository candidate interface com.apmosys.employeeportal.repository.BioMaxRequestIssueRepository. If you want this repository to be a MongoDB repository, consider annotating your entities with one of these annotations: org.springframework.data.mongodb.core.mapping.Document (preferred), or consider extending one of the following types with your repository: org.springframework.data.mongodb.repository.MongoRepository.
2026-01-13 22:22:15 [restartedMain] INFO  org.springframework.data.repository.config.RepositoryConfigurationExtensionSupport - Spring Data MongoDB - Could not safely identify store assignment for repository candidate interface com.apmosys.employeeportal.repository.BiomaxDefaulterRepository. If you want this repository to be a MongoDB repository, consider annotating your entities with one of these annotations: org.springframework.data.mongodb.core.mapping.Document (preferred), or consider extending one of the following types with your repository: org.springframework.data.mongodb.repository.MongoRepository.
2026-01-13 22:22:15 [restartedMain] INFO  org.springframework.data.repository.config.RepositoryConfigurationExtensionSupport - Spring Data MongoDB - Could not safely identify store assignment for repository candidate interface com.apmosys.employeeportal.repository.BiomaxRequestRepository. If you want this repository to be a MongoDB repository, consider annotating your entities with one of these annotations: org.springframework.data.mongodb.core.mapping.Document (preferred), or consider extending one of the following types with your repository: org.springframework.data.mongodb.repository.MongoRepository.
2026-01-13 22:22:15 [restartedMain] INFO  org.springframework.data.repository.config.RepositoryConfigurationExtensionSupport - Spring Data MongoDB - Could not safely identify store assignment for repository candidate interface com.apmosys.employeeportal.repository.BirthdayMailRepository. If you want this repository to be a MongoDB repository, consider annotating your entities with one of these annotations: org.springframework.data.mongodb.core.mapping.Document (preferred), or consider extending one of the following types with your repository: org.springframework.data.mongodb.repository.MongoRepository.
2026-01-13 22:22:15 [restartedMain] INFO  org.springframework.data.repository.config.RepositoryConfigurationExtensionSupport - Spring Data MongoDB - Could not safely identify store assignment for repository candidate interface com.apmosys.employeeportal.repository.CertificateDocumentMapRepository. If you want this repository to be a MongoDB repository, consider annotating your entities with one of these annotations: org.springframework.data.mongodb.core.mapping.Document (preferred), or consider extending one of the following types with your repository: org.springframework.data.mongodb.repository.MongoRepository.
2026-01-13 22:22:15 [restartedMain] INFO  org.springframework.data.repository.config.RepositoryConfigurationExtensionSupport - Spring Data MongoDB - Could not safely identify store assignment for repository candidate interface com.apmosys.employeeportal.repository.CertificateDriveLinkMapRepository. If you want this repository to be a MongoDB repository, consider annotating your entities with one of these annotations: org.springframework.data.mongodb.core.mapping.Document (preferred), or consider extending one of the following types with your repository: org.springframework.data.mongodb.repository.MongoRepository.
2026-01-13 22:22:15 [restartedMain] INFO  org.springframework.data.repository.config.RepositoryConfigurationExtensionSupport - Spring Data MongoDB - Could not safely identify store assignment for repository candidate interface com.apmosys.employeeportal.repository.CertificateSkillMapRepository. If you want this repository to be a MongoDB repository, consider annotating your entities with one of these annotations: org.springframework.data.mongodb.core.mapping.Document (preferred), or consider extending one of the following types with your repository: org.springframework.data.mongodb.repository.MongoRepository.
2026-01-13 22:22:15 [restartedMain] INFO  org.springframework.data.repository.config.RepositoryConfigurationExtensionSupport - Spring Data MongoDB - Could not safely identify store assignment for repository candidate interface com.apmosys.employeeportal.repository.CityRepository. If you want this repository to be a MongoDB repository, consider annotating your entities with one of these annotations: org.springframework.data.mongodb.core.mapping.Document (preferred), or consider extending one of the following types with your repository: org.springframework.data.mongodb.repository.MongoRepository.
2026-01-13 22:22:15 [restartedMain] INFO  org.springframework.data.repository.config.RepositoryConfigurationExtensionSupport - Spring Data MongoDB - Could not safely identify store assignment for repository candidate interface com.apmosys.employeeportal.repository.ClientLocationRepository. If you want this repository to be a MongoDB repository, consider annotating your entities with one of these annotations: org.springframework.data.mongodb.core.mapping.Document (preferred), or consider extending one of the following types with your repository: org.springframework.data.mongodb.repository.MongoRepository.
2026-01-13 22:22:15 [restartedMain] INFO  org.springframework.data.repository.config.RepositoryConfigurationExtensionSupport - Spring Data MongoDB - Could not safely identify store assignment for repository candidate interface com.apmosys.employeeportal.repository.ClientStatusMasterNewRepository. If you want this repository to be a MongoDB repository, consider annotating your entities with one of these annotations: org.springframework.data.mongodb.core.mapping.Document (preferred), or consider extending one of the following types with your repository: org.springframework.data.mongodb.repository.MongoRepository.
2026-01-13 22:22:15 [restartedMain] INFO  org.springframework.data.repository.config.RepositoryConfigurationExtensionSupport - Spring Data MongoDB - Could not safely identify store assignment for repository candidate interface com.apmosys.employeeportal.repository.ClientsRepository. If you want this repository to be a MongoDB repository, consider annotating your entities with one of these annotations: org.springframework.data.mongodb.core.mapping.Document (preferred), or consider extending one of the following types with your repository: org.springframework.data.mongodb.repository.MongoRepository.
2026-01-13 22:22:15 [restartedMain] INFO  org.springframework.data.repository.config.RepositoryConfigurationExtensionSupport - Spring Data MongoDB - Could not safely identify store assignment for repository candidate interface com.apmosys.employeeportal.repository.CompOffLeaveRepository. If you want this repository to be a MongoDB repository, consider annotating your entities with one of these annotations: org.springframework.data.mongodb.core.mapping.Document (preferred), or consider extending one of the following types with your repository: org.springframework.data.mongodb.repository.MongoRepository.
2026-01-13 22:22:15 [restartedMain] INFO  org.springframework.data.repository.config.RepositoryConfigurationExtensionSupport - Spring Data MongoDB - Could not safely identify store assignment for repository candidate interface com.apmosys.employeeportal.repository.CompOffMasterRepository. If you want this repository to be a MongoDB repository, consider annotating your entities with one of these annotations: org.springframework.data.mongodb.core.mapping.Document (preferred), or consider extending one of the following types with your repository: org.springframework.data.mongodb.repository.MongoRepository.
2026-01-13 22:22:15 [restartedMain] INFO  org.springframework.data.repository.config.RepositoryConfigurationExtensionSupport - Spring Data MongoDB - Could not safely identify store assignment for repository candidate interface com.apmosys.employeeportal.repository.CustomQueryDetailsRepository. If you want this repository to be a MongoDB repository, consider annotating your entities with one of these annotations: org.springframework.data.mongodb.core.mapping.Document (preferred), or consider extending one of the following types with your repository: org.springframework.data.mongodb.repository.MongoRepository.
2026-01-13 22:22:15 [restartedMain] INFO  org.springframework.data.repository.config.RepositoryConfigurationExtensionSupport - Spring Data MongoDB - Could not safely identify store assignment for repository candidate interface com.apmosys.employeeportal.repository.DayTypeMasterNewRepository. If you want this repository to be a MongoDB repository, consider annotating your entities with one of these annotations: org.springframework.data.mongodb.core.mapping.Document (preferred), or consider extending one of the following types with your repository: org.springframework.data.mongodb.repository.MongoRepository.
2026-01-13 22:22:15 [restartedMain] INFO  org.springframework.data.repository.config.RepositoryConfigurationExtensionSupport - Spring Data MongoDB - Could not safely identify store assignment for repository candidate interface com.apmosys.employeeportal.repository.DeliveryModeRepository. If you want this repository to be a MongoDB repository, consider annotating your entities with one of these annotations: org.springframework.data.mongodb.core.mapping.Document (preferred), or consider extending one of the following types with your repository: org.springframework.data.mongodb.repository.MongoRepository.
2026-01-13 22:22:15 [restartedMain] INFO  org.springframework.data.repository.config.RepositoryConfigurationExtensionSupport - Spring Data MongoDB - Could not safely identify store assignment for repository candidate interface com.apmosys.employeeportal.repository.DepartmentRepository. If you want this repository to be a MongoDB repository, consider annotating your entities with one of these annotations: org.springframework.data.mongodb.core.mapping.Document (preferred), or consider extending one of the following types with your repository: org.springframework.data.mongodb.repository.MongoRepository.
2026-01-13 22:22:15 [restartedMain] INFO  org.springframework.data.repository.config.RepositoryConfigurationExtensionSupport - Spring Data MongoDB - Could not safely identify store assignment for repository candidate interface com.apmosys.employeeportal.repository.DesignationDepartmentMapRepository. If you want this repository to be a MongoDB repository, consider annotating your entities with one of these annotations: org.springframework.data.mongodb.core.mapping.Document (preferred), or consider extending one of the following types with your repository: org.springframework.data.mongodb.repository.MongoRepository.
2026-01-13 22:22:15 [restartedMain] INFO  org.springframework.data.repository.config.RepositoryConfigurationExtensionSupport - Spring Data MongoDB - Could not safely identify store assignment for repository candidate interface com.apmosys.employeeportal.repository.DesignationRepository. If you want this repository to be a MongoDB repository, consider annotating your entities with one of these annotations: org.springframework.data.mongodb.core.mapping.Document (preferred), or consider extending one of the following types with your repository: org.springframework.data.mongodb.repository.MongoRepository.
2026-01-13 22:22:15 [restartedMain] INFO  org.springframework.data.repository.config.RepositoryConfigurationExtensionSupport - Spring Data MongoDB - Could not safely identify store assignment for repository candidate interface com.apmosys.employeeportal.repository.DocMimeTypeMasterNewRepository. If you want this repository to be a MongoDB repository, consider annotating your entities with one of these annotations: org.springframework.data.mongodb.core.mapping.Document (preferred), or consider extending one of the following types with your repository: org.springframework.data.mongodb.repository.MongoRepository.
2026-01-13 22:22:15 [restartedMain] INFO  org.springframework.data.repository.config.RepositoryConfigurationExtensionSupport - Spring Data MongoDB - Could not safely identify store assignment for repository candidate interface com.apmosys.employeeportal.repository.DomainRepository. If you want this repository to be a MongoDB repository, consider annotating your entities with one of these annotations: org.springframework.data.mongodb.core.mapping.Document (preferred), or consider extending one of the following types with your repository: org.springframework.data.mongodb.repository.MongoRepository.
2026-01-13 22:22:15 [restartedMain] INFO  org.springframework.data.repository.config.RepositoryConfigurationExtensionSupport - Spring Data MongoDB - Could not safely identify store assignment for repository candidate interface com.apmosys.employeeportal.repository.DraftEmployeeRepository. If you want this repository to be a MongoDB repository, consider annotating your entities with one of these annotations: org.springframework.data.mongodb.core.mapping.Document (preferred), or consider extending one of the following types with your repository: org.springframework.data.mongodb.repository.MongoRepository.
2026-01-13 22:22:15 [restartedMain] INFO  org.springframework.data.repository.config.RepositoryConfigurationExtensionSupport - Spring Data MongoDB - Could not safely identify store assignment for repository candidate interface com.apmosys.employeeportal.repository.EmpPrimaryProjectMappingRepository. If you want this repository to be a MongoDB repository, consider annotating your entities with one of these annotations: org.springframework.data.mongodb.core.mapping.Document (preferred), or consider extending one of the following types with your repository: org.springframework.data.mongodb.repository.MongoRepository.
2026-01-13 22:22:15 [restartedMain] INFO  org.springframework.data.repository.config.RepositoryConfigurationExtensionSupport - Spring Data MongoDB - Could not safely identify store assignment for repository candidate interface com.apmosys.employeeportal.repository.Employee360Repository. If you want this repository to be a MongoDB repository, consider annotating your entities with one of these annotations: org.springframework.data.mongodb.core.mapping.Document (preferred), or consider extending one of the following types with your repository: org.springframework.data.mongodb.repository.MongoRepository.
2026-01-13 22:22:15 [restartedMain] INFO  org.springframework.data.repository.config.RepositoryConfigurationExtensionSupport - Spring Data MongoDB - Could not safely identify store assignment for repository candidate interface com.apmosys.employeeportal.repository.EmployeeCertificateRepository. If you want this repository to be a MongoDB repository, consider annotating your entities with one of these annotations: org.springframework.data.mongodb.core.mapping.Document (preferred), or consider extending one of the following types with your repository: org.springframework.data.mongodb.repository.MongoRepository.
2026-01-13 22:22:15 [restartedMain] INFO  org.springframework.data.repository.config.RepositoryConfigurationExtensionSupport - Spring Data MongoDB - Could not safely identify store assignment for repository candidate interface com.apmosys.employeeportal.repository.EmployeeCertificatesRepository. If you want this repository to be a MongoDB repository, consider annotating your entities with one of these annotations: org.springframework.data.mongodb.core.mapping.Document (preferred), or consider extending one of the following types with your repository: org.springframework.data.mongodb.repository.MongoRepository.
2026-01-13 22:22:15 [restartedMain] INFO  org.springframework.data.repository.config.RepositoryConfigurationExtensionSupport - Spring Data MongoDB - Could not safely identify store assignment for repository candidate interface com.apmosys.employeeportal.repository.EmployeeClientSideIdMappingNewRepository. If you want this repository to be a MongoDB repository, consider annotating your entities with one of these annotations: org.springframework.data.mongodb.core.mapping.Document (preferred), or consider extending one of the following types with your repository: org.springframework.data.mongodb.repository.MongoRepository.
2026-01-13 22:22:15 [restartedMain] INFO  org.springframework.data.repository.config.RepositoryConfigurationExtensionSupport - Spring Data MongoDB - Could not safely identify store assignment for repository candidate interface com.apmosys.employeeportal.repository.EmployeeClientSideIdMappingRepository. If you want this repository to be a MongoDB repository, consider annotating your entities with one of these annotations: org.springframework.data.mongodb.core.mapping.Document (preferred), or consider extending one of the following types with your repository: org.springframework.data.mongodb.repository.MongoRepository.
2026-01-13 22:22:15 [restartedMain] INFO  org.springframework.data.repository.config.RepositoryConfigurationExtensionSupport - Spring Data MongoDB - Could not safely identify store assignment for repository candidate interface com.apmosys.employeeportal.repository.EmployeeDocumentRepository. If you want this repository to be a MongoDB repository, consider annotating your entities with one of these annotations: org.springframework.data.mongodb.core.mapping.Document (preferred), or consider extending one of the following types with your repository: org.springframework.data.mongodb.repository.MongoRepository.
2026-01-13 22:22:15 [restartedMain] INFO  org.springframework.data.repository.config.RepositoryConfigurationExtensionSupport - Spring Data MongoDB - Could not safely identify store assignment for repository candidate interface com.apmosys.employeeportal.repository.EmployeeGoalRepository. If you want this repository to be a MongoDB repository, consider annotating your entities with one of these annotations: org.springframework.data.mongodb.core.mapping.Document (preferred), or consider extending one of the following types with your repository: org.springframework.data.mongodb.repository.MongoRepository.
2026-01-13 22:22:15 [restartedMain] INFO  org.springframework.data.repository.config.RepositoryConfigurationExtensionSupport - Spring Data MongoDB - Could not safely identify store assignment for repository candidate interface com.apmosys.employeeportal.repository.EmployeeKpiMappingRepository. If you want this repository to be a MongoDB repository, consider annotating your entities with one of these annotations: org.springframework.data.mongodb.core.mapping.Document (preferred), or consider extending one of the following types with your repository: org.springframework.data.mongodb.repository.MongoRepository.
2026-01-13 22:22:15 [restartedMain] INFO  org.springframework.data.repository.config.RepositoryConfigurationExtensionSupport - Spring Data MongoDB - Could not safely identify store assignment for repository candidate interface com.apmosys.employeeportal.repository.EmployeeKpiRepository. If you want this repository to be a MongoDB repository, consider annotating your entities with one of these annotations: org.springframework.data.mongodb.core.mapping.Document (preferred), or consider extending one of the following types with your repository: org.springframework.data.mongodb.repository.MongoRepository.
2026-01-13 22:22:15 [restartedMain] INFO  org.springframework.data.repository.config.RepositoryConfigurationExtensionSupport - Spring Data MongoDB - Could not safely identify store assignment for repository candidate interface com.apmosys.employeeportal.repository.EmployeeLeaveRepository. If you want this repository to be a MongoDB repository, consider annotating your entities with one of these annotations: org.springframework.data.mongodb.core.mapping.Document (preferred), or consider extending one of the following types with your repository: org.springframework.data.mongodb.repository.MongoRepository.
2026-01-13 22:22:15 [restartedMain] INFO  org.springframework.data.repository.config.RepositoryConfigurationExtensionSupport - Spring Data MongoDB - Could not safely identify store assignment for repository candidate interface com.apmosys.employeeportal.repository.EmployeeLeavesMapRepository. If you want this repository to be a MongoDB repository, consider annotating your entities with one of these annotations: org.springframework.data.mongodb.core.mapping.Document (preferred), or consider extending one of the following types with your repository: org.springframework.data.mongodb.repository.MongoRepository.
2026-01-13 22:22:15 [restartedMain] INFO  org.springframework.data.repository.config.RepositoryConfigurationExtensionSupport - Spring Data MongoDB - Could not safely identify store assignment for repository candidate interface com.apmosys.employeeportal.repository.EmployeeNotificationConsentRepository. If you want this repository to be a MongoDB repository, consider annotating your entities with one of these annotations: org.springframework.data.mongodb.core.mapping.Document (preferred), or consider extending one of the following types with your repository: org.springframework.data.mongodb.repository.MongoRepository.
2026-01-13 22:22:15 [restartedMain] INFO  org.springframework.data.repository.config.RepositoryConfigurationExtensionSupport - Spring Data MongoDB - Could not safely identify store assignment for repository candidate interface com.apmosys.employeeportal.repository.EmployeeOnBoardingMapRepository. If you want this repository to be a MongoDB repository, consider annotating your entities with one of these annotations: org.springframework.data.mongodb.core.mapping.Document (preferred), or consider extending one of the following types with your repository: org.springframework.data.mongodb.repository.MongoRepository.
2026-01-13 22:22:15 [restartedMain] INFO  org.springframework.data.repository.config.RepositoryConfigurationExtensionSupport - Spring Data MongoDB - Could not safely identify store assignment for repository candidate interface com.apmosys.employeeportal.repository.EmployeeOnBoardingRepository. If you want this repository to be a MongoDB repository, consider annotating your entities with one of these annotations: org.springframework.data.mongodb.core.mapping.Document (preferred), or consider extending one of the following types with your repository: org.springframework.data.mongodb.repository.MongoRepository.
2026-01-13 22:22:15 [restartedMain] INFO  org.springframework.data.repository.config.RepositoryConfigurationExtensionSupport - Spring Data MongoDB - Could not safely identify store assignment for repository candidate interface com.apmosys.employeeportal.repository.EmployeePerformanceRepository. If you want this repository to be a MongoDB repository, consider annotating your entities with one of these annotations: org.springframework.data.mongodb.core.mapping.Document (preferred), or consider extending one of the following types with your repository: org.springframework.data.mongodb.repository.MongoRepository.
2026-01-13 22:22:15 [restartedMain] INFO  org.springframework.data.repository.config.RepositoryConfigurationExtensionSupport - Spring Data MongoDB - Could not safely identify store assignment for repository candidate interface com.apmosys.employeeportal.repository.EmployeeRatingPerformanceRepository. If you want this repository to be a MongoDB repository, consider annotating your entities with one of these annotations: org.springframework.data.mongodb.core.mapping.Document (preferred), or consider extending one of the following types with your repository: org.springframework.data.mongodb.repository.MongoRepository.
2026-01-13 22:22:15 [restartedMain] INFO  org.springframework.data.repository.config.RepositoryConfigurationExtensionSupport - Spring Data MongoDB - Could not safely identify store assignment for repository candidate interface com.apmosys.employeeportal.repository.EmployeeRepository. If you want this repository to be a MongoDB repository, consider annotating your entities with one of these annotations: org.springframework.data.mongodb.core.mapping.Document (preferred), or consider extending one of the following types with your repository: org.springframework.data.mongodb.repository.MongoRepository.
2026-01-13 22:22:15 [restartedMain] INFO  org.springframework.data.repository.config.RepositoryConfigurationExtensionSupport - Spring Data MongoDB - Could not safely identify store assignment for repository candidate interface com.apmosys.employeeportal.repository.EmployeeResignationRepository. If you want this repository to be a MongoDB repository, consider annotating your entities with one of these annotations: org.springframework.data.mongodb.core.mapping.Document (preferred), or consider extending one of the following types with your repository: org.springframework.data.mongodb.repository.MongoRepository.
2026-01-13 22:22:15 [restartedMain] INFO  org.springframework.data.repository.config.RepositoryConfigurationExtensionSupport - Spring Data MongoDB - Could not safely identify store assignment for repository candidate interface com.apmosys.employeeportal.repository.EmployeeRewardsRepository. If you want this repository to be a MongoDB repository, consider annotating your entities with one of these annotations: org.springframework.data.mongodb.core.mapping.Document (preferred), or consider extending one of the following types with your repository: org.springframework.data.mongodb.repository.MongoRepository.
2026-01-13 22:22:15 [restartedMain] INFO  org.springframework.data.repository.config.RepositoryConfigurationExtensionSupport - Spring Data MongoDB - Could not safely identify store assignment for repository candidate interface com.apmosys.employeeportal.repository.EmployeeRoleMasterRepository. If you want this repository to be a MongoDB repository, consider annotating your entities with one of these annotations: org.springframework.data.mongodb.core.mapping.Document (preferred), or consider extending one of the following types with your repository: org.springframework.data.mongodb.repository.MongoRepository.
2026-01-13 22:22:15 [restartedMain] INFO  org.springframework.data.repository.config.RepositoryConfigurationExtensionSupport - Spring Data MongoDB - Could not safely identify store assignment for repository candidate interface com.apmosys.employeeportal.repository.EmployeeSkillProficiencyMappingRepository. If you want this repository to be a MongoDB repository, consider annotating your entities with one of these annotations: org.springframework.data.mongodb.core.mapping.Document (preferred), or consider extending one of the following types with your repository: org.springframework.data.mongodb.repository.MongoRepository.
2026-01-13 22:22:16 [restartedMain] INFO  org.springframework.data.repository.config.RepositoryConfigurationExtensionSupport - Spring Data MongoDB - Could not safely identify store assignment for repository candidate interface com.apmosys.employeeportal.repository.EmployeeSpecializationMapRepository. If you want this repository to be a MongoDB repository, consider annotating your entities with one of these annotations: org.springframework.data.mongodb.core.mapping.Document (preferred), or consider extending one of the following types with your repository: org.springframework.data.mongodb.repository.MongoRepository.
2026-01-13 22:22:16 [restartedMain] INFO  org.springframework.data.repository.config.RepositoryConfigurationExtensionSupport - Spring Data MongoDB - Could not safely identify store assignment for repository candidate interface com.apmosys.employeeportal.repository.EmployeeTeamMapRepository. If you want this repository to be a MongoDB repository, consider annotating your entities with one of these annotations: org.springframework.data.mongodb.core.mapping.Document (preferred), or consider extending one of the following types with your repository: org.springframework.data.mongodb.repository.MongoRepository.
2026-01-13 22:22:16 [restartedMain] INFO  org.springframework.data.repository.config.RepositoryConfigurationExtensionSupport - Spring Data MongoDB - Could not safely identify store assignment for repository candidate interface com.apmosys.employeeportal.repository.EmployeeTimesheetLocationMappingRepository. If you want this repository to be a MongoDB repository, consider annotating your entities with one of these annotations: org.springframework.data.mongodb.core.mapping.Document (preferred), or consider extending one of the following types with your repository: org.springframework.data.mongodb.repository.MongoRepository.
2026-01-13 22:22:16 [restartedMain] INFO  org.springframework.data.repository.config.RepositoryConfigurationExtensionSupport - Spring Data MongoDB - Could not safely identify store assignment for repository candidate interface com.apmosys.employeeportal.repository.EmployeeTimesheetsNewRepository. If you want this repository to be a MongoDB repository, consider annotating your entities with one of these annotations: org.springframework.data.mongodb.core.mapping.Document (preferred), or consider extending one of the following types with your repository: org.springframework.data.mongodb.repository.MongoRepository.
2026-01-13 22:22:16 [restartedMain] INFO  org.springframework.data.repository.config.RepositoryConfigurationExtensionSupport - Spring Data MongoDB - Could not safely identify store assignment for repository candidate interface com.apmosys.employeeportal.repository.EmployeeexcludedFromLeaveRepository. If you want this repository to be a MongoDB repository, consider annotating your entities with one of these annotations: org.springframework.data.mongodb.core.mapping.Document (preferred), or consider extending one of the following types with your repository: org.springframework.data.mongodb.repository.MongoRepository.
2026-01-13 22:22:16 [restartedMain] INFO  org.springframework.data.repository.config.RepositoryConfigurationExtensionSupport - Spring Data MongoDB - Could not safely identify store assignment for repository candidate interface com.apmosys.employeeportal.repository.EnableAppreciationRepository. If you want this repository to be a MongoDB repository, consider annotating your entities with one of these annotations: org.springframework.data.mongodb.core.mapping.Document (preferred), or consider extending one of the following types with your repository: org.springframework.data.mongodb.repository.MongoRepository.
2026-01-13 22:22:16 [restartedMain] INFO  org.springframework.data.repository.config.RepositoryConfigurationExtensionSupport - Spring Data MongoDB - Could not safely identify store assignment for repository candidate interface com.apmosys.employeeportal.repository.EventPhotosRepository. If you want this repository to be a MongoDB repository, consider annotating your entities with one of these annotations: org.springframework.data.mongodb.core.mapping.Document (preferred), or consider extending one of the following types with your repository: org.springframework.data.mongodb.repository.MongoRepository.
2026-01-13 22:22:16 [restartedMain] INFO  org.springframework.data.repository.config.RepositoryConfigurationExtensionSupport - Spring Data MongoDB - Could not safely identify store assignment for repository candidate interface com.apmosys.employeeportal.repository.ExitInterviewResponseRepository. If you want this repository to be a MongoDB repository, consider annotating your entities with one of these annotations: org.springframework.data.mongodb.core.mapping.Document (preferred), or consider extending one of the following types with your repository: org.springframework.data.mongodb.repository.MongoRepository.
2026-01-13 22:22:16 [restartedMain] INFO  org.springframework.data.repository.config.RepositoryConfigurationExtensionSupport - Spring Data MongoDB - Could not safely identify store assignment for repository candidate interface com.apmosys.employeeportal.repository.ExpenditureTypeRepository. If you want this repository to be a MongoDB repository, consider annotating your entities with one of these annotations: org.springframework.data.mongodb.core.mapping.Document (preferred), or consider extending one of the following types with your repository: org.springframework.data.mongodb.repository.MongoRepository.
2026-01-13 22:22:16 [restartedMain] INFO  org.springframework.data.repository.config.RepositoryConfigurationExtensionSupport - Spring Data MongoDB - Could not safely identify store assignment for repository candidate interface com.apmosys.employeeportal.repository.FCLineItemRepository. If you want this repository to be a MongoDB repository, consider annotating your entities with one of these annotations: org.springframework.data.mongodb.core.mapping.Document (preferred), or consider extending one of the following types with your repository: org.springframework.data.mongodb.repository.MongoRepository.
2026-01-13 22:22:16 [restartedMain] INFO  org.springframework.data.repository.config.RepositoryConfigurationExtensionSupport - Spring Data MongoDB - Could not safely identify store assignment for repository candidate interface com.apmosys.employeeportal.repository.FCProjectMilestoneRepository. If you want this repository to be a MongoDB repository, consider annotating your entities with one of these annotations: org.springframework.data.mongodb.core.mapping.Document (preferred), or consider extending one of the following types with your repository: org.springframework.data.mongodb.repository.MongoRepository.
2026-01-13 22:22:16 [restartedMain] INFO  org.springframework.data.repository.config.RepositoryConfigurationExtensionSupport - Spring Data MongoDB - Could not safely identify store assignment for repository candidate interface com.apmosys.employeeportal.repository.FeatureMasterRepository. If you want this repository to be a MongoDB repository, consider annotating your entities with one of these annotations: org.springframework.data.mongodb.core.mapping.Document (preferred), or consider extending one of the following types with your repository: org.springframework.data.mongodb.repository.MongoRepository.
2026-01-13 22:22:16 [restartedMain] INFO  org.springframework.data.repository.config.RepositoryConfigurationExtensionSupport - Spring Data MongoDB - Could not safely identify store assignment for repository candidate interface com.apmosys.employeeportal.repository.FieldAlterationRepository. If you want this repository to be a MongoDB repository, consider annotating your entities with one of these annotations: org.springframework.data.mongodb.core.mapping.Document (preferred), or consider extending one of the following types with your repository: org.springframework.data.mongodb.repository.MongoRepository.
2026-01-13 22:22:16 [restartedMain] INFO  org.springframework.data.repository.config.RepositoryConfigurationExtensionSupport - Spring Data MongoDB - Could not safely identify store assignment for repository candidate interface com.apmosys.employeeportal.repository.FilePathRepo. If you want this repository to be a MongoDB repository, consider annotating your entities with one of these annotations: org.springframework.data.mongodb.core.mapping.Document (preferred), or consider extending one of the following types with your repository: org.springframework.data.mongodb.repository.MongoRepository.
2026-01-13 22:22:16 [restartedMain] INFO  org.springframework.data.repository.config.RepositoryConfigurationExtensionSupport - Spring Data MongoDB - Could not safely identify store assignment for repository candidate interface com.apmosys.employeeportal.repository.FinalDocumentNewRepository. If you want this repository to be a MongoDB repository, consider annotating your entities with one of these annotations: org.springframework.data.mongodb.core.mapping.Document (preferred), or consider extending one of the following types with your repository: org.springframework.data.mongodb.repository.MongoRepository.
2026-01-13 22:22:16 [restartedMain] INFO  org.springframework.data.repository.config.RepositoryConfigurationExtensionSupport - Spring Data MongoDB - Could not safely identify store assignment for repository candidate interface com.apmosys.employeeportal.repository.FinalDocumentRepository. If you want this repository to be a MongoDB repository, consider annotating your entities with one of these annotations: org.springframework.data.mongodb.core.mapping.Document (preferred), or consider extending one of the following types with your repository: org.springframework.data.mongodb.repository.MongoRepository.
2026-01-13 22:22:16 [restartedMain] INFO  org.springframework.data.repository.config.RepositoryConfigurationExtensionSupport - Spring Data MongoDB - Could not safely identify store assignment for repository candidate interface com.apmosys.employeeportal.repository.FoodTypeRepository. If you want this repository to be a MongoDB repository, consider annotating your entities with one of these annotations: org.springframework.data.mongodb.core.mapping.Document (preferred), or consider extending one of the following types with your repository: org.springframework.data.mongodb.repository.MongoRepository.
2026-01-13 22:22:16 [restartedMain] INFO  org.springframework.data.repository.config.RepositoryConfigurationExtensionSupport - Spring Data MongoDB - Could not safely identify store assignment for repository candidate interface com.apmosys.employeeportal.repository.GoalRemarksRepository. If you want this repository to be a MongoDB repository, consider annotating your entities with one of these annotations: org.springframework.data.mongodb.core.mapping.Document (preferred), or consider extending one of the following types with your repository: org.springframework.data.mongodb.repository.MongoRepository.
2026-01-13 22:22:16 [restartedMain] INFO  org.springframework.data.repository.config.RepositoryConfigurationExtensionSupport - Spring Data MongoDB - Could not safely identify store assignment for repository candidate interface com.apmosys.employeeportal.repository.GoalTemplatesRepository. If you want this repository to be a MongoDB repository, consider annotating your entities with one of these annotations: org.springframework.data.mongodb.core.mapping.Document (preferred), or consider extending one of the following types with your repository: org.springframework.data.mongodb.repository.MongoRepository.
2026-01-13 22:22:16 [restartedMain] INFO  org.springframework.data.repository.config.RepositoryConfigurationExtensionSupport - Spring Data MongoDB - Could not safely identify store assignment for repository candidate interface com.apmosys.employeeportal.repository.HelpRepository. If you want this repository to be a MongoDB repository, consider annotating your entities with one of these annotations: org.springframework.data.mongodb.core.mapping.Document (preferred), or consider extending one of the following types with your repository: org.springframework.data.mongodb.repository.MongoRepository.
2026-01-13 22:22:16 [restartedMain] INFO  org.springframework.data.repository.config.RepositoryConfigurationExtensionSupport - Spring Data MongoDB - Could not safely identify store assignment for repository candidate interface com.apmosys.employeeportal.repository.HolidayRepository. If you want this repository to be a MongoDB repository, consider annotating your entities with one of these annotations: org.springframework.data.mongodb.core.mapping.Document (preferred), or consider extending one of the following types with your repository: org.springframework.data.mongodb.repository.MongoRepository.
2026-01-13 22:22:16 [restartedMain] INFO  org.springframework.data.repository.config.RepositoryConfigurationExtensionSupport - Spring Data MongoDB - Could not safely identify store assignment for repository candidate interface com.apmosys.employeeportal.repository.HotelCategoryRepository. If you want this repository to be a MongoDB repository, consider annotating your entities with one of these annotations: org.springframework.data.mongodb.core.mapping.Document (preferred), or consider extending one of the following types with your repository: org.springframework.data.mongodb.repository.MongoRepository.
2026-01-13 22:22:16 [restartedMain] INFO  org.springframework.data.repository.config.RepositoryConfigurationExtensionSupport - Spring Data MongoDB - Could not safely identify store assignment for repository candidate interface com.apmosys.employeeportal.repository.HotelSubCategoryRepository. If you want this repository to be a MongoDB repository, consider annotating your entities with one of these annotations: org.springframework.data.mongodb.core.mapping.Document (preferred), or consider extending one of the following types with your repository: org.springframework.data.mongodb.repository.MongoRepository.
2026-01-13 22:22:16 [restartedMain] INFO  org.springframework.data.repository.config.RepositoryConfigurationExtensionSupport - Spring Data MongoDB - Could not safely identify store assignment for repository candidate interface com.apmosys.employeeportal.repository.JobRoleRepository. If you want this repository to be a MongoDB repository, consider annotating your entities with one of these annotations: org.springframework.data.mongodb.core.mapping.Document (preferred), or consider extending one of the following types with your repository: org.springframework.data.mongodb.repository.MongoRepository.
2026-01-13 22:22:16 [restartedMain] INFO  org.springframework.data.repository.config.RepositoryConfigurationExtensionSupport - Spring Data MongoDB - Could not safely identify store assignment for repository candidate interface com.apmosys.employeeportal.repository.KpiRepository. If you want this repository to be a MongoDB repository, consider annotating your entities with one of these annotations: org.springframework.data.mongodb.core.mapping.Document (preferred), or consider extending one of the following types with your repository: org.springframework.data.mongodb.repository.MongoRepository.
2026-01-13 22:22:16 [restartedMain] INFO  org.springframework.data.repository.config.RepositoryConfigurationExtensionSupport - Spring Data MongoDB - Could not safely identify store assignment for repository candidate interface com.apmosys.employeeportal.repository.KpiResponseRepository. If you want this repository to be a MongoDB repository, consider annotating your entities with one of these annotations: org.springframework.data.mongodb.core.mapping.Document (preferred), or consider extending one of the following types with your repository: org.springframework.data.mongodb.repository.MongoRepository.
2026-01-13 22:22:16 [restartedMain] INFO  org.springframework.data.repository.config.RepositoryConfigurationExtensionSupport - Spring Data MongoDB - Could not safely identify store assignment for repository candidate interface com.apmosys.employeeportal.repository.KpisRepository. If you want this repository to be a MongoDB repository, consider annotating your entities with one of these annotations: org.springframework.data.mongodb.core.mapping.Document (preferred), or consider extending one of the following types with your repository: org.springframework.data.mongodb.repository.MongoRepository.
2026-01-13 22:22:16 [restartedMain] INFO  org.springframework.data.repository.config.RepositoryConfigurationExtensionSupport - Spring Data MongoDB - Could not safely identify store assignment for repository candidate interface com.apmosys.employeeportal.repository.KresponseRemarkRepository. If you want this repository to be a MongoDB repository, consider annotating your entities with one of these annotations: org.springframework.data.mongodb.core.mapping.Document (preferred), or consider extending one of the following types with your repository: org.springframework.data.mongodb.repository.MongoRepository.
2026-01-13 22:22:16 [restartedMain] INFO  org.springframework.data.repository.config.RepositoryConfigurationExtensionSupport - Spring Data MongoDB - Could not safely identify store assignment for repository candidate interface com.apmosys.employeeportal.repository.KresponseRepository. If you want this repository to be a MongoDB repository, consider annotating your entities with one of these annotations: org.springframework.data.mongodb.core.mapping.Document (preferred), or consider extending one of the following types with your repository: org.springframework.data.mongodb.repository.MongoRepository.
2026-01-13 22:22:16 [restartedMain] INFO  org.springframework.data.repository.config.RepositoryConfigurationExtensionSupport - Spring Data MongoDB - Could not safely identify store assignment for repository candidate interface com.apmosys.employeeportal.repository.LeaveBalanceLogRepository. If you want this repository to be a MongoDB repository, consider annotating your entities with one of these annotations: org.springframework.data.mongodb.core.mapping.Document (preferred), or consider extending one of the following types with your repository: org.springframework.data.mongodb.repository.MongoRepository.
2026-01-13 22:22:16 [restartedMain] INFO  org.springframework.data.repository.config.RepositoryConfigurationExtensionSupport - Spring Data MongoDB - Could not safely identify store assignment for repository candidate interface com.apmosys.employeeportal.repository.LeavePolicyMasterRepository. If you want this repository to be a MongoDB repository, consider annotating your entities with one of these annotations: org.springframework.data.mongodb.core.mapping.Document (preferred), or consider extending one of the following types with your repository: org.springframework.data.mongodb.repository.MongoRepository.
2026-01-13 22:22:16 [restartedMain] INFO  org.springframework.data.repository.config.RepositoryConfigurationExtensionSupport - Spring Data MongoDB - Could not safely identify store assignment for repository candidate interface com.apmosys.employeeportal.repository.LeaveRevokeApplicationRepository. If you want this repository to be a MongoDB repository, consider annotating your entities with one of these annotations: org.springframework.data.mongodb.core.mapping.Document (preferred), or consider extending one of the following types with your repository: org.springframework.data.mongodb.repository.MongoRepository.
2026-01-13 22:22:16 [restartedMain] INFO  org.springframework.data.repository.config.RepositoryConfigurationExtensionSupport - Spring Data MongoDB - Could not safely identify store assignment for repository candidate interface com.apmosys.employeeportal.repository.LeaveTypeMasterRepository. If you want this repository to be a MongoDB repository, consider annotating your entities with one of these annotations: org.springframework.data.mongodb.core.mapping.Document (preferred), or consider extending one of the following types with your repository: org.springframework.data.mongodb.repository.MongoRepository.
2026-01-13 22:22:16 [restartedMain] INFO  org.springframework.data.repository.config.RepositoryConfigurationExtensionSupport - Spring Data MongoDB - Could not safely identify store assignment for repository candidate interface com.apmosys.employeeportal.repository.LogsRepository. If you want this repository to be a MongoDB repository, consider annotating your entities with one of these annotations: org.springframework.data.mongodb.core.mapping.Document (preferred), or consider extending one of the following types with your repository: org.springframework.data.mongodb.repository.MongoRepository.
2026-01-13 22:22:16 [restartedMain] INFO  org.springframework.data.repository.config.RepositoryConfigurationExtensionSupport - Spring Data MongoDB - Could not safely identify store assignment for repository candidate interface com.apmosys.employeeportal.repository.MilestoneExtensionReasonRepository. If you want this repository to be a MongoDB repository, consider annotating your entities with one of these annotations: org.springframework.data.mongodb.core.mapping.Document (preferred), or consider extending one of the following types with your repository: org.springframework.data.mongodb.repository.MongoRepository.
2026-01-13 22:22:16 [restartedMain] INFO  org.springframework.data.repository.config.RepositoryConfigurationExtensionSupport - Spring Data MongoDB - Could not safely identify store assignment for repository candidate interface com.apmosys.employeeportal.repository.MilestoneUpdatedLogRepository. If you want this repository to be a MongoDB repository, consider annotating your entities with one of these annotations: org.springframework.data.mongodb.core.mapping.Document (preferred), or consider extending one of the following types with your repository: org.springframework.data.mongodb.repository.MongoRepository.
2026-01-13 22:22:16 [restartedMain] INFO  org.springframework.data.repository.config.RepositoryConfigurationExtensionSupport - Spring Data MongoDB - Could not safely identify store assignment for repository candidate interface com.apmosys.employeeportal.repository.NewsletterReadResponseRepository. If you want this repository to be a MongoDB repository, consider annotating your entities with one of these annotations: org.springframework.data.mongodb.core.mapping.Document (preferred), or consider extending one of the following types with your repository: org.springframework.data.mongodb.repository.MongoRepository.
2026-01-13 22:22:16 [restartedMain] INFO  org.springframework.data.repository.config.RepositoryConfigurationExtensionSupport - Spring Data MongoDB - Could not safely identify store assignment for repository candidate interface com.apmosys.employeeportal.repository.NewsletterRepository. If you want this repository to be a MongoDB repository, consider annotating your entities with one of these annotations: org.springframework.data.mongodb.core.mapping.Document (preferred), or consider extending one of the following types with your repository: org.springframework.data.mongodb.repository.MongoRepository.
2026-01-13 22:22:16 [restartedMain] INFO  org.springframework.data.repository.config.RepositoryConfigurationExtensionSupport - Spring Data MongoDB - Could not safely identify store assignment for repository candidate interface com.apmosys.employeeportal.repository.NotificationRepository. If you want this repository to be a MongoDB repository, consider annotating your entities with one of these annotations: org.springframework.data.mongodb.core.mapping.Document (preferred), or consider extending one of the following types with your repository: org.springframework.data.mongodb.repository.MongoRepository.
2026-01-13 22:22:16 [restartedMain] WARN  org.springframework.boot.web.servlet.context.AnnotationConfigServletWebServerApplicationContext - Exception encountered during context initialization - cancelling refresh attempt: org.springframework.beans.factory.BeanDefinitionStoreException: Failed to read candidate component class: file [/home/apmosys/Documents/LatestWorkSpace/Rewamp_Cleaning/employeeportal_revamp/target/classes/com/apmosys/employeeportal/service/ResourceManagementService.class]; nested exception is java.lang.OutOfMemoryError: Java heap space
2026-01-13 22:22:16 [restartedMain] INFO  org.springframework.data.repository.config.RepositoryConfigurationExtensionSupport - Spring Data MongoDB - Could not safely identify store assignment for repository candidate interface com.apmosys.employeeportal.repository.OutcomesRespository. If you want this repository to be a MongoDB repository, consider annotating your entities with one of these annotations: org.springframework.data.mongodb.core.mapping.Document (preferred), or consider extending one of the following types with your repository: org.springframework.data.mongodb.repository.MongoRepository.
2026-01-13 22:22:16 [restartedMain] INFO  org.springframework.data.repository.config.RepositoryConfigurationExtensionSupport - Spring Data MongoDB - Could not safely identify store assignment for repository candidate interface com.apmosys.employeeportal.repository.PIPRepository. If you want this repository to be a MongoDB repository, consider annotating your entities with one of these annotations: org.springframework.data.mongodb.core.mapping.Document (preferred), or consider extending one of the following types with your repository: org.springframework.data.mongodb.repository.MongoRepository.
2026-01-13 22:22:16 [restartedMain] INFO  org.springframework.data.repository.config.RepositoryConfigurationExtensionSupport - Spring Data MongoDB - Could not safely identify store assignment for repository candidate interface com.apmosys.employeeportal.repository.PolicyReadResponseRepository. If you want this repository to be a MongoDB repository, consider annotating your entities with one of these annotations: org.springframework.data.mongodb.core.mapping.Document (preferred), or consider extending one of the following types with your repository: org.springframework.data.mongodb.repository.MongoRepository.
2026-01-13 22:22:16 [restartedMain] INFO  org.springframework.data.repository.config.RepositoryConfigurationExtensionSupport - Spring Data MongoDB - Could not safely identify store assignment for repository candidate interface com.apmosys.employeeportal.repository.PortalConfigRepository. If you want this repository to be a MongoDB repository, consider annotating your entities with one of these annotations: org.springframework.data.mongodb.core.mapping.Document (preferred), or consider extending one of the following types with your repository: org.springframework.data.mongodb.repository.MongoRepository.
2026-01-13 22:22:16 [restartedMain] INFO  org.springframework.data.repository.config.RepositoryConfigurationExtensionSupport - Spring Data MongoDB - Could not safely identify store assignment for repository candidate interface com.apmosys.employeeportal.repository.PredefinedSkillsRepository. If you want this repository to be a MongoDB repository, consider annotating your entities with one of these annotations: org.springframework.data.mongodb.core.mapping.Document (preferred), or consider extending one of the following types with your repository: org.springframework.data.mongodb.repository.MongoRepository.
2026-01-13 22:22:16 [restartedMain] INFO  org.springframework.data.repository.config.RepositoryConfigurationExtensionSupport - Spring Data MongoDB - Could not safely identify store assignment for repository candidate interface com.apmosys.employeeportal.repository.PreviousEmploymentRepository. If you want this repository to be a MongoDB repository, consider annotating your entities with one of these annotations: org.springframework.data.mongodb.core.mapping.Document (preferred), or consider extending one of the following types with your repository: org.springframework.data.mongodb.repository.MongoRepository.
2026-01-13 22:22:16 [restartedMain] INFO  org.springframework.data.repository.config.RepositoryConfigurationExtensionSupport - Spring Data MongoDB - Could not safely identify store assignment for repository candidate interface com.apmosys.employeeportal.repository.ProficiencyRepository. If you want this repository to be a MongoDB repository, consider annotating your entities with one of these annotations: org.springframework.data.mongodb.core.mapping.Document (preferred), or consider extending one of the following types with your repository: org.springframework.data.mongodb.repository.MongoRepository.
2026-01-13 22:22:16 [restartedMain] INFO  org.springframework.data.repository.config.RepositoryConfigurationExtensionSupport - Spring Data MongoDB - Could not safely identify store assignment for repository candidate interface com.apmosys.employeeportal.repository.ProjectDepartmentMapRepository. If you want this repository to be a MongoDB repository, consider annotating your entities with one of these annotations: org.springframework.data.mongodb.core.mapping.Document (preferred), or consider extending one of the following types with your repository: org.springframework.data.mongodb.repository.MongoRepository.
2026-01-13 22:22:16 [restartedMain] INFO  org.springframework.data.repository.config.RepositoryConfigurationExtensionSupport - Spring Data MongoDB - Could not safely identify store assignment for repository candidate interface com.apmosys.employeeportal.repository.ProjectInsighProjectMappingRepository. If you want this repository to be a MongoDB repository, consider annotating your entities with one of these annotations: org.springframework.data.mongodb.core.mapping.Document (preferred), or consider extending one of the following types with your repository: org.springframework.data.mongodb.repository.MongoRepository.
2026-01-13 22:22:16 [restartedMain] INFO  org.springframework.data.repository.config.RepositoryConfigurationExtensionSupport - Spring Data MongoDB - Could not safely identify store assignment for repository candidate interface com.apmosys.employeeportal.repository.ProjectInsightAssigneesRepository. If you want this repository to be a MongoDB repository, consider annotating your entities with one of these annotations: org.springframework.data.mongodb.core.mapping.Document (preferred), or consider extending one of the following types with your repository: org.springframework.data.mongodb.repository.MongoRepository.
2026-01-13 22:22:16 [restartedMain] INFO  org.springframework.data.repository.config.RepositoryConfigurationExtensionSupport - Spring Data MongoDB - Could not safely identify store assignment for repository candidate interface com.apmosys.employeeportal.repository.ProjectInsightDomainDataFlatSearchRepository. If you want this repository to be a MongoDB repository, consider annotating your entities with one of these annotations: org.springframework.data.mongodb.core.mapping.Document (preferred), or consider extending one of the following types with your repository: org.springframework.data.mongodb.repository.MongoRepository.
2026-01-13 22:22:16 [restartedMain] INFO  org.springframework.data.repository.config.RepositoryConfigurationExtensionSupport - Spring Data MongoDB - Could not safely identify store assignment for repository candidate interface com.apmosys.employeeportal.repository.ProjectInsightDomainDataRepository. If you want this repository to be a MongoDB repository, consider annotating your entities with one of these annotations: org.springframework.data.mongodb.core.mapping.Document (preferred), or consider extending one of the following types with your repository: org.springframework.data.mongodb.repository.MongoRepository.
2026-01-13 22:22:16 [restartedMain] INFO  org.springframework.data.repository.config.RepositoryConfigurationExtensionSupport - Spring Data MongoDB - Could not safely identify store assignment for repository candidate interface com.apmosys.employeeportal.repository.ProjectInsightDomainRepository. If you want this repository to be a MongoDB repository, consider annotating your entities with one of these annotations: org.springframework.data.mongodb.core.mapping.Document (preferred), or consider extending one of the following types with your repository: org.springframework.data.mongodb.repository.MongoRepository.
2026-01-13 22:22:16 [restartedMain] INFO  org.springframework.data.repository.config.RepositoryConfigurationExtensionSupport - Spring Data MongoDB - Could not safely identify store assignment for repository candidate interface com.apmosys.employeeportal.repository.ProjectInsightFacetCategoryRepository. If you want this repository to be a MongoDB repository, consider annotating your entities with one of these annotations: org.springframework.data.mongodb.core.mapping.Document (preferred), or consider extending one of the following types with your repository: org.springframework.data.mongodb.repository.MongoRepository.
2026-01-13 22:22:19 [restartedMain] INFO  org.springframework.data.repository.config.RepositoryConfigurationExtensionSupport - Spring Data MongoDB - Could not safely identify store assignment for repository candidate interface com.apmosys.employeeportal.repository.ProjectInsightFacetValueRepository. If you want this repository to be a MongoDB repository, consider annotating your entities with one of these annotations: org.springframework.data.mongodb.core.mapping.Document (preferred), or consider extending one of the following types with your repository: org.springframework.data.mongodb.repository.MongoRepository.
2026-01-13 22:22:19 [restartedMain] INFO  org.springframework.data.repository.config.RepositoryConfigurationExtensionSupport - Spring Data MongoDB - Could not safely identify store assignment for repository candidate interface com.apmosys.employeeportal.repository.ProjectInsightFilterOptionsRepository. If you want this repository to be a MongoDB repository, consider annotating your entities with one of these annotations: org.springframework.data.mongodb.core.mapping.Document (preferred), or consider extending one of the following types with your repository: org.springframework.data.mongodb.repository.MongoRepository.
2026-01-13 22:22:19 [restartedMain] INFO  org.springframework.data.repository.config.RepositoryConfigurationExtensionSupport - Spring Data MongoDB - Could not safely identify store assignment for repository candidate interface com.apmosys.employeeportal.repository.ProjectInsightFilterRepository. If you want this repository to be a MongoDB repository, consider annotating your entities with one of these annotations: org.springframework.data.mongodb.core.mapping.Document (preferred), or consider extending one of the following types with your repository: org.springframework.data.mongodb.repository.MongoRepository.
2026-01-13 22:22:19 [restartedMain] INFO  org.springframework.data.repository.config.RepositoryConfigurationExtensionSupport - Spring Data MongoDB - Could not safely identify store assignment for repository candidate interface com.apmosys.employeeportal.repository.ProjectInsightResponseMetadataRepository. If you want this repository to be a MongoDB repository, consider annotating your entities with one of these annotations: org.springframework.data.mongodb.core.mapping.Document (preferred), or consider extending one of the following types with your repository: org.springframework.data.mongodb.repository.MongoRepository.
2026-01-13 22:22:19 [restartedMain] INFO  org.springframework.data.repository.config.RepositoryConfigurationExtensionSupport - Spring Data MongoDB - Could not safely identify store assignment for repository candidate interface com.apmosys.employeeportal.repository.ProjectInsightResponsePointsRepository. If you want this repository to be a MongoDB repository, consider annotating your entities with one of these annotations: org.springframework.data.mongodb.core.mapping.Document (preferred), or consider extending one of the following types with your repository: org.springframework.data.mongodb.repository.MongoRepository.
2026-01-13 22:22:19 [restartedMain] INFO  org.springframework.data.repository.config.RepositoryConfigurationExtensionSupport - Spring Data MongoDB - Could not safely identify store assignment for repository candidate interface com.apmosys.employeeportal.repository.ProjectInsightResponseRepository. If you want this repository to be a MongoDB repository, consider annotating your entities with one of these annotations: org.springframework.data.mongodb.core.mapping.Document (preferred), or consider extending one of the following types with your repository: org.springframework.data.mongodb.repository.MongoRepository.
2026-01-13 22:22:19 [restartedMain] INFO  org.springframework.boot.autoconfigure.logging.ConditionEvaluationReportLoggingListener - 

Error starting ApplicationContext. To display the conditions report re-run your application with 'debug' enabled.
2026-01-13 22:22:19 [restartedMain] INFO  org.springframework.data.repository.config.RepositoryConfigurationExtensionSupport - Spring Data MongoDB - Could not safely identify store assignment for repository candidate interface com.apmosys.employeeportal.repository.ProjectInsightServiceModelRepository. If you want this repository to be a MongoDB repository, consider annotating your entities with one of these annotations: org.springframework.data.mongodb.core.mapping.Document (preferred), or consider extending one of the following types with your repository: org.springframework.data.mongodb.repository.MongoRepository.
2026-01-13 22:22:19 [restartedMain] INFO  org.springframework.data.repository.config.RepositoryConfigurationExtensionSupport - Spring Data MongoDB - Could not safely identify store assignment for repository candidate interface com.apmosys.employeeportal.repository.ProjectInsightSubDomainRepository. If you want this repository to be a MongoDB repository, consider annotating your entities with one of these annotations: org.springframework.data.mongodb.core.mapping.Document (preferred), or consider extending one of the following types with your repository: org.springframework.data.mongodb.repository.MongoRepository.
2026-01-13 22:22:19 [restartedMain] INFO  org.springframework.data.repository.config.RepositoryConfigurationExtensionSupport - Spring Data MongoDB - Could not safely identify store assignment for repository candidate interface com.apmosys.employeeportal.repository.ProjectInsightSubServiceRepository. If you want this repository to be a MongoDB repository, consider annotating your entities with one of these annotations: org.springframework.data.mongodb.core.mapping.Document (preferred), or consider extending one of the following types with your repository: org.springframework.data.mongodb.repository.MongoRepository.
2026-01-13 22:22:19 [restartedMain] INFO  org.springframework.data.repository.config.RepositoryConfigurationExtensionSupport - Spring Data MongoDB - Could not safely identify store assignment for repository candidate interface com.apmosys.employeeportal.repository.ProjectInsightUserContributionRepository. If you want this repository to be a MongoDB repository, consider annotating your entities with one of these annotations: org.springframework.data.mongodb.core.mapping.Document (preferred), or consider extending one of the following types with your repository: org.springframework.data.mongodb.repository.MongoRepository.
2026-01-13 22:22:19 [restartedMain] INFO  org.springframework.data.repository.config.RepositoryConfigurationExtensionSupport - Spring Data MongoDB - Could not safely identify store assignment for repository candidate interface com.apmosys.employeeportal.repository.ProjectManagerMappingRepository. If you want this repository to be a MongoDB repository, consider annotating your entities with one of these annotations: org.springframework.data.mongodb.core.mapping.Document (preferred), or consider extending one of the following types with your repository: org.springframework.data.mongodb.repository.MongoRepository.
2026-01-13 22:22:19 [restartedMain] INFO  org.springframework.data.repository.config.RepositoryConfigurationExtensionSupport - Spring Data MongoDB - Could not safely identify store assignment for repository candidate interface com.apmosys.employeeportal.repository.ProjectOverheadMappingRepository. If you want this repository to be a MongoDB repository, consider annotating your entities with one of these annotations: org.springframework.data.mongodb.core.mapping.Document (preferred), or consider extending one of the following types with your repository: org.springframework.data.mongodb.repository.MongoRepository.
2026-01-13 22:22:19 [restartedMain] INFO  org.springframework.data.repository.config.RepositoryConfigurationExtensionSupport - Spring Data MongoDB - Could not safely identify store assignment for repository candidate interface com.apmosys.employeeportal.repository.ProjectRepository. If you want this repository to be a MongoDB repository, consider annotating your entities with one of these annotations: org.springframework.data.mongodb.core.mapping.Document (preferred), or consider extending one of the following types with your repository: org.springframework.data.mongodb.repository.MongoRepository.
2026-01-13 22:22:19 [restartedMain] INFO  org.springframework.data.repository.config.RepositoryConfigurationExtensionSupport - Spring Data MongoDB - Could not safely identify store assignment for repository candidate interface com.apmosys.employeeportal.repository.ProjectTempRepo. If you want this repository to be a MongoDB repository, consider annotating your entities with one of these annotations: org.springframework.data.mongodb.core.mapping.Document (preferred), or consider extending one of the following types with your repository: org.springframework.data.mongodb.repository.MongoRepository.
2026-01-13 22:22:19 [restartedMain] INFO  org.springframework.data.repository.config.RepositoryConfigurationExtensionSupport - Spring Data MongoDB - Could not safely identify store assignment for repository candidate interface com.apmosys.employeeportal.repository.ProjectTimesheetStatusNewRepository. If you want this repository to be a MongoDB repository, consider annotating your entities with one of these annotations: org.springframework.data.mongodb.core.mapping.Document (preferred), or consider extending one of the following types with your repository: org.springframework.data.mongodb.repository.MongoRepository.
2026-01-13 22:22:19 [restartedMain] INFO  org.springframework.data.repository.config.RepositoryConfigurationExtensionSupport - Spring Data MongoDB - Could not safely identify store assignment for repository candidate interface com.apmosys.employeeportal.repository.QresponseRepository. If you want this repository to be a MongoDB repository, consider annotating your entities with one of these annotations: org.springframework.data.mongodb.core.mapping.Document (preferred), or consider extending one of the following types with your repository: org.springframework.data.mongodb.repository.MongoRepository.
2026-01-13 22:22:19 [restartedMain] INFO  org.springframework.data.repository.config.RepositoryConfigurationExtensionSupport - Spring Data MongoDB - Could not safely identify store assignment for repository candidate interface com.apmosys.employeeportal.repository.QuarterCycleRepository. If you want this repository to be a MongoDB repository, consider annotating your entities with one of these annotations: org.springframework.data.mongodb.core.mapping.Document (preferred), or consider extending one of the following types with your repository: org.springframework.data.mongodb.repository.MongoRepository.
2026-01-13 22:22:19 [restartedMain] INFO  org.springframework.data.repository.config.RepositoryConfigurationExtensionSupport - Spring Data MongoDB - Could not safely identify store assignment for repository candidate interface com.apmosys.employeeportal.repository.QuarterRepository. If you want this repository to be a MongoDB repository, consider annotating your entities with one of these annotations: org.springframework.data.mongodb.core.mapping.Document (preferred), or consider extending one of the following types with your repository: org.springframework.data.mongodb.repository.MongoRepository.
2026-01-13 22:22:19 [restartedMain] INFO  org.springframework.data.repository.config.RepositoryConfigurationExtensionSupport - Spring Data MongoDB - Could not safely identify store assignment for repository candidate interface com.apmosys.employeeportal.repository.QueryTableRepository. If you want this repository to be a MongoDB repository, consider annotating your entities with one of these annotations: org.springframework.data.mongodb.core.mapping.Document (preferred), or consider extending one of the following types with your repository: org.springframework.data.mongodb.repository.MongoRepository.
2026-01-13 22:22:19 [restartedMain] INFO  org.springframework.data.repository.config.RepositoryConfigurationExtensionSupport - Spring Data MongoDB - Could not safely identify store assignment for repository candidate interface com.apmosys.employeeportal.repository.QuestionMasterRepository. If you want this repository to be a MongoDB repository, consider annotating your entities with one of these annotations: org.springframework.data.mongodb.core.mapping.Document (preferred), or consider extending one of the following types with your repository: org.springframework.data.mongodb.repository.MongoRepository.
2026-01-13 22:22:19 [restartedMain] INFO  org.springframework.data.repository.config.RepositoryConfigurationExtensionSupport - Spring Data MongoDB - Could not safely identify store assignment for repository candidate interface com.apmosys.employeeportal.repository.QuestionRepository. If you want this repository to be a MongoDB repository, consider annotating your entities with one of these annotations: org.springframework.data.mongodb.core.mapping.Document (preferred), or consider extending one of the following types with your repository: org.springframework.data.mongodb.repository.MongoRepository.
2026-01-13 22:22:19 [restartedMain] INFO  org.springframework.data.repository.config.RepositoryConfigurationExtensionSupport - Spring Data MongoDB - Could not safely identify store assignment for repository candidate interface com.apmosys.employeeportal.repository.QuestionnaireRepository. If you want this repository to be a MongoDB repository, consider annotating your entities with one of these annotations: org.springframework.data.mongodb.core.mapping.Document (preferred), or consider extending one of the following types with your repository: org.springframework.data.mongodb.repository.MongoRepository.
2026-01-13 22:22:19 [restartedMain] INFO  org.springframework.data.repository.config.RepositoryConfigurationExtensionSupport - Spring Data MongoDB - Could not safely identify store assignment for repository candidate interface com.apmosys.employeeportal.repository.QuestionnaireResponseRepository. If you want this repository to be a MongoDB repository, consider annotating your entities with one of these annotations: org.springframework.data.mongodb.core.mapping.Document (preferred), or consider extending one of the following types with your repository: org.springframework.data.mongodb.repository.MongoRepository.
2026-01-13 22:22:19 [restartedMain] INFO  org.springframework.data.repository.config.RepositoryConfigurationExtensionSupport - Spring Data MongoDB - Could not safely identify store assignment for repository candidate interface com.apmosys.employeeportal.repository.ReimbursementDataRepository. If you want this repository to be a MongoDB repository, consider annotating your entities with one of these annotations: org.springframework.data.mongodb.core.mapping.Document (preferred), or consider extending one of the following types with your repository: org.springframework.data.mongodb.repository.MongoRepository.
2026-01-13 22:22:19 [restartedMain] INFO  org.springframework.data.repository.config.RepositoryConfigurationExtensionSupport - Spring Data MongoDB - Could not safely identify store assignment for repository candidate interface com.apmosys.employeeportal.repository.ReimbursementTravelModeRepository. If you want this repository to be a MongoDB repository, consider annotating your entities with one of these annotations: org.springframework.data.mongodb.core.mapping.Document (preferred), or consider extending one of the following types with your repository: org.springframework.data.mongodb.repository.MongoRepository.
2026-01-13 22:22:19 [restartedMain] INFO  org.springframework.data.repository.config.RepositoryConfigurationExtensionSupport - Spring Data MongoDB - Could not safely identify store assignment for repository candidate interface com.apmosys.employeeportal.repository.ReleaseNotesVideosRepository. If you want this repository to be a MongoDB repository, consider annotating your entities with one of these annotations: org.springframework.data.mongodb.core.mapping.Document (preferred), or consider extending one of the following types with your repository: org.springframework.data.mongodb.repository.MongoRepository.
2026-01-13 22:22:21 [restartedMain] INFO  org.springframework.data.repository.config.RepositoryConfigurationExtensionSupport - Spring Data MongoDB - Could not safely identify store assignment for repository candidate interface com.apmosys.employeeportal.repository.ReportDashboardRepository. If you want this repository to be a MongoDB repository, consider annotating your entities with one of these annotations: org.springframework.data.mongodb.core.mapping.Document (preferred), or consider extending one of the following types with your repository: org.springframework.data.mongodb.repository.MongoRepository.
2026-01-13 22:22:24 [restartedMain] INFO  org.springframework.data.repository.config.RepositoryConfigurationExtensionSupport - Spring Data MongoDB - Could not safely identify store assignment for repository candidate interface com.apmosys.employeeportal.repository.ResourceRequirementRepository. If you want this repository to be a MongoDB repository, consider annotating your entities with one of these annotations: org.springframework.data.mongodb.core.mapping.Document (preferred), or consider extending one of the following types with your repository: org.springframework.data.mongodb.repository.MongoRepository.
2026-01-13 22:22:24 [restartedMain] INFO  org.springframework.data.repository.config.RepositoryConfigurationExtensionSupport - Spring Data MongoDB - Could not safely identify store assignment for repository candidate interface com.apmosys.employeeportal.repository.ResourceRequirementTempRepo. If you want this repository to be a MongoDB repository, consider annotating your entities with one of these annotations: org.springframework.data.mongodb.core.mapping.Document (preferred), or consider extending one of the following types with your repository: org.springframework.data.mongodb.repository.MongoRepository.
2026-01-13 22:22:24 [restartedMain] INFO  org.springframework.data.repository.config.RepositoryConfigurationExtensionSupport - Spring Data MongoDB - Could not safely identify store assignment for repository candidate interface com.apmosys.employeeportal.repository.ReviewRepository. If you want this repository to be a MongoDB repository, consider annotating your entities with one of these annotations: org.springframework.data.mongodb.core.mapping.Document (preferred), or consider extending one of the following types with your repository: org.springframework.data.mongodb.repository.MongoRepository.
2026-01-13 22:22:24 [restartedMain] INFO  org.springframework.data.repository.config.RepositoryConfigurationExtensionSupport - Spring Data MongoDB - Could not safely identify store assignment for repository candidate interface com.apmosys.employeeportal.repository.ReviewTypeRepository. If you want this repository to be a MongoDB repository, consider annotating your entities with one of these annotations: org.springframework.data.mongodb.core.mapping.Document (preferred), or consider extending one of the following types with your repository: org.springframework.data.mongodb.repository.MongoRepository.
2026-01-13 22:22:24 [restartedMain] INFO  org.springframework.data.repository.config.RepositoryConfigurationExtensionSupport - Spring Data MongoDB - Could not safely identify store assignment for repository candidate interface com.apmosys.employeeportal.repository.RewardConfigRepository. If you want this repository to be a MongoDB repository, consider annotating your entities with one of these annotations: org.springframework.data.mongodb.core.mapping.Document (preferred), or consider extending one of the following types with your repository: org.springframework.data.mongodb.repository.MongoRepository.
2026-01-13 22:22:24 [restartedMain] INFO  org.springframework.data.repository.config.RepositoryConfigurationExtensionSupport - Spring Data MongoDB - Could not safely identify store assignment for repository candidate interface com.apmosys.employeeportal.repository.RewardsCategoryRepository. If you want this repository to be a MongoDB repository, consider annotating your entities with one of these annotations: org.springframework.data.mongodb.core.mapping.Document (preferred), or consider extending one of the following types with your repository: org.springframework.data.mongodb.repository.MongoRepository.
2026-01-13 22:22:24 [restartedMain] INFO  org.springframework.data.repository.config.RepositoryConfigurationExtensionSupport - Spring Data MongoDB - Could not safely identify store assignment for repository candidate interface com.apmosys.employeeportal.repository.RoleFeatureMapRepository. If you want this repository to be a MongoDB repository, consider annotating your entities with one of these annotations: org.springframework.data.mongodb.core.mapping.Document (preferred), or consider extending one of the following types with your repository: org.springframework.data.mongodb.repository.MongoRepository.
2026-01-13 22:22:24 [restartedMain] INFO  org.springframework.data.repository.config.RepositoryConfigurationExtensionSupport - Spring Data MongoDB - Could not safely identify store assignment for repository candidate interface com.apmosys.employeeportal.repository.SpecializationRepository. If you want this repository to be a MongoDB repository, consider annotating your entities with one of these annotations: org.springframework.data.mongodb.core.mapping.Document (preferred), or consider extending one of the following types with your repository: org.springframework.data.mongodb.repository.MongoRepository.
2026-01-13 22:22:24 [restartedMain] INFO  org.springframework.data.repository.config.RepositoryConfigurationExtensionSupport - Spring Data MongoDB - Could not safely identify store assignment for repository candidate interface com.apmosys.employeeportal.repository.StatusMasterNewRepository. If you want this repository to be a MongoDB repository, consider annotating your entities with one of these annotations: org.springframework.data.mongodb.core.mapping.Document (preferred), or consider extending one of the following types with your repository: org.springframework.data.mongodb.repository.MongoRepository.
2026-01-13 22:22:24 [restartedMain] INFO  org.springframework.data.repository.config.RepositoryConfigurationExtensionSupport - Spring Data MongoDB - Could not safely identify store assignment for repository candidate interface com.apmosys.employeeportal.repository.SubFeatureMasterRepository. If you want this repository to be a MongoDB repository, consider annotating your entities with one of these annotations: org.springframework.data.mongodb.core.mapping.Document (preferred), or consider extending one of the following types with your repository: org.springframework.data.mongodb.repository.MongoRepository.
2026-01-13 22:22:24 [restartedMain] INFO  org.springframework.data.repository.config.RepositoryConfigurationExtensionSupport - Spring Data MongoDB - Could not safely identify store assignment for repository candidate interface com.apmosys.employeeportal.repository.SurveyEmployeeResponseRepository. If you want this repository to be a MongoDB repository, consider annotating your entities with one of these annotations: org.springframework.data.mongodb.core.mapping.Document (preferred), or consider extending one of the following types with your repository: org.springframework.data.mongodb.repository.MongoRepository.
2026-01-13 22:22:24 [restartedMain] INFO  org.springframework.data.repository.config.RepositoryConfigurationExtensionSupport - Spring Data MongoDB - Could not safely identify store assignment for repository candidate interface com.apmosys.employeeportal.repository.SurveyQuestionRepository. If you want this repository to be a MongoDB repository, consider annotating your entities with one of these annotations: org.springframework.data.mongodb.core.mapping.Document (preferred), or consider extending one of the following types with your repository: org.springframework.data.mongodb.repository.MongoRepository.
2026-01-13 22:22:24 [restartedMain] INFO  org.springframework.data.repository.config.RepositoryConfigurationExtensionSupport - Spring Data MongoDB - Could not safely identify store assignment for repository candidate interface com.apmosys.employeeportal.repository.SurveyRepository. If you want this repository to be a MongoDB repository, consider annotating your entities with one of these annotations: org.springframework.data.mongodb.core.mapping.Document (preferred), or consider extending one of the following types with your repository: org.springframework.data.mongodb.repository.MongoRepository.
2026-01-13 22:22:24 [restartedMain] INFO  org.springframework.data.repository.config.RepositoryConfigurationExtensionSupport - Spring Data MongoDB - Could not safely identify store assignment for repository candidate interface com.apmosys.employeeportal.repository.TabMasterRepository. If you want this repository to be a MongoDB repository, consider annotating your entities with one of these annotations: org.springframework.data.mongodb.core.mapping.Document (preferred), or consider extending one of the following types with your repository: org.springframework.data.mongodb.repository.MongoRepository.
2026-01-13 22:22:25 [restartedMain] ERROR org.springframework.boot.SpringApplication - Application run failed
org.springframework.beans.factory.BeanDefinitionStoreException: Failed to read candidate component class: file [/home/apmosys/Documents/LatestWorkSpace/Rewamp_Cleaning/employeeportal_revamp/target/classes/com/apmosys/employeeportal/service/ResourceManagementService.class]; nested exception is java.lang.OutOfMemoryError: Java heap space
	at org.springframework.context.annotation.ClassPathScanningCandidateComponentProvider.scanCandidateComponents(ClassPathScanningCandidateComponentProvider.java:457)
	at org.springframework.context.annotation.ClassPathScanningCandidateComponentProvider.findCandidateComponents(ClassPathScanningCandidateComponentProvider.java:316)
	at org.springframework.data.repository.config.RepositoryComponentProvider.findCandidateComponents(RepositoryComponentProvider.java:123)
	at org.springframework.data.repository.config.RepositoryConfigurationSourceSupport.lambda$null$1(RepositoryConfigurationSourceSupport.java:80)
	at java.base/java.util.stream.ReferencePipeline$7$1.accept(ReferencePipeline.java:273)
	at java.base/java.util.Spliterators$IteratorSpliterator.tryAdvance(Spliterators.java:1856)
	at java.base/java.util.stream.StreamSpliterators$WrappingSpliterator.lambda$initPartialTraversalState$0(StreamSpliterators.java:292)
	at java.base/java.util.stream.StreamSpliterators$AbstractWrappingSpliterator.fillBuffer(StreamSpliterators.java:206)
	at java.base/java.util.stream.StreamSpliterators$AbstractWrappingSpliterator.doAdvance(StreamSpliterators.java:161)
	at java.base/java.util.stream.StreamSpliterators$WrappingSpliterator.tryAdvance(StreamSpliterators.java:298)
	at java.base/java.util.Spliterators$1Adapter.hasNext(Spliterators.java:681)
	at org.springframework.data.repository.config.RepositoryConfigurationExtensionSupport.getRepositoryConfigurations(RepositoryConfigurationExtensionSupport.java:92)
	at org.springframework.data.repository.config.RepositoryConfigurationDelegate.registerRepositoriesIn(RepositoryConfigurationDelegate.java:159)
	at org.springframework.boot.autoconfigure.data.AbstractRepositoryConfigurationSourceSupport.registerBeanDefinitions(AbstractRepositoryConfigurationSourceSupport.java:62)
	at org.springframework.context.annotation.ConfigurationClassBeanDefinitionReader.lambda$loadBeanDefinitionsFromRegistrars$1(ConfigurationClassBeanDefinitionReader.java:396)
	at java.base/java.util.LinkedHashMap.forEach(LinkedHashMap.java:721)
	at org.springframework.context.annotation.ConfigurationClassBeanDefinitionReader.loadBeanDefinitionsFromRegistrars(ConfigurationClassBeanDefinitionReader.java:395)
	at org.springframework.context.annotation.ConfigurationClassBeanDefinitionReader.loadBeanDefinitionsForConfigurationClass(ConfigurationClassBeanDefinitionReader.java:157)
	at org.springframework.context.annotation.ConfigurationClassBeanDefinitionReader.loadBeanDefinitions(ConfigurationClassBeanDefinitionReader.java:129)
	at org.springframework.context.annotation.ConfigurationClassPostProcessor.processConfigBeanDefinitions(ConfigurationClassPostProcessor.java:343)
	at org.springframework.context.annotation.ConfigurationClassPostProcessor.postProcessBeanDefinitionRegistry(ConfigurationClassPostProcessor.java:247)
	at org.springframework.context.support.PostProcessorRegistrationDelegate.invokeBeanDefinitionRegistryPostProcessors(PostProcessorRegistrationDelegate.java:311)
	at org.springframework.context.support.PostProcessorRegistrationDelegate.invokeBeanFactoryPostProcessors(PostProcessorRegistrationDelegate.java:112)
	at org.springframework.context.support.AbstractApplicationContext.invokeBeanFactoryPostProcessors(AbstractApplicationContext.java:746)
	at org.springframework.context.support.AbstractApplicationContext.refresh(AbstractApplicationContext.java:564)
	at org.springframework.boot.web.servlet.context.ServletWebServerApplicationContext.refresh(ServletWebServerApplicationContext.java:145)
	at org.springframework.boot.SpringApplication.refresh(SpringApplication.java:740)
	at org.springframework.boot.SpringApplication.refreshContext(SpringApplication.java:415)
	at org.springframework.boot.SpringApplication.run(SpringApplication.java:303)
	at org.springframework.boot.SpringApplication.run(SpringApplication.java:1312)
	at org.springframework.boot.SpringApplication.run(SpringApplication.java:1301)
	at com.apmosys.employeeportal.EmployeeportalApplication.main(EmployeeportalApplication.java:17)
	at java.base/jdk.internal.reflect.NativeMethodAccessorImpl.invoke0(Native Method)
	at java.base/jdk.internal.reflect.NativeMethodAccessorImpl.invoke(NativeMethodAccessorImpl.java:77)
	at java.base/jdk.internal.reflect.DelegatingMethodAccessorImpl.invoke(DelegatingMethodAccessorImpl.java:43)
	at java.base/java.lang.reflect.Method.invoke(Method.java:568)
	at org.springframework.boot.devtools.restart.RestartLauncher.run(RestartLauncher.java:49)
Caused by: java.lang.OutOfMemoryError: Java heap space
2026-01-13 22:22:29 [restartedMain] INFO  org.springframework.data.repository.config.RepositoryConfigurationExtensionSupport - Spring Data MongoDB - Could not safely identify store assignment for repository candidate interface com.apmosys.employeeportal.repository.TagMasterRepository. If you want this repository to be a MongoDB repository, consider annotating your entities with one of these annotations: org.springframework.data.mongodb.core.mapping.Document (preferred), or consider extending one of the following types with your repository: org.springframework.data.mongodb.repository.MongoRepository.
2026-01-13 22:22:30 [restartedMain] INFO  org.springframework.data.repository.config.RepositoryConfigurationExtensionSupport - Spring Data MongoDB - Could not safely identify store assignment for repository candidate interface com.apmosys.employeeportal.repository.TeamRepository. If you want this repository to be a MongoDB repository, consider annotating your entities with one of these annotations: org.springframework.data.mongodb.core.mapping.Document (preferred), or consider extending one of the following types with your repository: org.springframework.data.mongodb.repository.MongoRepository.
2026-01-13 22:22:30 [restartedMain] INFO  org.springframework.data.repository.config.RepositoryConfigurationExtensionSupport - Spring Data MongoDB - Could not safely identify store assignment for repository candidate interface com.apmosys.employeeportal.repository.TechStackRepository. If you want this repository to be a MongoDB repository, consider annotating your entities with one of these annotations: org.springframework.data.mongodb.core.mapping.Document (preferred), or consider extending one of the following types with your repository: org.springframework.data.mongodb.repository.MongoRepository.
2026-01-13 22:22:30 [restartedMain] INFO  org.springframework.data.repository.config.RepositoryConfigurationExtensionSupport - Spring Data MongoDB - Could not safely identify store assignment for repository candidate interface com.apmosys.employeeportal.repository.TimesheetActivityMapNewRepository. If you want this repository to be a MongoDB repository, consider annotating your entities with one of these annotations: org.springframework.data.mongodb.core.mapping.Document (preferred), or consider extending one of the following types with your repository: org.springframework.data.mongodb.repository.MongoRepository.
2026-01-13 22:22:30 [restartedMain] INFO  org.springframework.data.repository.config.RepositoryConfigurationExtensionSupport - Spring Data MongoDB - Could not safely identify store assignment for repository candidate interface com.apmosys.employeeportal.repository.TimesheetActivityMapRepository. If you want this repository to be a MongoDB repository, consider annotating your entities with one of these annotations: org.springframework.data.mongodb.core.mapping.Document (preferred), or consider extending one of the following types with your repository: org.springframework.data.mongodb.repository.MongoRepository.
2026-01-13 22:22:30 [restartedMain] INFO  org.springframework.data.repository.config.RepositoryConfigurationExtensionSupport - Spring Data MongoDB - Could not safely identify store assignment for repository candidate interface com.apmosys.employeeportal.repository.TimesheetApprovalAllocationLogsRepository. If you want this repository to be a MongoDB repository, consider annotating your entities with one of these annotations: org.springframework.data.mongodb.core.mapping.Document (preferred), or consider extending one of the following types with your repository: org.springframework.data.mongodb.repository.MongoRepository.
2026-01-13 22:22:30 [restartedMain] INFO  org.springframework.data.repository.config.RepositoryConfigurationExtensionSupport - Spring Data MongoDB - Could not safely identify store assignment for repository candidate interface com.apmosys.employeeportal.repository.TimesheetDocumentApprovalRepository. If you want this repository to be a MongoDB repository, consider annotating your entities with one of these annotations: org.springframework.data.mongodb.core.mapping.Document (preferred), or consider extending one of the following types with your repository: org.springframework.data.mongodb.repository.MongoRepository.
2026-01-13 22:22:30 [restartedMain] INFO  org.springframework.data.repository.config.RepositoryConfigurationExtensionSupport - Spring Data MongoDB - Could not safely identify store assignment for repository candidate interface com.apmosys.employeeportal.repository.TimesheetDocumentDetailsNewRepository. If you want this repository to be a MongoDB repository, consider annotating your entities with one of these annotations: org.springframework.data.mongodb.core.mapping.Document (preferred), or consider extending one of the following types with your repository: org.springframework.data.mongodb.repository.MongoRepository.
2026-01-13 22:22:30 [restartedMain] INFO  org.springframework.data.repository.config.RepositoryConfigurationExtensionSupport - Spring Data MongoDB - Could not safely identify store assignment for repository candidate interface com.apmosys.employeeportal.repository.TimesheetDocumentDetailsRepository. If you want this repository to be a MongoDB repository, consider annotating your entities with one of these annotations: org.springframework.data.mongodb.core.mapping.Document (preferred), or consider extending one of the following types with your repository: org.springframework.data.mongodb.repository.MongoRepository.
2026-01-13 22:22:30 [restartedMain] INFO  org.springframework.data.repository.config.RepositoryConfigurationExtensionSupport - Spring Data MongoDB - Could not safely identify store assignment for repository candidate interface com.apmosys.employeeportal.repository.TimesheetRejectionDetailsNewRepository. If you want this repository to be a MongoDB repository, consider annotating your entities with one of these annotations: org.springframework.data.mongodb.core.mapping.Document (preferred), or consider extending one of the following types with your repository: org.springframework.data.mongodb.repository.MongoRepository.
2026-01-13 22:22:30 [restartedMain] INFO  org.springframework.data.repository.config.RepositoryConfigurationExtensionSupport - Spring Data MongoDB - Could not safely identify store assignment for repository candidate interface com.apmosys.employeeportal.repository.TimesheetRejectionReasonsMasterRepository. If you want this repository to be a MongoDB repository, consider annotating your entities with one of these annotations: org.springframework.data.mongodb.core.mapping.Document (preferred), or consider extending one of the following types with your repository: org.springframework.data.mongodb.repository.MongoRepository.
2026-01-13 22:22:30 [restartedMain] INFO  org.springframework.data.repository.config.RepositoryConfigurationExtensionSupport - Spring Data MongoDB - Could not safely identify store assignment for repository candidate interface com.apmosys.employeeportal.repository.TimesheetsRepository. If you want this repository to be a MongoDB repository, consider annotating your entities with one of these annotations: org.springframework.data.mongodb.core.mapping.Document (preferred), or consider extending one of the following types with your repository: org.springframework.data.mongodb.repository.MongoRepository.
2026-01-13 22:22:30 [restartedMain] INFO  org.springframework.data.repository.config.RepositoryConfigurationExtensionSupport - Spring Data MongoDB - Could not safely identify store assignment for repository candidate interface com.apmosys.employeeportal.repository.TravelBasedReimbursementRequestRepository. If you want this repository to be a MongoDB repository, consider annotating your entities with one of these annotations: org.springframework.data.mongodb.core.mapping.Document (preferred), or consider extending one of the following types with your repository: org.springframework.data.mongodb.repository.MongoRepository.
2026-01-13 22:22:30 [restartedMain] INFO  org.springframework.data.repository.config.RepositoryConfigurationExtensionSupport - Spring Data MongoDB - Could not safely identify store assignment for repository candidate interface com.apmosys.employeeportal.repository.TravelClassRepository. If you want this repository to be a MongoDB repository, consider annotating your entities with one of these annotations: org.springframework.data.mongodb.core.mapping.Document (preferred), or consider extending one of the following types with your repository: org.springframework.data.mongodb.repository.MongoRepository.
2026-01-13 22:22:30 [restartedMain] INFO  org.springframework.data.repository.config.RepositoryConfigurationExtensionSupport - Spring Data MongoDB - Could not safely identify store assignment for repository candidate interface com.apmosys.employeeportal.repository.TravelDeskRepository. If you want this repository to be a MongoDB repository, consider annotating your entities with one of these annotations: org.springframework.data.mongodb.core.mapping.Document (preferred), or consider extending one of the following types with your repository: org.springframework.data.mongodb.repository.MongoRepository.
2026-01-13 22:22:30 [restartedMain] INFO  org.springframework.data.repository.config.RepositoryConfigurationExtensionSupport - Spring Data MongoDB - Could not safely identify store assignment for repository candidate interface com.apmosys.employeeportal.repository.TravelModeRepository. If you want this repository to be a MongoDB repository, consider annotating your entities with one of these annotations: org.springframework.data.mongodb.core.mapping.Document (preferred), or consider extending one of the following types with your repository: org.springframework.data.mongodb.repository.MongoRepository.
2026-01-13 22:22:30 [restartedMain] INFO  org.springframework.data.repository.config.RepositoryConfigurationExtensionSupport - Spring Data MongoDB - Could not safely identify store assignment for repository candidate interface com.apmosys.employeeportal.repository.TravelReasonRepository. If you want this repository to be a MongoDB repository, consider annotating your entities with one of these annotations: org.springframework.data.mongodb.core.mapping.Document (preferred), or consider extending one of the following types with your repository: org.springframework.data.mongodb.repository.MongoRepository.
2026-01-13 22:22:30 [restartedMain] INFO  org.springframework.data.repository.config.RepositoryConfigurationExtensionSupport - Spring Data MongoDB - Could not safely identify store assignment for repository candidate interface com.apmosys.employeeportal.repository.TypeDocumentRepository. If you want this repository to be a MongoDB repository, consider annotating your entities with one of these annotations: org.springframework.data.mongodb.core.mapping.Document (preferred), or consider extending one of the following types with your repository: org.springframework.data.mongodb.repository.MongoRepository.
2026-01-13 22:22:30 [restartedMain] INFO  org.springframework.data.repository.config.RepositoryConfigurationExtensionSupport - Spring Data MongoDB - Could not safely identify store assignment for repository candidate interface com.apmosys.employeeportal.repository.UploadPolicyRepository. If you want this repository to be a MongoDB repository, consider annotating your entities with one of these annotations: org.springframework.data.mongodb.core.mapping.Document (preferred), or consider extending one of the following types with your repository: org.springframework.data.mongodb.repository.MongoRepository.
2026-01-13 22:22:30 [restartedMain] INFO  org.springframework.data.repository.config.RepositoryConfigurationExtensionSupport - Spring Data MongoDB - Could not safely identify store assignment for repository candidate interface com.apmosys.employeeportal.repository.UserContributionDocumentRepository. If you want this repository to be a MongoDB repository, consider annotating your entities with one of these annotations: org.springframework.data.mongodb.core.mapping.Document (preferred), or consider extending one of the following types with your repository: org.springframework.data.mongodb.repository.MongoRepository.
2026-01-13 22:22:30 [restartedMain] INFO  org.springframework.data.repository.config.RepositoryConfigurationExtensionSupport - Spring Data MongoDB - Could not safely identify store assignment for repository candidate interface com.apmosys.employeeportal.repository.UserContributionResponseRemarksRepository. If you want this repository to be a MongoDB repository, consider annotating your entities with one of these annotations: org.springframework.data.mongodb.core.mapping.Document (preferred), or consider extending one of the following types with your repository: org.springframework.data.mongodb.repository.MongoRepository.
2026-01-13 22:22:30 [restartedMain] INFO  org.springframework.data.repository.config.RepositoryConfigurationExtensionSupport - Spring Data MongoDB - Could not safely identify store assignment for repository candidate interface com.apmosys.employeeportal.repository.UserDataRepo. If you want this repository to be a MongoDB repository, consider annotating your entities with one of these annotations: org.springframework.data.mongodb.core.mapping.Document (preferred), or consider extending one of the following types with your repository: org.springframework.data.mongodb.repository.MongoRepository.
2026-01-13 22:22:30 [restartedMain] INFO  org.springframework.data.repository.config.RepositoryConfigurationExtensionSupport - Spring Data MongoDB - Could not safely identify store assignment for repository candidate interface com.apmosys.employeeportal.repository.UserSessionRepository. If you want this repository to be a MongoDB repository, consider annotating your entities with one of these annotations: org.springframework.data.mongodb.core.mapping.Document (preferred), or consider extending one of the following types with your repository: org.springframework.data.mongodb.repository.MongoRepository.
2026-01-13 22:22:30 [restartedMain] INFO  org.springframework.data.repository.config.RepositoryConfigurationExtensionSupport - Spring Data MongoDB - Could not safely identify store assignment for repository candidate interface com.apmosys.employeeportal.repository.VehicleTypeRepository. If you want this repository to be a MongoDB repository, consider annotating your entities with one of these annotations: org.springframework.data.mongodb.core.mapping.Document (preferred), or consider extending one of the following types with your repository: org.springframework.data.mongodb.repository.MongoRepository.
2026-01-13 22:22:30 [restartedMain] INFO  org.springframework.data.repository.config.RepositoryConfigurationExtensionSupport - Spring Data MongoDB - Could not safely identify store assignment for repository candidate interface com.apmosys.employeeportal.repository.WorkLocationTypeMasterRepository. If you want this repository to be a MongoDB repository, consider annotating your entities with one of these annotations: org.springframework.data.mongodb.core.mapping.Document (preferred), or consider extending one of the following types with your repository: org.springframework.data.mongodb.repository.MongoRepository.
2026-01-13 22:22:31 [restartedMain] INFO  org.springframework.data.repository.config.RepositoryConfigurationDelegate - Finished Spring Data repository scanning in 53010 ms. Found 10 MongoDB repository interfaces.
2026-01-13 22:22:54 [restartedMain] INFO  org.springframework.boot.web.embedded.tomcat.TomcatWebServer - Tomcat initialized with port(s): 8080 (http)
2026-01-13 22:22:54 [restartedMain] INFO  org.springframework.boot.web.servlet.context.ServletWebServerApplicationContext - Root WebApplicationContext: initialization completed in 8566129 ms
2026-01-13 22:22:57 [restartedMain] WARN  org.springframework.boot.web.servlet.context.AnnotationConfigServletWebServerApplicationContext - Exception encountered during context initialization - cancelling refresh attempt: org.springframework.beans.factory.UnsatisfiedDependencyException: Error creating bean with name 'dataSourceScriptDatabaseInitializer' defined in class path resource [org/springframework/boot/autoconfigure/sql/init/DataSourceInitializationConfiguration.class]: Unsatisfied dependency expressed through method 'dataSourceScriptDatabaseInitializer' parameter 0; nested exception is org.springframework.beans.factory.BeanCreationException: Error creating bean with name 'dataSource' defined in class path resource [org/springframework/boot/autoconfigure/jdbc/DataSourceConfiguration$Hikari.class]: Bean instantiation via factory method failed; nested exception is org.springframework.beans.BeanInstantiationException: Failed to instantiate [com.zaxxer.hikari.HikariDataSource]: Factory method 'dataSource' threw exception; nested exception is org.springframework.boot.autoconfigure.jdbc.DataSourceProperties$DataSourceBeanCreationException: Failed to determine a suitable driver class
2026-01-13 22:22:57 [restartedMain] INFO  org.springframework.boot.autoconfigure.logging.ConditionEvaluationReportLoggingListener - 

Error starting ApplicationContext. To display the conditions report re-run your application with 'debug' enabled.
2026-01-13 22:22:57 [restartedMain] ERROR org.springframework.boot.diagnostics.LoggingFailureAnalysisReporter - 

***************************
APPLICATION FAILED TO START
***************************

Description:

Failed to configure a DataSource: 'url' attribute is not specified and no embedded datasource could be configured.

Reason: Failed to determine a suitable driver class


Action:

Consider the following:
	If you want an embedded database (H2, HSQL or Derby), please put it on the classpath.
	If you have database settings to be loaded from a particular profile you may need to activate it (no profiles are currently active).

2026-01-13 22:22:58 [restartedMain] INFO  org.springframework.data.repository.config.RepositoryConfigurationDelegate - Multiple Spring Data modules found, entering strict repository configuration mode!
2026-01-13 22:22:58 [restartedMain] INFO  org.springframework.data.repository.config.RepositoryConfigurationDelegate - Bootstrapping Spring Data JPA repositories in DEFAULT mode.
2026-01-13 22:23:00 [restartedMain] INFO  org.springframework.data.repository.config.RepositoryConfigurationExtensionSupport - Spring Data JPA - Could not safely identify store assignment for repository candidate interface com.apmosys.employeeportal.mongodb.repository.DynamicFormStructureRepository. If you want this repository to be a JPA repository, consider annotating your entities with one of these annotations: javax.persistence.Entity, javax.persistence.MappedSuperclass (preferred), or consider extending one of the following types with your repository: org.springframework.data.jpa.repository.JpaRepository.
2026-01-13 22:23:00 [restartedMain] INFO  org.springframework.data.repository.config.RepositoryConfigurationExtensionSupport - Spring Data JPA - Could not safely identify store assignment for repository candidate interface com.apmosys.employeeportal.mongodb.repository.FileMongoRepository. If you want this repository to be a JPA repository, consider annotating your entities with one of these annotations: javax.persistence.Entity, javax.persistence.MappedSuperclass (preferred), or consider extending one of the following types with your repository: org.springframework.data.jpa.repository.JpaRepository.
2026-01-13 22:23:00 [restartedMain] INFO  org.springframework.data.repository.config.RepositoryConfigurationExtensionSupport - Spring Data JPA - Could not safely identify store assignment for repository candidate interface com.apmosys.employeeportal.mongodb.repository.ProjectInsightFormDetailsRepository. If you want this repository to be a JPA repository, consider annotating your entities with one of these annotations: javax.persistence.Entity, javax.persistence.MappedSuperclass (preferred), or consider extending one of the following types with your repository: org.springframework.data.jpa.repository.JpaRepository.
2026-01-13 22:23:00 [restartedMain] INFO  org.springframework.data.repository.config.RepositoryConfigurationExtensionSupport - Spring Data JPA - Could not safely identify store assignment for repository candidate interface com.apmosys.employeeportal.mongodb.repository.ProjectInsightGroupDetailsRepository. If you want this repository to be a JPA repository, consider annotating your entities with one of these annotations: javax.persistence.Entity, javax.persistence.MappedSuperclass (preferred), or consider extending one of the following types with your repository: org.springframework.data.jpa.repository.JpaRepository.
2026-01-13 22:23:00 [restartedMain] INFO  org.springframework.data.repository.config.RepositoryConfigurationExtensionSupport - Spring Data JPA - Could not safely identify store assignment for repository candidate interface com.apmosys.employeeportal.mongodb.repository.ProjectInsightProjectDetailsRepository. If you want this repository to be a JPA repository, consider annotating your entities with one of these annotations: javax.persistence.Entity, javax.persistence.MappedSuperclass (preferred), or consider extending one of the following types with your repository: org.springframework.data.jpa.repository.JpaRepository.
2026-01-13 22:23:00 [restartedMain] INFO  org.springframework.data.repository.config.RepositoryConfigurationExtensionSupport - Spring Data JPA - Could not safely identify store assignment for repository candidate interface com.apmosys.employeeportal.mongodb.repository.ProjectInsightProjectFlatSearchRepository. If you want this repository to be a JPA repository, consider annotating your entities with one of these annotations: javax.persistence.Entity, javax.persistence.MappedSuperclass (preferred), or consider extending one of the following types with your repository: org.springframework.data.jpa.repository.JpaRepository.
2026-01-13 22:23:00 [restartedMain] INFO  org.springframework.data.repository.config.RepositoryConfigurationExtensionSupport - Spring Data JPA - Could not safely identify store assignment for repository candidate interface com.apmosys.employeeportal.mongodb.repository.ProjectInsightQuestionDetailsRepository. If you want this repository to be a JPA repository, consider annotating your entities with one of these annotations: javax.persistence.Entity, javax.persistence.MappedSuperclass (preferred), or consider extending one of the following types with your repository: org.springframework.data.jpa.repository.JpaRepository.
2026-01-13 22:23:00 [restartedMain] INFO  org.springframework.data.repository.config.RepositoryConfigurationExtensionSupport - Spring Data JPA - Could not safely identify store assignment for repository candidate interface com.apmosys.employeeportal.mongodb.repository.ProjectInsightQuestionLibraryEntryRepository. If you want this repository to be a JPA repository, consider annotating your entities with one of these annotations: javax.persistence.Entity, javax.persistence.MappedSuperclass (preferred), or consider extending one of the following types with your repository: org.springframework.data.jpa.repository.JpaRepository.
2026-01-13 22:23:00 [restartedMain] INFO  org.springframework.data.repository.config.RepositoryConfigurationExtensionSupport - Spring Data JPA - Could not safely identify store assignment for repository candidate interface com.apmosys.employeeportal.mongodb.repository.ProjectInsightResponseDetailsHistoryRepository. If you want this repository to be a JPA repository, consider annotating your entities with one of these annotations: javax.persistence.Entity, javax.persistence.MappedSuperclass (preferred), or consider extending one of the following types with your repository: org.springframework.data.jpa.repository.JpaRepository.
2026-01-13 22:23:00 [restartedMain] INFO  org.springframework.data.repository.config.RepositoryConfigurationExtensionSupport - Spring Data JPA - Could not safely identify store assignment for repository candidate interface com.apmosys.employeeportal.mongodb.repository.ProjectInsightResponseDetailsRepository. If you want this repository to be a JPA repository, consider annotating your entities with one of these annotations: javax.persistence.Entity, javax.persistence.MappedSuperclass (preferred), or consider extending one of the following types with your repository: org.springframework.data.jpa.repository.JpaRepository.
2026-01-13 22:23:04 [restartedMain] INFO  org.springframework.data.repository.config.RepositoryConfigurationDelegate - Finished Spring Data repository scanning in 5355 ms. Found 169 JPA repository interfaces.
2026-01-13 22:23:05 [restartedMain] INFO  org.springframework.data.repository.config.RepositoryConfigurationDelegate - Multiple Spring Data modules found, entering strict repository configuration mode!
2026-01-13 22:23:05 [restartedMain] INFO  org.springframework.data.repository.config.RepositoryConfigurationDelegate - Bootstrapping Spring Data MongoDB repositories in DEFAULT mode.
2026-01-13 22:23:05 [restartedMain] INFO  org.springframework.data.repository.config.RepositoryConfigurationExtensionSupport - Spring Data MongoDB - Could not safely identify store assignment for repository candidate interface com.apmosys.employeeportal.repository.ActivitiesRepository. If you want this repository to be a MongoDB repository, consider annotating your entities with one of these annotations: org.springframework.data.mongodb.core.mapping.Document (preferred), or consider extending one of the following types with your repository: org.springframework.data.mongodb.repository.MongoRepository.
2026-01-13 22:23:05 [restartedMain] INFO  org.springframework.data.repository.config.RepositoryConfigurationExtensionSupport - Spring Data MongoDB - Could not safely identify store assignment for repository candidate interface com.apmosys.employeeportal.repository.ActivityTemplateRepository. If you want this repository to be a MongoDB repository, consider annotating your entities with one of these annotations: org.springframework.data.mongodb.core.mapping.Document (preferred), or consider extending one of the following types with your repository: org.springframework.data.mongodb.repository.MongoRepository.
2026-01-13 22:23:05 [restartedMain] INFO  org.springframework.data.repository.config.RepositoryConfigurationExtensionSupport - Spring Data MongoDB - Could not safely identify store assignment for repository candidate interface com.apmosys.employeeportal.repository.ApiLogRepository. If you want this repository to be a MongoDB repository, consider annotating your entities with one of these annotations: org.springframework.data.mongodb.core.mapping.Document (preferred), or consider extending one of the following types with your repository: org.springframework.data.mongodb.repository.MongoRepository.
2026-01-13 22:23:05 [restartedMain] INFO  org.springframework.data.repository.config.RepositoryConfigurationExtensionSupport - Spring Data MongoDB - Could not safely identify store assignment for repository candidate interface com.apmosys.employeeportal.repository.ApiSourceRepository. If you want this repository to be a MongoDB repository, consider annotating your entities with one of these annotations: org.springframework.data.mongodb.core.mapping.Document (preferred), or consider extending one of the following types with your repository: org.springframework.data.mongodb.repository.MongoRepository.
2026-01-13 22:23:05 [restartedMain] INFO  org.springframework.data.repository.config.RepositoryConfigurationExtensionSupport - Spring Data MongoDB - Could not safely identify store assignment for repository candidate interface com.apmosys.employeeportal.repository.AppraisalSummaryRepository. If you want this repository to be a MongoDB repository, consider annotating your entities with one of these annotations: org.springframework.data.mongodb.core.mapping.Document (preferred), or consider extending one of the following types with your repository: org.springframework.data.mongodb.repository.MongoRepository.
2026-01-13 22:23:05 [restartedMain] INFO  org.springframework.data.repository.config.RepositoryConfigurationExtensionSupport - Spring Data MongoDB - Could not safely identify store assignment for repository candidate interface com.apmosys.employeeportal.repository.AppreciationRepository. If you want this repository to be a MongoDB repository, consider annotating your entities with one of these annotations: org.springframework.data.mongodb.core.mapping.Document (preferred), or consider extending one of the following types with your repository: org.springframework.data.mongodb.repository.MongoRepository.
2026-01-13 22:23:05 [restartedMain] INFO  org.springframework.data.repository.config.RepositoryConfigurationExtensionSupport - Spring Data MongoDB - Could not safely identify store assignment for repository candidate interface com.apmosys.employeeportal.repository.BioMaxRequestIssueRepository. If you want this repository to be a MongoDB repository, consider annotating your entities with one of these annotations: org.springframework.data.mongodb.core.mapping.Document (preferred), or consider extending one of the following types with your repository: org.springframework.data.mongodb.repository.MongoRepository.
2026-01-13 22:23:05 [restartedMain] INFO  org.springframework.data.repository.config.RepositoryConfigurationExtensionSupport - Spring Data MongoDB - Could not safely identify store assignment for repository candidate interface com.apmosys.employeeportal.repository.BiomaxDefaulterRepository. If you want this repository to be a MongoDB repository, consider annotating your entities with one of these annotations: org.springframework.data.mongodb.core.mapping.Document (preferred), or consider extending one of the following types with your repository: org.springframework.data.mongodb.repository.MongoRepository.
2026-01-13 22:23:05 [restartedMain] INFO  org.springframework.data.repository.config.RepositoryConfigurationExtensionSupport - Spring Data MongoDB - Could not safely identify store assignment for repository candidate interface com.apmosys.employeeportal.repository.BiomaxRequestRepository. If you want this repository to be a MongoDB repository, consider annotating your entities with one of these annotations: org.springframework.data.mongodb.core.mapping.Document (preferred), or consider extending one of the following types with your repository: org.springframework.data.mongodb.repository.MongoRepository.
2026-01-13 22:23:05 [restartedMain] INFO  org.springframework.data.repository.config.RepositoryConfigurationExtensionSupport - Spring Data MongoDB - Could not safely identify store assignment for repository candidate interface com.apmosys.employeeportal.repository.BirthdayMailRepository. If you want this repository to be a MongoDB repository, consider annotating your entities with one of these annotations: org.springframework.data.mongodb.core.mapping.Document (preferred), or consider extending one of the following types with your repository: org.springframework.data.mongodb.repository.MongoRepository.
2026-01-13 22:23:05 [restartedMain] INFO  org.springframework.data.repository.config.RepositoryConfigurationExtensionSupport - Spring Data MongoDB - Could not safely identify store assignment for repository candidate interface com.apmosys.employeeportal.repository.CertificateDocumentMapRepository. If you want this repository to be a MongoDB repository, consider annotating your entities with one of these annotations: org.springframework.data.mongodb.core.mapping.Document (preferred), or consider extending one of the following types with your repository: org.springframework.data.mongodb.repository.MongoRepository.
2026-01-13 22:23:05 [restartedMain] INFO  org.springframework.data.repository.config.RepositoryConfigurationExtensionSupport - Spring Data MongoDB - Could not safely identify store assignment for repository candidate interface com.apmosys.employeeportal.repository.CertificateDriveLinkMapRepository. If you want this repository to be a MongoDB repository, consider annotating your entities with one of these annotations: org.springframework.data.mongodb.core.mapping.Document (preferred), or consider extending one of the following types with your repository: org.springframework.data.mongodb.repository.MongoRepository.
2026-01-13 22:23:05 [restartedMain] INFO  org.springframework.data.repository.config.RepositoryConfigurationExtensionSupport - Spring Data MongoDB - Could not safely identify store assignment for repository candidate interface com.apmosys.employeeportal.repository.CertificateSkillMapRepository. If you want this repository to be a MongoDB repository, consider annotating your entities with one of these annotations: org.springframework.data.mongodb.core.mapping.Document (preferred), or consider extending one of the following types with your repository: org.springframework.data.mongodb.repository.MongoRepository.
2026-01-13 22:23:05 [restartedMain] INFO  org.springframework.data.repository.config.RepositoryConfigurationExtensionSupport - Spring Data MongoDB - Could not safely identify store assignment for repository candidate interface com.apmosys.employeeportal.repository.CityRepository. If you want this repository to be a MongoDB repository, consider annotating your entities with one of these annotations: org.springframework.data.mongodb.core.mapping.Document (preferred), or consider extending one of the following types with your repository: org.springframework.data.mongodb.repository.MongoRepository.
2026-01-13 22:23:05 [restartedMain] INFO  org.springframework.data.repository.config.RepositoryConfigurationExtensionSupport - Spring Data MongoDB - Could not safely identify store assignment for repository candidate interface com.apmosys.employeeportal.repository.ClientLocationRepository. If you want this repository to be a MongoDB repository, consider annotating your entities with one of these annotations: org.springframework.data.mongodb.core.mapping.Document (preferred), or consider extending one of the following types with your repository: org.springframework.data.mongodb.repository.MongoRepository.
2026-01-13 22:23:05 [restartedMain] INFO  org.springframework.data.repository.config.RepositoryConfigurationExtensionSupport - Spring Data MongoDB - Could not safely identify store assignment for repository candidate interface com.apmosys.employeeportal.repository.ClientStatusMasterNewRepository. If you want this repository to be a MongoDB repository, consider annotating your entities with one of these annotations: org.springframework.data.mongodb.core.mapping.Document (preferred), or consider extending one of the following types with your repository: org.springframework.data.mongodb.repository.MongoRepository.
2026-01-13 22:23:05 [restartedMain] INFO  org.springframework.data.repository.config.RepositoryConfigurationExtensionSupport - Spring Data MongoDB - Could not safely identify store assignment for repository candidate interface com.apmosys.employeeportal.repository.ClientsRepository. If you want this repository to be a MongoDB repository, consider annotating your entities with one of these annotations: org.springframework.data.mongodb.core.mapping.Document (preferred), or consider extending one of the following types with your repository: org.springframework.data.mongodb.repository.MongoRepository.
2026-01-13 22:23:05 [restartedMain] INFO  org.springframework.data.repository.config.RepositoryConfigurationExtensionSupport - Spring Data MongoDB - Could not safely identify store assignment for repository candidate interface com.apmosys.employeeportal.repository.CompOffLeaveRepository. If you want this repository to be a MongoDB repository, consider annotating your entities with one of these annotations: org.springframework.data.mongodb.core.mapping.Document (preferred), or consider extending one of the following types with your repository: org.springframework.data.mongodb.repository.MongoRepository.
2026-01-13 22:23:05 [restartedMain] INFO  org.springframework.data.repository.config.RepositoryConfigurationExtensionSupport - Spring Data MongoDB - Could not safely identify store assignment for repository candidate interface com.apmosys.employeeportal.repository.CompOffMasterRepository. If you want this repository to be a MongoDB repository, consider annotating your entities with one of these annotations: org.springframework.data.mongodb.core.mapping.Document (preferred), or consider extending one of the following types with your repository: org.springframework.data.mongodb.repository.MongoRepository.
2026-01-13 22:23:05 [restartedMain] INFO  org.springframework.data.repository.config.RepositoryConfigurationExtensionSupport - Spring Data MongoDB - Could not safely identify store assignment for repository candidate interface com.apmosys.employeeportal.repository.CustomQueryDetailsRepository. If you want this repository to be a MongoDB repository, consider annotating your entities with one of these annotations: org.springframework.data.mongodb.core.mapping.Document (preferred), or consider extending one of the following types with your repository: org.springframework.data.mongodb.repository.MongoRepository.
2026-01-13 22:23:05 [restartedMain] INFO  org.springframework.data.repository.config.RepositoryConfigurationExtensionSupport - Spring Data MongoDB - Could not safely identify store assignment for repository candidate interface com.apmosys.employeeportal.repository.DayTypeMasterNewRepository. If you want this repository to be a MongoDB repository, consider annotating your entities with one of these annotations: org.springframework.data.mongodb.core.mapping.Document (preferred), or consider extending one of the following types with your repository: org.springframework.data.mongodb.repository.MongoRepository.
2026-01-13 22:23:05 [restartedMain] INFO  org.springframework.data.repository.config.RepositoryConfigurationExtensionSupport - Spring Data MongoDB - Could not safely identify store assignment for repository candidate interface com.apmosys.employeeportal.repository.DeliveryModeRepository. If you want this repository to be a MongoDB repository, consider annotating your entities with one of these annotations: org.springframework.data.mongodb.core.mapping.Document (preferred), or consider extending one of the following types with your repository: org.springframework.data.mongodb.repository.MongoRepository.
2026-01-13 22:23:05 [restartedMain] INFO  org.springframework.data.repository.config.RepositoryConfigurationExtensionSupport - Spring Data MongoDB - Could not safely identify store assignment for repository candidate interface com.apmosys.employeeportal.repository.DepartmentRepository. If you want this repository to be a MongoDB repository, consider annotating your entities with one of these annotations: org.springframework.data.mongodb.core.mapping.Document (preferred), or consider extending one of the following types with your repository: org.springframework.data.mongodb.repository.MongoRepository.
2026-01-13 22:23:05 [restartedMain] INFO  org.springframework.data.repository.config.RepositoryConfigurationExtensionSupport - Spring Data MongoDB - Could not safely identify store assignment for repository candidate interface com.apmosys.employeeportal.repository.DesignationDepartmentMapRepository. If you want this repository to be a MongoDB repository, consider annotating your entities with one of these annotations: org.springframework.data.mongodb.core.mapping.Document (preferred), or consider extending one of the following types with your repository: org.springframework.data.mongodb.repository.MongoRepository.
2026-01-13 22:23:05 [restartedMain] INFO  org.springframework.data.repository.config.RepositoryConfigurationExtensionSupport - Spring Data MongoDB - Could not safely identify store assignment for repository candidate interface com.apmosys.employeeportal.repository.DesignationRepository. If you want this repository to be a MongoDB repository, consider annotating your entities with one of these annotations: org.springframework.data.mongodb.core.mapping.Document (preferred), or consider extending one of the following types with your repository: org.springframework.data.mongodb.repository.MongoRepository.
2026-01-13 22:23:05 [restartedMain] INFO  org.springframework.data.repository.config.RepositoryConfigurationExtensionSupport - Spring Data MongoDB - Could not safely identify store assignment for repository candidate interface com.apmosys.employeeportal.repository.DocMimeTypeMasterNewRepository. If you want this repository to be a MongoDB repository, consider annotating your entities with one of these annotations: org.springframework.data.mongodb.core.mapping.Document (preferred), or consider extending one of the following types with your repository: org.springframework.data.mongodb.repository.MongoRepository.
2026-01-13 22:23:05 [restartedMain] INFO  org.springframework.data.repository.config.RepositoryConfigurationExtensionSupport - Spring Data MongoDB - Could not safely identify store assignment for repository candidate interface com.apmosys.employeeportal.repository.DomainRepository. If you want this repository to be a MongoDB repository, consider annotating your entities with one of these annotations: org.springframework.data.mongodb.core.mapping.Document (preferred), or consider extending one of the following types with your repository: org.springframework.data.mongodb.repository.MongoRepository.
2026-01-13 22:23:05 [restartedMain] INFO  org.springframework.data.repository.config.RepositoryConfigurationExtensionSupport - Spring Data MongoDB - Could not safely identify store assignment for repository candidate interface com.apmosys.employeeportal.repository.DraftEmployeeRepository. If you want this repository to be a MongoDB repository, consider annotating your entities with one of these annotations: org.springframework.data.mongodb.core.mapping.Document (preferred), or consider extending one of the following types with your repository: org.springframework.data.mongodb.repository.MongoRepository.
2026-01-13 22:23:05 [restartedMain] INFO  org.springframework.data.repository.config.RepositoryConfigurationExtensionSupport - Spring Data MongoDB - Could not safely identify store assignment for repository candidate interface com.apmosys.employeeportal.repository.EmpPrimaryProjectMappingRepository. If you want this repository to be a MongoDB repository, consider annotating your entities with one of these annotations: org.springframework.data.mongodb.core.mapping.Document (preferred), or consider extending one of the following types with your repository: org.springframework.data.mongodb.repository.MongoRepository.
2026-01-13 22:23:05 [restartedMain] INFO  org.springframework.data.repository.config.RepositoryConfigurationExtensionSupport - Spring Data MongoDB - Could not safely identify store assignment for repository candidate interface com.apmosys.employeeportal.repository.Employee360Repository. If you want this repository to be a MongoDB repository, consider annotating your entities with one of these annotations: org.springframework.data.mongodb.core.mapping.Document (preferred), or consider extending one of the following types with your repository: org.springframework.data.mongodb.repository.MongoRepository.
2026-01-13 22:23:05 [restartedMain] INFO  org.springframework.data.repository.config.RepositoryConfigurationExtensionSupport - Spring Data MongoDB - Could not safely identify store assignment for repository candidate interface com.apmosys.employeeportal.repository.EmployeeCertificateRepository. If you want this repository to be a MongoDB repository, consider annotating your entities with one of these annotations: org.springframework.data.mongodb.core.mapping.Document (preferred), or consider extending one of the following types with your repository: org.springframework.data.mongodb.repository.MongoRepository.
2026-01-13 22:23:05 [restartedMain] INFO  org.springframework.data.repository.config.RepositoryConfigurationExtensionSupport - Spring Data MongoDB - Could not safely identify store assignment for repository candidate interface com.apmosys.employeeportal.repository.EmployeeCertificatesRepository. If you want this repository to be a MongoDB repository, consider annotating your entities with one of these annotations: org.springframework.data.mongodb.core.mapping.Document (preferred), or consider extending one of the following types with your repository: org.springframework.data.mongodb.repository.MongoRepository.
2026-01-13 22:23:05 [restartedMain] INFO  org.springframework.data.repository.config.RepositoryConfigurationExtensionSupport - Spring Data MongoDB - Could not safely identify store assignment for repository candidate interface com.apmosys.employeeportal.repository.EmployeeClientSideIdMappingNewRepository. If you want this repository to be a MongoDB repository, consider annotating your entities with one of these annotations: org.springframework.data.mongodb.core.mapping.Document (preferred), or consider extending one of the following types with your repository: org.springframework.data.mongodb.repository.MongoRepository.
2026-01-13 22:23:05 [restartedMain] INFO  org.springframework.data.repository.config.RepositoryConfigurationExtensionSupport - Spring Data MongoDB - Could not safely identify store assignment for repository candidate interface com.apmosys.employeeportal.repository.EmployeeClientSideIdMappingRepository. If you want this repository to be a MongoDB repository, consider annotating your entities with one of these annotations: org.springframework.data.mongodb.core.mapping.Document (preferred), or consider extending one of the following types with your repository: org.springframework.data.mongodb.repository.MongoRepository.
2026-01-13 22:23:05 [restartedMain] INFO  org.springframework.data.repository.config.RepositoryConfigurationExtensionSupport - Spring Data MongoDB - Could not safely identify store assignment for repository candidate interface com.apmosys.employeeportal.repository.EmployeeDocumentRepository. If you want this repository to be a MongoDB repository, consider annotating your entities with one of these annotations: org.springframework.data.mongodb.core.mapping.Document (preferred), or consider extending one of the following types with your repository: org.springframework.data.mongodb.repository.MongoRepository.
2026-01-13 22:23:05 [restartedMain] INFO  org.springframework.data.repository.config.RepositoryConfigurationExtensionSupport - Spring Data MongoDB - Could not safely identify store assignment for repository candidate interface com.apmosys.employeeportal.repository.EmployeeGoalRepository. If you want this repository to be a MongoDB repository, consider annotating your entities with one of these annotations: org.springframework.data.mongodb.core.mapping.Document (preferred), or consider extending one of the following types with your repository: org.springframework.data.mongodb.repository.MongoRepository.
2026-01-13 22:23:05 [restartedMain] INFO  org.springframework.data.repository.config.RepositoryConfigurationExtensionSupport - Spring Data MongoDB - Could not safely identify store assignment for repository candidate interface com.apmosys.employeeportal.repository.EmployeeKpiMappingRepository. If you want this repository to be a MongoDB repository, consider annotating your entities with one of these annotations: org.springframework.data.mongodb.core.mapping.Document (preferred), or consider extending one of the following types with your repository: org.springframework.data.mongodb.repository.MongoRepository.
2026-01-13 22:23:05 [restartedMain] INFO  org.springframework.data.repository.config.RepositoryConfigurationExtensionSupport - Spring Data MongoDB - Could not safely identify store assignment for repository candidate interface com.apmosys.employeeportal.repository.EmployeeKpiRepository. If you want this repository to be a MongoDB repository, consider annotating your entities with one of these annotations: org.springframework.data.mongodb.core.mapping.Document (preferred), or consider extending one of the following types with your repository: org.springframework.data.mongodb.repository.MongoRepository.
2026-01-13 22:23:05 [restartedMain] INFO  org.springframework.data.repository.config.RepositoryConfigurationExtensionSupport - Spring Data MongoDB - Could not safely identify store assignment for repository candidate interface com.apmosys.employeeportal.repository.EmployeeLeaveRepository. If you want this repository to be a MongoDB repository, consider annotating your entities with one of these annotations: org.springframework.data.mongodb.core.mapping.Document (preferred), or consider extending one of the following types with your repository: org.springframework.data.mongodb.repository.MongoRepository.
2026-01-13 22:23:05 [restartedMain] INFO  org.springframework.data.repository.config.RepositoryConfigurationExtensionSupport - Spring Data MongoDB - Could not safely identify store assignment for repository candidate interface com.apmosys.employeeportal.repository.EmployeeLeavesMapRepository. If you want this repository to be a MongoDB repository, consider annotating your entities with one of these annotations: org.springframework.data.mongodb.core.mapping.Document (preferred), or consider extending one of the following types with your repository: org.springframework.data.mongodb.repository.MongoRepository.
2026-01-13 22:23:05 [restartedMain] INFO  org.springframework.data.repository.config.RepositoryConfigurationExtensionSupport - Spring Data MongoDB - Could not safely identify store assignment for repository candidate interface com.apmosys.employeeportal.repository.EmployeeNotificationConsentRepository. If you want this repository to be a MongoDB repository, consider annotating your entities with one of these annotations: org.springframework.data.mongodb.core.mapping.Document (preferred), or consider extending one of the following types with your repository: org.springframework.data.mongodb.repository.MongoRepository.
2026-01-13 22:23:05 [restartedMain] INFO  org.springframework.data.repository.config.RepositoryConfigurationExtensionSupport - Spring Data MongoDB - Could not safely identify store assignment for repository candidate interface com.apmosys.employeeportal.repository.EmployeeOnBoardingMapRepository. If you want this repository to be a MongoDB repository, consider annotating your entities with one of these annotations: org.springframework.data.mongodb.core.mapping.Document (preferred), or consider extending one of the following types with your repository: org.springframework.data.mongodb.repository.MongoRepository.
2026-01-13 22:23:05 [restartedMain] INFO  org.springframework.data.repository.config.RepositoryConfigurationExtensionSupport - Spring Data MongoDB - Could not safely identify store assignment for repository candidate interface com.apmosys.employeeportal.repository.EmployeeOnBoardingRepository. If you want this repository to be a MongoDB repository, consider annotating your entities with one of these annotations: org.springframework.data.mongodb.core.mapping.Document (preferred), or consider extending one of the following types with your repository: org.springframework.data.mongodb.repository.MongoRepository.
2026-01-13 22:23:05 [restartedMain] INFO  org.springframework.data.repository.config.RepositoryConfigurationExtensionSupport - Spring Data MongoDB - Could not safely identify store assignment for repository candidate interface com.apmosys.employeeportal.repository.EmployeePerformanceRepository. If you want this repository to be a MongoDB repository, consider annotating your entities with one of these annotations: org.springframework.data.mongodb.core.mapping.Document (preferred), or consider extending one of the following types with your repository: org.springframework.data.mongodb.repository.MongoRepository.
2026-01-13 22:23:05 [restartedMain] INFO  org.springframework.data.repository.config.RepositoryConfigurationExtensionSupport - Spring Data MongoDB - Could not safely identify store assignment for repository candidate interface com.apmosys.employeeportal.repository.EmployeeRatingPerformanceRepository. If you want this repository to be a MongoDB repository, consider annotating your entities with one of these annotations: org.springframework.data.mongodb.core.mapping.Document (preferred), or consider extending one of the following types with your repository: org.springframework.data.mongodb.repository.MongoRepository.
2026-01-13 22:23:06 [restartedMain] INFO  org.springframework.data.repository.config.RepositoryConfigurationExtensionSupport - Spring Data MongoDB - Could not safely identify store assignment for repository candidate interface com.apmosys.employeeportal.repository.EmployeeRepository. If you want this repository to be a MongoDB repository, consider annotating your entities with one of these annotations: org.springframework.data.mongodb.core.mapping.Document (preferred), or consider extending one of the following types with your repository: org.springframework.data.mongodb.repository.MongoRepository.
2026-01-13 22:23:06 [restartedMain] INFO  org.springframework.data.repository.config.RepositoryConfigurationExtensionSupport - Spring Data MongoDB - Could not safely identify store assignment for repository candidate interface com.apmosys.employeeportal.repository.EmployeeResignationRepository. If you want this repository to be a MongoDB repository, consider annotating your entities with one of these annotations: org.springframework.data.mongodb.core.mapping.Document (preferred), or consider extending one of the following types with your repository: org.springframework.data.mongodb.repository.MongoRepository.
2026-01-13 22:23:06 [restartedMain] INFO  org.springframework.data.repository.config.RepositoryConfigurationExtensionSupport - Spring Data MongoDB - Could not safely identify store assignment for repository candidate interface com.apmosys.employeeportal.repository.EmployeeRewardsRepository. If you want this repository to be a MongoDB repository, consider annotating your entities with one of these annotations: org.springframework.data.mongodb.core.mapping.Document (preferred), or consider extending one of the following types with your repository: org.springframework.data.mongodb.repository.MongoRepository.
2026-01-13 22:23:06 [restartedMain] INFO  org.springframework.data.repository.config.RepositoryConfigurationExtensionSupport - Spring Data MongoDB - Could not safely identify store assignment for repository candidate interface com.apmosys.employeeportal.repository.EmployeeRoleMasterRepository. If you want this repository to be a MongoDB repository, consider annotating your entities with one of these annotations: org.springframework.data.mongodb.core.mapping.Document (preferred), or consider extending one of the following types with your repository: org.springframework.data.mongodb.repository.MongoRepository.
2026-01-13 22:23:06 [restartedMain] INFO  org.springframework.data.repository.config.RepositoryConfigurationExtensionSupport - Spring Data MongoDB - Could not safely identify store assignment for repository candidate interface com.apmosys.employeeportal.repository.EmployeeSkillProficiencyMappingRepository. If you want this repository to be a MongoDB repository, consider annotating your entities with one of these annotations: org.springframework.data.mongodb.core.mapping.Document (preferred), or consider extending one of the following types with your repository: org.springframework.data.mongodb.repository.MongoRepository.
2026-01-13 22:23:06 [restartedMain] INFO  org.springframework.data.repository.config.RepositoryConfigurationExtensionSupport - Spring Data MongoDB - Could not safely identify store assignment for repository candidate interface com.apmosys.employeeportal.repository.EmployeeSpecializationMapRepository. If you want this repository to be a MongoDB repository, consider annotating your entities with one of these annotations: org.springframework.data.mongodb.core.mapping.Document (preferred), or consider extending one of the following types with your repository: org.springframework.data.mongodb.repository.MongoRepository.
2026-01-13 22:23:06 [restartedMain] INFO  org.springframework.data.repository.config.RepositoryConfigurationExtensionSupport - Spring Data MongoDB - Could not safely identify store assignment for repository candidate interface com.apmosys.employeeportal.repository.EmployeeTeamMapRepository. If you want this repository to be a MongoDB repository, consider annotating your entities with one of these annotations: org.springframework.data.mongodb.core.mapping.Document (preferred), or consider extending one of the following types with your repository: org.springframework.data.mongodb.repository.MongoRepository.
2026-01-13 22:23:06 [restartedMain] INFO  org.springframework.data.repository.config.RepositoryConfigurationExtensionSupport - Spring Data MongoDB - Could not safely identify store assignment for repository candidate interface com.apmosys.employeeportal.repository.EmployeeTimesheetLocationMappingRepository. If you want this repository to be a MongoDB repository, consider annotating your entities with one of these annotations: org.springframework.data.mongodb.core.mapping.Document (preferred), or consider extending one of the following types with your repository: org.springframework.data.mongodb.repository.MongoRepository.
2026-01-13 22:23:06 [restartedMain] INFO  org.springframework.data.repository.config.RepositoryConfigurationExtensionSupport - Spring Data MongoDB - Could not safely identify store assignment for repository candidate interface com.apmosys.employeeportal.repository.EmployeeTimesheetsNewRepository. If you want this repository to be a MongoDB repository, consider annotating your entities with one of these annotations: org.springframework.data.mongodb.core.mapping.Document (preferred), or consider extending one of the following types with your repository: org.springframework.data.mongodb.repository.MongoRepository.
2026-01-13 22:23:06 [restartedMain] INFO  org.springframework.data.repository.config.RepositoryConfigurationExtensionSupport - Spring Data MongoDB - Could not safely identify store assignment for repository candidate interface com.apmosys.employeeportal.repository.EmployeeexcludedFromLeaveRepository. If you want this repository to be a MongoDB repository, consider annotating your entities with one of these annotations: org.springframework.data.mongodb.core.mapping.Document (preferred), or consider extending one of the following types with your repository: org.springframework.data.mongodb.repository.MongoRepository.
2026-01-13 22:23:06 [restartedMain] INFO  org.springframework.data.repository.config.RepositoryConfigurationExtensionSupport - Spring Data MongoDB - Could not safely identify store assignment for repository candidate interface com.apmosys.employeeportal.repository.EnableAppreciationRepository. If you want this repository to be a MongoDB repository, consider annotating your entities with one of these annotations: org.springframework.data.mongodb.core.mapping.Document (preferred), or consider extending one of the following types with your repository: org.springframework.data.mongodb.repository.MongoRepository.
2026-01-13 22:23:06 [restartedMain] INFO  org.springframework.data.repository.config.RepositoryConfigurationExtensionSupport - Spring Data MongoDB - Could not safely identify store assignment for repository candidate interface com.apmosys.employeeportal.repository.EventPhotosRepository. If you want this repository to be a MongoDB repository, consider annotating your entities with one of these annotations: org.springframework.data.mongodb.core.mapping.Document (preferred), or consider extending one of the following types with your repository: org.springframework.data.mongodb.repository.MongoRepository.
2026-01-13 22:23:06 [restartedMain] INFO  org.springframework.data.repository.config.RepositoryConfigurationExtensionSupport - Spring Data MongoDB - Could not safely identify store assignment for repository candidate interface com.apmosys.employeeportal.repository.ExitInterviewResponseRepository. If you want this repository to be a MongoDB repository, consider annotating your entities with one of these annotations: org.springframework.data.mongodb.core.mapping.Document (preferred), or consider extending one of the following types with your repository: org.springframework.data.mongodb.repository.MongoRepository.
2026-01-13 22:23:06 [restartedMain] INFO  org.springframework.data.repository.config.RepositoryConfigurationExtensionSupport - Spring Data MongoDB - Could not safely identify store assignment for repository candidate interface com.apmosys.employeeportal.repository.ExpenditureTypeRepository. If you want this repository to be a MongoDB repository, consider annotating your entities with one of these annotations: org.springframework.data.mongodb.core.mapping.Document (preferred), or consider extending one of the following types with your repository: org.springframework.data.mongodb.repository.MongoRepository.
2026-01-13 22:23:06 [restartedMain] INFO  org.springframework.data.repository.config.RepositoryConfigurationExtensionSupport - Spring Data MongoDB - Could not safely identify store assignment for repository candidate interface com.apmosys.employeeportal.repository.FCLineItemRepository. If you want this repository to be a MongoDB repository, consider annotating your entities with one of these annotations: org.springframework.data.mongodb.core.mapping.Document (preferred), or consider extending one of the following types with your repository: org.springframework.data.mongodb.repository.MongoRepository.
2026-01-13 22:23:06 [restartedMain] INFO  org.springframework.data.repository.config.RepositoryConfigurationExtensionSupport - Spring Data MongoDB - Could not safely identify store assignment for repository candidate interface com.apmosys.employeeportal.repository.FCProjectMilestoneRepository. If you want this repository to be a MongoDB repository, consider annotating your entities with one of these annotations: org.springframework.data.mongodb.core.mapping.Document (preferred), or consider extending one of the following types with your repository: org.springframework.data.mongodb.repository.MongoRepository.
2026-01-13 22:23:06 [restartedMain] INFO  org.springframework.data.repository.config.RepositoryConfigurationExtensionSupport - Spring Data MongoDB - Could not safely identify store assignment for repository candidate interface com.apmosys.employeeportal.repository.FeatureMasterRepository. If you want this repository to be a MongoDB repository, consider annotating your entities with one of these annotations: org.springframework.data.mongodb.core.mapping.Document (preferred), or consider extending one of the following types with your repository: org.springframework.data.mongodb.repository.MongoRepository.
2026-01-13 22:23:06 [restartedMain] INFO  org.springframework.data.repository.config.RepositoryConfigurationExtensionSupport - Spring Data MongoDB - Could not safely identify store assignment for repository candidate interface com.apmosys.employeeportal.repository.FieldAlterationRepository. If you want this repository to be a MongoDB repository, consider annotating your entities with one of these annotations: org.springframework.data.mongodb.core.mapping.Document (preferred), or consider extending one of the following types with your repository: org.springframework.data.mongodb.repository.MongoRepository.
2026-01-13 22:23:06 [restartedMain] INFO  org.springframework.data.repository.config.RepositoryConfigurationExtensionSupport - Spring Data MongoDB - Could not safely identify store assignment for repository candidate interface com.apmosys.employeeportal.repository.FilePathRepo. If you want this repository to be a MongoDB repository, consider annotating your entities with one of these annotations: org.springframework.data.mongodb.core.mapping.Document (preferred), or consider extending one of the following types with your repository: org.springframework.data.mongodb.repository.MongoRepository.
2026-01-13 22:23:06 [restartedMain] INFO  org.springframework.data.repository.config.RepositoryConfigurationExtensionSupport - Spring Data MongoDB - Could not safely identify store assignment for repository candidate interface com.apmosys.employeeportal.repository.FinalDocumentNewRepository. If you want this repository to be a MongoDB repository, consider annotating your entities with one of these annotations: org.springframework.data.mongodb.core.mapping.Document (preferred), or consider extending one of the following types with your repository: org.springframework.data.mongodb.repository.MongoRepository.
2026-01-13 22:23:06 [restartedMain] INFO  org.springframework.data.repository.config.RepositoryConfigurationExtensionSupport - Spring Data MongoDB - Could not safely identify store assignment for repository candidate interface com.apmosys.employeeportal.repository.FinalDocumentRepository. If you want this repository to be a MongoDB repository, consider annotating your entities with one of these annotations: org.springframework.data.mongodb.core.mapping.Document (preferred), or consider extending one of the following types with your repository: org.springframework.data.mongodb.repository.MongoRepository.
2026-01-13 22:23:06 [restartedMain] INFO  org.springframework.data.repository.config.RepositoryConfigurationExtensionSupport - Spring Data MongoDB - Could not safely identify store assignment for repository candidate interface com.apmosys.employeeportal.repository.FoodTypeRepository. If you want this repository to be a MongoDB repository, consider annotating your entities with one of these annotations: org.springframework.data.mongodb.core.mapping.Document (preferred), or consider extending one of the following types with your repository: org.springframework.data.mongodb.repository.MongoRepository.
2026-01-13 22:23:06 [restartedMain] INFO  org.springframework.data.repository.config.RepositoryConfigurationExtensionSupport - Spring Data MongoDB - Could not safely identify store assignment for repository candidate interface com.apmosys.employeeportal.repository.GoalRemarksRepository. If you want this repository to be a MongoDB repository, consider annotating your entities with one of these annotations: org.springframework.data.mongodb.core.mapping.Document (preferred), or consider extending one of the following types with your repository: org.springframework.data.mongodb.repository.MongoRepository.
2026-01-13 22:23:06 [restartedMain] INFO  org.springframework.data.repository.config.RepositoryConfigurationExtensionSupport - Spring Data MongoDB - Could not safely identify store assignment for repository candidate interface com.apmosys.employeeportal.repository.GoalTemplatesRepository. If you want this repository to be a MongoDB repository, consider annotating your entities with one of these annotations: org.springframework.data.mongodb.core.mapping.Document (preferred), or consider extending one of the following types with your repository: org.springframework.data.mongodb.repository.MongoRepository.
2026-01-13 22:23:06 [restartedMain] INFO  org.springframework.data.repository.config.RepositoryConfigurationExtensionSupport - Spring Data MongoDB - Could not safely identify store assignment for repository candidate interface com.apmosys.employeeportal.repository.HelpRepository. If you want this repository to be a MongoDB repository, consider annotating your entities with one of these annotations: org.springframework.data.mongodb.core.mapping.Document (preferred), or consider extending one of the following types with your repository: org.springframework.data.mongodb.repository.MongoRepository.
2026-01-13 22:23:06 [restartedMain] INFO  org.springframework.data.repository.config.RepositoryConfigurationExtensionSupport - Spring Data MongoDB - Could not safely identify store assignment for repository candidate interface com.apmosys.employeeportal.repository.HolidayRepository. If you want this repository to be a MongoDB repository, consider annotating your entities with one of these annotations: org.springframework.data.mongodb.core.mapping.Document (preferred), or consider extending one of the following types with your repository: org.springframework.data.mongodb.repository.MongoRepository.
2026-01-13 22:23:06 [restartedMain] INFO  org.springframework.data.repository.config.RepositoryConfigurationExtensionSupport - Spring Data MongoDB - Could not safely identify store assignment for repository candidate interface com.apmosys.employeeportal.repository.HotelCategoryRepository. If you want this repository to be a MongoDB repository, consider annotating your entities with one of these annotations: org.springframework.data.mongodb.core.mapping.Document (preferred), or consider extending one of the following types with your repository: org.springframework.data.mongodb.repository.MongoRepository.
2026-01-13 22:23:06 [restartedMain] INFO  org.springframework.data.repository.config.RepositoryConfigurationExtensionSupport - Spring Data MongoDB - Could not safely identify store assignment for repository candidate interface com.apmosys.employeeportal.repository.HotelSubCategoryRepository. If you want this repository to be a MongoDB repository, consider annotating your entities with one of these annotations: org.springframework.data.mongodb.core.mapping.Document (preferred), or consider extending one of the following types with your repository: org.springframework.data.mongodb.repository.MongoRepository.
2026-01-13 22:23:06 [restartedMain] INFO  org.springframework.data.repository.config.RepositoryConfigurationExtensionSupport - Spring Data MongoDB - Could not safely identify store assignment for repository candidate interface com.apmosys.employeeportal.repository.JobRoleRepository. If you want this repository to be a MongoDB repository, consider annotating your entities with one of these annotations: org.springframework.data.mongodb.core.mapping.Document (preferred), or consider extending one of the following types with your repository: org.springframework.data.mongodb.repository.MongoRepository.
2026-01-13 22:23:06 [restartedMain] INFO  org.springframework.data.repository.config.RepositoryConfigurationExtensionSupport - Spring Data MongoDB - Could not safely identify store assignment for repository candidate interface com.apmosys.employeeportal.repository.KpiRepository. If you want this repository to be a MongoDB repository, consider annotating your entities with one of these annotations: org.springframework.data.mongodb.core.mapping.Document (preferred), or consider extending one of the following types with your repository: org.springframework.data.mongodb.repository.MongoRepository.
2026-01-13 22:23:06 [restartedMain] INFO  org.springframework.data.repository.config.RepositoryConfigurationExtensionSupport - Spring Data MongoDB - Could not safely identify store assignment for repository candidate interface com.apmosys.employeeportal.repository.KpiResponseRepository. If you want this repository to be a MongoDB repository, consider annotating your entities with one of these annotations: org.springframework.data.mongodb.core.mapping.Document (preferred), or consider extending one of the following types with your repository: org.springframework.data.mongodb.repository.MongoRepository.
2026-01-13 22:23:06 [restartedMain] INFO  org.springframework.data.repository.config.RepositoryConfigurationExtensionSupport - Spring Data MongoDB - Could not safely identify store assignment for repository candidate interface com.apmosys.employeeportal.repository.KpisRepository. If you want this repository to be a MongoDB repository, consider annotating your entities with one of these annotations: org.springframework.data.mongodb.core.mapping.Document (preferred), or consider extending one of the following types with your repository: org.springframework.data.mongodb.repository.MongoRepository.
2026-01-13 22:23:06 [restartedMain] INFO  org.springframework.data.repository.config.RepositoryConfigurationExtensionSupport - Spring Data MongoDB - Could not safely identify store assignment for repository candidate interface com.apmosys.employeeportal.repository.KresponseRemarkRepository. If you want this repository to be a MongoDB repository, consider annotating your entities with one of these annotations: org.springframework.data.mongodb.core.mapping.Document (preferred), or consider extending one of the following types with your repository: org.springframework.data.mongodb.repository.MongoRepository.
2026-01-13 22:23:06 [restartedMain] INFO  org.springframework.data.repository.config.RepositoryConfigurationExtensionSupport - Spring Data MongoDB - Could not safely identify store assignment for repository candidate interface com.apmosys.employeeportal.repository.KresponseRepository. If you want this repository to be a MongoDB repository, consider annotating your entities with one of these annotations: org.springframework.data.mongodb.core.mapping.Document (preferred), or consider extending one of the following types with your repository: org.springframework.data.mongodb.repository.MongoRepository.
2026-01-13 22:23:06 [restartedMain] INFO  org.springframework.data.repository.config.RepositoryConfigurationExtensionSupport - Spring Data MongoDB - Could not safely identify store assignment for repository candidate interface com.apmosys.employeeportal.repository.LeaveBalanceLogRepository. If you want this repository to be a MongoDB repository, consider annotating your entities with one of these annotations: org.springframework.data.mongodb.core.mapping.Document (preferred), or consider extending one of the following types with your repository: org.springframework.data.mongodb.repository.MongoRepository.
2026-01-13 22:23:06 [restartedMain] INFO  org.springframework.data.repository.config.RepositoryConfigurationExtensionSupport - Spring Data MongoDB - Could not safely identify store assignment for repository candidate interface com.apmosys.employeeportal.repository.LeavePolicyMasterRepository. If you want this repository to be a MongoDB repository, consider annotating your entities with one of these annotations: org.springframework.data.mongodb.core.mapping.Document (preferred), or consider extending one of the following types with your repository: org.springframework.data.mongodb.repository.MongoRepository.
2026-01-13 22:23:06 [restartedMain] INFO  org.springframework.data.repository.config.RepositoryConfigurationExtensionSupport - Spring Data MongoDB - Could not safely identify store assignment for repository candidate interface com.apmosys.employeeportal.repository.LeaveRevokeApplicationRepository. If you want this repository to be a MongoDB repository, consider annotating your entities with one of these annotations: org.springframework.data.mongodb.core.mapping.Document (preferred), or consider extending one of the following types with your repository: org.springframework.data.mongodb.repository.MongoRepository.
2026-01-13 22:23:06 [restartedMain] INFO  org.springframework.data.repository.config.RepositoryConfigurationExtensionSupport - Spring Data MongoDB - Could not safely identify store assignment for repository candidate interface com.apmosys.employeeportal.repository.LeaveTypeMasterRepository. If you want this repository to be a MongoDB repository, consider annotating your entities with one of these annotations: org.springframework.data.mongodb.core.mapping.Document (preferred), or consider extending one of the following types with your repository: org.springframework.data.mongodb.repository.MongoRepository.
2026-01-13 22:23:06 [restartedMain] INFO  org.springframework.data.repository.config.RepositoryConfigurationExtensionSupport - Spring Data MongoDB - Could not safely identify store assignment for repository candidate interface com.apmosys.employeeportal.repository.LogsRepository. If you want this repository to be a MongoDB repository, consider annotating your entities with one of these annotations: org.springframework.data.mongodb.core.mapping.Document (preferred), or consider extending one of the following types with your repository: org.springframework.data.mongodb.repository.MongoRepository.
2026-01-13 22:23:06 [restartedMain] INFO  org.springframework.data.repository.config.RepositoryConfigurationExtensionSupport - Spring Data MongoDB - Could not safely identify store assignment for repository candidate interface com.apmosys.employeeportal.repository.MilestoneExtensionReasonRepository. If you want this repository to be a MongoDB repository, consider annotating your entities with one of these annotations: org.springframework.data.mongodb.core.mapping.Document (preferred), or consider extending one of the following types with your repository: org.springframework.data.mongodb.repository.MongoRepository.
2026-01-13 22:23:06 [restartedMain] INFO  org.springframework.data.repository.config.RepositoryConfigurationExtensionSupport - Spring Data MongoDB - Could not safely identify store assignment for repository candidate interface com.apmosys.employeeportal.repository.MilestoneUpdatedLogRepository. If you want this repository to be a MongoDB repository, consider annotating your entities with one of these annotations: org.springframework.data.mongodb.core.mapping.Document (preferred), or consider extending one of the following types with your repository: org.springframework.data.mongodb.repository.MongoRepository.
2026-01-13 22:23:06 [restartedMain] INFO  org.springframework.data.repository.config.RepositoryConfigurationExtensionSupport - Spring Data MongoDB - Could not safely identify store assignment for repository candidate interface com.apmosys.employeeportal.repository.NewsletterReadResponseRepository. If you want this repository to be a MongoDB repository, consider annotating your entities with one of these annotations: org.springframework.data.mongodb.core.mapping.Document (preferred), or consider extending one of the following types with your repository: org.springframework.data.mongodb.repository.MongoRepository.
2026-01-13 22:23:06 [restartedMain] INFO  org.springframework.data.repository.config.RepositoryConfigurationExtensionSupport - Spring Data MongoDB - Could not safely identify store assignment for repository candidate interface com.apmosys.employeeportal.repository.NewsletterRepository. If you want this repository to be a MongoDB repository, consider annotating your entities with one of these annotations: org.springframework.data.mongodb.core.mapping.Document (preferred), or consider extending one of the following types with your repository: org.springframework.data.mongodb.repository.MongoRepository.
2026-01-13 22:23:06 [restartedMain] INFO  org.springframework.data.repository.config.RepositoryConfigurationExtensionSupport - Spring Data MongoDB - Could not safely identify store assignment for repository candidate interface com.apmosys.employeeportal.repository.NotificationRepository. If you want this repository to be a MongoDB repository, consider annotating your entities with one of these annotations: org.springframework.data.mongodb.core.mapping.Document (preferred), or consider extending one of the following types with your repository: org.springframework.data.mongodb.repository.MongoRepository.
2026-01-13 22:23:06 [restartedMain] INFO  org.springframework.data.repository.config.RepositoryConfigurationExtensionSupport - Spring Data MongoDB - Could not safely identify store assignment for repository candidate interface com.apmosys.employeeportal.repository.OutcomesRespository. If you want this repository to be a MongoDB repository, consider annotating your entities with one of these annotations: org.springframework.data.mongodb.core.mapping.Document (preferred), or consider extending one of the following types with your repository: org.springframework.data.mongodb.repository.MongoRepository.
2026-01-13 22:23:06 [restartedMain] INFO  org.springframework.data.repository.config.RepositoryConfigurationExtensionSupport - Spring Data MongoDB - Could not safely identify store assignment for repository candidate interface com.apmosys.employeeportal.repository.PIPRepository. If you want this repository to be a MongoDB repository, consider annotating your entities with one of these annotations: org.springframework.data.mongodb.core.mapping.Document (preferred), or consider extending one of the following types with your repository: org.springframework.data.mongodb.repository.MongoRepository.
2026-01-13 22:23:06 [restartedMain] INFO  org.springframework.data.repository.config.RepositoryConfigurationExtensionSupport - Spring Data MongoDB - Could not safely identify store assignment for repository candidate interface com.apmosys.employeeportal.repository.PolicyReadResponseRepository. If you want this repository to be a MongoDB repository, consider annotating your entities with one of these annotations: org.springframework.data.mongodb.core.mapping.Document (preferred), or consider extending one of the following types with your repository: org.springframework.data.mongodb.repository.MongoRepository.
2026-01-13 22:23:06 [restartedMain] INFO  org.springframework.data.repository.config.RepositoryConfigurationExtensionSupport - Spring Data MongoDB - Could not safely identify store assignment for repository candidate interface com.apmosys.employeeportal.repository.PortalConfigRepository. If you want this repository to be a MongoDB repository, consider annotating your entities with one of these annotations: org.springframework.data.mongodb.core.mapping.Document (preferred), or consider extending one of the following types with your repository: org.springframework.data.mongodb.repository.MongoRepository.
2026-01-13 22:23:06 [restartedMain] INFO  org.springframework.data.repository.config.RepositoryConfigurationExtensionSupport - Spring Data MongoDB - Could not safely identify store assignment for repository candidate interface com.apmosys.employeeportal.repository.PredefinedSkillsRepository. If you want this repository to be a MongoDB repository, consider annotating your entities with one of these annotations: org.springframework.data.mongodb.core.mapping.Document (preferred), or consider extending one of the following types with your repository: org.springframework.data.mongodb.repository.MongoRepository.
2026-01-13 22:23:06 [restartedMain] INFO  org.springframework.data.repository.config.RepositoryConfigurationExtensionSupport - Spring Data MongoDB - Could not safely identify store assignment for repository candidate interface com.apmosys.employeeportal.repository.PreviousEmploymentRepository. If you want this repository to be a MongoDB repository, consider annotating your entities with one of these annotations: org.springframework.data.mongodb.core.mapping.Document (preferred), or consider extending one of the following types with your repository: org.springframework.data.mongodb.repository.MongoRepository.
2026-01-13 22:23:06 [restartedMain] INFO  org.springframework.data.repository.config.RepositoryConfigurationExtensionSupport - Spring Data MongoDB - Could not safely identify store assignment for repository candidate interface com.apmosys.employeeportal.repository.ProficiencyRepository. If you want this repository to be a MongoDB repository, consider annotating your entities with one of these annotations: org.springframework.data.mongodb.core.mapping.Document (preferred), or consider extending one of the following types with your repository: org.springframework.data.mongodb.repository.MongoRepository.
2026-01-13 22:23:06 [restartedMain] INFO  org.springframework.data.repository.config.RepositoryConfigurationExtensionSupport - Spring Data MongoDB - Could not safely identify store assignment for repository candidate interface com.apmosys.employeeportal.repository.ProjectDepartmentMapRepository. If you want this repository to be a MongoDB repository, consider annotating your entities with one of these annotations: org.springframework.data.mongodb.core.mapping.Document (preferred), or consider extending one of the following types with your repository: org.springframework.data.mongodb.repository.MongoRepository.
2026-01-13 22:23:06 [restartedMain] INFO  org.springframework.data.repository.config.RepositoryConfigurationExtensionSupport - Spring Data MongoDB - Could not safely identify store assignment for repository candidate interface com.apmosys.employeeportal.repository.ProjectInsighProjectMappingRepository. If you want this repository to be a MongoDB repository, consider annotating your entities with one of these annotations: org.springframework.data.mongodb.core.mapping.Document (preferred), or consider extending one of the following types with your repository: org.springframework.data.mongodb.repository.MongoRepository.
2026-01-13 22:23:06 [restartedMain] INFO  org.springframework.data.repository.config.RepositoryConfigurationExtensionSupport - Spring Data MongoDB - Could not safely identify store assignment for repository candidate interface com.apmosys.employeeportal.repository.ProjectInsightAssigneesRepository. If you want this repository to be a MongoDB repository, consider annotating your entities with one of these annotations: org.springframework.data.mongodb.core.mapping.Document (preferred), or consider extending one of the following types with your repository: org.springframework.data.mongodb.repository.MongoRepository.
2026-01-13 22:23:06 [restartedMain] INFO  org.springframework.data.repository.config.RepositoryConfigurationExtensionSupport - Spring Data MongoDB - Could not safely identify store assignment for repository candidate interface com.apmosys.employeeportal.repository.ProjectInsightDomainDataFlatSearchRepository. If you want this repository to be a MongoDB repository, consider annotating your entities with one of these annotations: org.springframework.data.mongodb.core.mapping.Document (preferred), or consider extending one of the following types with your repository: org.springframework.data.mongodb.repository.MongoRepository.
2026-01-13 22:23:06 [restartedMain] INFO  org.springframework.data.repository.config.RepositoryConfigurationExtensionSupport - Spring Data MongoDB - Could not safely identify store assignment for repository candidate interface com.apmosys.employeeportal.repository.ProjectInsightDomainDataRepository. If you want this repository to be a MongoDB repository, consider annotating your entities with one of these annotations: org.springframework.data.mongodb.core.mapping.Document (preferred), or consider extending one of the following types with your repository: org.springframework.data.mongodb.repository.MongoRepository.
2026-01-13 22:23:06 [restartedMain] INFO  org.springframework.data.repository.config.RepositoryConfigurationExtensionSupport - Spring Data MongoDB - Could not safely identify store assignment for repository candidate interface com.apmosys.employeeportal.repository.ProjectInsightDomainRepository. If you want this repository to be a MongoDB repository, consider annotating your entities with one of these annotations: org.springframework.data.mongodb.core.mapping.Document (preferred), or consider extending one of the following types with your repository: org.springframework.data.mongodb.repository.MongoRepository.
2026-01-13 22:23:06 [restartedMain] INFO  org.springframework.data.repository.config.RepositoryConfigurationExtensionSupport - Spring Data MongoDB - Could not safely identify store assignment for repository candidate interface com.apmosys.employeeportal.repository.ProjectInsightFacetCategoryRepository. If you want this repository to be a MongoDB repository, consider annotating your entities with one of these annotations: org.springframework.data.mongodb.core.mapping.Document (preferred), or consider extending one of the following types with your repository: org.springframework.data.mongodb.repository.MongoRepository.
2026-01-13 22:23:06 [restartedMain] INFO  org.springframework.data.repository.config.RepositoryConfigurationExtensionSupport - Spring Data MongoDB - Could not safely identify store assignment for repository candidate interface com.apmosys.employeeportal.repository.ProjectInsightFacetValueRepository. If you want this repository to be a MongoDB repository, consider annotating your entities with one of these annotations: org.springframework.data.mongodb.core.mapping.Document (preferred), or consider extending one of the following types with your repository: org.springframework.data.mongodb.repository.MongoRepository.
2026-01-13 22:23:06 [restartedMain] INFO  org.springframework.data.repository.config.RepositoryConfigurationExtensionSupport - Spring Data MongoDB - Could not safely identify store assignment for repository candidate interface com.apmosys.employeeportal.repository.ProjectInsightFilterOptionsRepository. If you want this repository to be a MongoDB repository, consider annotating your entities with one of these annotations: org.springframework.data.mongodb.core.mapping.Document (preferred), or consider extending one of the following types with your repository: org.springframework.data.mongodb.repository.MongoRepository.
2026-01-13 22:23:06 [restartedMain] INFO  org.springframework.data.repository.config.RepositoryConfigurationExtensionSupport - Spring Data MongoDB - Could not safely identify store assignment for repository candidate interface com.apmosys.employeeportal.repository.ProjectInsightFilterRepository. If you want this repository to be a MongoDB repository, consider annotating your entities with one of these annotations: org.springframework.data.mongodb.core.mapping.Document (preferred), or consider extending one of the following types with your repository: org.springframework.data.mongodb.repository.MongoRepository.
2026-01-13 22:23:06 [restartedMain] INFO  org.springframework.data.repository.config.RepositoryConfigurationExtensionSupport - Spring Data MongoDB - Could not safely identify store assignment for repository candidate interface com.apmosys.employeeportal.repository.ProjectInsightResponseMetadataRepository. If you want this repository to be a MongoDB repository, consider annotating your entities with one of these annotations: org.springframework.data.mongodb.core.mapping.Document (preferred), or consider extending one of the following types with your repository: org.springframework.data.mongodb.repository.MongoRepository.
2026-01-13 22:23:06 [restartedMain] INFO  org.springframework.data.repository.config.RepositoryConfigurationExtensionSupport - Spring Data MongoDB - Could not safely identify store assignment for repository candidate interface com.apmosys.employeeportal.repository.ProjectInsightResponsePointsRepository. If you want this repository to be a MongoDB repository, consider annotating your entities with one of these annotations: org.springframework.data.mongodb.core.mapping.Document (preferred), or consider extending one of the following types with your repository: org.springframework.data.mongodb.repository.MongoRepository.
2026-01-13 22:23:06 [restartedMain] INFO  org.springframework.data.repository.config.RepositoryConfigurationExtensionSupport - Spring Data MongoDB - Could not safely identify store assignment for repository candidate interface com.apmosys.employeeportal.repository.ProjectInsightResponseRepository. If you want this repository to be a MongoDB repository, consider annotating your entities with one of these annotations: org.springframework.data.mongodb.core.mapping.Document (preferred), or consider extending one of the following types with your repository: org.springframework.data.mongodb.repository.MongoRepository.
2026-01-13 22:23:06 [restartedMain] INFO  org.springframework.data.repository.config.RepositoryConfigurationExtensionSupport - Spring Data MongoDB - Could not safely identify store assignment for repository candidate interface com.apmosys.employeeportal.repository.ProjectInsightServiceModelRepository. If you want this repository to be a MongoDB repository, consider annotating your entities with one of these annotations: org.springframework.data.mongodb.core.mapping.Document (preferred), or consider extending one of the following types with your repository: org.springframework.data.mongodb.repository.MongoRepository.
2026-01-13 22:23:06 [restartedMain] INFO  org.springframework.data.repository.config.RepositoryConfigurationExtensionSupport - Spring Data MongoDB - Could not safely identify store assignment for repository candidate interface com.apmosys.employeeportal.repository.ProjectInsightSubDomainRepository. If you want this repository to be a MongoDB repository, consider annotating your entities with one of these annotations: org.springframework.data.mongodb.core.mapping.Document (preferred), or consider extending one of the following types with your repository: org.springframework.data.mongodb.repository.MongoRepository.
2026-01-13 22:23:06 [restartedMain] INFO  org.springframework.data.repository.config.RepositoryConfigurationExtensionSupport - Spring Data MongoDB - Could not safely identify store assignment for repository candidate interface com.apmosys.employeeportal.repository.ProjectInsightSubServiceRepository. If you want this repository to be a MongoDB repository, consider annotating your entities with one of these annotations: org.springframework.data.mongodb.core.mapping.Document (preferred), or consider extending one of the following types with your repository: org.springframework.data.mongodb.repository.MongoRepository.
2026-01-13 22:23:06 [restartedMain] INFO  org.springframework.data.repository.config.RepositoryConfigurationExtensionSupport - Spring Data MongoDB - Could not safely identify store assignment for repository candidate interface com.apmosys.employeeportal.repository.ProjectInsightUserContributionRepository. If you want this repository to be a MongoDB repository, consider annotating your entities with one of these annotations: org.springframework.data.mongodb.core.mapping.Document (preferred), or consider extending one of the following types with your repository: org.springframework.data.mongodb.repository.MongoRepository.
2026-01-13 22:23:06 [restartedMain] INFO  org.springframework.data.repository.config.RepositoryConfigurationExtensionSupport - Spring Data MongoDB - Could not safely identify store assignment for repository candidate interface com.apmosys.employeeportal.repository.ProjectManagerMappingRepository. If you want this repository to be a MongoDB repository, consider annotating your entities with one of these annotations: org.springframework.data.mongodb.core.mapping.Document (preferred), or consider extending one of the following types with your repository: org.springframework.data.mongodb.repository.MongoRepository.
2026-01-13 22:23:06 [restartedMain] INFO  org.springframework.data.repository.config.RepositoryConfigurationExtensionSupport - Spring Data MongoDB - Could not safely identify store assignment for repository candidate interface com.apmosys.employeeportal.repository.ProjectOverheadMappingRepository. If you want this repository to be a MongoDB repository, consider annotating your entities with one of these annotations: org.springframework.data.mongodb.core.mapping.Document (preferred), or consider extending one of the following types with your repository: org.springframework.data.mongodb.repository.MongoRepository.
2026-01-13 22:23:06 [restartedMain] INFO  org.springframework.data.repository.config.RepositoryConfigurationExtensionSupport - Spring Data MongoDB - Could not safely identify store assignment for repository candidate interface com.apmosys.employeeportal.repository.ProjectRepository. If you want this repository to be a MongoDB repository, consider annotating your entities with one of these annotations: org.springframework.data.mongodb.core.mapping.Document (preferred), or consider extending one of the following types with your repository: org.springframework.data.mongodb.repository.MongoRepository.
2026-01-13 22:23:06 [restartedMain] INFO  org.springframework.data.repository.config.RepositoryConfigurationExtensionSupport - Spring Data MongoDB - Could not safely identify store assignment for repository candidate interface com.apmosys.employeeportal.repository.ProjectTempRepo. If you want this repository to be a MongoDB repository, consider annotating your entities with one of these annotations: org.springframework.data.mongodb.core.mapping.Document (preferred), or consider extending one of the following types with your repository: org.springframework.data.mongodb.repository.MongoRepository.
2026-01-13 22:23:06 [restartedMain] INFO  org.springframework.data.repository.config.RepositoryConfigurationExtensionSupport - Spring Data MongoDB - Could not safely identify store assignment for repository candidate interface com.apmosys.employeeportal.repository.ProjectTimesheetStatusNewRepository. If you want this repository to be a MongoDB repository, consider annotating your entities with one of these annotations: org.springframework.data.mongodb.core.mapping.Document (preferred), or consider extending one of the following types with your repository: org.springframework.data.mongodb.repository.MongoRepository.
2026-01-13 22:23:06 [restartedMain] INFO  org.springframework.data.repository.config.RepositoryConfigurationExtensionSupport - Spring Data MongoDB - Could not safely identify store assignment for repository candidate interface com.apmosys.employeeportal.repository.QresponseRepository. If you want this repository to be a MongoDB repository, consider annotating your entities with one of these annotations: org.springframework.data.mongodb.core.mapping.Document (preferred), or consider extending one of the following types with your repository: org.springframework.data.mongodb.repository.MongoRepository.
2026-01-13 22:23:06 [restartedMain] INFO  org.springframework.data.repository.config.RepositoryConfigurationExtensionSupport - Spring Data MongoDB - Could not safely identify store assignment for repository candidate interface com.apmosys.employeeportal.repository.QuarterCycleRepository. If you want this repository to be a MongoDB repository, consider annotating your entities with one of these annotations: org.springframework.data.mongodb.core.mapping.Document (preferred), or consider extending one of the following types with your repository: org.springframework.data.mongodb.repository.MongoRepository.
2026-01-13 22:23:06 [restartedMain] INFO  org.springframework.data.repository.config.RepositoryConfigurationExtensionSupport - Spring Data MongoDB - Could not safely identify store assignment for repository candidate interface com.apmosys.employeeportal.repository.QuarterRepository. If you want this repository to be a MongoDB repository, consider annotating your entities with one of these annotations: org.springframework.data.mongodb.core.mapping.Document (preferred), or consider extending one of the following types with your repository: org.springframework.data.mongodb.repository.MongoRepository.
2026-01-13 22:23:06 [restartedMain] INFO  org.springframework.data.repository.config.RepositoryConfigurationExtensionSupport - Spring Data MongoDB - Could not safely identify store assignment for repository candidate interface com.apmosys.employeeportal.repository.QueryTableRepository. If you want this repository to be a MongoDB repository, consider annotating your entities with one of these annotations: org.springframework.data.mongodb.core.mapping.Document (preferred), or consider extending one of the following types with your repository: org.springframework.data.mongodb.repository.MongoRepository.
2026-01-13 22:23:06 [restartedMain] INFO  org.springframework.data.repository.config.RepositoryConfigurationExtensionSupport - Spring Data MongoDB - Could not safely identify store assignment for repository candidate interface com.apmosys.employeeportal.repository.QuestionMasterRepository. If you want this repository to be a MongoDB repository, consider annotating your entities with one of these annotations: org.springframework.data.mongodb.core.mapping.Document (preferred), or consider extending one of the following types with your repository: org.springframework.data.mongodb.repository.MongoRepository.
2026-01-13 22:23:06 [restartedMain] INFO  org.springframework.data.repository.config.RepositoryConfigurationExtensionSupport - Spring Data MongoDB - Could not safely identify store assignment for repository candidate interface com.apmosys.employeeportal.repository.QuestionRepository. If you want this repository to be a MongoDB repository, consider annotating your entities with one of these annotations: org.springframework.data.mongodb.core.mapping.Document (preferred), or consider extending one of the following types with your repository: org.springframework.data.mongodb.repository.MongoRepository.
2026-01-13 22:23:06 [restartedMain] INFO  org.springframework.data.repository.config.RepositoryConfigurationExtensionSupport - Spring Data MongoDB - Could not safely identify store assignment for repository candidate interface com.apmosys.employeeportal.repository.QuestionnaireRepository. If you want this repository to be a MongoDB repository, consider annotating your entities with one of these annotations: org.springframework.data.mongodb.core.mapping.Document (preferred), or consider extending one of the following types with your repository: org.springframework.data.mongodb.repository.MongoRepository.
2026-01-13 22:23:06 [restartedMain] INFO  org.springframework.data.repository.config.RepositoryConfigurationExtensionSupport - Spring Data MongoDB - Could not safely identify store assignment for repository candidate interface com.apmosys.employeeportal.repository.QuestionnaireResponseRepository. If you want this repository to be a MongoDB repository, consider annotating your entities with one of these annotations: org.springframework.data.mongodb.core.mapping.Document (preferred), or consider extending one of the following types with your repository: org.springframework.data.mongodb.repository.MongoRepository.
2026-01-13 22:23:06 [restartedMain] INFO  org.springframework.data.repository.config.RepositoryConfigurationExtensionSupport - Spring Data MongoDB - Could not safely identify store assignment for repository candidate interface com.apmosys.employeeportal.repository.ReimbursementDataRepository. If you want this repository to be a MongoDB repository, consider annotating your entities with one of these annotations: org.springframework.data.mongodb.core.mapping.Document (preferred), or consider extending one of the following types with your repository: org.springframework.data.mongodb.repository.MongoRepository.
2026-01-13 22:23:06 [restartedMain] INFO  org.springframework.data.repository.config.RepositoryConfigurationExtensionSupport - Spring Data MongoDB - Could not safely identify store assignment for repository candidate interface com.apmosys.employeeportal.repository.ReimbursementTravelModeRepository. If you want this repository to be a MongoDB repository, consider annotating your entities with one of these annotations: org.springframework.data.mongodb.core.mapping.Document (preferred), or consider extending one of the following types with your repository: org.springframework.data.mongodb.repository.MongoRepository.
2026-01-13 22:23:06 [restartedMain] INFO  org.springframework.data.repository.config.RepositoryConfigurationExtensionSupport - Spring Data MongoDB - Could not safely identify store assignment for repository candidate interface com.apmosys.employeeportal.repository.ReleaseNotesVideosRepository. If you want this repository to be a MongoDB repository, consider annotating your entities with one of these annotations: org.springframework.data.mongodb.core.mapping.Document (preferred), or consider extending one of the following types with your repository: org.springframework.data.mongodb.repository.MongoRepository.
2026-01-13 22:23:06 [restartedMain] INFO  org.springframework.data.repository.config.RepositoryConfigurationExtensionSupport - Spring Data MongoDB - Could not safely identify store assignment for repository candidate interface com.apmosys.employeeportal.repository.ReportDashboardRepository. If you want this repository to be a MongoDB repository, consider annotating your entities with one of these annotations: org.springframework.data.mongodb.core.mapping.Document (preferred), or consider extending one of the following types with your repository: org.springframework.data.mongodb.repository.MongoRepository.
2026-01-13 22:23:06 [restartedMain] INFO  org.springframework.data.repository.config.RepositoryConfigurationExtensionSupport - Spring Data MongoDB - Could not safely identify store assignment for repository candidate interface com.apmosys.employeeportal.repository.ResourceRequirementRepository. If you want this repository to be a MongoDB repository, consider annotating your entities with one of these annotations: org.springframework.data.mongodb.core.mapping.Document (preferred), or consider extending one of the following types with your repository: org.springframework.data.mongodb.repository.MongoRepository.
2026-01-13 22:23:06 [restartedMain] INFO  org.springframework.data.repository.config.RepositoryConfigurationExtensionSupport - Spring Data MongoDB - Could not safely identify store assignment for repository candidate interface com.apmosys.employeeportal.repository.ResourceRequirementTempRepo. If you want this repository to be a MongoDB repository, consider annotating your entities with one of these annotations: org.springframework.data.mongodb.core.mapping.Document (preferred), or consider extending one of the following types with your repository: org.springframework.data.mongodb.repository.MongoRepository.
2026-01-13 22:23:06 [restartedMain] INFO  org.springframework.data.repository.config.RepositoryConfigurationExtensionSupport - Spring Data MongoDB - Could not safely identify store assignment for repository candidate interface com.apmosys.employeeportal.repository.ReviewRepository. If you want this repository to be a MongoDB repository, consider annotating your entities with one of these annotations: org.springframework.data.mongodb.core.mapping.Document (preferred), or consider extending one of the following types with your repository: org.springframework.data.mongodb.repository.MongoRepository.
2026-01-13 22:23:06 [restartedMain] INFO  org.springframework.data.repository.config.RepositoryConfigurationExtensionSupport - Spring Data MongoDB - Could not safely identify store assignment for repository candidate interface com.apmosys.employeeportal.repository.ReviewTypeRepository. If you want this repository to be a MongoDB repository, consider annotating your entities with one of these annotations: org.springframework.data.mongodb.core.mapping.Document (preferred), or consider extending one of the following types with your repository: org.springframework.data.mongodb.repository.MongoRepository.
2026-01-13 22:23:06 [restartedMain] INFO  org.springframework.data.repository.config.RepositoryConfigurationExtensionSupport - Spring Data MongoDB - Could not safely identify store assignment for repository candidate interface com.apmosys.employeeportal.repository.RewardConfigRepository. If you want this repository to be a MongoDB repository, consider annotating your entities with one of these annotations: org.springframework.data.mongodb.core.mapping.Document (preferred), or consider extending one of the following types with your repository: org.springframework.data.mongodb.repository.MongoRepository.
2026-01-13 22:23:06 [restartedMain] INFO  org.springframework.data.repository.config.RepositoryConfigurationExtensionSupport - Spring Data MongoDB - Could not safely identify store assignment for repository candidate interface com.apmosys.employeeportal.repository.RewardsCategoryRepository. If you want this repository to be a MongoDB repository, consider annotating your entities with one of these annotations: org.springframework.data.mongodb.core.mapping.Document (preferred), or consider extending one of the following types with your repository: org.springframework.data.mongodb.repository.MongoRepository.
2026-01-13 22:23:06 [restartedMain] INFO  org.springframework.data.repository.config.RepositoryConfigurationExtensionSupport - Spring Data MongoDB - Could not safely identify store assignment for repository candidate interface com.apmosys.employeeportal.repository.RoleFeatureMapRepository. If you want this repository to be a MongoDB repository, consider annotating your entities with one of these annotations: org.springframework.data.mongodb.core.mapping.Document (preferred), or consider extending one of the following types with your repository: org.springframework.data.mongodb.repository.MongoRepository.
2026-01-13 22:23:06 [restartedMain] INFO  org.springframework.data.repository.config.RepositoryConfigurationExtensionSupport - Spring Data MongoDB - Could not safely identify store assignment for repository candidate interface com.apmosys.employeeportal.repository.SpecializationRepository. If you want this repository to be a MongoDB repository, consider annotating your entities with one of these annotations: org.springframework.data.mongodb.core.mapping.Document (preferred), or consider extending one of the following types with your repository: org.springframework.data.mongodb.repository.MongoRepository.
2026-01-13 22:23:06 [restartedMain] INFO  org.springframework.data.repository.config.RepositoryConfigurationExtensionSupport - Spring Data MongoDB - Could not safely identify store assignment for repository candidate interface com.apmosys.employeeportal.repository.StatusMasterNewRepository. If you want this repository to be a MongoDB repository, consider annotating your entities with one of these annotations: org.springframework.data.mongodb.core.mapping.Document (preferred), or consider extending one of the following types with your repository: org.springframework.data.mongodb.repository.MongoRepository.
2026-01-13 22:23:06 [restartedMain] INFO  org.springframework.data.repository.config.RepositoryConfigurationExtensionSupport - Spring Data MongoDB - Could not safely identify store assignment for repository candidate interface com.apmosys.employeeportal.repository.SubFeatureMasterRepository. If you want this repository to be a MongoDB repository, consider annotating your entities with one of these annotations: org.springframework.data.mongodb.core.mapping.Document (preferred), or consider extending one of the following types with your repository: org.springframework.data.mongodb.repository.MongoRepository.
2026-01-13 22:23:06 [restartedMain] INFO  org.springframework.data.repository.config.RepositoryConfigurationExtensionSupport - Spring Data MongoDB - Could not safely identify store assignment for repository candidate interface com.apmosys.employeeportal.repository.SurveyEmployeeResponseRepository. If you want this repository to be a MongoDB repository, consider annotating your entities with one of these annotations: org.springframework.data.mongodb.core.mapping.Document (preferred), or consider extending one of the following types with your repository: org.springframework.data.mongodb.repository.MongoRepository.
2026-01-13 22:23:06 [restartedMain] INFO  org.springframework.data.repository.config.RepositoryConfigurationExtensionSupport - Spring Data MongoDB - Could not safely identify store assignment for repository candidate interface com.apmosys.employeeportal.repository.SurveyQuestionRepository. If you want this repository to be a MongoDB repository, consider annotating your entities with one of these annotations: org.springframework.data.mongodb.core.mapping.Document (preferred), or consider extending one of the following types with your repository: org.springframework.data.mongodb.repository.MongoRepository.
2026-01-13 22:23:06 [restartedMain] INFO  org.springframework.data.repository.config.RepositoryConfigurationExtensionSupport - Spring Data MongoDB - Could not safely identify store assignment for repository candidate interface com.apmosys.employeeportal.repository.SurveyRepository. If you want this repository to be a MongoDB repository, consider annotating your entities with one of these annotations: org.springframework.data.mongodb.core.mapping.Document (preferred), or consider extending one of the following types with your repository: org.springframework.data.mongodb.repository.MongoRepository.
2026-01-13 22:23:06 [restartedMain] INFO  org.springframework.data.repository.config.RepositoryConfigurationExtensionSupport - Spring Data MongoDB - Could not safely identify store assignment for repository candidate interface com.apmosys.employeeportal.repository.TabMasterRepository. If you want this repository to be a MongoDB repository, consider annotating your entities with one of these annotations: org.springframework.data.mongodb.core.mapping.Document (preferred), or consider extending one of the following types with your repository: org.springframework.data.mongodb.repository.MongoRepository.
2026-01-13 22:23:06 [restartedMain] INFO  org.springframework.data.repository.config.RepositoryConfigurationExtensionSupport - Spring Data MongoDB - Could not safely identify store assignment for repository candidate interface com.apmosys.employeeportal.repository.TagMasterRepository. If you want this repository to be a MongoDB repository, consider annotating your entities with one of these annotations: org.springframework.data.mongodb.core.mapping.Document (preferred), or consider extending one of the following types with your repository: org.springframework.data.mongodb.repository.MongoRepository.
2026-01-13 22:23:06 [restartedMain] INFO  org.springframework.data.repository.config.RepositoryConfigurationExtensionSupport - Spring Data MongoDB - Could not safely identify store assignment for repository candidate interface com.apmosys.employeeportal.repository.TeamRepository. If you want this repository to be a MongoDB repository, consider annotating your entities with one of these annotations: org.springframework.data.mongodb.core.mapping.Document (preferred), or consider extending one of the following types with your repository: org.springframework.data.mongodb.repository.MongoRepository.
2026-01-13 22:23:06 [restartedMain] INFO  org.springframework.data.repository.config.RepositoryConfigurationExtensionSupport - Spring Data MongoDB - Could not safely identify store assignment for repository candidate interface com.apmosys.employeeportal.repository.TechStackRepository. If you want this repository to be a MongoDB repository, consider annotating your entities with one of these annotations: org.springframework.data.mongodb.core.mapping.Document (preferred), or consider extending one of the following types with your repository: org.springframework.data.mongodb.repository.MongoRepository.
2026-01-13 22:23:06 [restartedMain] INFO  org.springframework.data.repository.config.RepositoryConfigurationExtensionSupport - Spring Data MongoDB - Could not safely identify store assignment for repository candidate interface com.apmosys.employeeportal.repository.TimesheetActivityMapNewRepository. If you want this repository to be a MongoDB repository, consider annotating your entities with one of these annotations: org.springframework.data.mongodb.core.mapping.Document (preferred), or consider extending one of the following types with your repository: org.springframework.data.mongodb.repository.MongoRepository.
2026-01-13 22:23:06 [restartedMain] INFO  org.springframework.data.repository.config.RepositoryConfigurationExtensionSupport - Spring Data MongoDB - Could not safely identify store assignment for repository candidate interface com.apmosys.employeeportal.repository.TimesheetActivityMapRepository. If you want this repository to be a MongoDB repository, consider annotating your entities with one of these annotations: org.springframework.data.mongodb.core.mapping.Document (preferred), or consider extending one of the following types with your repository: org.springframework.data.mongodb.repository.MongoRepository.
2026-01-13 22:23:06 [restartedMain] INFO  org.springframework.data.repository.config.RepositoryConfigurationExtensionSupport - Spring Data MongoDB - Could not safely identify store assignment for repository candidate interface com.apmosys.employeeportal.repository.TimesheetApprovalAllocationLogsRepository. If you want this repository to be a MongoDB repository, consider annotating your entities with one of these annotations: org.springframework.data.mongodb.core.mapping.Document (preferred), or consider extending one of the following types with your repository: org.springframework.data.mongodb.repository.MongoRepository.
2026-01-13 22:23:06 [restartedMain] INFO  org.springframework.data.repository.config.RepositoryConfigurationExtensionSupport - Spring Data MongoDB - Could not safely identify store assignment for repository candidate interface com.apmosys.employeeportal.repository.TimesheetDocumentApprovalRepository. If you want this repository to be a MongoDB repository, consider annotating your entities with one of these annotations: org.springframework.data.mongodb.core.mapping.Document (preferred), or consider extending one of the following types with your repository: org.springframework.data.mongodb.repository.MongoRepository.
2026-01-13 22:23:06 [restartedMain] INFO  org.springframework.data.repository.config.RepositoryConfigurationExtensionSupport - Spring Data MongoDB - Could not safely identify store assignment for repository candidate interface com.apmosys.employeeportal.repository.TimesheetDocumentDetailsNewRepository. If you want this repository to be a MongoDB repository, consider annotating your entities with one of these annotations: org.springframework.data.mongodb.core.mapping.Document (preferred), or consider extending one of the following types with your repository: org.springframework.data.mongodb.repository.MongoRepository.
2026-01-13 22:23:06 [restartedMain] INFO  org.springframework.data.repository.config.RepositoryConfigurationExtensionSupport - Spring Data MongoDB - Could not safely identify store assignment for repository candidate interface com.apmosys.employeeportal.repository.TimesheetDocumentDetailsRepository. If you want this repository to be a MongoDB repository, consider annotating your entities with one of these annotations: org.springframework.data.mongodb.core.mapping.Document (preferred), or consider extending one of the following types with your repository: org.springframework.data.mongodb.repository.MongoRepository.
2026-01-13 22:23:06 [restartedMain] INFO  org.springframework.data.repository.config.RepositoryConfigurationExtensionSupport - Spring Data MongoDB - Could not safely identify store assignment for repository candidate interface com.apmosys.employeeportal.repository.TimesheetRejectionDetailsNewRepository. If you want this repository to be a MongoDB repository, consider annotating your entities with one of these annotations: org.springframework.data.mongodb.core.mapping.Document (preferred), or consider extending one of the following types with your repository: org.springframework.data.mongodb.repository.MongoRepository.
2026-01-13 22:23:06 [restartedMain] INFO  org.springframework.data.repository.config.RepositoryConfigurationExtensionSupport - Spring Data MongoDB - Could not safely identify store assignment for repository candidate interface com.apmosys.employeeportal.repository.TimesheetRejectionReasonsMasterRepository. If you want this repository to be a MongoDB repository, consider annotating your entities with one of these annotations: org.springframework.data.mongodb.core.mapping.Document (preferred), or consider extending one of the following types with your repository: org.springframework.data.mongodb.repository.MongoRepository.
2026-01-13 22:23:06 [restartedMain] INFO  org.springframework.data.repository.config.RepositoryConfigurationExtensionSupport - Spring Data MongoDB - Could not safely identify store assignment for repository candidate interface com.apmosys.employeeportal.repository.TimesheetsRepository. If you want this repository to be a MongoDB repository, consider annotating your entities with one of these annotations: org.springframework.data.mongodb.core.mapping.Document (preferred), or consider extending one of the following types with your repository: org.springframework.data.mongodb.repository.MongoRepository.
2026-01-13 22:23:06 [restartedMain] INFO  org.springframework.data.repository.config.RepositoryConfigurationExtensionSupport - Spring Data MongoDB - Could not safely identify store assignment for repository candidate interface com.apmosys.employeeportal.repository.TravelBasedReimbursementRequestRepository. If you want this repository to be a MongoDB repository, consider annotating your entities with one of these annotations: org.springframework.data.mongodb.core.mapping.Document (preferred), or consider extending one of the following types with your repository: org.springframework.data.mongodb.repository.MongoRepository.
2026-01-13 22:23:06 [restartedMain] INFO  org.springframework.data.repository.config.RepositoryConfigurationExtensionSupport - Spring Data MongoDB - Could not safely identify store assignment for repository candidate interface com.apmosys.employeeportal.repository.TravelClassRepository. If you want this repository to be a MongoDB repository, consider annotating your entities with one of these annotations: org.springframework.data.mongodb.core.mapping.Document (preferred), or consider extending one of the following types with your repository: org.springframework.data.mongodb.repository.MongoRepository.
2026-01-13 22:23:06 [restartedMain] INFO  org.springframework.data.repository.config.RepositoryConfigurationExtensionSupport - Spring Data MongoDB - Could not safely identify store assignment for repository candidate interface com.apmosys.employeeportal.repository.TravelDeskRepository. If you want this repository to be a MongoDB repository, consider annotating your entities with one of these annotations: org.springframework.data.mongodb.core.mapping.Document (preferred), or consider extending one of the following types with your repository: org.springframework.data.mongodb.repository.MongoRepository.
2026-01-13 22:23:06 [restartedMain] INFO  org.springframework.data.repository.config.RepositoryConfigurationExtensionSupport - Spring Data MongoDB - Could not safely identify store assignment for repository candidate interface com.apmosys.employeeportal.repository.TravelModeRepository. If you want this repository to be a MongoDB repository, consider annotating your entities with one of these annotations: org.springframework.data.mongodb.core.mapping.Document (preferred), or consider extending one of the following types with your repository: org.springframework.data.mongodb.repository.MongoRepository.
2026-01-13 22:23:06 [restartedMain] INFO  org.springframework.data.repository.config.RepositoryConfigurationExtensionSupport - Spring Data MongoDB - Could not safely identify store assignment for repository candidate interface com.apmosys.employeeportal.repository.TravelReasonRepository. If you want this repository to be a MongoDB repository, consider annotating your entities with one of these annotations: org.springframework.data.mongodb.core.mapping.Document (preferred), or consider extending one of the following types with your repository: org.springframework.data.mongodb.repository.MongoRepository.
2026-01-13 22:23:06 [restartedMain] INFO  org.springframework.data.repository.config.RepositoryConfigurationExtensionSupport - Spring Data MongoDB - Could not safely identify store assignment for repository candidate interface com.apmosys.employeeportal.repository.TypeDocumentRepository. If you want this repository to be a MongoDB repository, consider annotating your entities with one of these annotations: org.springframework.data.mongodb.core.mapping.Document (preferred), or consider extending one of the following types with your repository: org.springframework.data.mongodb.repository.MongoRepository.
2026-01-13 22:23:06 [restartedMain] INFO  org.springframework.data.repository.config.RepositoryConfigurationExtensionSupport - Spring Data MongoDB - Could not safely identify store assignment for repository candidate interface com.apmosys.employeeportal.repository.UploadPolicyRepository. If you want this repository to be a MongoDB repository, consider annotating your entities with one of these annotations: org.springframework.data.mongodb.core.mapping.Document (preferred), or consider extending one of the following types with your repository: org.springframework.data.mongodb.repository.MongoRepository.
2026-01-13 22:23:06 [restartedMain] INFO  org.springframework.data.repository.config.RepositoryConfigurationExtensionSupport - Spring Data MongoDB - Could not safely identify store assignment for repository candidate interface com.apmosys.employeeportal.repository.UserContributionDocumentRepository. If you want this repository to be a MongoDB repository, consider annotating your entities with one of these annotations: org.springframework.data.mongodb.core.mapping.Document (preferred), or consider extending one of the following types with your repository: org.springframework.data.mongodb.repository.MongoRepository.
2026-01-13 22:23:06 [restartedMain] INFO  org.springframework.data.repository.config.RepositoryConfigurationExtensionSupport - Spring Data MongoDB - Could not safely identify store assignment for repository candidate interface com.apmosys.employeeportal.repository.UserContributionResponseRemarksRepository. If you want this repository to be a MongoDB repository, consider annotating your entities with one of these annotations: org.springframework.data.mongodb.core.mapping.Document (preferred), or consider extending one of the following types with your repository: org.springframework.data.mongodb.repository.MongoRepository.
2026-01-13 22:23:06 [restartedMain] INFO  org.springframework.data.repository.config.RepositoryConfigurationExtensionSupport - Spring Data MongoDB - Could not safely identify store assignment for repository candidate interface com.apmosys.employeeportal.repository.UserDataRepo. If you want this repository to be a MongoDB repository, consider annotating your entities with one of these annotations: org.springframework.data.mongodb.core.mapping.Document (preferred), or consider extending one of the following types with your repository: org.springframework.data.mongodb.repository.MongoRepository.
2026-01-13 22:23:06 [restartedMain] INFO  org.springframework.data.repository.config.RepositoryConfigurationExtensionSupport - Spring Data MongoDB - Could not safely identify store assignment for repository candidate interface com.apmosys.employeeportal.repository.UserSessionRepository. If you want this repository to be a MongoDB repository, consider annotating your entities with one of these annotations: org.springframework.data.mongodb.core.mapping.Document (preferred), or consider extending one of the following types with your repository: org.springframework.data.mongodb.repository.MongoRepository.
2026-01-13 22:23:06 [restartedMain] INFO  org.springframework.data.repository.config.RepositoryConfigurationExtensionSupport - Spring Data MongoDB - Could not safely identify store assignment for repository candidate interface com.apmosys.employeeportal.repository.VehicleTypeRepository. If you want this repository to be a MongoDB repository, consider annotating your entities with one of these annotations: org.springframework.data.mongodb.core.mapping.Document (preferred), or consider extending one of the following types with your repository: org.springframework.data.mongodb.repository.MongoRepository.
2026-01-13 22:23:06 [restartedMain] INFO  org.springframework.data.repository.config.RepositoryConfigurationExtensionSupport - Spring Data MongoDB - Could not safely identify store assignment for repository candidate interface com.apmosys.employeeportal.repository.WorkLocationTypeMasterRepository. If you want this repository to be a MongoDB repository, consider annotating your entities with one of these annotations: org.springframework.data.mongodb.core.mapping.Document (preferred), or consider extending one of the following types with your repository: org.springframework.data.mongodb.repository.MongoRepository.
2026-01-13 22:23:06 [restartedMain] INFO  org.springframework.data.repository.config.RepositoryConfigurationDelegate - Finished Spring Data repository scanning in 1275 ms. Found 10 MongoDB repository interfaces.
2026-01-13 22:23:15 [restartedMain] INFO  org.hibernate.jpa.internal.util.LogHelper - HHH000204: Processing PersistenceUnitInfo [name: default]
2026-01-13 22:23:15 [restartedMain] INFO  com.zaxxer.hikari.HikariDataSource - HikariPool-103 - Starting...
2026-01-13 22:25:34 [restartedMain] ERROR com.zaxxer.hikari.pool.HikariPool - HikariPool-103 - Exception during pool initialization.
com.mysql.cj.jdbc.exceptions.CommunicationsException: Communications link failure

The last packet sent successfully to the server was 0 milliseconds ago. The driver has not received any packets from the server.
	at com.mysql.cj.jdbc.exceptions.SQLError.createCommunicationsException(SQLError.java:174)
	at com.mysql.cj.jdbc.exceptions.SQLExceptionsMapping.translateException(SQLExceptionsMapping.java:64)
	at com.mysql.cj.jdbc.ConnectionImpl.createNewIO(ConnectionImpl.java:829)
	at com.mysql.cj.jdbc.ConnectionImpl.<init>(ConnectionImpl.java:449)
	at com.mysql.cj.jdbc.ConnectionImpl.getInstance(ConnectionImpl.java:242)
	at com.mysql.cj.jdbc.NonRegisteringDriver.connect(NonRegisteringDriver.java:198)
	at com.zaxxer.hikari.util.DriverDataSource.getConnection(DriverDataSource.java:138)
	at com.zaxxer.hikari.pool.PoolBase.newConnection(PoolBase.java:364)
	at com.zaxxer.hikari.pool.PoolBase.newPoolEntry(PoolBase.java:206)
	at com.zaxxer.hikari.pool.HikariPool.createPoolEntry(HikariPool.java:476)
	at com.zaxxer.hikari.pool.HikariPool.checkFailFast(HikariPool.java:561)
	at com.zaxxer.hikari.pool.HikariPool.<init>(HikariPool.java:115)
	at com.zaxxer.hikari.HikariDataSource.getConnection(HikariDataSource.java:112)
	at org.hibernate.engine.jdbc.connections.internal.DatasourceConnectionProviderImpl.getConnection(DatasourceConnectionProviderImpl.java:122)
	at org.hibernate.engine.jdbc.env.internal.JdbcEnvironmentInitiator$ConnectionProviderJdbcConnectionAccess.obtainConnection(JdbcEnvironmentInitiator.java:181)
	at org.hibernate.engine.jdbc.env.internal.JdbcEnvironmentInitiator.initiateService(JdbcEnvironmentInitiator.java:68)
	at org.hibernate.engine.jdbc.env.internal.JdbcEnvironmentInitiator.initiateService(JdbcEnvironmentInitiator.java:35)
	at org.hibernate.boot.registry.internal.StandardServiceRegistryImpl.initiateService(StandardServiceRegistryImpl.java:101)
	at org.hibernate.service.internal.AbstractServiceRegistryImpl.createService(AbstractServiceRegistryImpl.java:263)
	at org.hibernate.service.internal.AbstractServiceRegistryImpl.initializeService(AbstractServiceRegistryImpl.java:237)
	at org.hibernate.service.internal.AbstractServiceRegistryImpl.getService(AbstractServiceRegistryImpl.java:214)
	at org.hibernate.id.factory.internal.DefaultIdentifierGeneratorFactory.injectServices(DefaultIdentifierGeneratorFactory.java:175)
	at org.hibernate.service.internal.AbstractServiceRegistryImpl.injectDependencies(AbstractServiceRegistryImpl.java:286)
	at org.hibernate.service.internal.AbstractServiceRegistryImpl.initializeService(AbstractServiceRegistryImpl.java:243)
	at org.hibernate.service.internal.AbstractServiceRegistryImpl.getService(AbstractServiceRegistryImpl.java:214)
	at org.hibernate.boot.internal.InFlightMetadataCollectorImpl.<init>(InFlightMetadataCollectorImpl.java:173)
	at org.hibernate.boot.model.process.spi.MetadataBuildingProcess.complete(MetadataBuildingProcess.java:127)
	at org.hibernate.jpa.boot.internal.EntityManagerFactoryBuilderImpl.metadata(EntityManagerFactoryBuilderImpl.java:1460)
	at org.hibernate.jpa.boot.internal.EntityManagerFactoryBuilderImpl.build(EntityManagerFactoryBuilderImpl.java:1494)
	at org.springframework.orm.jpa.vendor.SpringHibernateJpaPersistenceProvider.createContainerEntityManagerFactory(SpringHibernateJpaPersistenceProvider.java:58)
	at org.springframework.orm.jpa.LocalContainerEntityManagerFactoryBean.createNativeEntityManagerFactory(LocalContainerEntityManagerFactoryBean.java:365)
	at org.springframework.orm.jpa.AbstractEntityManagerFactoryBean.buildNativeEntityManagerFactory(AbstractEntityManagerFactoryBean.java:409)
	at org.springframework.orm.jpa.AbstractEntityManagerFactoryBean.afterPropertiesSet(AbstractEntityManagerFactoryBean.java:396)
	at org.springframework.orm.jpa.LocalContainerEntityManagerFactoryBean.afterPropertiesSet(LocalContainerEntityManagerFactoryBean.java:341)
	at org.springframework.beans.factory.support.AbstractAutowireCapableBeanFactory.invokeInitMethods(AbstractAutowireCapableBeanFactory.java:1863)
	at org.springframework.beans.factory.support.AbstractAutowireCapableBeanFactory.initializeBean(AbstractAutowireCapableBeanFactory.java:1800)
	at org.springframework.beans.factory.support.AbstractAutowireCapableBeanFactory.doCreateBean(AbstractAutowireCapableBeanFactory.java:620)
	at org.springframework.beans.factory.support.AbstractAutowireCapableBeanFactory.createBean(AbstractAutowireCapableBeanFactory.java:542)
	at org.springframework.beans.factory.support.AbstractBeanFactory.lambda$doGetBean$0(AbstractBeanFactory.java:335)
	at org.springframework.beans.factory.support.DefaultSingletonBeanRegistry.getSingleton(DefaultSingletonBeanRegistry.java:234)
	at org.springframework.beans.factory.support.AbstractBeanFactory.doGetBean(AbstractBeanFactory.java:333)
	at org.springframework.beans.factory.support.AbstractBeanFactory.getBean(AbstractBeanFactory.java:208)
	at org.springframework.beans.factory.support.BeanDefinitionValueResolver.resolveReference(BeanDefinitionValueResolver.java:330)
	at org.springframework.beans.factory.support.BeanDefinitionValueResolver.resolveValueIfNecessary(BeanDefinitionValueResolver.java:113)
	at org.springframework.beans.factory.support.ConstructorResolver.resolveConstructorArguments(ConstructorResolver.java:693)
	at org.springframework.beans.factory.support.ConstructorResolver.instantiateUsingFactoryMethod(ConstructorResolver.java:510)
	at org.springframework.beans.factory.support.AbstractAutowireCapableBeanFactory.instantiateUsingFactoryMethod(AbstractAutowireCapableBeanFactory.java:1352)
	at org.springframework.beans.factory.support.AbstractAutowireCapableBeanFactory.createBeanInstance(AbstractAutowireCapableBeanFactory.java:1195)
	at org.springframework.beans.factory.support.AbstractAutowireCapableBeanFactory.doCreateBean(AbstractAutowireCapableBeanFactory.java:582)
	at org.springframework.beans.factory.support.AbstractAutowireCapableBeanFactory.createBean(AbstractAutowireCapableBeanFactory.java:542)
	at org.springframework.beans.factory.support.BeanDefinitionValueResolver.resolveInnerBean(BeanDefinitionValueResolver.java:374)
	at org.springframework.beans.factory.support.BeanDefinitionValueResolver.resolveValueIfNecessary(BeanDefinitionValueResolver.java:134)
	at org.springframework.beans.factory.support.AbstractAutowireCapableBeanFactory.applyPropertyValues(AbstractAutowireCapableBeanFactory.java:1707)
	at org.springframework.beans.factory.support.AbstractAutowireCapableBeanFactory.populateBean(AbstractAutowireCapableBeanFactory.java:1452)
	at org.springframework.beans.factory.support.AbstractAutowireCapableBeanFactory.doCreateBean(AbstractAutowireCapableBeanFactory.java:619)
	at org.springframework.beans.factory.support.AbstractAutowireCapableBeanFactory.createBean(AbstractAutowireCapableBeanFactory.java:542)
	at org.springframework.beans.factory.support.AbstractBeanFactory.lambda$doGetBean$0(AbstractBeanFactory.java:335)
	at org.springframework.beans.factory.support.DefaultSingletonBeanRegistry.getSingleton(DefaultSingletonBeanRegistry.java:234)
	at org.springframework.beans.factory.support.AbstractBeanFactory.doGetBean(AbstractBeanFactory.java:333)
	at org.springframework.beans.factory.support.AbstractBeanFactory.getBean(AbstractBeanFactory.java:208)
	at org.springframework.beans.factory.config.DependencyDescriptor.resolveCandidate(DependencyDescriptor.java:276)
	at org.springframework.beans.factory.support.DefaultListableBeanFactory.doResolveDependency(DefaultListableBeanFactory.java:1389)
	at org.springframework.beans.factory.support.DefaultListableBeanFactory.resolveDependency(DefaultListableBeanFactory.java:1309)
	at org.springframework.beans.factory.annotation.AutowiredAnnotationBeanPostProcessor$AutowiredFieldElement.resolveFieldValue(AutowiredAnnotationBeanPostProcessor.java:656)
	at org.springframework.beans.factory.annotation.AutowiredAnnotationBeanPostProcessor$AutowiredFieldElement.inject(AutowiredAnnotationBeanPostProcessor.java:639)
	at org.springframework.beans.factory.annotation.InjectionMetadata.inject(InjectionMetadata.java:119)
	at org.springframework.beans.factory.annotation.AutowiredAnnotationBeanPostProcessor.postProcessProperties(AutowiredAnnotationBeanPostProcessor.java:399)
	at org.springframework.beans.factory.support.AbstractAutowireCapableBeanFactory.populateBean(AbstractAutowireCapableBeanFactory.java:1431)
	at org.springframework.beans.factory.support.AbstractAutowireCapableBeanFactory.doCreateBean(AbstractAutowireCapableBeanFactory.java:619)
	at org.springframework.beans.factory.support.AbstractAutowireCapableBeanFactory.createBean(AbstractAutowireCapableBeanFactory.java:542)
	at org.springframework.beans.factory.support.AbstractBeanFactory.lambda$doGetBean$0(AbstractBeanFactory.java:335)
	at org.springframework.beans.factory.support.DefaultSingletonBeanRegistry.getSingleton(DefaultSingletonBeanRegistry.java:234)
	at org.springframework.beans.factory.support.AbstractBeanFactory.doGetBean(AbstractBeanFactory.java:333)
	at org.springframework.beans.factory.support.AbstractBeanFactory.getBean(AbstractBeanFactory.java:208)
	at org.springframework.beans.factory.config.DependencyDescriptor.resolveCandidate(DependencyDescriptor.java:276)
	at org.springframework.beans.factory.support.DefaultListableBeanFactory.doResolveDependency(DefaultListableBeanFactory.java:1389)
	at org.springframework.beans.factory.support.DefaultListableBeanFactory.resolveDependency(DefaultListableBeanFactory.java:1309)
	at org.springframework.beans.factory.annotation.AutowiredAnnotationBeanPostProcessor$AutowiredFieldElement.resolveFieldValue(AutowiredAnnotationBeanPostProcessor.java:656)
	at org.springframework.beans.factory.annotation.AutowiredAnnotationBeanPostProcessor$AutowiredFieldElement.inject(AutowiredAnnotationBeanPostProcessor.java:639)
	at org.springframework.beans.factory.annotation.InjectionMetadata.inject(InjectionMetadata.java:119)
	at org.springframework.beans.factory.annotation.AutowiredAnnotationBeanPostProcessor.postProcessProperties(AutowiredAnnotationBeanPostProcessor.java:399)
	at org.springframework.beans.factory.support.AbstractAutowireCapableBeanFactory.populateBean(AbstractAutowireCapableBeanFactory.java:1431)
	at org.springframework.beans.factory.support.AbstractAutowireCapableBeanFactory.doCreateBean(AbstractAutowireCapableBeanFactory.java:619)
	at org.springframework.beans.factory.support.AbstractAutowireCapableBeanFactory.createBean(AbstractAutowireCapableBeanFactory.java:542)
	at org.springframework.beans.factory.support.AbstractBeanFactory.lambda$doGetBean$0(AbstractBeanFactory.java:335)
	at org.springframework.beans.factory.support.DefaultSingletonBeanRegistry.getSingleton(DefaultSingletonBeanRegistry.java:234)
	at org.springframework.beans.factory.support.AbstractBeanFactory.doGetBean(AbstractBeanFactory.java:333)
	at org.springframework.beans.factory.support.AbstractBeanFactory.getBean(AbstractBeanFactory.java:208)
	at org.springframework.beans.factory.config.DependencyDescriptor.resolveCandidate(DependencyDescriptor.java:276)
	at org.springframework.beans.factory.support.DefaultListableBeanFactory.doResolveDependency(DefaultListableBeanFactory.java:1389)
	at org.springframework.beans.factory.support.DefaultListableBeanFactory.resolveDependency(DefaultListableBeanFactory.java:1309)
	at org.springframework.beans.factory.annotation.AutowiredAnnotationBeanPostProcessor$AutowiredFieldElement.resolveFieldValue(AutowiredAnnotationBeanPostProcessor.java:656)
	at org.springframework.beans.factory.annotation.AutowiredAnnotationBeanPostProcessor$AutowiredFieldElement.inject(AutowiredAnnotationBeanPostProcessor.java:639)
	at org.springframework.beans.factory.annotation.InjectionMetadata.inject(InjectionMetadata.java:119)
	at org.springframework.beans.factory.annotation.AutowiredAnnotationBeanPostProcessor.postProcessProperties(AutowiredAnnotationBeanPostProcessor.java:399)
	at org.springframework.beans.factory.support.AbstractAutowireCapableBeanFactory.populateBean(AbstractAutowireCapableBeanFactory.java:1431)
	at org.springframework.beans.factory.support.AbstractAutowireCapableBeanFactory.doCreateBean(AbstractAutowireCapableBeanFactory.java:619)
	at org.springframework.beans.factory.support.AbstractAutowireCapableBeanFactory.createBean(AbstractAutowireCapableBeanFactory.java:542)
	at org.springframework.beans.factory.support.AbstractBeanFactory.lambda$doGetBean$0(AbstractBeanFactory.java:335)
	at org.springframework.beans.factory.support.DefaultSingletonBeanRegistry.getSingleton(DefaultSingletonBeanRegistry.java:234)
	at org.springframework.beans.factory.support.AbstractBeanFactory.doGetBean(AbstractBeanFactory.java:333)
	at org.springframework.beans.factory.support.AbstractBeanFactory.getBean(AbstractBeanFactory.java:208)
	at org.springframework.beans.factory.support.ConstructorResolver.instantiateUsingFactoryMethod(ConstructorResolver.java:410)
	at org.springframework.beans.factory.support.AbstractAutowireCapableBeanFactory.instantiateUsingFactoryMethod(AbstractAutowireCapableBeanFactory.java:1352)
	at org.springframework.beans.factory.support.AbstractAutowireCapableBeanFactory.createBeanInstance(AbstractAutowireCapableBeanFactory.java:1195)
	at org.springframework.beans.factory.support.AbstractAutowireCapableBeanFactory.doCreateBean(AbstractAutowireCapableBeanFactory.java:582)
	at org.springframework.beans.factory.support.AbstractAutowireCapableBeanFactory.createBean(AbstractAutowireCapableBeanFactory.java:542)
	at org.springframework.beans.factory.support.AbstractBeanFactory.lambda$doGetBean$0(AbstractBeanFactory.java:335)
	at org.springframework.beans.factory.support.DefaultSingletonBeanRegistry.getSingleton(DefaultSingletonBeanRegistry.java:234)
	at org.springframework.beans.factory.support.AbstractBeanFactory.doGetBean(AbstractBeanFactory.java:333)
	at org.springframework.beans.factory.support.AbstractBeanFactory.getBean(AbstractBeanFactory.java:208)
	at org.springframework.beans.factory.config.DependencyDescriptor.resolveCandidate(DependencyDescriptor.java:276)
	at org.springframework.beans.factory.support.DefaultListableBeanFactory.doResolveDependency(DefaultListableBeanFactory.java:1389)
	at org.springframework.beans.factory.support.DefaultListableBeanFactory$DependencyObjectProvider.getIfAvailable(DefaultListableBeanFactory.java:2030)
	at org.springframework.beans.factory.support.DefaultListableBeanFactory$DependencyObjectProvider.ifAvailable(DefaultListableBeanFactory.java:2041)
	at org.springframework.boot.autoconfigure.web.servlet.DispatcherServletAutoConfiguration$DispatcherServletRegistrationConfiguration.dispatcherServletRegistration(DispatcherServletAutoConfiguration.java:124)
	at java.base/jdk.internal.reflect.NativeMethodAccessorImpl.invoke0(Native Method)
	at java.base/jdk.internal.reflect.NativeMethodAccessorImpl.invoke(NativeMethodAccessorImpl.java:77)
	at java.base/jdk.internal.reflect.DelegatingMethodAccessorImpl.invoke(DelegatingMethodAccessorImpl.java:43)
	at java.base/java.lang.reflect.Method.invoke(Method.java:568)
	at org.springframework.beans.factory.support.SimpleInstantiationStrategy.instantiate(SimpleInstantiationStrategy.java:154)
	at org.springframework.beans.factory.support.ConstructorResolver.instantiate(ConstructorResolver.java:653)
	at org.springframework.beans.factory.support.ConstructorResolver.instantiateUsingFactoryMethod(ConstructorResolver.java:638)
	at org.springframework.beans.factory.support.AbstractAutowireCapableBeanFactory.instantiateUsingFactoryMethod(AbstractAutowireCapableBeanFactory.java:1352)
	at org.springframework.beans.factory.support.AbstractAutowireCapableBeanFactory.createBeanInstance(AbstractAutowireCapableBeanFactory.java:1195)
	at org.springframework.beans.factory.support.AbstractAutowireCapableBeanFactory.doCreateBean(AbstractAutowireCapableBeanFactory.java:582)
	at org.springframework.beans.factory.support.AbstractAutowireCapableBeanFactory.createBean(AbstractAutowireCapableBeanFactory.java:542)
	at org.springframework.beans.factory.support.AbstractBeanFactory.lambda$doGetBean$0(AbstractBeanFactory.java:335)
	at org.springframework.beans.factory.support.DefaultSingletonBeanRegistry.getSingleton(DefaultSingletonBeanRegistry.java:234)
	at org.springframework.beans.factory.support.AbstractBeanFactory.doGetBean(AbstractBeanFactory.java:333)
	at org.springframework.beans.factory.support.AbstractBeanFactory.getBean(AbstractBeanFactory.java:208)
	at org.springframework.beans.factory.config.DependencyDescriptor.resolveCandidate(DependencyDescriptor.java:276)
	at org.springframework.beans.factory.support.DefaultListableBeanFactory.doResolveDependency(DefaultListableBeanFactory.java:1389)
	at org.springframework.beans.factory.support.DefaultListableBeanFactory.resolveDependency(DefaultListableBeanFactory.java:1309)
	at org.springframework.beans.factory.support.ConstructorResolver.resolveAutowiredArgument(ConstructorResolver.java:887)
	at org.springframework.beans.factory.support.ConstructorResolver.createArgumentArray(ConstructorResolver.java:791)
	at org.springframework.beans.factory.support.ConstructorResolver.instantiateUsingFactoryMethod(ConstructorResolver.java:541)
	at org.springframework.beans.factory.support.AbstractAutowireCapableBeanFactory.instantiateUsingFactoryMethod(AbstractAutowireCapableBeanFactory.java:1352)
	at org.springframework.beans.factory.support.AbstractAutowireCapableBeanFactory.createBeanInstance(AbstractAutowireCapableBeanFactory.java:1195)
	at org.springframework.beans.factory.support.AbstractAutowireCapableBeanFactory.doCreateBean(AbstractAutowireCapableBeanFactory.java:582)
	at org.springframework.beans.factory.support.AbstractAutowireCapableBeanFactory.createBean(AbstractAutowireCapableBeanFactory.java:542)
	at org.springframework.beans.factory.support.AbstractBeanFactory.lambda$doGetBean$0(AbstractBeanFactory.java:335)
	at org.springframework.beans.factory.support.DefaultSingletonBeanRegistry.getSingleton(DefaultSingletonBeanRegistry.java:234)
	at org.springframework.beans.factory.support.AbstractBeanFactory.doGetBean(AbstractBeanFactory.java:333)
	at org.springframework.beans.factory.support.AbstractBeanFactory.getBean(AbstractBeanFactory.java:208)
	at org.springframework.beans.factory.support.DefaultListableBeanFactory.getBeansOfType(DefaultListableBeanFactory.java:671)
	at org.springframework.boot.web.server.ErrorPageRegistrarBeanPostProcessor.getRegistrars(ErrorPageRegistrarBeanPostProcessor.java:76)
	at org.springframework.boot.web.server.ErrorPageRegistrarBeanPostProcessor.postProcessBeforeInitialization(ErrorPageRegistrarBeanPostProcessor.java:67)
	at org.springframework.boot.web.server.ErrorPageRegistrarBeanPostProcessor.postProcessBeforeInitialization(ErrorPageRegistrarBeanPostProcessor.java:56)
	at org.springframework.beans.factory.support.AbstractAutowireCapableBeanFactory.applyBeanPostProcessorsBeforeInitialization(AbstractAutowireCapableBeanFactory.java:440)
	at org.springframework.beans.factory.support.AbstractAutowireCapableBeanFactory.initializeBean(AbstractAutowireCapableBeanFactory.java:1796)
	at org.springframework.beans.factory.support.AbstractAutowireCapableBeanFactory.doCreateBean(AbstractAutowireCapableBeanFactory.java:620)
	at org.springframework.beans.factory.support.AbstractAutowireCapableBeanFactory.createBean(AbstractAutowireCapableBeanFactory.java:542)
	at org.springframework.beans.factory.support.AbstractBeanFactory.lambda$doGetBean$0(AbstractBeanFactory.java:335)
	at org.springframework.beans.factory.support.DefaultSingletonBeanRegistry.getSingleton(DefaultSingletonBeanRegistry.java:234)
	at org.springframework.beans.factory.support.AbstractBeanFactory.doGetBean(AbstractBeanFactory.java:333)
	at org.springframework.beans.factory.support.AbstractBeanFactory.getBean(AbstractBeanFactory.java:213)
	at org.springframework.boot.web.servlet.context.ServletWebServerApplicationContext.getWebServerFactory(ServletWebServerApplicationContext.java:217)
	at org.springframework.boot.web.servlet.context.ServletWebServerApplicationContext.createWebServer(ServletWebServerApplicationContext.java:180)
	at org.springframework.boot.web.servlet.context.ServletWebServerApplicationContext.onRefresh(ServletWebServerApplicationContext.java:160)
	at org.springframework.context.support.AbstractApplicationContext.refresh(AbstractApplicationContext.java:577)
	at org.springframework.boot.web.servlet.context.ServletWebServerApplicationContext.refresh(ServletWebServerApplicationContext.java:145)
	at org.springframework.boot.SpringApplication.refresh(SpringApplication.java:740)
	at org.springframework.boot.SpringApplication.refreshContext(SpringApplication.java:415)
	at org.springframework.boot.SpringApplication.run(SpringApplication.java:303)
	at org.springframework.boot.SpringApplication.run(SpringApplication.java:1312)
	at org.springframework.boot.SpringApplication.run(SpringApplication.java:1301)
	at com.apmosys.employeeportal.EmployeeportalApplication.main(EmployeeportalApplication.java:17)
	at java.base/jdk.internal.reflect.NativeMethodAccessorImpl.invoke0(Native Method)
	at java.base/jdk.internal.reflect.NativeMethodAccessorImpl.invoke(NativeMethodAccessorImpl.java:77)
	at java.base/jdk.internal.reflect.DelegatingMethodAccessorImpl.invoke(DelegatingMethodAccessorImpl.java:43)
	at java.base/java.lang.reflect.Method.invoke(Method.java:568)
	at org.springframework.boot.devtools.restart.RestartLauncher.run(RestartLauncher.java:49)
Caused by: com.mysql.cj.exceptions.CJCommunicationsException: Communications link failure

The last packet sent successfully to the server was 0 milliseconds ago. The driver has not received any packets from the server.
	at java.base/jdk.internal.reflect.NativeConstructorAccessorImpl.newInstance0(Native Method)
	at java.base/jdk.internal.reflect.NativeConstructorAccessorImpl.newInstance(NativeConstructorAccessorImpl.java:77)
	at java.base/jdk.internal.reflect.DelegatingConstructorAccessorImpl.newInstance(DelegatingConstructorAccessorImpl.java:45)
	at java.base/java.lang.reflect.Constructor.newInstanceWithCaller(Constructor.java:499)
	at java.base/java.lang.reflect.Constructor.newInstance(Constructor.java:480)
	at com.mysql.cj.exceptions.ExceptionFactory.createException(ExceptionFactory.java:61)
	at com.mysql.cj.exceptions.ExceptionFactory.createException(ExceptionFactory.java:105)
	at com.mysql.cj.exceptions.ExceptionFactory.createException(ExceptionFactory.java:151)
	at com.mysql.cj.exceptions.ExceptionFactory.createCommunicationsException(ExceptionFactory.java:167)
	at com.mysql.cj.protocol.a.NativeSocketConnection.connect(NativeSocketConnection.java:89)
	at com.mysql.cj.NativeSession.connect(NativeSession.java:120)
	at com.mysql.cj.jdbc.ConnectionImpl.connectOneTryOnly(ConnectionImpl.java:949)
	at com.mysql.cj.jdbc.ConnectionImpl.createNewIO(ConnectionImpl.java:819)
	... 170 common frames omitted
Caused by: java.net.ConnectException: Connection timed out
	at java.base/sun.nio.ch.Net.pollConnect(Native Method)
	at java.base/sun.nio.ch.Net.pollConnectNow(Net.java:672)
	at java.base/sun.nio.ch.NioSocketImpl.timedFinishConnect(NioSocketImpl.java:549)
	at java.base/sun.nio.ch.NioSocketImpl.connect(NioSocketImpl.java:597)
	at java.base/java.net.SocksSocketImpl.connect(SocksSocketImpl.java:327)
	at java.base/java.net.Socket.connect(Socket.java:633)
	at com.mysql.cj.protocol.StandardSocketFactory.connect(StandardSocketFactory.java:156)
	at com.mysql.cj.protocol.a.NativeSocketConnection.connect(NativeSocketConnection.java:63)
	... 173 common frames omitted
2026-01-13 22:25:34 [restartedMain] WARN  org.hibernate.engine.jdbc.env.internal.JdbcEnvironmentInitiator - HHH000342: Could not obtain connection to query metadata
com.mysql.cj.jdbc.exceptions.CommunicationsException: Communications link failure

The last packet sent successfully to the server was 0 milliseconds ago. The driver has not received any packets from the server.
	at com.mysql.cj.jdbc.exceptions.SQLError.createCommunicationsException(SQLError.java:174)
	at com.mysql.cj.jdbc.exceptions.SQLExceptionsMapping.translateException(SQLExceptionsMapping.java:64)
	at com.mysql.cj.jdbc.ConnectionImpl.createNewIO(ConnectionImpl.java:829)
	at com.mysql.cj.jdbc.ConnectionImpl.<init>(ConnectionImpl.java:449)
	at com.mysql.cj.jdbc.ConnectionImpl.getInstance(ConnectionImpl.java:242)
	at com.mysql.cj.jdbc.NonRegisteringDriver.connect(NonRegisteringDriver.java:198)
	at com.zaxxer.hikari.util.DriverDataSource.getConnection(DriverDataSource.java:138)
	at com.zaxxer.hikari.pool.PoolBase.newConnection(PoolBase.java:364)
	at com.zaxxer.hikari.pool.PoolBase.newPoolEntry(PoolBase.java:206)
	at com.zaxxer.hikari.pool.HikariPool.createPoolEntry(HikariPool.java:476)
	at com.zaxxer.hikari.pool.HikariPool.checkFailFast(HikariPool.java:561)
	at com.zaxxer.hikari.pool.HikariPool.<init>(HikariPool.java:115)
	at com.zaxxer.hikari.HikariDataSource.getConnection(HikariDataSource.java:112)
	at org.hibernate.engine.jdbc.connections.internal.DatasourceConnectionProviderImpl.getConnection(DatasourceConnectionProviderImpl.java:122)
	at org.hibernate.engine.jdbc.env.internal.JdbcEnvironmentInitiator$ConnectionProviderJdbcConnectionAccess.obtainConnection(JdbcEnvironmentInitiator.java:181)
	at org.hibernate.engine.jdbc.env.internal.JdbcEnvironmentInitiator.initiateService(JdbcEnvironmentInitiator.java:68)
	at org.hibernate.engine.jdbc.env.internal.JdbcEnvironmentInitiator.initiateService(JdbcEnvironmentInitiator.java:35)
	at org.hibernate.boot.registry.internal.StandardServiceRegistryImpl.initiateService(StandardServiceRegistryImpl.java:101)
	at org.hibernate.service.internal.AbstractServiceRegistryImpl.createService(AbstractServiceRegistryImpl.java:263)
	at org.hibernate.service.internal.AbstractServiceRegistryImpl.initializeService(AbstractServiceRegistryImpl.java:237)
	at org.hibernate.service.internal.AbstractServiceRegistryImpl.getService(AbstractServiceRegistryImpl.java:214)
	at org.hibernate.id.factory.internal.DefaultIdentifierGeneratorFactory.injectServices(DefaultIdentifierGeneratorFactory.java:175)
	at org.hibernate.service.internal.AbstractServiceRegistryImpl.injectDependencies(AbstractServiceRegistryImpl.java:286)
	at org.hibernate.service.internal.AbstractServiceRegistryImpl.initializeService(AbstractServiceRegistryImpl.java:243)
	at org.hibernate.service.internal.AbstractServiceRegistryImpl.getService(AbstractServiceRegistryImpl.java:214)
	at org.hibernate.boot.internal.InFlightMetadataCollectorImpl.<init>(InFlightMetadataCollectorImpl.java:173)
	at org.hibernate.boot.model.process.spi.MetadataBuildingProcess.complete(MetadataBuildingProcess.java:127)
	at org.hibernate.jpa.boot.internal.EntityManagerFactoryBuilderImpl.metadata(EntityManagerFactoryBuilderImpl.java:1460)
	at org.hibernate.jpa.boot.internal.EntityManagerFactoryBuilderImpl.build(EntityManagerFactoryBuilderImpl.java:1494)
	at org.springframework.orm.jpa.vendor.SpringHibernateJpaPersistenceProvider.createContainerEntityManagerFactory(SpringHibernateJpaPersistenceProvider.java:58)
	at org.springframework.orm.jpa.LocalContainerEntityManagerFactoryBean.createNativeEntityManagerFactory(LocalContainerEntityManagerFactoryBean.java:365)
	at org.springframework.orm.jpa.AbstractEntityManagerFactoryBean.buildNativeEntityManagerFactory(AbstractEntityManagerFactoryBean.java:409)
	at org.springframework.orm.jpa.AbstractEntityManagerFactoryBean.afterPropertiesSet(AbstractEntityManagerFactoryBean.java:396)
	at org.springframework.orm.jpa.LocalContainerEntityManagerFactoryBean.afterPropertiesSet(LocalContainerEntityManagerFactoryBean.java:341)
	at org.springframework.beans.factory.support.AbstractAutowireCapableBeanFactory.invokeInitMethods(AbstractAutowireCapableBeanFactory.java:1863)
	at org.springframework.beans.factory.support.AbstractAutowireCapableBeanFactory.initializeBean(AbstractAutowireCapableBeanFactory.java:1800)
	at org.springframework.beans.factory.support.AbstractAutowireCapableBeanFactory.doCreateBean(AbstractAutowireCapableBeanFactory.java:620)
	at org.springframework.beans.factory.support.AbstractAutowireCapableBeanFactory.createBean(AbstractAutowireCapableBeanFactory.java:542)
	at org.springframework.beans.factory.support.AbstractBeanFactory.lambda$doGetBean$0(AbstractBeanFactory.java:335)
	at org.springframework.beans.factory.support.DefaultSingletonBeanRegistry.getSingleton(DefaultSingletonBeanRegistry.java:234)
	at org.springframework.beans.factory.support.AbstractBeanFactory.doGetBean(AbstractBeanFactory.java:333)
	at org.springframework.beans.factory.support.AbstractBeanFactory.getBean(AbstractBeanFactory.java:208)
	at org.springframework.beans.factory.support.BeanDefinitionValueResolver.resolveReference(BeanDefinitionValueResolver.java:330)
	at org.springframework.beans.factory.support.BeanDefinitionValueResolver.resolveValueIfNecessary(BeanDefinitionValueResolver.java:113)
	at org.springframework.beans.factory.support.ConstructorResolver.resolveConstructorArguments(ConstructorResolver.java:693)
	at org.springframework.beans.factory.support.ConstructorResolver.instantiateUsingFactoryMethod(ConstructorResolver.java:510)
	at org.springframework.beans.factory.support.AbstractAutowireCapableBeanFactory.instantiateUsingFactoryMethod(AbstractAutowireCapableBeanFactory.java:1352)
	at org.springframework.beans.factory.support.AbstractAutowireCapableBeanFactory.createBeanInstance(AbstractAutowireCapableBeanFactory.java:1195)
	at org.springframework.beans.factory.support.AbstractAutowireCapableBeanFactory.doCreateBean(AbstractAutowireCapableBeanFactory.java:582)
	at org.springframework.beans.factory.support.AbstractAutowireCapableBeanFactory.createBean(AbstractAutowireCapableBeanFactory.java:542)
	at org.springframework.beans.factory.support.BeanDefinitionValueResolver.resolveInnerBean(BeanDefinitionValueResolver.java:374)
	at org.springframework.beans.factory.support.BeanDefinitionValueResolver.resolveValueIfNecessary(BeanDefinitionValueResolver.java:134)
	at org.springframework.beans.factory.support.AbstractAutowireCapableBeanFactory.applyPropertyValues(AbstractAutowireCapableBeanFactory.java:1707)
	at org.springframework.beans.factory.support.AbstractAutowireCapableBeanFactory.populateBean(AbstractAutowireCapableBeanFactory.java:1452)
	at org.springframework.beans.factory.support.AbstractAutowireCapableBeanFactory.doCreateBean(AbstractAutowireCapableBeanFactory.java:619)
	at org.springframework.beans.factory.support.AbstractAutowireCapableBeanFactory.createBean(AbstractAutowireCapableBeanFactory.java:542)
	at org.springframework.beans.factory.support.AbstractBeanFactory.lambda$doGetBean$0(AbstractBeanFactory.java:335)
	at org.springframework.beans.factory.support.DefaultSingletonBeanRegistry.getSingleton(DefaultSingletonBeanRegistry.java:234)
	at org.springframework.beans.factory.support.AbstractBeanFactory.doGetBean(AbstractBeanFactory.java:333)
	at org.springframework.beans.factory.support.AbstractBeanFactory.getBean(AbstractBeanFactory.java:208)
	at org.springframework.beans.factory.config.DependencyDescriptor.resolveCandidate(DependencyDescriptor.java:276)
	at org.springframework.beans.factory.support.DefaultListableBeanFactory.doResolveDependency(DefaultListableBeanFactory.java:1389)
	at org.springframework.beans.factory.support.DefaultListableBeanFactory.resolveDependency(DefaultListableBeanFactory.java:1309)
	at org.springframework.beans.factory.annotation.AutowiredAnnotationBeanPostProcessor$AutowiredFieldElement.resolveFieldValue(AutowiredAnnotationBeanPostProcessor.java:656)
	at org.springframework.beans.factory.annotation.AutowiredAnnotationBeanPostProcessor$AutowiredFieldElement.inject(AutowiredAnnotationBeanPostProcessor.java:639)
	at org.springframework.beans.factory.annotation.InjectionMetadata.inject(InjectionMetadata.java:119)
	at org.springframework.beans.factory.annotation.AutowiredAnnotationBeanPostProcessor.postProcessProperties(AutowiredAnnotationBeanPostProcessor.java:399)
	at org.springframework.beans.factory.support.AbstractAutowireCapableBeanFactory.populateBean(AbstractAutowireCapableBeanFactory.java:1431)
	at org.springframework.beans.factory.support.AbstractAutowireCapableBeanFactory.doCreateBean(AbstractAutowireCapableBeanFactory.java:619)
	at org.springframework.beans.factory.support.AbstractAutowireCapableBeanFactory.createBean(AbstractAutowireCapableBeanFactory.java:542)
	at org.springframework.beans.factory.support.AbstractBeanFactory.lambda$doGetBean$0(AbstractBeanFactory.java:335)
	at org.springframework.beans.factory.support.DefaultSingletonBeanRegistry.getSingleton(DefaultSingletonBeanRegistry.java:234)
	at org.springframework.beans.factory.support.AbstractBeanFactory.doGetBean(AbstractBeanFactory.java:333)
	at org.springframework.beans.factory.support.AbstractBeanFactory.getBean(AbstractBeanFactory.java:208)
	at org.springframework.beans.factory.config.DependencyDescriptor.resolveCandidate(DependencyDescriptor.java:276)
	at org.springframework.beans.factory.support.DefaultListableBeanFactory.doResolveDependency(DefaultListableBeanFactory.java:1389)
	at org.springframework.beans.factory.support.DefaultListableBeanFactory.resolveDependency(DefaultListableBeanFactory.java:1309)
	at org.springframework.beans.factory.annotation.AutowiredAnnotationBeanPostProcessor$AutowiredFieldElement.resolveFieldValue(AutowiredAnnotationBeanPostProcessor.java:656)
	at org.springframework.beans.factory.annotation.AutowiredAnnotationBeanPostProcessor$AutowiredFieldElement.inject(AutowiredAnnotationBeanPostProcessor.java:639)
	at org.springframework.beans.factory.annotation.InjectionMetadata.inject(InjectionMetadata.java:119)
	at org.springframework.beans.factory.annotation.AutowiredAnnotationBeanPostProcessor.postProcessProperties(AutowiredAnnotationBeanPostProcessor.java:399)
	at org.springframework.beans.factory.support.AbstractAutowireCapableBeanFactory.populateBean(AbstractAutowireCapableBeanFactory.java:1431)
	at org.springframework.beans.factory.support.AbstractAutowireCapableBeanFactory.doCreateBean(AbstractAutowireCapableBeanFactory.java:619)
	at org.springframework.beans.factory.support.AbstractAutowireCapableBeanFactory.createBean(AbstractAutowireCapableBeanFactory.java:542)
	at org.springframework.beans.factory.support.AbstractBeanFactory.lambda$doGetBean$0(AbstractBeanFactory.java:335)
	at org.springframework.beans.factory.support.DefaultSingletonBeanRegistry.getSingleton(DefaultSingletonBeanRegistry.java:234)
	at org.springframework.beans.factory.support.AbstractBeanFactory.doGetBean(AbstractBeanFactory.java:333)
	at org.springframework.beans.factory.support.AbstractBeanFactory.getBean(AbstractBeanFactory.java:208)
	at org.springframework.beans.factory.config.DependencyDescriptor.resolveCandidate(DependencyDescriptor.java:276)
	at org.springframework.beans.factory.support.DefaultListableBeanFactory.doResolveDependency(DefaultListableBeanFactory.java:1389)
	at org.springframework.beans.factory.support.DefaultListableBeanFactory.resolveDependency(DefaultListableBeanFactory.java:1309)
	at org.springframework.beans.factory.annotation.AutowiredAnnotationBeanPostProcessor$AutowiredFieldElement.resolveFieldValue(AutowiredAnnotationBeanPostProcessor.java:656)
	at org.springframework.beans.factory.annotation.AutowiredAnnotationBeanPostProcessor$AutowiredFieldElement.inject(AutowiredAnnotationBeanPostProcessor.java:639)
	at org.springframework.beans.factory.annotation.InjectionMetadata.inject(InjectionMetadata.java:119)
	at org.springframework.beans.factory.annotation.AutowiredAnnotationBeanPostProcessor.postProcessProperties(AutowiredAnnotationBeanPostProcessor.java:399)
	at org.springframework.beans.factory.support.AbstractAutowireCapableBeanFactory.populateBean(AbstractAutowireCapableBeanFactory.java:1431)
	at org.springframework.beans.factory.support.AbstractAutowireCapableBeanFactory.doCreateBean(AbstractAutowireCapableBeanFactory.java:619)
	at org.springframework.beans.factory.support.AbstractAutowireCapableBeanFactory.createBean(AbstractAutowireCapableBeanFactory.java:542)
	at org.springframework.beans.factory.support.AbstractBeanFactory.lambda$doGetBean$0(AbstractBeanFactory.java:335)
	at org.springframework.beans.factory.support.DefaultSingletonBeanRegistry.getSingleton(DefaultSingletonBeanRegistry.java:234)
	at org.springframework.beans.factory.support.AbstractBeanFactory.doGetBean(AbstractBeanFactory.java:333)
	at org.springframework.beans.factory.support.AbstractBeanFactory.getBean(AbstractBeanFactory.java:208)
	at org.springframework.beans.factory.support.ConstructorResolver.instantiateUsingFactoryMethod(ConstructorResolver.java:410)
	at org.springframework.beans.factory.support.AbstractAutowireCapableBeanFactory.instantiateUsingFactoryMethod(AbstractAutowireCapableBeanFactory.java:1352)
	at org.springframework.beans.factory.support.AbstractAutowireCapableBeanFactory.createBeanInstance(AbstractAutowireCapableBeanFactory.java:1195)
	at org.springframework.beans.factory.support.AbstractAutowireCapableBeanFactory.doCreateBean(AbstractAutowireCapableBeanFactory.java:582)
	at org.springframework.beans.factory.support.AbstractAutowireCapableBeanFactory.createBean(AbstractAutowireCapableBeanFactory.java:542)
	at org.springframework.beans.factory.support.AbstractBeanFactory.lambda$doGetBean$0(AbstractBeanFactory.java:335)
	at org.springframework.beans.factory.support.DefaultSingletonBeanRegistry.getSingleton(DefaultSingletonBeanRegistry.java:234)
	at org.springframework.beans.factory.support.AbstractBeanFactory.doGetBean(AbstractBeanFactory.java:333)
	at org.springframework.beans.factory.support.AbstractBeanFactory.getBean(AbstractBeanFactory.java:208)
	at org.springframework.beans.factory.config.DependencyDescriptor.resolveCandidate(DependencyDescriptor.java:276)
	at org.springframework.beans.factory.support.DefaultListableBeanFactory.doResolveDependency(DefaultListableBeanFactory.java:1389)
	at org.springframework.beans.factory.support.DefaultListableBeanFactory$DependencyObjectProvider.getIfAvailable(DefaultListableBeanFactory.java:2030)
	at org.springframework.beans.factory.support.DefaultListableBeanFactory$DependencyObjectProvider.ifAvailable(DefaultListableBeanFactory.java:2041)
	at org.springframework.boot.autoconfigure.web.servlet.DispatcherServletAutoConfiguration$DispatcherServletRegistrationConfiguration.dispatcherServletRegistration(DispatcherServletAutoConfiguration.java:124)
	at java.base/jdk.internal.reflect.NativeMethodAccessorImpl.invoke0(Native Method)
	at java.base/jdk.internal.reflect.NativeMethodAccessorImpl.invoke(NativeMethodAccessorImpl.java:77)
	at java.base/jdk.internal.reflect.DelegatingMethodAccessorImpl.invoke(DelegatingMethodAccessorImpl.java:43)
	at java.base/java.lang.reflect.Method.invoke(Method.java:568)
	at org.springframework.beans.factory.support.SimpleInstantiationStrategy.instantiate(SimpleInstantiationStrategy.java:154)
	at org.springframework.beans.factory.support.ConstructorResolver.instantiate(ConstructorResolver.java:653)
	at org.springframework.beans.factory.support.ConstructorResolver.instantiateUsingFactoryMethod(ConstructorResolver.java:638)
	at org.springframework.beans.factory.support.AbstractAutowireCapableBeanFactory.instantiateUsingFactoryMethod(AbstractAutowireCapableBeanFactory.java:1352)
	at org.springframework.beans.factory.support.AbstractAutowireCapableBeanFactory.createBeanInstance(AbstractAutowireCapableBeanFactory.java:1195)
	at org.springframework.beans.factory.support.AbstractAutowireCapableBeanFactory.doCreateBean(AbstractAutowireCapableBeanFactory.java:582)
	at org.springframework.beans.factory.support.AbstractAutowireCapableBeanFactory.createBean(AbstractAutowireCapableBeanFactory.java:542)
	at org.springframework.beans.factory.support.AbstractBeanFactory.lambda$doGetBean$0(AbstractBeanFactory.java:335)
	at org.springframework.beans.factory.support.DefaultSingletonBeanRegistry.getSingleton(DefaultSingletonBeanRegistry.java:234)
	at org.springframework.beans.factory.support.AbstractBeanFactory.doGetBean(AbstractBeanFactory.java:333)
	at org.springframework.beans.factory.support.AbstractBeanFactory.getBean(AbstractBeanFactory.java:208)
	at org.springframework.beans.factory.config.DependencyDescriptor.resolveCandidate(DependencyDescriptor.java:276)
	at org.springframework.beans.factory.support.DefaultListableBeanFactory.doResolveDependency(DefaultListableBeanFactory.java:1389)
	at org.springframework.beans.factory.support.DefaultListableBeanFactory.resolveDependency(DefaultListableBeanFactory.java:1309)
	at org.springframework.beans.factory.support.ConstructorResolver.resolveAutowiredArgument(ConstructorResolver.java:887)
	at org.springframework.beans.factory.support.ConstructorResolver.createArgumentArray(ConstructorResolver.java:791)
	at org.springframework.beans.factory.support.ConstructorResolver.instantiateUsingFactoryMethod(ConstructorResolver.java:541)
	at org.springframework.beans.factory.support.AbstractAutowireCapableBeanFactory.instantiateUsingFactoryMethod(AbstractAutowireCapableBeanFactory.java:1352)
	at org.springframework.beans.factory.support.AbstractAutowireCapableBeanFactory.createBeanInstance(AbstractAutowireCapableBeanFactory.java:1195)
	at org.springframework.beans.factory.support.AbstractAutowireCapableBeanFactory.doCreateBean(AbstractAutowireCapableBeanFactory.java:582)
	at org.springframework.beans.factory.support.AbstractAutowireCapableBeanFactory.createBean(AbstractAutowireCapableBeanFactory.java:542)
	at org.springframework.beans.factory.support.AbstractBeanFactory.lambda$doGetBean$0(AbstractBeanFactory.java:335)
	at org.springframework.beans.factory.support.DefaultSingletonBeanRegistry.getSingleton(DefaultSingletonBeanRegistry.java:234)
	at org.springframework.beans.factory.support.AbstractBeanFactory.doGetBean(AbstractBeanFactory.java:333)
	at org.springframework.beans.factory.support.AbstractBeanFactory.getBean(AbstractBeanFactory.java:208)
	at org.springframework.beans.factory.support.DefaultListableBeanFactory.getBeansOfType(DefaultListableBeanFactory.java:671)
	at org.springframework.boot.web.server.ErrorPageRegistrarBeanPostProcessor.getRegistrars(ErrorPageRegistrarBeanPostProcessor.java:76)
	at org.springframework.boot.web.server.ErrorPageRegistrarBeanPostProcessor.postProcessBeforeInitialization(ErrorPageRegistrarBeanPostProcessor.java:67)
	at org.springframework.boot.web.server.ErrorPageRegistrarBeanPostProcessor.postProcessBeforeInitialization(ErrorPageRegistrarBeanPostProcessor.java:56)
	at org.springframework.beans.factory.support.AbstractAutowireCapableBeanFactory.applyBeanPostProcessorsBeforeInitialization(AbstractAutowireCapableBeanFactory.java:440)
	at org.springframework.beans.factory.support.AbstractAutowireCapableBeanFactory.initializeBean(AbstractAutowireCapableBeanFactory.java:1796)
	at org.springframework.beans.factory.support.AbstractAutowireCapableBeanFactory.doCreateBean(AbstractAutowireCapableBeanFactory.java:620)
	at org.springframework.beans.factory.support.AbstractAutowireCapableBeanFactory.createBean(AbstractAutowireCapableBeanFactory.java:542)
	at org.springframework.beans.factory.support.AbstractBeanFactory.lambda$doGetBean$0(AbstractBeanFactory.java:335)
	at org.springframework.beans.factory.support.DefaultSingletonBeanRegistry.getSingleton(DefaultSingletonBeanRegistry.java:234)
	at org.springframework.beans.factory.support.AbstractBeanFactory.doGetBean(AbstractBeanFactory.java:333)
	at org.springframework.beans.factory.support.AbstractBeanFactory.getBean(AbstractBeanFactory.java:213)
	at org.springframework.boot.web.servlet.context.ServletWebServerApplicationContext.getWebServerFactory(ServletWebServerApplicationContext.java:217)
	at org.springframework.boot.web.servlet.context.ServletWebServerApplicationContext.createWebServer(ServletWebServerApplicationContext.java:180)
	at org.springframework.boot.web.servlet.context.ServletWebServerApplicationContext.onRefresh(ServletWebServerApplicationContext.java:160)
	at org.springframework.context.support.AbstractApplicationContext.refresh(AbstractApplicationContext.java:577)
	at org.springframework.boot.web.servlet.context.ServletWebServerApplicationContext.refresh(ServletWebServerApplicationContext.java:145)
	at org.springframework.boot.SpringApplication.refresh(SpringApplication.java:740)
	at org.springframework.boot.SpringApplication.refreshContext(SpringApplication.java:415)
	at org.springframework.boot.SpringApplication.run(SpringApplication.java:303)
	at org.springframework.boot.SpringApplication.run(SpringApplication.java:1312)
	at org.springframework.boot.SpringApplication.run(SpringApplication.java:1301)
	at com.apmosys.employeeportal.EmployeeportalApplication.main(EmployeeportalApplication.java:17)
	at java.base/jdk.internal.reflect.NativeMethodAccessorImpl.invoke0(Native Method)
	at java.base/jdk.internal.reflect.NativeMethodAccessorImpl.invoke(NativeMethodAccessorImpl.java:77)
	at java.base/jdk.internal.reflect.DelegatingMethodAccessorImpl.invoke(DelegatingMethodAccessorImpl.java:43)
	at java.base/java.lang.reflect.Method.invoke(Method.java:568)
	at org.springframework.boot.devtools.restart.RestartLauncher.run(RestartLauncher.java:49)
Caused by: com.mysql.cj.exceptions.CJCommunicationsException: Communications link failure

The last packet sent successfully to the server was 0 milliseconds ago. The driver has not received any packets from the server.
	at java.base/jdk.internal.reflect.NativeConstructorAccessorImpl.newInstance0(Native Method)
	at java.base/jdk.internal.reflect.NativeConstructorAccessorImpl.newInstance(NativeConstructorAccessorImpl.java:77)
	at java.base/jdk.internal.reflect.DelegatingConstructorAccessorImpl.newInstance(DelegatingConstructorAccessorImpl.java:45)
	at java.base/java.lang.reflect.Constructor.newInstanceWithCaller(Constructor.java:499)
	at java.base/java.lang.reflect.Constructor.newInstance(Constructor.java:480)
	at com.mysql.cj.exceptions.ExceptionFactory.createException(ExceptionFactory.java:61)
	at com.mysql.cj.exceptions.ExceptionFactory.createException(ExceptionFactory.java:105)
	at com.mysql.cj.exceptions.ExceptionFactory.createException(ExceptionFactory.java:151)
	at com.mysql.cj.exceptions.ExceptionFactory.createCommunicationsException(ExceptionFactory.java:167)
	at com.mysql.cj.protocol.a.NativeSocketConnection.connect(NativeSocketConnection.java:89)
	at com.mysql.cj.NativeSession.connect(NativeSession.java:120)
	at com.mysql.cj.jdbc.ConnectionImpl.connectOneTryOnly(ConnectionImpl.java:949)
	at com.mysql.cj.jdbc.ConnectionImpl.createNewIO(ConnectionImpl.java:819)
	... 170 common frames omitted
Caused by: java.net.ConnectException: Connection timed out
	at java.base/sun.nio.ch.Net.pollConnect(Native Method)
	at java.base/sun.nio.ch.Net.pollConnectNow(Net.java:672)
	at java.base/sun.nio.ch.NioSocketImpl.timedFinishConnect(NioSocketImpl.java:549)
	at java.base/sun.nio.ch.NioSocketImpl.connect(NioSocketImpl.java:597)
	at java.base/java.net.SocksSocketImpl.connect(SocksSocketImpl.java:327)
	at java.base/java.net.Socket.connect(Socket.java:633)
	at com.mysql.cj.protocol.StandardSocketFactory.connect(StandardSocketFactory.java:156)
	at com.mysql.cj.protocol.a.NativeSocketConnection.connect(NativeSocketConnection.java:63)
	... 173 common frames omitted
2026-01-13 22:25:34 [restartedMain] INFO  org.hibernate.dialect.Dialect - HHH000400: Using dialect: org.hibernate.dialect.MySQL5InnoDBDialect
2026-01-13 22:25:34 [restartedMain] INFO  org.hibernate.envers.boot.internal.EnversServiceImpl - Envers integration enabled? : true
2026-01-13 22:27:49 [restartedMain] INFO  org.hibernate.engine.transaction.jta.platform.internal.JtaPlatformInitiator - HHH000490: Using JtaPlatform implementation: [org.hibernate.engine.transaction.jta.platform.internal.NoJtaPlatform]
2026-01-13 22:27:49 [restartedMain] INFO  org.springframework.orm.jpa.LocalContainerEntityManagerFactoryBean - Initialized JPA EntityManagerFactory for persistence unit 'default'
2026-01-13 22:42:31 [restartedMain] INFO  com.apmosys.employeeportal.EmployeeportalApplication - Starting EmployeeportalApplication using Java 17.0.5 on Apmosyslt05M with PID 101062 (/home/apmosys/Documents/LatestWorkSpace/Rewamp_Cleaning/employeeportal_revamp/target/classes started by apmosys in /home/apmosys/Documents/LatestWorkSpace/Rewamp_Cleaning/employeeportal_revamp)
2026-01-13 22:42:31 [restartedMain] INFO  com.apmosys.employeeportal.EmployeeportalApplication - The following 1 profile is active: "uat"
2026-01-13 22:42:31 [restartedMain] ERROR org.springframework.boot.SpringApplication - Application run failed
java.lang.IllegalStateException: java.lang.IllegalStateException: Logback configuration error detected: 
ERROR in ch.qos.logback.core.rolling.RollingFileAppender[FILE] - 'FileNamePattern' option has the same value "log.path_IS_UNDEFINED/ishineportal-%d{yyyy-MM-dd}.%i.log" as that given for appender [FILE] defined earlier.
ERROR in ch.qos.logback.core.rolling.RollingFileAppender[FILE] - Collisions detected with FileAppender/RollingAppender instances defined earlier. Aborting.
ERROR in ch.qos.logback.core.rolling.RollingFileAppender[FILE] - For more information, please visit http://logback.qos.ch/codes.html#earlier_fa_collision
	at org.springframework.boot.context.logging.LoggingApplicationListener.initializeSystem(LoggingApplicationListener.java:328)
	at org.springframework.boot.context.logging.LoggingApplicationListener.initialize(LoggingApplicationListener.java:282)
	at org.springframework.boot.context.logging.LoggingApplicationListener.onApplicationEnvironmentPreparedEvent(LoggingApplicationListener.java:240)
	at org.springframework.boot.context.logging.LoggingApplicationListener.onApplicationEvent(LoggingApplicationListener.java:216)
	at org.springframework.context.event.SimpleApplicationEventMulticaster.doInvokeListener(SimpleApplicationEventMulticaster.java:176)
	at org.springframework.context.event.SimpleApplicationEventMulticaster.invokeListener(SimpleApplicationEventMulticaster.java:169)
	at org.springframework.context.event.SimpleApplicationEventMulticaster.multicastEvent(SimpleApplicationEventMulticaster.java:143)
	at org.springframework.context.event.SimpleApplicationEventMulticaster.multicastEvent(SimpleApplicationEventMulticaster.java:131)
	at org.springframework.boot.context.event.EventPublishingRunListener.environmentPrepared(EventPublishingRunListener.java:85)
	at org.springframework.boot.SpringApplicationRunListeners.lambda$environmentPrepared$2(SpringApplicationRunListeners.java:66)
	at java.base/java.util.ArrayList.forEach(ArrayList.java:1511)
	at org.springframework.boot.SpringApplicationRunListeners.doWithListeners(SpringApplicationRunListeners.java:120)
	at org.springframework.boot.SpringApplicationRunListeners.doWithListeners(SpringApplicationRunListeners.java:114)
	at org.springframework.boot.SpringApplicationRunListeners.environmentPrepared(SpringApplicationRunListeners.java:65)
	at org.springframework.boot.SpringApplication.prepareEnvironment(SpringApplication.java:339)
	at org.springframework.boot.SpringApplication.run(SpringApplication.java:297)
	at org.springframework.boot.SpringApplication.run(SpringApplication.java:1312)
	at org.springframework.boot.SpringApplication.run(SpringApplication.java:1301)
	at com.apmosys.employeeportal.EmployeeportalApplication.main(EmployeeportalApplication.java:17)
	at java.base/jdk.internal.reflect.NativeMethodAccessorImpl.invoke0(Native Method)
	at java.base/jdk.internal.reflect.NativeMethodAccessorImpl.invoke(NativeMethodAccessorImpl.java:77)
	at java.base/jdk.internal.reflect.DelegatingMethodAccessorImpl.invoke(DelegatingMethodAccessorImpl.java:43)
	at java.base/java.lang.reflect.Method.invoke(Method.java:568)
	at org.springframework.boot.devtools.restart.RestartLauncher.run(RestartLauncher.java:49)
Caused by: java.lang.IllegalStateException: Logback configuration error detected: 
ERROR in ch.qos.logback.core.rolling.RollingFileAppender[FILE] - 'FileNamePattern' option has the same value "log.path_IS_UNDEFINED/ishineportal-%d{yyyy-MM-dd}.%i.log" as that given for appender [FILE] defined earlier.
ERROR in ch.qos.logback.core.rolling.RollingFileAppender[FILE] - Collisions detected with FileAppender/RollingAppender instances defined earlier. Aborting.
ERROR in ch.qos.logback.core.rolling.RollingFileAppender[FILE] - For more information, please visit http://logback.qos.ch/codes.html#earlier_fa_collision
	at org.springframework.boot.logging.logback.LogbackLoggingSystem.loadConfiguration(LogbackLoggingSystem.java:179)
	at org.springframework.boot.logging.AbstractLoggingSystem.initializeWithConventions(AbstractLoggingSystem.java:80)
	at org.springframework.boot.logging.AbstractLoggingSystem.initialize(AbstractLoggingSystem.java:60)
	at org.springframework.boot.logging.logback.LogbackLoggingSystem.initialize(LogbackLoggingSystem.java:132)
	at org.springframework.boot.context.logging.LoggingApplicationListener.initializeSystem(LoggingApplicationListener.java:313)
	... 23 common frames omitted
2026-01-13 22:42:33 [restartedMain] INFO  com.apmosys.employeeportal.EmployeeportalApplication - Starting EmployeeportalApplication using Java 17.0.5 on Apmosyslt05M with PID 101062 (/home/apmosys/Documents/LatestWorkSpace/Rewamp_Cleaning/employeeportal_revamp/target/classes started by apmosys in /home/apmosys/Documents/LatestWorkSpace/Rewamp_Cleaning/employeeportal_revamp)
2026-01-13 22:42:33 [restartedMain] INFO  com.apmosys.employeeportal.EmployeeportalApplication - The following 1 profile is active: "uat"
2026-01-13 22:42:35 [restartedMain] INFO  org.springframework.data.repository.config.RepositoryConfigurationDelegate - Multiple Spring Data modules found, entering strict repository configuration mode!
2026-01-13 22:42:35 [restartedMain] INFO  org.springframework.data.repository.config.RepositoryConfigurationDelegate - Bootstrapping Spring Data JPA repositories in DEFAULT mode.
2026-01-13 22:42:35 [restartedMain] INFO  org.springframework.data.repository.config.RepositoryConfigurationDelegate - Multiple Spring Data modules found, entering strict repository configuration mode!
2026-01-13 22:42:35 [restartedMain] INFO  org.springframework.data.repository.config.RepositoryConfigurationDelegate - Bootstrapping Spring Data JPA repositories in DEFAULT mode.
2026-01-13 22:42:35 [restartedMain] INFO  org.springframework.data.repository.config.RepositoryConfigurationExtensionSupport - Spring Data JPA - Could not safely identify store assignment for repository candidate interface com.apmosys.employeeportal.mongodb.repository.DynamicFormStructureRepository. If you want this repository to be a JPA repository, consider annotating your entities with one of these annotations: javax.persistence.Entity, javax.persistence.MappedSuperclass (preferred), or consider extending one of the following types with your repository: org.springframework.data.jpa.repository.JpaRepository.
2026-01-13 22:42:35 [restartedMain] INFO  org.springframework.data.repository.config.RepositoryConfigurationExtensionSupport - Spring Data JPA - Could not safely identify store assignment for repository candidate interface com.apmosys.employeeportal.mongodb.repository.FileMongoRepository. If you want this repository to be a JPA repository, consider annotating your entities with one of these annotations: javax.persistence.Entity, javax.persistence.MappedSuperclass (preferred), or consider extending one of the following types with your repository: org.springframework.data.jpa.repository.JpaRepository.
2026-01-13 22:42:35 [restartedMain] INFO  org.springframework.data.repository.config.RepositoryConfigurationExtensionSupport - Spring Data JPA - Could not safely identify store assignment for repository candidate interface com.apmosys.employeeportal.mongodb.repository.DynamicFormStructureRepository. If you want this repository to be a JPA repository, consider annotating your entities with one of these annotations: javax.persistence.Entity, javax.persistence.MappedSuperclass (preferred), or consider extending one of the following types with your repository: org.springframework.data.jpa.repository.JpaRepository.
2026-01-13 22:42:35 [restartedMain] INFO  org.springframework.data.repository.config.RepositoryConfigurationExtensionSupport - Spring Data JPA - Could not safely identify store assignment for repository candidate interface com.apmosys.employeeportal.mongodb.repository.ProjectInsightFormDetailsRepository. If you want this repository to be a JPA repository, consider annotating your entities with one of these annotations: javax.persistence.Entity, javax.persistence.MappedSuperclass (preferred), or consider extending one of the following types with your repository: org.springframework.data.jpa.repository.JpaRepository.
2026-01-13 22:42:35 [restartedMain] INFO  org.springframework.data.repository.config.RepositoryConfigurationExtensionSupport - Spring Data JPA - Could not safely identify store assignment for repository candidate interface com.apmosys.employeeportal.mongodb.repository.FileMongoRepository. If you want this repository to be a JPA repository, consider annotating your entities with one of these annotations: javax.persistence.Entity, javax.persistence.MappedSuperclass (preferred), or consider extending one of the following types with your repository: org.springframework.data.jpa.repository.JpaRepository.
2026-01-13 22:42:35 [restartedMain] INFO  org.springframework.data.repository.config.RepositoryConfigurationExtensionSupport - Spring Data JPA - Could not safely identify store assignment for repository candidate interface com.apmosys.employeeportal.mongodb.repository.ProjectInsightFormDetailsRepository. If you want this repository to be a JPA repository, consider annotating your entities with one of these annotations: javax.persistence.Entity, javax.persistence.MappedSuperclass (preferred), or consider extending one of the following types with your repository: org.springframework.data.jpa.repository.JpaRepository.
2026-01-13 22:42:35 [restartedMain] INFO  org.springframework.data.repository.config.RepositoryConfigurationExtensionSupport - Spring Data JPA - Could not safely identify store assignment for repository candidate interface com.apmosys.employeeportal.mongodb.repository.ProjectInsightGroupDetailsRepository. If you want this repository to be a JPA repository, consider annotating your entities with one of these annotations: javax.persistence.Entity, javax.persistence.MappedSuperclass (preferred), or consider extending one of the following types with your repository: org.springframework.data.jpa.repository.JpaRepository.
2026-01-13 22:42:35 [restartedMain] INFO  org.springframework.data.repository.config.RepositoryConfigurationExtensionSupport - Spring Data JPA - Could not safely identify store assignment for repository candidate interface com.apmosys.employeeportal.mongodb.repository.ProjectInsightGroupDetailsRepository. If you want this repository to be a JPA repository, consider annotating your entities with one of these annotations: javax.persistence.Entity, javax.persistence.MappedSuperclass (preferred), or consider extending one of the following types with your repository: org.springframework.data.jpa.repository.JpaRepository.
2026-01-13 22:42:35 [restartedMain] INFO  org.springframework.data.repository.config.RepositoryConfigurationExtensionSupport - Spring Data JPA - Could not safely identify store assignment for repository candidate interface com.apmosys.employeeportal.mongodb.repository.ProjectInsightProjectDetailsRepository. If you want this repository to be a JPA repository, consider annotating your entities with one of these annotations: javax.persistence.Entity, javax.persistence.MappedSuperclass (preferred), or consider extending one of the following types with your repository: org.springframework.data.jpa.repository.JpaRepository.
2026-01-13 22:42:35 [restartedMain] INFO  org.springframework.data.repository.config.RepositoryConfigurationExtensionSupport - Spring Data JPA - Could not safely identify store assignment for repository candidate interface com.apmosys.employeeportal.mongodb.repository.ProjectInsightProjectFlatSearchRepository. If you want this repository to be a JPA repository, consider annotating your entities with one of these annotations: javax.persistence.Entity, javax.persistence.MappedSuperclass (preferred), or consider extending one of the following types with your repository: org.springframework.data.jpa.repository.JpaRepository.
2026-01-13 22:42:35 [restartedMain] INFO  org.springframework.data.repository.config.RepositoryConfigurationExtensionSupport - Spring Data JPA - Could not safely identify store assignment for repository candidate interface com.apmosys.employeeportal.mongodb.repository.ProjectInsightProjectDetailsRepository. If you want this repository to be a JPA repository, consider annotating your entities with one of these annotations: javax.persistence.Entity, javax.persistence.MappedSuperclass (preferred), or consider extending one of the following types with your repository: org.springframework.data.jpa.repository.JpaRepository.
2026-01-13 22:42:35 [restartedMain] INFO  org.springframework.data.repository.config.RepositoryConfigurationExtensionSupport - Spring Data JPA - Could not safely identify store assignment for repository candidate interface com.apmosys.employeeportal.mongodb.repository.ProjectInsightProjectFlatSearchRepository. If you want this repository to be a JPA repository, consider annotating your entities with one of these annotations: javax.persistence.Entity, javax.persistence.MappedSuperclass (preferred), or consider extending one of the following types with your repository: org.springframework.data.jpa.repository.JpaRepository.
2026-01-13 22:42:35 [restartedMain] INFO  org.springframework.data.repository.config.RepositoryConfigurationExtensionSupport - Spring Data JPA - Could not safely identify store assignment for repository candidate interface com.apmosys.employeeportal.mongodb.repository.ProjectInsightQuestionDetailsRepository. If you want this repository to be a JPA repository, consider annotating your entities with one of these annotations: javax.persistence.Entity, javax.persistence.MappedSuperclass (preferred), or consider extending one of the following types with your repository: org.springframework.data.jpa.repository.JpaRepository.
2026-01-13 22:42:35 [restartedMain] INFO  org.springframework.data.repository.config.RepositoryConfigurationExtensionSupport - Spring Data JPA - Could not safely identify store assignment for repository candidate interface com.apmosys.employeeportal.mongodb.repository.ProjectInsightQuestionDetailsRepository. If you want this repository to be a JPA repository, consider annotating your entities with one of these annotations: javax.persistence.Entity, javax.persistence.MappedSuperclass (preferred), or consider extending one of the following types with your repository: org.springframework.data.jpa.repository.JpaRepository.
2026-01-13 22:42:35 [restartedMain] INFO  org.springframework.data.repository.config.RepositoryConfigurationExtensionSupport - Spring Data JPA - Could not safely identify store assignment for repository candidate interface com.apmosys.employeeportal.mongodb.repository.ProjectInsightQuestionLibraryEntryRepository. If you want this repository to be a JPA repository, consider annotating your entities with one of these annotations: javax.persistence.Entity, javax.persistence.MappedSuperclass (preferred), or consider extending one of the following types with your repository: org.springframework.data.jpa.repository.JpaRepository.
2026-01-13 22:42:35 [restartedMain] INFO  org.springframework.data.repository.config.RepositoryConfigurationExtensionSupport - Spring Data JPA - Could not safely identify store assignment for repository candidate interface com.apmosys.employeeportal.mongodb.repository.ProjectInsightQuestionLibraryEntryRepository. If you want this repository to be a JPA repository, consider annotating your entities with one of these annotations: javax.persistence.Entity, javax.persistence.MappedSuperclass (preferred), or consider extending one of the following types with your repository: org.springframework.data.jpa.repository.JpaRepository.
2026-01-13 22:42:35 [restartedMain] INFO  org.springframework.data.repository.config.RepositoryConfigurationExtensionSupport - Spring Data JPA - Could not safely identify store assignment for repository candidate interface com.apmosys.employeeportal.mongodb.repository.ProjectInsightResponseDetailsHistoryRepository. If you want this repository to be a JPA repository, consider annotating your entities with one of these annotations: javax.persistence.Entity, javax.persistence.MappedSuperclass (preferred), or consider extending one of the following types with your repository: org.springframework.data.jpa.repository.JpaRepository.
2026-01-13 22:42:35 [restartedMain] INFO  org.springframework.data.repository.config.RepositoryConfigurationExtensionSupport - Spring Data JPA - Could not safely identify store assignment for repository candidate interface com.apmosys.employeeportal.mongodb.repository.ProjectInsightResponseDetailsHistoryRepository. If you want this repository to be a JPA repository, consider annotating your entities with one of these annotations: javax.persistence.Entity, javax.persistence.MappedSuperclass (preferred), or consider extending one of the following types with your repository: org.springframework.data.jpa.repository.JpaRepository.
2026-01-13 22:42:35 [restartedMain] INFO  org.springframework.data.repository.config.RepositoryConfigurationExtensionSupport - Spring Data JPA - Could not safely identify store assignment for repository candidate interface com.apmosys.employeeportal.mongodb.repository.ProjectInsightResponseDetailsRepository. If you want this repository to be a JPA repository, consider annotating your entities with one of these annotations: javax.persistence.Entity, javax.persistence.MappedSuperclass (preferred), or consider extending one of the following types with your repository: org.springframework.data.jpa.repository.JpaRepository.
2026-01-13 22:42:35 [restartedMain] INFO  org.springframework.data.repository.config.RepositoryConfigurationExtensionSupport - Spring Data JPA - Could not safely identify store assignment for repository candidate interface com.apmosys.employeeportal.mongodb.repository.ProjectInsightResponseDetailsRepository. If you want this repository to be a JPA repository, consider annotating your entities with one of these annotations: javax.persistence.Entity, javax.persistence.MappedSuperclass (preferred), or consider extending one of the following types with your repository: org.springframework.data.jpa.repository.JpaRepository.
2026-01-13 22:42:36 [restartedMain] INFO  org.springframework.data.repository.config.RepositoryConfigurationDelegate - Finished Spring Data repository scanning in 454 ms. Found 169 JPA repository interfaces.
2026-01-13 22:42:36 [restartedMain] INFO  org.springframework.data.repository.config.RepositoryConfigurationDelegate - Finished Spring Data repository scanning in 461 ms. Found 169 JPA repository interfaces.
2026-01-13 22:42:36 [restartedMain] INFO  org.springframework.data.repository.config.RepositoryConfigurationDelegate - Multiple Spring Data modules found, entering strict repository configuration mode!
2026-01-13 22:42:36 [restartedMain] INFO  org.springframework.data.repository.config.RepositoryConfigurationDelegate - Bootstrapping Spring Data MongoDB repositories in DEFAULT mode.
2026-01-13 22:42:36 [restartedMain] INFO  org.springframework.data.repository.config.RepositoryConfigurationDelegate - Multiple Spring Data modules found, entering strict repository configuration mode!
2026-01-13 22:42:36 [restartedMain] INFO  org.springframework.data.repository.config.RepositoryConfigurationDelegate - Bootstrapping Spring Data MongoDB repositories in DEFAULT mode.
2026-01-13 22:42:36 [restartedMain] INFO  org.springframework.data.repository.config.RepositoryConfigurationExtensionSupport - Spring Data MongoDB - Could not safely identify store assignment for repository candidate interface com.apmosys.employeeportal.repository.ActivitiesRepository. If you want this repository to be a MongoDB repository, consider annotating your entities with one of these annotations: org.springframework.data.mongodb.core.mapping.Document (preferred), or consider extending one of the following types with your repository: org.springframework.data.mongodb.repository.MongoRepository.
2026-01-13 22:42:36 [restartedMain] INFO  org.springframework.data.repository.config.RepositoryConfigurationExtensionSupport - Spring Data MongoDB - Could not safely identify store assignment for repository candidate interface com.apmosys.employeeportal.repository.ActivityTemplateRepository. If you want this repository to be a MongoDB repository, consider annotating your entities with one of these annotations: org.springframework.data.mongodb.core.mapping.Document (preferred), or consider extending one of the following types with your repository: org.springframework.data.mongodb.repository.MongoRepository.
2026-01-13 22:42:36 [restartedMain] INFO  org.springframework.data.repository.config.RepositoryConfigurationExtensionSupport - Spring Data MongoDB - Could not safely identify store assignment for repository candidate interface com.apmosys.employeeportal.repository.ApiLogRepository. If you want this repository to be a MongoDB repository, consider annotating your entities with one of these annotations: org.springframework.data.mongodb.core.mapping.Document (preferred), or consider extending one of the following types with your repository: org.springframework.data.mongodb.repository.MongoRepository.
2026-01-13 22:42:36 [restartedMain] INFO  org.springframework.data.repository.config.RepositoryConfigurationExtensionSupport - Spring Data MongoDB - Could not safely identify store assignment for repository candidate interface com.apmosys.employeeportal.repository.ApiSourceRepository. If you want this repository to be a MongoDB repository, consider annotating your entities with one of these annotations: org.springframework.data.mongodb.core.mapping.Document (preferred), or consider extending one of the following types with your repository: org.springframework.data.mongodb.repository.MongoRepository.
2026-01-13 22:42:36 [restartedMain] INFO  org.springframework.data.repository.config.RepositoryConfigurationExtensionSupport - Spring Data MongoDB - Could not safely identify store assignment for repository candidate interface com.apmosys.employeeportal.repository.AppraisalSummaryRepository. If you want this repository to be a MongoDB repository, consider annotating your entities with one of these annotations: org.springframework.data.mongodb.core.mapping.Document (preferred), or consider extending one of the following types with your repository: org.springframework.data.mongodb.repository.MongoRepository.
2026-01-13 22:42:36 [restartedMain] INFO  org.springframework.data.repository.config.RepositoryConfigurationExtensionSupport - Spring Data MongoDB - Could not safely identify store assignment for repository candidate interface com.apmosys.employeeportal.repository.AppreciationRepository. If you want this repository to be a MongoDB repository, consider annotating your entities with one of these annotations: org.springframework.data.mongodb.core.mapping.Document (preferred), or consider extending one of the following types with your repository: org.springframework.data.mongodb.repository.MongoRepository.
2026-01-13 22:42:36 [restartedMain] INFO  org.springframework.data.repository.config.RepositoryConfigurationExtensionSupport - Spring Data MongoDB - Could not safely identify store assignment for repository candidate interface com.apmosys.employeeportal.repository.BioMaxRequestIssueRepository. If you want this repository to be a MongoDB repository, consider annotating your entities with one of these annotations: org.springframework.data.mongodb.core.mapping.Document (preferred), or consider extending one of the following types with your repository: org.springframework.data.mongodb.repository.MongoRepository.
2026-01-13 22:42:36 [restartedMain] INFO  org.springframework.data.repository.config.RepositoryConfigurationExtensionSupport - Spring Data MongoDB - Could not safely identify store assignment for repository candidate interface com.apmosys.employeeportal.repository.BiomaxDefaulterRepository. If you want this repository to be a MongoDB repository, consider annotating your entities with one of these annotations: org.springframework.data.mongodb.core.mapping.Document (preferred), or consider extending one of the following types with your repository: org.springframework.data.mongodb.repository.MongoRepository.
2026-01-13 22:42:36 [restartedMain] INFO  org.springframework.data.repository.config.RepositoryConfigurationExtensionSupport - Spring Data MongoDB - Could not safely identify store assignment for repository candidate interface com.apmosys.employeeportal.repository.BiomaxRequestRepository. If you want this repository to be a MongoDB repository, consider annotating your entities with one of these annotations: org.springframework.data.mongodb.core.mapping.Document (preferred), or consider extending one of the following types with your repository: org.springframework.data.mongodb.repository.MongoRepository.
2026-01-13 22:42:36 [restartedMain] INFO  org.springframework.data.repository.config.RepositoryConfigurationExtensionSupport - Spring Data MongoDB - Could not safely identify store assignment for repository candidate interface com.apmosys.employeeportal.repository.BirthdayMailRepository. If you want this repository to be a MongoDB repository, consider annotating your entities with one of these annotations: org.springframework.data.mongodb.core.mapping.Document (preferred), or consider extending one of the following types with your repository: org.springframework.data.mongodb.repository.MongoRepository.
2026-01-13 22:42:36 [restartedMain] INFO  org.springframework.data.repository.config.RepositoryConfigurationExtensionSupport - Spring Data MongoDB - Could not safely identify store assignment for repository candidate interface com.apmosys.employeeportal.repository.CertificateDocumentMapRepository. If you want this repository to be a MongoDB repository, consider annotating your entities with one of these annotations: org.springframework.data.mongodb.core.mapping.Document (preferred), or consider extending one of the following types with your repository: org.springframework.data.mongodb.repository.MongoRepository.
2026-01-13 22:42:36 [restartedMain] INFO  org.springframework.data.repository.config.RepositoryConfigurationExtensionSupport - Spring Data MongoDB - Could not safely identify store assignment for repository candidate interface com.apmosys.employeeportal.repository.CertificateDriveLinkMapRepository. If you want this repository to be a MongoDB repository, consider annotating your entities with one of these annotations: org.springframework.data.mongodb.core.mapping.Document (preferred), or consider extending one of the following types with your repository: org.springframework.data.mongodb.repository.MongoRepository.
2026-01-13 22:42:36 [restartedMain] INFO  org.springframework.data.repository.config.RepositoryConfigurationExtensionSupport - Spring Data MongoDB - Could not safely identify store assignment for repository candidate interface com.apmosys.employeeportal.repository.CertificateSkillMapRepository. If you want this repository to be a MongoDB repository, consider annotating your entities with one of these annotations: org.springframework.data.mongodb.core.mapping.Document (preferred), or consider extending one of the following types with your repository: org.springframework.data.mongodb.repository.MongoRepository.
2026-01-13 22:42:36 [restartedMain] INFO  org.springframework.data.repository.config.RepositoryConfigurationExtensionSupport - Spring Data MongoDB - Could not safely identify store assignment for repository candidate interface com.apmosys.employeeportal.repository.CityRepository. If you want this repository to be a MongoDB repository, consider annotating your entities with one of these annotations: org.springframework.data.mongodb.core.mapping.Document (preferred), or consider extending one of the following types with your repository: org.springframework.data.mongodb.repository.MongoRepository.
2026-01-13 22:42:36 [restartedMain] INFO  org.springframework.data.repository.config.RepositoryConfigurationExtensionSupport - Spring Data MongoDB - Could not safely identify store assignment for repository candidate interface com.apmosys.employeeportal.repository.ActivitiesRepository. If you want this repository to be a MongoDB repository, consider annotating your entities with one of these annotations: org.springframework.data.mongodb.core.mapping.Document (preferred), or consider extending one of the following types with your repository: org.springframework.data.mongodb.repository.MongoRepository.
2026-01-13 22:42:36 [restartedMain] INFO  org.springframework.data.repository.config.RepositoryConfigurationExtensionSupport - Spring Data MongoDB - Could not safely identify store assignment for repository candidate interface com.apmosys.employeeportal.repository.ClientLocationRepository. If you want this repository to be a MongoDB repository, consider annotating your entities with one of these annotations: org.springframework.data.mongodb.core.mapping.Document (preferred), or consider extending one of the following types with your repository: org.springframework.data.mongodb.repository.MongoRepository.
2026-01-13 22:42:36 [restartedMain] INFO  org.springframework.data.repository.config.RepositoryConfigurationExtensionSupport - Spring Data MongoDB - Could not safely identify store assignment for repository candidate interface com.apmosys.employeeportal.repository.ActivityTemplateRepository. If you want this repository to be a MongoDB repository, consider annotating your entities with one of these annotations: org.springframework.data.mongodb.core.mapping.Document (preferred), or consider extending one of the following types with your repository: org.springframework.data.mongodb.repository.MongoRepository.
2026-01-13 22:42:36 [restartedMain] INFO  org.springframework.data.repository.config.RepositoryConfigurationExtensionSupport - Spring Data MongoDB - Could not safely identify store assignment for repository candidate interface com.apmosys.employeeportal.repository.ClientStatusMasterNewRepository. If you want this repository to be a MongoDB repository, consider annotating your entities with one of these annotations: org.springframework.data.mongodb.core.mapping.Document (preferred), or consider extending one of the following types with your repository: org.springframework.data.mongodb.repository.MongoRepository.
2026-01-13 22:42:36 [restartedMain] INFO  org.springframework.data.repository.config.RepositoryConfigurationExtensionSupport - Spring Data MongoDB - Could not safely identify store assignment for repository candidate interface com.apmosys.employeeportal.repository.ApiLogRepository. If you want this repository to be a MongoDB repository, consider annotating your entities with one of these annotations: org.springframework.data.mongodb.core.mapping.Document (preferred), or consider extending one of the following types with your repository: org.springframework.data.mongodb.repository.MongoRepository.
2026-01-13 22:42:36 [restartedMain] INFO  org.springframework.data.repository.config.RepositoryConfigurationExtensionSupport - Spring Data MongoDB - Could not safely identify store assignment for repository candidate interface com.apmosys.employeeportal.repository.ApiSourceRepository. If you want this repository to be a MongoDB repository, consider annotating your entities with one of these annotations: org.springframework.data.mongodb.core.mapping.Document (preferred), or consider extending one of the following types with your repository: org.springframework.data.mongodb.repository.MongoRepository.
2026-01-13 22:42:36 [restartedMain] INFO  org.springframework.data.repository.config.RepositoryConfigurationExtensionSupport - Spring Data MongoDB - Could not safely identify store assignment for repository candidate interface com.apmosys.employeeportal.repository.ClientsRepository. If you want this repository to be a MongoDB repository, consider annotating your entities with one of these annotations: org.springframework.data.mongodb.core.mapping.Document (preferred), or consider extending one of the following types with your repository: org.springframework.data.mongodb.repository.MongoRepository.
2026-01-13 22:42:36 [restartedMain] INFO  org.springframework.data.repository.config.RepositoryConfigurationExtensionSupport - Spring Data MongoDB - Could not safely identify store assignment for repository candidate interface com.apmosys.employeeportal.repository.AppraisalSummaryRepository. If you want this repository to be a MongoDB repository, consider annotating your entities with one of these annotations: org.springframework.data.mongodb.core.mapping.Document (preferred), or consider extending one of the following types with your repository: org.springframework.data.mongodb.repository.MongoRepository.
2026-01-13 22:42:36 [restartedMain] INFO  org.springframework.data.repository.config.RepositoryConfigurationExtensionSupport - Spring Data MongoDB - Could not safely identify store assignment for repository candidate interface com.apmosys.employeeportal.repository.AppreciationRepository. If you want this repository to be a MongoDB repository, consider annotating your entities with one of these annotations: org.springframework.data.mongodb.core.mapping.Document (preferred), or consider extending one of the following types with your repository: org.springframework.data.mongodb.repository.MongoRepository.
2026-01-13 22:42:36 [restartedMain] INFO  org.springframework.data.repository.config.RepositoryConfigurationExtensionSupport - Spring Data MongoDB - Could not safely identify store assignment for repository candidate interface com.apmosys.employeeportal.repository.CompOffLeaveRepository. If you want this repository to be a MongoDB repository, consider annotating your entities with one of these annotations: org.springframework.data.mongodb.core.mapping.Document (preferred), or consider extending one of the following types with your repository: org.springframework.data.mongodb.repository.MongoRepository.
2026-01-13 22:42:36 [restartedMain] INFO  org.springframework.data.repository.config.RepositoryConfigurationExtensionSupport - Spring Data MongoDB - Could not safely identify store assignment for repository candidate interface com.apmosys.employeeportal.repository.BioMaxRequestIssueRepository. If you want this repository to be a MongoDB repository, consider annotating your entities with one of these annotations: org.springframework.data.mongodb.core.mapping.Document (preferred), or consider extending one of the following types with your repository: org.springframework.data.mongodb.repository.MongoRepository.
2026-01-13 22:42:36 [restartedMain] INFO  org.springframework.data.repository.config.RepositoryConfigurationExtensionSupport - Spring Data MongoDB - Could not safely identify store assignment for repository candidate interface com.apmosys.employeeportal.repository.CompOffMasterRepository. If you want this repository to be a MongoDB repository, consider annotating your entities with one of these annotations: org.springframework.data.mongodb.core.mapping.Document (preferred), or consider extending one of the following types with your repository: org.springframework.data.mongodb.repository.MongoRepository.
2026-01-13 22:42:36 [restartedMain] INFO  org.springframework.data.repository.config.RepositoryConfigurationExtensionSupport - Spring Data MongoDB - Could not safely identify store assignment for repository candidate interface com.apmosys.employeeportal.repository.BiomaxDefaulterRepository. If you want this repository to be a MongoDB repository, consider annotating your entities with one of these annotations: org.springframework.data.mongodb.core.mapping.Document (preferred), or consider extending one of the following types with your repository: org.springframework.data.mongodb.repository.MongoRepository.
2026-01-13 22:42:36 [restartedMain] INFO  org.springframework.data.repository.config.RepositoryConfigurationExtensionSupport - Spring Data MongoDB - Could not safely identify store assignment for repository candidate interface com.apmosys.employeeportal.repository.BiomaxRequestRepository. If you want this repository to be a MongoDB repository, consider annotating your entities with one of these annotations: org.springframework.data.mongodb.core.mapping.Document (preferred), or consider extending one of the following types with your repository: org.springframework.data.mongodb.repository.MongoRepository.
2026-01-13 22:42:36 [restartedMain] INFO  org.springframework.data.repository.config.RepositoryConfigurationExtensionSupport - Spring Data MongoDB - Could not safely identify store assignment for repository candidate interface com.apmosys.employeeportal.repository.CustomQueryDetailsRepository. If you want this repository to be a MongoDB repository, consider annotating your entities with one of these annotations: org.springframework.data.mongodb.core.mapping.Document (preferred), or consider extending one of the following types with your repository: org.springframework.data.mongodb.repository.MongoRepository.
2026-01-13 22:42:36 [restartedMain] INFO  org.springframework.data.repository.config.RepositoryConfigurationExtensionSupport - Spring Data MongoDB - Could not safely identify store assignment for repository candidate interface com.apmosys.employeeportal.repository.BirthdayMailRepository. If you want this repository to be a MongoDB repository, consider annotating your entities with one of these annotations: org.springframework.data.mongodb.core.mapping.Document (preferred), or consider extending one of the following types with your repository: org.springframework.data.mongodb.repository.MongoRepository.
2026-01-13 22:42:36 [restartedMain] INFO  org.springframework.data.repository.config.RepositoryConfigurationExtensionSupport - Spring Data MongoDB - Could not safely identify store assignment for repository candidate interface com.apmosys.employeeportal.repository.CertificateDocumentMapRepository. If you want this repository to be a MongoDB repository, consider annotating your entities with one of these annotations: org.springframework.data.mongodb.core.mapping.Document (preferred), or consider extending one of the following types with your repository: org.springframework.data.mongodb.repository.MongoRepository.
2026-01-13 22:42:36 [restartedMain] INFO  org.springframework.data.repository.config.RepositoryConfigurationExtensionSupport - Spring Data MongoDB - Could not safely identify store assignment for repository candidate interface com.apmosys.employeeportal.repository.DayTypeMasterNewRepository. If you want this repository to be a MongoDB repository, consider annotating your entities with one of these annotations: org.springframework.data.mongodb.core.mapping.Document (preferred), or consider extending one of the following types with your repository: org.springframework.data.mongodb.repository.MongoRepository.
2026-01-13 22:42:36 [restartedMain] INFO  org.springframework.data.repository.config.RepositoryConfigurationExtensionSupport - Spring Data MongoDB - Could not safely identify store assignment for repository candidate interface com.apmosys.employeeportal.repository.CertificateDriveLinkMapRepository. If you want this repository to be a MongoDB repository, consider annotating your entities with one of these annotations: org.springframework.data.mongodb.core.mapping.Document (preferred), or consider extending one of the following types with your repository: org.springframework.data.mongodb.repository.MongoRepository.
2026-01-13 22:42:36 [restartedMain] INFO  org.springframework.data.repository.config.RepositoryConfigurationExtensionSupport - Spring Data MongoDB - Could not safely identify store assignment for repository candidate interface com.apmosys.employeeportal.repository.CertificateSkillMapRepository. If you want this repository to be a MongoDB repository, consider annotating your entities with one of these annotations: org.springframework.data.mongodb.core.mapping.Document (preferred), or consider extending one of the following types with your repository: org.springframework.data.mongodb.repository.MongoRepository.
2026-01-13 22:42:36 [restartedMain] INFO  org.springframework.data.repository.config.RepositoryConfigurationExtensionSupport - Spring Data MongoDB - Could not safely identify store assignment for repository candidate interface com.apmosys.employeeportal.repository.DeliveryModeRepository. If you want this repository to be a MongoDB repository, consider annotating your entities with one of these annotations: org.springframework.data.mongodb.core.mapping.Document (preferred), or consider extending one of the following types with your repository: org.springframework.data.mongodb.repository.MongoRepository.
2026-01-13 22:42:36 [restartedMain] INFO  org.springframework.data.repository.config.RepositoryConfigurationExtensionSupport - Spring Data MongoDB - Could not safely identify store assignment for repository candidate interface com.apmosys.employeeportal.repository.DepartmentRepository. If you want this repository to be a MongoDB repository, consider annotating your entities with one of these annotations: org.springframework.data.mongodb.core.mapping.Document (preferred), or consider extending one of the following types with your repository: org.springframework.data.mongodb.repository.MongoRepository.
2026-01-13 22:42:37 [restartedMain] INFO  org.springframework.data.repository.config.RepositoryConfigurationExtensionSupport - Spring Data MongoDB - Could not safely identify store assignment for repository candidate interface com.apmosys.employeeportal.repository.CityRepository. If you want this repository to be a MongoDB repository, consider annotating your entities with one of these annotations: org.springframework.data.mongodb.core.mapping.Document (preferred), or consider extending one of the following types with your repository: org.springframework.data.mongodb.repository.MongoRepository.
2026-01-13 22:42:37 [restartedMain] INFO  org.springframework.data.repository.config.RepositoryConfigurationExtensionSupport - Spring Data MongoDB - Could not safely identify store assignment for repository candidate interface com.apmosys.employeeportal.repository.ClientLocationRepository. If you want this repository to be a MongoDB repository, consider annotating your entities with one of these annotations: org.springframework.data.mongodb.core.mapping.Document (preferred), or consider extending one of the following types with your repository: org.springframework.data.mongodb.repository.MongoRepository.
2026-01-13 22:42:37 [restartedMain] INFO  org.springframework.data.repository.config.RepositoryConfigurationExtensionSupport - Spring Data MongoDB - Could not safely identify store assignment for repository candidate interface com.apmosys.employeeportal.repository.ClientStatusMasterNewRepository. If you want this repository to be a MongoDB repository, consider annotating your entities with one of these annotations: org.springframework.data.mongodb.core.mapping.Document (preferred), or consider extending one of the following types with your repository: org.springframework.data.mongodb.repository.MongoRepository.
2026-01-13 22:42:37 [restartedMain] INFO  org.springframework.data.repository.config.RepositoryConfigurationExtensionSupport - Spring Data MongoDB - Could not safely identify store assignment for repository candidate interface com.apmosys.employeeportal.repository.ClientsRepository. If you want this repository to be a MongoDB repository, consider annotating your entities with one of these annotations: org.springframework.data.mongodb.core.mapping.Document (preferred), or consider extending one of the following types with your repository: org.springframework.data.mongodb.repository.MongoRepository.
2026-01-13 22:42:37 [restartedMain] INFO  org.springframework.data.repository.config.RepositoryConfigurationExtensionSupport - Spring Data MongoDB - Could not safely identify store assignment for repository candidate interface com.apmosys.employeeportal.repository.CompOffLeaveRepository. If you want this repository to be a MongoDB repository, consider annotating your entities with one of these annotations: org.springframework.data.mongodb.core.mapping.Document (preferred), or consider extending one of the following types with your repository: org.springframework.data.mongodb.repository.MongoRepository.
2026-01-13 22:42:37 [restartedMain] INFO  org.springframework.data.repository.config.RepositoryConfigurationExtensionSupport - Spring Data MongoDB - Could not safely identify store assignment for repository candidate interface com.apmosys.employeeportal.repository.CompOffMasterRepository. If you want this repository to be a MongoDB repository, consider annotating your entities with one of these annotations: org.springframework.data.mongodb.core.mapping.Document (preferred), or consider extending one of the following types with your repository: org.springframework.data.mongodb.repository.MongoRepository.
2026-01-13 22:42:37 [restartedMain] INFO  org.springframework.data.repository.config.RepositoryConfigurationExtensionSupport - Spring Data MongoDB - Could not safely identify store assignment for repository candidate interface com.apmosys.employeeportal.repository.CustomQueryDetailsRepository. If you want this repository to be a MongoDB repository, consider annotating your entities with one of these annotations: org.springframework.data.mongodb.core.mapping.Document (preferred), or consider extending one of the following types with your repository: org.springframework.data.mongodb.repository.MongoRepository.
2026-01-13 22:42:37 [restartedMain] INFO  org.springframework.data.repository.config.RepositoryConfigurationExtensionSupport - Spring Data MongoDB - Could not safely identify store assignment for repository candidate interface com.apmosys.employeeportal.repository.DayTypeMasterNewRepository. If you want this repository to be a MongoDB repository, consider annotating your entities with one of these annotations: org.springframework.data.mongodb.core.mapping.Document (preferred), or consider extending one of the following types with your repository: org.springframework.data.mongodb.repository.MongoRepository.
2026-01-13 22:42:37 [restartedMain] INFO  org.springframework.data.repository.config.RepositoryConfigurationExtensionSupport - Spring Data MongoDB - Could not safely identify store assignment for repository candidate interface com.apmosys.employeeportal.repository.DeliveryModeRepository. If you want this repository to be a MongoDB repository, consider annotating your entities with one of these annotations: org.springframework.data.mongodb.core.mapping.Document (preferred), or consider extending one of the following types with your repository: org.springframework.data.mongodb.repository.MongoRepository.
2026-01-13 22:42:37 [restartedMain] INFO  org.springframework.data.repository.config.RepositoryConfigurationExtensionSupport - Spring Data MongoDB - Could not safely identify store assignment for repository candidate interface com.apmosys.employeeportal.repository.DepartmentRepository. If you want this repository to be a MongoDB repository, consider annotating your entities with one of these annotations: org.springframework.data.mongodb.core.mapping.Document (preferred), or consider extending one of the following types with your repository: org.springframework.data.mongodb.repository.MongoRepository.
2026-01-13 22:42:37 [restartedMain] INFO  org.springframework.data.repository.config.RepositoryConfigurationExtensionSupport - Spring Data MongoDB - Could not safely identify store assignment for repository candidate interface com.apmosys.employeeportal.repository.DesignationDepartmentMapRepository. If you want this repository to be a MongoDB repository, consider annotating your entities with one of these annotations: org.springframework.data.mongodb.core.mapping.Document (preferred), or consider extending one of the following types with your repository: org.springframework.data.mongodb.repository.MongoRepository.
2026-01-13 22:42:37 [restartedMain] INFO  org.springframework.data.repository.config.RepositoryConfigurationExtensionSupport - Spring Data MongoDB - Could not safely identify store assignment for repository candidate interface com.apmosys.employeeportal.repository.DesignationRepository. If you want this repository to be a MongoDB repository, consider annotating your entities with one of these annotations: org.springframework.data.mongodb.core.mapping.Document (preferred), or consider extending one of the following types with your repository: org.springframework.data.mongodb.repository.MongoRepository.
2026-01-13 22:42:37 [restartedMain] INFO  org.springframework.data.repository.config.RepositoryConfigurationExtensionSupport - Spring Data MongoDB - Could not safely identify store assignment for repository candidate interface com.apmosys.employeeportal.repository.DocMimeTypeMasterNewRepository. If you want this repository to be a MongoDB repository, consider annotating your entities with one of these annotations: org.springframework.data.mongodb.core.mapping.Document (preferred), or consider extending one of the following types with your repository: org.springframework.data.mongodb.repository.MongoRepository.
2026-01-13 22:42:37 [restartedMain] INFO  org.springframework.data.repository.config.RepositoryConfigurationExtensionSupport - Spring Data MongoDB - Could not safely identify store assignment for repository candidate interface com.apmosys.employeeportal.repository.DomainRepository. If you want this repository to be a MongoDB repository, consider annotating your entities with one of these annotations: org.springframework.data.mongodb.core.mapping.Document (preferred), or consider extending one of the following types with your repository: org.springframework.data.mongodb.repository.MongoRepository.
2026-01-13 22:42:37 [restartedMain] INFO  org.springframework.data.repository.config.RepositoryConfigurationExtensionSupport - Spring Data MongoDB - Could not safely identify store assignment for repository candidate interface com.apmosys.employeeportal.repository.DraftEmployeeRepository. If you want this repository to be a MongoDB repository, consider annotating your entities with one of these annotations: org.springframework.data.mongodb.core.mapping.Document (preferred), or consider extending one of the following types with your repository: org.springframework.data.mongodb.repository.MongoRepository.
2026-01-13 22:42:37 [restartedMain] INFO  org.springframework.data.repository.config.RepositoryConfigurationExtensionSupport - Spring Data MongoDB - Could not safely identify store assignment for repository candidate interface com.apmosys.employeeportal.repository.EmpPrimaryProjectMappingRepository. If you want this repository to be a MongoDB repository, consider annotating your entities with one of these annotations: org.springframework.data.mongodb.core.mapping.Document (preferred), or consider extending one of the following types with your repository: org.springframework.data.mongodb.repository.MongoRepository.
2026-01-13 22:42:37 [restartedMain] INFO  org.springframework.data.repository.config.RepositoryConfigurationExtensionSupport - Spring Data MongoDB - Could not safely identify store assignment for repository candidate interface com.apmosys.employeeportal.repository.Employee360Repository. If you want this repository to be a MongoDB repository, consider annotating your entities with one of these annotations: org.springframework.data.mongodb.core.mapping.Document (preferred), or consider extending one of the following types with your repository: org.springframework.data.mongodb.repository.MongoRepository.
2026-01-13 22:42:37 [restartedMain] INFO  org.springframework.data.repository.config.RepositoryConfigurationExtensionSupport - Spring Data MongoDB - Could not safely identify store assignment for repository candidate interface com.apmosys.employeeportal.repository.EmployeeCertificateRepository. If you want this repository to be a MongoDB repository, consider annotating your entities with one of these annotations: org.springframework.data.mongodb.core.mapping.Document (preferred), or consider extending one of the following types with your repository: org.springframework.data.mongodb.repository.MongoRepository.
2026-01-13 22:42:37 [restartedMain] INFO  org.springframework.data.repository.config.RepositoryConfigurationExtensionSupport - Spring Data MongoDB - Could not safely identify store assignment for repository candidate interface com.apmosys.employeeportal.repository.EmployeeCertificatesRepository. If you want this repository to be a MongoDB repository, consider annotating your entities with one of these annotations: org.springframework.data.mongodb.core.mapping.Document (preferred), or consider extending one of the following types with your repository: org.springframework.data.mongodb.repository.MongoRepository.
2026-01-13 22:42:37 [restartedMain] INFO  org.springframework.data.repository.config.RepositoryConfigurationExtensionSupport - Spring Data MongoDB - Could not safely identify store assignment for repository candidate interface com.apmosys.employeeportal.repository.EmployeeClientSideIdMappingNewRepository. If you want this repository to be a MongoDB repository, consider annotating your entities with one of these annotations: org.springframework.data.mongodb.core.mapping.Document (preferred), or consider extending one of the following types with your repository: org.springframework.data.mongodb.repository.MongoRepository.
2026-01-13 22:42:37 [restartedMain] INFO  org.springframework.data.repository.config.RepositoryConfigurationExtensionSupport - Spring Data MongoDB - Could not safely identify store assignment for repository candidate interface com.apmosys.employeeportal.repository.EmployeeClientSideIdMappingRepository. If you want this repository to be a MongoDB repository, consider annotating your entities with one of these annotations: org.springframework.data.mongodb.core.mapping.Document (preferred), or consider extending one of the following types with your repository: org.springframework.data.mongodb.repository.MongoRepository.
2026-01-13 22:42:37 [restartedMain] INFO  org.springframework.data.repository.config.RepositoryConfigurationExtensionSupport - Spring Data MongoDB - Could not safely identify store assignment for repository candidate interface com.apmosys.employeeportal.repository.EmployeeDocumentRepository. If you want this repository to be a MongoDB repository, consider annotating your entities with one of these annotations: org.springframework.data.mongodb.core.mapping.Document (preferred), or consider extending one of the following types with your repository: org.springframework.data.mongodb.repository.MongoRepository.
2026-01-13 22:42:37 [restartedMain] INFO  org.springframework.data.repository.config.RepositoryConfigurationExtensionSupport - Spring Data MongoDB - Could not safely identify store assignment for repository candidate interface com.apmosys.employeeportal.repository.EmployeeGoalRepository. If you want this repository to be a MongoDB repository, consider annotating your entities with one of these annotations: org.springframework.data.mongodb.core.mapping.Document (preferred), or consider extending one of the following types with your repository: org.springframework.data.mongodb.repository.MongoRepository.
2026-01-13 22:42:37 [restartedMain] INFO  org.springframework.data.repository.config.RepositoryConfigurationExtensionSupport - Spring Data MongoDB - Could not safely identify store assignment for repository candidate interface com.apmosys.employeeportal.repository.EmployeeKpiMappingRepository. If you want this repository to be a MongoDB repository, consider annotating your entities with one of these annotations: org.springframework.data.mongodb.core.mapping.Document (preferred), or consider extending one of the following types with your repository: org.springframework.data.mongodb.repository.MongoRepository.
2026-01-13 22:42:37 [restartedMain] INFO  org.springframework.data.repository.config.RepositoryConfigurationExtensionSupport - Spring Data MongoDB - Could not safely identify store assignment for repository candidate interface com.apmosys.employeeportal.repository.EmployeeKpiRepository. If you want this repository to be a MongoDB repository, consider annotating your entities with one of these annotations: org.springframework.data.mongodb.core.mapping.Document (preferred), or consider extending one of the following types with your repository: org.springframework.data.mongodb.repository.MongoRepository.
2026-01-13 22:42:37 [restartedMain] INFO  org.springframework.data.repository.config.RepositoryConfigurationExtensionSupport - Spring Data MongoDB - Could not safely identify store assignment for repository candidate interface com.apmosys.employeeportal.repository.EmployeeLeaveRepository. If you want this repository to be a MongoDB repository, consider annotating your entities with one of these annotations: org.springframework.data.mongodb.core.mapping.Document (preferred), or consider extending one of the following types with your repository: org.springframework.data.mongodb.repository.MongoRepository.
2026-01-13 22:42:37 [restartedMain] INFO  org.springframework.data.repository.config.RepositoryConfigurationExtensionSupport - Spring Data MongoDB - Could not safely identify store assignment for repository candidate interface com.apmosys.employeeportal.repository.EmployeeLeavesMapRepository. If you want this repository to be a MongoDB repository, consider annotating your entities with one of these annotations: org.springframework.data.mongodb.core.mapping.Document (preferred), or consider extending one of the following types with your repository: org.springframework.data.mongodb.repository.MongoRepository.
2026-01-13 22:42:37 [restartedMain] INFO  org.springframework.data.repository.config.RepositoryConfigurationExtensionSupport - Spring Data MongoDB - Could not safely identify store assignment for repository candidate interface com.apmosys.employeeportal.repository.EmployeeNotificationConsentRepository. If you want this repository to be a MongoDB repository, consider annotating your entities with one of these annotations: org.springframework.data.mongodb.core.mapping.Document (preferred), or consider extending one of the following types with your repository: org.springframework.data.mongodb.repository.MongoRepository.
2026-01-13 22:42:37 [restartedMain] INFO  org.springframework.data.repository.config.RepositoryConfigurationExtensionSupport - Spring Data MongoDB - Could not safely identify store assignment for repository candidate interface com.apmosys.employeeportal.repository.EmployeeOnBoardingMapRepository. If you want this repository to be a MongoDB repository, consider annotating your entities with one of these annotations: org.springframework.data.mongodb.core.mapping.Document (preferred), or consider extending one of the following types with your repository: org.springframework.data.mongodb.repository.MongoRepository.
2026-01-13 22:42:37 [restartedMain] INFO  org.springframework.data.repository.config.RepositoryConfigurationExtensionSupport - Spring Data MongoDB - Could not safely identify store assignment for repository candidate interface com.apmosys.employeeportal.repository.EmployeeOnBoardingRepository. If you want this repository to be a MongoDB repository, consider annotating your entities with one of these annotations: org.springframework.data.mongodb.core.mapping.Document (preferred), or consider extending one of the following types with your repository: org.springframework.data.mongodb.repository.MongoRepository.
2026-01-13 22:42:37 [restartedMain] INFO  org.springframework.data.repository.config.RepositoryConfigurationExtensionSupport - Spring Data MongoDB - Could not safely identify store assignment for repository candidate interface com.apmosys.employeeportal.repository.EmployeePerformanceRepository. If you want this repository to be a MongoDB repository, consider annotating your entities with one of these annotations: org.springframework.data.mongodb.core.mapping.Document (preferred), or consider extending one of the following types with your repository: org.springframework.data.mongodb.repository.MongoRepository.
2026-01-13 22:42:37 [restartedMain] INFO  org.springframework.data.repository.config.RepositoryConfigurationExtensionSupport - Spring Data MongoDB - Could not safely identify store assignment for repository candidate interface com.apmosys.employeeportal.repository.EmployeeRatingPerformanceRepository. If you want this repository to be a MongoDB repository, consider annotating your entities with one of these annotations: org.springframework.data.mongodb.core.mapping.Document (preferred), or consider extending one of the following types with your repository: org.springframework.data.mongodb.repository.MongoRepository.
2026-01-13 22:42:37 [restartedMain] INFO  org.springframework.data.repository.config.RepositoryConfigurationExtensionSupport - Spring Data MongoDB - Could not safely identify store assignment for repository candidate interface com.apmosys.employeeportal.repository.EmployeeRepository. If you want this repository to be a MongoDB repository, consider annotating your entities with one of these annotations: org.springframework.data.mongodb.core.mapping.Document (preferred), or consider extending one of the following types with your repository: org.springframework.data.mongodb.repository.MongoRepository.
2026-01-13 22:42:37 [restartedMain] INFO  org.springframework.data.repository.config.RepositoryConfigurationExtensionSupport - Spring Data MongoDB - Could not safely identify store assignment for repository candidate interface com.apmosys.employeeportal.repository.EmployeeResignationRepository. If you want this repository to be a MongoDB repository, consider annotating your entities with one of these annotations: org.springframework.data.mongodb.core.mapping.Document (preferred), or consider extending one of the following types with your repository: org.springframework.data.mongodb.repository.MongoRepository.
2026-01-13 22:42:37 [restartedMain] INFO  org.springframework.data.repository.config.RepositoryConfigurationExtensionSupport - Spring Data MongoDB - Could not safely identify store assignment for repository candidate interface com.apmosys.employeeportal.repository.EmployeeRewardsRepository. If you want this repository to be a MongoDB repository, consider annotating your entities with one of these annotations: org.springframework.data.mongodb.core.mapping.Document (preferred), or consider extending one of the following types with your repository: org.springframework.data.mongodb.repository.MongoRepository.
2026-01-13 22:42:37 [restartedMain] INFO  org.springframework.data.repository.config.RepositoryConfigurationExtensionSupport - Spring Data MongoDB - Could not safely identify store assignment for repository candidate interface com.apmosys.employeeportal.repository.EmployeeRoleMasterRepository. If you want this repository to be a MongoDB repository, consider annotating your entities with one of these annotations: org.springframework.data.mongodb.core.mapping.Document (preferred), or consider extending one of the following types with your repository: org.springframework.data.mongodb.repository.MongoRepository.
2026-01-13 22:42:37 [restartedMain] INFO  org.springframework.data.repository.config.RepositoryConfigurationExtensionSupport - Spring Data MongoDB - Could not safely identify store assignment for repository candidate interface com.apmosys.employeeportal.repository.EmployeeSkillProficiencyMappingRepository. If you want this repository to be a MongoDB repository, consider annotating your entities with one of these annotations: org.springframework.data.mongodb.core.mapping.Document (preferred), or consider extending one of the following types with your repository: org.springframework.data.mongodb.repository.MongoRepository.
2026-01-13 22:42:37 [restartedMain] INFO  org.springframework.data.repository.config.RepositoryConfigurationExtensionSupport - Spring Data MongoDB - Could not safely identify store assignment for repository candidate interface com.apmosys.employeeportal.repository.EmployeeSpecializationMapRepository. If you want this repository to be a MongoDB repository, consider annotating your entities with one of these annotations: org.springframework.data.mongodb.core.mapping.Document (preferred), or consider extending one of the following types with your repository: org.springframework.data.mongodb.repository.MongoRepository.
2026-01-13 22:42:37 [restartedMain] INFO  org.springframework.data.repository.config.RepositoryConfigurationExtensionSupport - Spring Data MongoDB - Could not safely identify store assignment for repository candidate interface com.apmosys.employeeportal.repository.EmployeeTeamMapRepository. If you want this repository to be a MongoDB repository, consider annotating your entities with one of these annotations: org.springframework.data.mongodb.core.mapping.Document (preferred), or consider extending one of the following types with your repository: org.springframework.data.mongodb.repository.MongoRepository.
2026-01-13 22:42:37 [restartedMain] INFO  org.springframework.data.repository.config.RepositoryConfigurationExtensionSupport - Spring Data MongoDB - Could not safely identify store assignment for repository candidate interface com.apmosys.employeeportal.repository.EmployeeTimesheetLocationMappingRepository. If you want this repository to be a MongoDB repository, consider annotating your entities with one of these annotations: org.springframework.data.mongodb.core.mapping.Document (preferred), or consider extending one of the following types with your repository: org.springframework.data.mongodb.repository.MongoRepository.
2026-01-13 22:42:37 [restartedMain] INFO  org.springframework.data.repository.config.RepositoryConfigurationExtensionSupport - Spring Data MongoDB - Could not safely identify store assignment for repository candidate interface com.apmosys.employeeportal.repository.EmployeeTimesheetsNewRepository. If you want this repository to be a MongoDB repository, consider annotating your entities with one of these annotations: org.springframework.data.mongodb.core.mapping.Document (preferred), or consider extending one of the following types with your repository: org.springframework.data.mongodb.repository.MongoRepository.
2026-01-13 22:42:37 [restartedMain] INFO  org.springframework.data.repository.config.RepositoryConfigurationExtensionSupport - Spring Data MongoDB - Could not safely identify store assignment for repository candidate interface com.apmosys.employeeportal.repository.EmployeeexcludedFromLeaveRepository. If you want this repository to be a MongoDB repository, consider annotating your entities with one of these annotations: org.springframework.data.mongodb.core.mapping.Document (preferred), or consider extending one of the following types with your repository: org.springframework.data.mongodb.repository.MongoRepository.
2026-01-13 22:42:37 [restartedMain] INFO  org.springframework.data.repository.config.RepositoryConfigurationExtensionSupport - Spring Data MongoDB - Could not safely identify store assignment for repository candidate interface com.apmosys.employeeportal.repository.EnableAppreciationRepository. If you want this repository to be a MongoDB repository, consider annotating your entities with one of these annotations: org.springframework.data.mongodb.core.mapping.Document (preferred), or consider extending one of the following types with your repository: org.springframework.data.mongodb.repository.MongoRepository.
2026-01-13 22:42:37 [restartedMain] INFO  org.springframework.data.repository.config.RepositoryConfigurationExtensionSupport - Spring Data MongoDB - Could not safely identify store assignment for repository candidate interface com.apmosys.employeeportal.repository.EventPhotosRepository. If you want this repository to be a MongoDB repository, consider annotating your entities with one of these annotations: org.springframework.data.mongodb.core.mapping.Document (preferred), or consider extending one of the following types with your repository: org.springframework.data.mongodb.repository.MongoRepository.
2026-01-13 22:42:37 [restartedMain] INFO  org.springframework.data.repository.config.RepositoryConfigurationExtensionSupport - Spring Data MongoDB - Could not safely identify store assignment for repository candidate interface com.apmosys.employeeportal.repository.DesignationDepartmentMapRepository. If you want this repository to be a MongoDB repository, consider annotating your entities with one of these annotations: org.springframework.data.mongodb.core.mapping.Document (preferred), or consider extending one of the following types with your repository: org.springframework.data.mongodb.repository.MongoRepository.
2026-01-13 22:42:37 [restartedMain] INFO  org.springframework.data.repository.config.RepositoryConfigurationExtensionSupport - Spring Data MongoDB - Could not safely identify store assignment for repository candidate interface com.apmosys.employeeportal.repository.DesignationRepository. If you want this repository to be a MongoDB repository, consider annotating your entities with one of these annotations: org.springframework.data.mongodb.core.mapping.Document (preferred), or consider extending one of the following types with your repository: org.springframework.data.mongodb.repository.MongoRepository.
2026-01-13 22:42:37 [restartedMain] INFO  org.springframework.data.repository.config.RepositoryConfigurationExtensionSupport - Spring Data MongoDB - Could not safely identify store assignment for repository candidate interface com.apmosys.employeeportal.repository.DocMimeTypeMasterNewRepository. If you want this repository to be a MongoDB repository, consider annotating your entities with one of these annotations: org.springframework.data.mongodb.core.mapping.Document (preferred), or consider extending one of the following types with your repository: org.springframework.data.mongodb.repository.MongoRepository.
2026-01-13 22:42:37 [restartedMain] INFO  org.springframework.data.repository.config.RepositoryConfigurationExtensionSupport - Spring Data MongoDB - Could not safely identify store assignment for repository candidate interface com.apmosys.employeeportal.repository.DomainRepository. If you want this repository to be a MongoDB repository, consider annotating your entities with one of these annotations: org.springframework.data.mongodb.core.mapping.Document (preferred), or consider extending one of the following types with your repository: org.springframework.data.mongodb.repository.MongoRepository.
2026-01-13 22:42:37 [restartedMain] INFO  org.springframework.data.repository.config.RepositoryConfigurationExtensionSupport - Spring Data MongoDB - Could not safely identify store assignment for repository candidate interface com.apmosys.employeeportal.repository.DraftEmployeeRepository. If you want this repository to be a MongoDB repository, consider annotating your entities with one of these annotations: org.springframework.data.mongodb.core.mapping.Document (preferred), or consider extending one of the following types with your repository: org.springframework.data.mongodb.repository.MongoRepository.
2026-01-13 22:42:37 [restartedMain] INFO  org.springframework.data.repository.config.RepositoryConfigurationExtensionSupport - Spring Data MongoDB - Could not safely identify store assignment for repository candidate interface com.apmosys.employeeportal.repository.EmpPrimaryProjectMappingRepository. If you want this repository to be a MongoDB repository, consider annotating your entities with one of these annotations: org.springframework.data.mongodb.core.mapping.Document (preferred), or consider extending one of the following types with your repository: org.springframework.data.mongodb.repository.MongoRepository.
2026-01-13 22:42:37 [restartedMain] INFO  org.springframework.data.repository.config.RepositoryConfigurationExtensionSupport - Spring Data MongoDB - Could not safely identify store assignment for repository candidate interface com.apmosys.employeeportal.repository.Employee360Repository. If you want this repository to be a MongoDB repository, consider annotating your entities with one of these annotations: org.springframework.data.mongodb.core.mapping.Document (preferred), or consider extending one of the following types with your repository: org.springframework.data.mongodb.repository.MongoRepository.
2026-01-13 22:42:37 [restartedMain] INFO  org.springframework.data.repository.config.RepositoryConfigurationExtensionSupport - Spring Data MongoDB - Could not safely identify store assignment for repository candidate interface com.apmosys.employeeportal.repository.EmployeeCertificateRepository. If you want this repository to be a MongoDB repository, consider annotating your entities with one of these annotations: org.springframework.data.mongodb.core.mapping.Document (preferred), or consider extending one of the following types with your repository: org.springframework.data.mongodb.repository.MongoRepository.
2026-01-13 22:42:37 [restartedMain] INFO  org.springframework.data.repository.config.RepositoryConfigurationExtensionSupport - Spring Data MongoDB - Could not safely identify store assignment for repository candidate interface com.apmosys.employeeportal.repository.EmployeeCertificatesRepository. If you want this repository to be a MongoDB repository, consider annotating your entities with one of these annotations: org.springframework.data.mongodb.core.mapping.Document (preferred), or consider extending one of the following types with your repository: org.springframework.data.mongodb.repository.MongoRepository.
2026-01-13 22:42:37 [restartedMain] INFO  org.springframework.data.repository.config.RepositoryConfigurationExtensionSupport - Spring Data MongoDB - Could not safely identify store assignment for repository candidate interface com.apmosys.employeeportal.repository.EmployeeClientSideIdMappingNewRepository. If you want this repository to be a MongoDB repository, consider annotating your entities with one of these annotations: org.springframework.data.mongodb.core.mapping.Document (preferred), or consider extending one of the following types with your repository: org.springframework.data.mongodb.repository.MongoRepository.
2026-01-13 22:42:37 [restartedMain] INFO  org.springframework.data.repository.config.RepositoryConfigurationExtensionSupport - Spring Data MongoDB - Could not safely identify store assignment for repository candidate interface com.apmosys.employeeportal.repository.EmployeeClientSideIdMappingRepository. If you want this repository to be a MongoDB repository, consider annotating your entities with one of these annotations: org.springframework.data.mongodb.core.mapping.Document (preferred), or consider extending one of the following types with your repository: org.springframework.data.mongodb.repository.MongoRepository.
2026-01-13 22:42:37 [restartedMain] INFO  org.springframework.data.repository.config.RepositoryConfigurationExtensionSupport - Spring Data MongoDB - Could not safely identify store assignment for repository candidate interface com.apmosys.employeeportal.repository.ExitInterviewResponseRepository. If you want this repository to be a MongoDB repository, consider annotating your entities with one of these annotations: org.springframework.data.mongodb.core.mapping.Document (preferred), or consider extending one of the following types with your repository: org.springframework.data.mongodb.repository.MongoRepository.
2026-01-13 22:42:37 [restartedMain] INFO  org.springframework.data.repository.config.RepositoryConfigurationExtensionSupport - Spring Data MongoDB - Could not safely identify store assignment for repository candidate interface com.apmosys.employeeportal.repository.ExpenditureTypeRepository. If you want this repository to be a MongoDB repository, consider annotating your entities with one of these annotations: org.springframework.data.mongodb.core.mapping.Document (preferred), or consider extending one of the following types with your repository: org.springframework.data.mongodb.repository.MongoRepository.
2026-01-13 22:42:37 [restartedMain] INFO  org.springframework.data.repository.config.RepositoryConfigurationExtensionSupport - Spring Data MongoDB - Could not safely identify store assignment for repository candidate interface com.apmosys.employeeportal.repository.FCLineItemRepository. If you want this repository to be a MongoDB repository, consider annotating your entities with one of these annotations: org.springframework.data.mongodb.core.mapping.Document (preferred), or consider extending one of the following types with your repository: org.springframework.data.mongodb.repository.MongoRepository.
2026-01-13 22:42:37 [restartedMain] INFO  org.springframework.data.repository.config.RepositoryConfigurationExtensionSupport - Spring Data MongoDB - Could not safely identify store assignment for repository candidate interface com.apmosys.employeeportal.repository.FCProjectMilestoneRepository. If you want this repository to be a MongoDB repository, consider annotating your entities with one of these annotations: org.springframework.data.mongodb.core.mapping.Document (preferred), or consider extending one of the following types with your repository: org.springframework.data.mongodb.repository.MongoRepository.
2026-01-13 22:42:37 [restartedMain] INFO  org.springframework.data.repository.config.RepositoryConfigurationExtensionSupport - Spring Data MongoDB - Could not safely identify store assignment for repository candidate interface com.apmosys.employeeportal.repository.FeatureMasterRepository. If you want this repository to be a MongoDB repository, consider annotating your entities with one of these annotations: org.springframework.data.mongodb.core.mapping.Document (preferred), or consider extending one of the following types with your repository: org.springframework.data.mongodb.repository.MongoRepository.
2026-01-13 22:42:37 [restartedMain] INFO  org.springframework.data.repository.config.RepositoryConfigurationExtensionSupport - Spring Data MongoDB - Could not safely identify store assignment for repository candidate interface com.apmosys.employeeportal.repository.FieldAlterationRepository. If you want this repository to be a MongoDB repository, consider annotating your entities with one of these annotations: org.springframework.data.mongodb.core.mapping.Document (preferred), or consider extending one of the following types with your repository: org.springframework.data.mongodb.repository.MongoRepository.
2026-01-13 22:42:37 [restartedMain] INFO  org.springframework.data.repository.config.RepositoryConfigurationExtensionSupport - Spring Data MongoDB - Could not safely identify store assignment for repository candidate interface com.apmosys.employeeportal.repository.FilePathRepo. If you want this repository to be a MongoDB repository, consider annotating your entities with one of these annotations: org.springframework.data.mongodb.core.mapping.Document (preferred), or consider extending one of the following types with your repository: org.springframework.data.mongodb.repository.MongoRepository.
2026-01-13 22:42:37 [restartedMain] INFO  org.springframework.data.repository.config.RepositoryConfigurationExtensionSupport - Spring Data MongoDB - Could not safely identify store assignment for repository candidate interface com.apmosys.employeeportal.repository.FinalDocumentNewRepository. If you want this repository to be a MongoDB repository, consider annotating your entities with one of these annotations: org.springframework.data.mongodb.core.mapping.Document (preferred), or consider extending one of the following types with your repository: org.springframework.data.mongodb.repository.MongoRepository.
2026-01-13 22:42:37 [restartedMain] INFO  org.springframework.data.repository.config.RepositoryConfigurationExtensionSupport - Spring Data MongoDB - Could not safely identify store assignment for repository candidate interface com.apmosys.employeeportal.repository.FinalDocumentRepository. If you want this repository to be a MongoDB repository, consider annotating your entities with one of these annotations: org.springframework.data.mongodb.core.mapping.Document (preferred), or consider extending one of the following types with your repository: org.springframework.data.mongodb.repository.MongoRepository.
2026-01-13 22:42:37 [restartedMain] INFO  org.springframework.data.repository.config.RepositoryConfigurationExtensionSupport - Spring Data MongoDB - Could not safely identify store assignment for repository candidate interface com.apmosys.employeeportal.repository.FoodTypeRepository. If you want this repository to be a MongoDB repository, consider annotating your entities with one of these annotations: org.springframework.data.mongodb.core.mapping.Document (preferred), or consider extending one of the following types with your repository: org.springframework.data.mongodb.repository.MongoRepository.
2026-01-13 22:42:37 [restartedMain] INFO  org.springframework.data.repository.config.RepositoryConfigurationExtensionSupport - Spring Data MongoDB - Could not safely identify store assignment for repository candidate interface com.apmosys.employeeportal.repository.GoalRemarksRepository. If you want this repository to be a MongoDB repository, consider annotating your entities with one of these annotations: org.springframework.data.mongodb.core.mapping.Document (preferred), or consider extending one of the following types with your repository: org.springframework.data.mongodb.repository.MongoRepository.
2026-01-13 22:42:37 [restartedMain] INFO  org.springframework.data.repository.config.RepositoryConfigurationExtensionSupport - Spring Data MongoDB - Could not safely identify store assignment for repository candidate interface com.apmosys.employeeportal.repository.GoalTemplatesRepository. If you want this repository to be a MongoDB repository, consider annotating your entities with one of these annotations: org.springframework.data.mongodb.core.mapping.Document (preferred), or consider extending one of the following types with your repository: org.springframework.data.mongodb.repository.MongoRepository.
2026-01-13 22:42:37 [restartedMain] INFO  org.springframework.data.repository.config.RepositoryConfigurationExtensionSupport - Spring Data MongoDB - Could not safely identify store assignment for repository candidate interface com.apmosys.employeeportal.repository.HelpRepository. If you want this repository to be a MongoDB repository, consider annotating your entities with one of these annotations: org.springframework.data.mongodb.core.mapping.Document (preferred), or consider extending one of the following types with your repository: org.springframework.data.mongodb.repository.MongoRepository.
2026-01-13 22:42:37 [restartedMain] INFO  org.springframework.data.repository.config.RepositoryConfigurationExtensionSupport - Spring Data MongoDB - Could not safely identify store assignment for repository candidate interface com.apmosys.employeeportal.repository.HolidayRepository. If you want this repository to be a MongoDB repository, consider annotating your entities with one of these annotations: org.springframework.data.mongodb.core.mapping.Document (preferred), or consider extending one of the following types with your repository: org.springframework.data.mongodb.repository.MongoRepository.
2026-01-13 22:42:37 [restartedMain] INFO  org.springframework.data.repository.config.RepositoryConfigurationExtensionSupport - Spring Data MongoDB - Could not safely identify store assignment for repository candidate interface com.apmosys.employeeportal.repository.HotelCategoryRepository. If you want this repository to be a MongoDB repository, consider annotating your entities with one of these annotations: org.springframework.data.mongodb.core.mapping.Document (preferred), or consider extending one of the following types with your repository: org.springframework.data.mongodb.repository.MongoRepository.
2026-01-13 22:42:37 [restartedMain] INFO  org.springframework.data.repository.config.RepositoryConfigurationExtensionSupport - Spring Data MongoDB - Could not safely identify store assignment for repository candidate interface com.apmosys.employeeportal.repository.HotelSubCategoryRepository. If you want this repository to be a MongoDB repository, consider annotating your entities with one of these annotations: org.springframework.data.mongodb.core.mapping.Document (preferred), or consider extending one of the following types with your repository: org.springframework.data.mongodb.repository.MongoRepository.
2026-01-13 22:42:37 [restartedMain] INFO  org.springframework.data.repository.config.RepositoryConfigurationExtensionSupport - Spring Data MongoDB - Could not safely identify store assignment for repository candidate interface com.apmosys.employeeportal.repository.EmployeeDocumentRepository. If you want this repository to be a MongoDB repository, consider annotating your entities with one of these annotations: org.springframework.data.mongodb.core.mapping.Document (preferred), or consider extending one of the following types with your repository: org.springframework.data.mongodb.repository.MongoRepository.
2026-01-13 22:42:37 [restartedMain] INFO  org.springframework.data.repository.config.RepositoryConfigurationExtensionSupport - Spring Data MongoDB - Could not safely identify store assignment for repository candidate interface com.apmosys.employeeportal.repository.JobRoleRepository. If you want this repository to be a MongoDB repository, consider annotating your entities with one of these annotations: org.springframework.data.mongodb.core.mapping.Document (preferred), or consider extending one of the following types with your repository: org.springframework.data.mongodb.repository.MongoRepository.
2026-01-13 22:42:37 [restartedMain] INFO  org.springframework.data.repository.config.RepositoryConfigurationExtensionSupport - Spring Data MongoDB - Could not safely identify store assignment for repository candidate interface com.apmosys.employeeportal.repository.EmployeeGoalRepository. If you want this repository to be a MongoDB repository, consider annotating your entities with one of these annotations: org.springframework.data.mongodb.core.mapping.Document (preferred), or consider extending one of the following types with your repository: org.springframework.data.mongodb.repository.MongoRepository.
2026-01-13 22:42:37 [restartedMain] INFO  org.springframework.data.repository.config.RepositoryConfigurationExtensionSupport - Spring Data MongoDB - Could not safely identify store assignment for repository candidate interface com.apmosys.employeeportal.repository.KpiRepository. If you want this repository to be a MongoDB repository, consider annotating your entities with one of these annotations: org.springframework.data.mongodb.core.mapping.Document (preferred), or consider extending one of the following types with your repository: org.springframework.data.mongodb.repository.MongoRepository.
2026-01-13 22:42:37 [restartedMain] INFO  org.springframework.data.repository.config.RepositoryConfigurationExtensionSupport - Spring Data MongoDB - Could not safely identify store assignment for repository candidate interface com.apmosys.employeeportal.repository.EmployeeKpiMappingRepository. If you want this repository to be a MongoDB repository, consider annotating your entities with one of these annotations: org.springframework.data.mongodb.core.mapping.Document (preferred), or consider extending one of the following types with your repository: org.springframework.data.mongodb.repository.MongoRepository.
2026-01-13 22:42:37 [restartedMain] INFO  org.springframework.data.repository.config.RepositoryConfigurationExtensionSupport - Spring Data MongoDB - Could not safely identify store assignment for repository candidate interface com.apmosys.employeeportal.repository.KpiResponseRepository. If you want this repository to be a MongoDB repository, consider annotating your entities with one of these annotations: org.springframework.data.mongodb.core.mapping.Document (preferred), or consider extending one of the following types with your repository: org.springframework.data.mongodb.repository.MongoRepository.
2026-01-13 22:42:37 [restartedMain] INFO  org.springframework.data.repository.config.RepositoryConfigurationExtensionSupport - Spring Data MongoDB - Could not safely identify store assignment for repository candidate interface com.apmosys.employeeportal.repository.EmployeeKpiRepository. If you want this repository to be a MongoDB repository, consider annotating your entities with one of these annotations: org.springframework.data.mongodb.core.mapping.Document (preferred), or consider extending one of the following types with your repository: org.springframework.data.mongodb.repository.MongoRepository.
2026-01-13 22:42:37 [restartedMain] INFO  org.springframework.data.repository.config.RepositoryConfigurationExtensionSupport - Spring Data MongoDB - Could not safely identify store assignment for repository candidate interface com.apmosys.employeeportal.repository.EmployeeLeaveRepository. If you want this repository to be a MongoDB repository, consider annotating your entities with one of these annotations: org.springframework.data.mongodb.core.mapping.Document (preferred), or consider extending one of the following types with your repository: org.springframework.data.mongodb.repository.MongoRepository.
2026-01-13 22:42:37 [restartedMain] INFO  org.springframework.data.repository.config.RepositoryConfigurationExtensionSupport - Spring Data MongoDB - Could not safely identify store assignment for repository candidate interface com.apmosys.employeeportal.repository.EmployeeLeavesMapRepository. If you want this repository to be a MongoDB repository, consider annotating your entities with one of these annotations: org.springframework.data.mongodb.core.mapping.Document (preferred), or consider extending one of the following types with your repository: org.springframework.data.mongodb.repository.MongoRepository.
2026-01-13 22:42:37 [restartedMain] INFO  org.springframework.data.repository.config.RepositoryConfigurationExtensionSupport - Spring Data MongoDB - Could not safely identify store assignment for repository candidate interface com.apmosys.employeeportal.repository.EmployeeNotificationConsentRepository. If you want this repository to be a MongoDB repository, consider annotating your entities with one of these annotations: org.springframework.data.mongodb.core.mapping.Document (preferred), or consider extending one of the following types with your repository: org.springframework.data.mongodb.repository.MongoRepository.
2026-01-13 22:42:37 [restartedMain] INFO  org.springframework.data.repository.config.RepositoryConfigurationExtensionSupport - Spring Data MongoDB - Could not safely identify store assignment for repository candidate interface com.apmosys.employeeportal.repository.EmployeeOnBoardingMapRepository. If you want this repository to be a MongoDB repository, consider annotating your entities with one of these annotations: org.springframework.data.mongodb.core.mapping.Document (preferred), or consider extending one of the following types with your repository: org.springframework.data.mongodb.repository.MongoRepository.
2026-01-13 22:42:37 [restartedMain] INFO  org.springframework.data.repository.config.RepositoryConfigurationExtensionSupport - Spring Data MongoDB - Could not safely identify store assignment for repository candidate interface com.apmosys.employeeportal.repository.EmployeeOnBoardingRepository. If you want this repository to be a MongoDB repository, consider annotating your entities with one of these annotations: org.springframework.data.mongodb.core.mapping.Document (preferred), or consider extending one of the following types with your repository: org.springframework.data.mongodb.repository.MongoRepository.
2026-01-13 22:42:37 [restartedMain] INFO  org.springframework.data.repository.config.RepositoryConfigurationExtensionSupport - Spring Data MongoDB - Could not safely identify store assignment for repository candidate interface com.apmosys.employeeportal.repository.EmployeePerformanceRepository. If you want this repository to be a MongoDB repository, consider annotating your entities with one of these annotations: org.springframework.data.mongodb.core.mapping.Document (preferred), or consider extending one of the following types with your repository: org.springframework.data.mongodb.repository.MongoRepository.
2026-01-13 22:42:37 [restartedMain] INFO  org.springframework.data.repository.config.RepositoryConfigurationExtensionSupport - Spring Data MongoDB - Could not safely identify store assignment for repository candidate interface com.apmosys.employeeportal.repository.EmployeeRatingPerformanceRepository. If you want this repository to be a MongoDB repository, consider annotating your entities with one of these annotations: org.springframework.data.mongodb.core.mapping.Document (preferred), or consider extending one of the following types with your repository: org.springframework.data.mongodb.repository.MongoRepository.
2026-01-13 22:42:37 [restartedMain] INFO  org.springframework.data.repository.config.RepositoryConfigurationExtensionSupport - Spring Data MongoDB - Could not safely identify store assignment for repository candidate interface com.apmosys.employeeportal.repository.EmployeeRepository. If you want this repository to be a MongoDB repository, consider annotating your entities with one of these annotations: org.springframework.data.mongodb.core.mapping.Document (preferred), or consider extending one of the following types with your repository: org.springframework.data.mongodb.repository.MongoRepository.
2026-01-13 22:42:37 [restartedMain] INFO  org.springframework.data.repository.config.RepositoryConfigurationExtensionSupport - Spring Data MongoDB - Could not safely identify store assignment for repository candidate interface com.apmosys.employeeportal.repository.EmployeeResignationRepository. If you want this repository to be a MongoDB repository, consider annotating your entities with one of these annotations: org.springframework.data.mongodb.core.mapping.Document (preferred), or consider extending one of the following types with your repository: org.springframework.data.mongodb.repository.MongoRepository.
2026-01-13 22:42:37 [restartedMain] INFO  org.springframework.data.repository.config.RepositoryConfigurationExtensionSupport - Spring Data MongoDB - Could not safely identify store assignment for repository candidate interface com.apmosys.employeeportal.repository.EmployeeRewardsRepository. If you want this repository to be a MongoDB repository, consider annotating your entities with one of these annotations: org.springframework.data.mongodb.core.mapping.Document (preferred), or consider extending one of the following types with your repository: org.springframework.data.mongodb.repository.MongoRepository.
2026-01-13 22:42:37 [restartedMain] INFO  org.springframework.data.repository.config.RepositoryConfigurationExtensionSupport - Spring Data MongoDB - Could not safely identify store assignment for repository candidate interface com.apmosys.employeeportal.repository.EmployeeRoleMasterRepository. If you want this repository to be a MongoDB repository, consider annotating your entities with one of these annotations: org.springframework.data.mongodb.core.mapping.Document (preferred), or consider extending one of the following types with your repository: org.springframework.data.mongodb.repository.MongoRepository.
2026-01-13 22:42:37 [restartedMain] INFO  org.springframework.data.repository.config.RepositoryConfigurationExtensionSupport - Spring Data MongoDB - Could not safely identify store assignment for repository candidate interface com.apmosys.employeeportal.repository.EmployeeSkillProficiencyMappingRepository. If you want this repository to be a MongoDB repository, consider annotating your entities with one of these annotations: org.springframework.data.mongodb.core.mapping.Document (preferred), or consider extending one of the following types with your repository: org.springframework.data.mongodb.repository.MongoRepository.
2026-01-13 22:42:37 [restartedMain] INFO  org.springframework.data.repository.config.RepositoryConfigurationExtensionSupport - Spring Data MongoDB - Could not safely identify store assignment for repository candidate interface com.apmosys.employeeportal.repository.EmployeeSpecializationMapRepository. If you want this repository to be a MongoDB repository, consider annotating your entities with one of these annotations: org.springframework.data.mongodb.core.mapping.Document (preferred), or consider extending one of the following types with your repository: org.springframework.data.mongodb.repository.MongoRepository.
2026-01-13 22:42:37 [restartedMain] INFO  org.springframework.data.repository.config.RepositoryConfigurationExtensionSupport - Spring Data MongoDB - Could not safely identify store assignment for repository candidate interface com.apmosys.employeeportal.repository.EmployeeTeamMapRepository. If you want this repository to be a MongoDB repository, consider annotating your entities with one of these annotations: org.springframework.data.mongodb.core.mapping.Document (preferred), or consider extending one of the following types with your repository: org.springframework.data.mongodb.repository.MongoRepository.
2026-01-13 22:42:37 [restartedMain] INFO  org.springframework.data.repository.config.RepositoryConfigurationExtensionSupport - Spring Data MongoDB - Could not safely identify store assignment for repository candidate interface com.apmosys.employeeportal.repository.EmployeeTimesheetLocationMappingRepository. If you want this repository to be a MongoDB repository, consider annotating your entities with one of these annotations: org.springframework.data.mongodb.core.mapping.Document (preferred), or consider extending one of the following types with your repository: org.springframework.data.mongodb.repository.MongoRepository.
2026-01-13 22:42:37 [restartedMain] INFO  org.springframework.data.repository.config.RepositoryConfigurationExtensionSupport - Spring Data MongoDB - Could not safely identify store assignment for repository candidate interface com.apmosys.employeeportal.repository.EmployeeTimesheetsNewRepository. If you want this repository to be a MongoDB repository, consider annotating your entities with one of these annotations: org.springframework.data.mongodb.core.mapping.Document (preferred), or consider extending one of the following types with your repository: org.springframework.data.mongodb.repository.MongoRepository.
2026-01-13 22:42:37 [restartedMain] INFO  org.springframework.data.repository.config.RepositoryConfigurationExtensionSupport - Spring Data MongoDB - Could not safely identify store assignment for repository candidate interface com.apmosys.employeeportal.repository.EmployeeexcludedFromLeaveRepository. If you want this repository to be a MongoDB repository, consider annotating your entities with one of these annotations: org.springframework.data.mongodb.core.mapping.Document (preferred), or consider extending one of the following types with your repository: org.springframework.data.mongodb.repository.MongoRepository.
2026-01-13 22:42:37 [restartedMain] INFO  org.springframework.data.repository.config.RepositoryConfigurationExtensionSupport - Spring Data MongoDB - Could not safely identify store assignment for repository candidate interface com.apmosys.employeeportal.repository.EnableAppreciationRepository. If you want this repository to be a MongoDB repository, consider annotating your entities with one of these annotations: org.springframework.data.mongodb.core.mapping.Document (preferred), or consider extending one of the following types with your repository: org.springframework.data.mongodb.repository.MongoRepository.
2026-01-13 22:42:37 [restartedMain] INFO  org.springframework.data.repository.config.RepositoryConfigurationExtensionSupport - Spring Data MongoDB - Could not safely identify store assignment for repository candidate interface com.apmosys.employeeportal.repository.EventPhotosRepository. If you want this repository to be a MongoDB repository, consider annotating your entities with one of these annotations: org.springframework.data.mongodb.core.mapping.Document (preferred), or consider extending one of the following types with your repository: org.springframework.data.mongodb.repository.MongoRepository.
2026-01-13 22:42:37 [restartedMain] INFO  org.springframework.data.repository.config.RepositoryConfigurationExtensionSupport - Spring Data MongoDB - Could not safely identify store assignment for repository candidate interface com.apmosys.employeeportal.repository.ExitInterviewResponseRepository. If you want this repository to be a MongoDB repository, consider annotating your entities with one of these annotations: org.springframework.data.mongodb.core.mapping.Document (preferred), or consider extending one of the following types with your repository: org.springframework.data.mongodb.repository.MongoRepository.
2026-01-13 22:42:37 [restartedMain] INFO  org.springframework.data.repository.config.RepositoryConfigurationExtensionSupport - Spring Data MongoDB - Could not safely identify store assignment for repository candidate interface com.apmosys.employeeportal.repository.ExpenditureTypeRepository. If you want this repository to be a MongoDB repository, consider annotating your entities with one of these annotations: org.springframework.data.mongodb.core.mapping.Document (preferred), or consider extending one of the following types with your repository: org.springframework.data.mongodb.repository.MongoRepository.
2026-01-13 22:42:37 [restartedMain] INFO  org.springframework.data.repository.config.RepositoryConfigurationExtensionSupport - Spring Data MongoDB - Could not safely identify store assignment for repository candidate interface com.apmosys.employeeportal.repository.FCLineItemRepository. If you want this repository to be a MongoDB repository, consider annotating your entities with one of these annotations: org.springframework.data.mongodb.core.mapping.Document (preferred), or consider extending one of the following types with your repository: org.springframework.data.mongodb.repository.MongoRepository.
2026-01-13 22:42:37 [restartedMain] INFO  org.springframework.data.repository.config.RepositoryConfigurationExtensionSupport - Spring Data MongoDB - Could not safely identify store assignment for repository candidate interface com.apmosys.employeeportal.repository.FCProjectMilestoneRepository. If you want this repository to be a MongoDB repository, consider annotating your entities with one of these annotations: org.springframework.data.mongodb.core.mapping.Document (preferred), or consider extending one of the following types with your repository: org.springframework.data.mongodb.repository.MongoRepository.
2026-01-13 22:42:37 [restartedMain] INFO  org.springframework.data.repository.config.RepositoryConfigurationExtensionSupport - Spring Data MongoDB - Could not safely identify store assignment for repository candidate interface com.apmosys.employeeportal.repository.FeatureMasterRepository. If you want this repository to be a MongoDB repository, consider annotating your entities with one of these annotations: org.springframework.data.mongodb.core.mapping.Document (preferred), or consider extending one of the following types with your repository: org.springframework.data.mongodb.repository.MongoRepository.
2026-01-13 22:42:37 [restartedMain] INFO  org.springframework.data.repository.config.RepositoryConfigurationExtensionSupport - Spring Data MongoDB - Could not safely identify store assignment for repository candidate interface com.apmosys.employeeportal.repository.FieldAlterationRepository. If you want this repository to be a MongoDB repository, consider annotating your entities with one of these annotations: org.springframework.data.mongodb.core.mapping.Document (preferred), or consider extending one of the following types with your repository: org.springframework.data.mongodb.repository.MongoRepository.
2026-01-13 22:42:37 [restartedMain] INFO  org.springframework.data.repository.config.RepositoryConfigurationExtensionSupport - Spring Data MongoDB - Could not safely identify store assignment for repository candidate interface com.apmosys.employeeportal.repository.FilePathRepo. If you want this repository to be a MongoDB repository, consider annotating your entities with one of these annotations: org.springframework.data.mongodb.core.mapping.Document (preferred), or consider extending one of the following types with your repository: org.springframework.data.mongodb.repository.MongoRepository.
2026-01-13 22:42:37 [restartedMain] INFO  org.springframework.data.repository.config.RepositoryConfigurationExtensionSupport - Spring Data MongoDB - Could not safely identify store assignment for repository candidate interface com.apmosys.employeeportal.repository.FinalDocumentNewRepository. If you want this repository to be a MongoDB repository, consider annotating your entities with one of these annotations: org.springframework.data.mongodb.core.mapping.Document (preferred), or consider extending one of the following types with your repository: org.springframework.data.mongodb.repository.MongoRepository.
2026-01-13 22:42:37 [restartedMain] INFO  org.springframework.data.repository.config.RepositoryConfigurationExtensionSupport - Spring Data MongoDB - Could not safely identify store assignment for repository candidate interface com.apmosys.employeeportal.repository.FinalDocumentRepository. If you want this repository to be a MongoDB repository, consider annotating your entities with one of these annotations: org.springframework.data.mongodb.core.mapping.Document (preferred), or consider extending one of the following types with your repository: org.springframework.data.mongodb.repository.MongoRepository.
2026-01-13 22:42:37 [restartedMain] INFO  org.springframework.data.repository.config.RepositoryConfigurationExtensionSupport - Spring Data MongoDB - Could not safely identify store assignment for repository candidate interface com.apmosys.employeeportal.repository.FoodTypeRepository. If you want this repository to be a MongoDB repository, consider annotating your entities with one of these annotations: org.springframework.data.mongodb.core.mapping.Document (preferred), or consider extending one of the following types with your repository: org.springframework.data.mongodb.repository.MongoRepository.
2026-01-13 22:42:37 [restartedMain] INFO  org.springframework.data.repository.config.RepositoryConfigurationExtensionSupport - Spring Data MongoDB - Could not safely identify store assignment for repository candidate interface com.apmosys.employeeportal.repository.GoalRemarksRepository. If you want this repository to be a MongoDB repository, consider annotating your entities with one of these annotations: org.springframework.data.mongodb.core.mapping.Document (preferred), or consider extending one of the following types with your repository: org.springframework.data.mongodb.repository.MongoRepository.
2026-01-13 22:42:37 [restartedMain] INFO  org.springframework.data.repository.config.RepositoryConfigurationExtensionSupport - Spring Data MongoDB - Could not safely identify store assignment for repository candidate interface com.apmosys.employeeportal.repository.GoalTemplatesRepository. If you want this repository to be a MongoDB repository, consider annotating your entities with one of these annotations: org.springframework.data.mongodb.core.mapping.Document (preferred), or consider extending one of the following types with your repository: org.springframework.data.mongodb.repository.MongoRepository.
2026-01-13 22:42:37 [restartedMain] INFO  org.springframework.data.repository.config.RepositoryConfigurationExtensionSupport - Spring Data MongoDB - Could not safely identify store assignment for repository candidate interface com.apmosys.employeeportal.repository.HelpRepository. If you want this repository to be a MongoDB repository, consider annotating your entities with one of these annotations: org.springframework.data.mongodb.core.mapping.Document (preferred), or consider extending one of the following types with your repository: org.springframework.data.mongodb.repository.MongoRepository.
2026-01-13 22:42:37 [restartedMain] INFO  org.springframework.data.repository.config.RepositoryConfigurationExtensionSupport - Spring Data MongoDB - Could not safely identify store assignment for repository candidate interface com.apmosys.employeeportal.repository.HolidayRepository. If you want this repository to be a MongoDB repository, consider annotating your entities with one of these annotations: org.springframework.data.mongodb.core.mapping.Document (preferred), or consider extending one of the following types with your repository: org.springframework.data.mongodb.repository.MongoRepository.
2026-01-13 22:42:37 [restartedMain] INFO  org.springframework.data.repository.config.RepositoryConfigurationExtensionSupport - Spring Data MongoDB - Could not safely identify store assignment for repository candidate interface com.apmosys.employeeportal.repository.HotelCategoryRepository. If you want this repository to be a MongoDB repository, consider annotating your entities with one of these annotations: org.springframework.data.mongodb.core.mapping.Document (preferred), or consider extending one of the following types with your repository: org.springframework.data.mongodb.repository.MongoRepository.
2026-01-13 22:42:37 [restartedMain] INFO  org.springframework.data.repository.config.RepositoryConfigurationExtensionSupport - Spring Data MongoDB - Could not safely identify store assignment for repository candidate interface com.apmosys.employeeportal.repository.HotelSubCategoryRepository. If you want this repository to be a MongoDB repository, consider annotating your entities with one of these annotations: org.springframework.data.mongodb.core.mapping.Document (preferred), or consider extending one of the following types with your repository: org.springframework.data.mongodb.repository.MongoRepository.
2026-01-13 22:42:37 [restartedMain] INFO  org.springframework.data.repository.config.RepositoryConfigurationExtensionSupport - Spring Data MongoDB - Could not safely identify store assignment for repository candidate interface com.apmosys.employeeportal.repository.JobRoleRepository. If you want this repository to be a MongoDB repository, consider annotating your entities with one of these annotations: org.springframework.data.mongodb.core.mapping.Document (preferred), or consider extending one of the following types with your repository: org.springframework.data.mongodb.repository.MongoRepository.
2026-01-13 22:42:37 [restartedMain] INFO  org.springframework.data.repository.config.RepositoryConfigurationExtensionSupport - Spring Data MongoDB - Could not safely identify store assignment for repository candidate interface com.apmosys.employeeportal.repository.KpiRepository. If you want this repository to be a MongoDB repository, consider annotating your entities with one of these annotations: org.springframework.data.mongodb.core.mapping.Document (preferred), or consider extending one of the following types with your repository: org.springframework.data.mongodb.repository.MongoRepository.
2026-01-13 22:42:37 [restartedMain] INFO  org.springframework.data.repository.config.RepositoryConfigurationExtensionSupport - Spring Data MongoDB - Could not safely identify store assignment for repository candidate interface com.apmosys.employeeportal.repository.KpiResponseRepository. If you want this repository to be a MongoDB repository, consider annotating your entities with one of these annotations: org.springframework.data.mongodb.core.mapping.Document (preferred), or consider extending one of the following types with your repository: org.springframework.data.mongodb.repository.MongoRepository.
2026-01-13 22:42:37 [restartedMain] INFO  org.springframework.data.repository.config.RepositoryConfigurationExtensionSupport - Spring Data MongoDB - Could not safely identify store assignment for repository candidate interface com.apmosys.employeeportal.repository.KpisRepository. If you want this repository to be a MongoDB repository, consider annotating your entities with one of these annotations: org.springframework.data.mongodb.core.mapping.Document (preferred), or consider extending one of the following types with your repository: org.springframework.data.mongodb.repository.MongoRepository.
2026-01-13 22:42:37 [restartedMain] INFO  org.springframework.data.repository.config.RepositoryConfigurationExtensionSupport - Spring Data MongoDB - Could not safely identify store assignment for repository candidate interface com.apmosys.employeeportal.repository.KresponseRemarkRepository. If you want this repository to be a MongoDB repository, consider annotating your entities with one of these annotations: org.springframework.data.mongodb.core.mapping.Document (preferred), or consider extending one of the following types with your repository: org.springframework.data.mongodb.repository.MongoRepository.
2026-01-13 22:42:37 [restartedMain] INFO  org.springframework.data.repository.config.RepositoryConfigurationExtensionSupport - Spring Data MongoDB - Could not safely identify store assignment for repository candidate interface com.apmosys.employeeportal.repository.KresponseRepository. If you want this repository to be a MongoDB repository, consider annotating your entities with one of these annotations: org.springframework.data.mongodb.core.mapping.Document (preferred), or consider extending one of the following types with your repository: org.springframework.data.mongodb.repository.MongoRepository.
2026-01-13 22:42:37 [restartedMain] INFO  org.springframework.data.repository.config.RepositoryConfigurationExtensionSupport - Spring Data MongoDB - Could not safely identify store assignment for repository candidate interface com.apmosys.employeeportal.repository.LeaveBalanceLogRepository. If you want this repository to be a MongoDB repository, consider annotating your entities with one of these annotations: org.springframework.data.mongodb.core.mapping.Document (preferred), or consider extending one of the following types with your repository: org.springframework.data.mongodb.repository.MongoRepository.
2026-01-13 22:42:37 [restartedMain] INFO  org.springframework.data.repository.config.RepositoryConfigurationExtensionSupport - Spring Data MongoDB - Could not safely identify store assignment for repository candidate interface com.apmosys.employeeportal.repository.LeavePolicyMasterRepository. If you want this repository to be a MongoDB repository, consider annotating your entities with one of these annotations: org.springframework.data.mongodb.core.mapping.Document (preferred), or consider extending one of the following types with your repository: org.springframework.data.mongodb.repository.MongoRepository.
2026-01-13 22:42:37 [restartedMain] INFO  org.springframework.data.repository.config.RepositoryConfigurationExtensionSupport - Spring Data MongoDB - Could not safely identify store assignment for repository candidate interface com.apmosys.employeeportal.repository.KpisRepository. If you want this repository to be a MongoDB repository, consider annotating your entities with one of these annotations: org.springframework.data.mongodb.core.mapping.Document (preferred), or consider extending one of the following types with your repository: org.springframework.data.mongodb.repository.MongoRepository.
2026-01-13 22:42:37 [restartedMain] INFO  org.springframework.data.repository.config.RepositoryConfigurationExtensionSupport - Spring Data MongoDB - Could not safely identify store assignment for repository candidate interface com.apmosys.employeeportal.repository.KresponseRemarkRepository. If you want this repository to be a MongoDB repository, consider annotating your entities with one of these annotations: org.springframework.data.mongodb.core.mapping.Document (preferred), or consider extending one of the following types with your repository: org.springframework.data.mongodb.repository.MongoRepository.
2026-01-13 22:42:37 [restartedMain] INFO  org.springframework.data.repository.config.RepositoryConfigurationExtensionSupport - Spring Data MongoDB - Could not safely identify store assignment for repository candidate interface com.apmosys.employeeportal.repository.KresponseRepository. If you want this repository to be a MongoDB repository, consider annotating your entities with one of these annotations: org.springframework.data.mongodb.core.mapping.Document (preferred), or consider extending one of the following types with your repository: org.springframework.data.mongodb.repository.MongoRepository.
2026-01-13 22:42:37 [restartedMain] INFO  org.springframework.data.repository.config.RepositoryConfigurationExtensionSupport - Spring Data MongoDB - Could not safely identify store assignment for repository candidate interface com.apmosys.employeeportal.repository.LeaveBalanceLogRepository. If you want this repository to be a MongoDB repository, consider annotating your entities with one of these annotations: org.springframework.data.mongodb.core.mapping.Document (preferred), or consider extending one of the following types with your repository: org.springframework.data.mongodb.repository.MongoRepository.
2026-01-13 22:42:37 [restartedMain] INFO  org.springframework.data.repository.config.RepositoryConfigurationExtensionSupport - Spring Data MongoDB - Could not safely identify store assignment for repository candidate interface com.apmosys.employeeportal.repository.LeavePolicyMasterRepository. If you want this repository to be a MongoDB repository, consider annotating your entities with one of these annotations: org.springframework.data.mongodb.core.mapping.Document (preferred), or consider extending one of the following types with your repository: org.springframework.data.mongodb.repository.MongoRepository.
2026-01-13 22:42:37 [restartedMain] INFO  org.springframework.data.repository.config.RepositoryConfigurationExtensionSupport - Spring Data MongoDB - Could not safely identify store assignment for repository candidate interface com.apmosys.employeeportal.repository.LeaveRevokeApplicationRepository. If you want this repository to be a MongoDB repository, consider annotating your entities with one of these annotations: org.springframework.data.mongodb.core.mapping.Document (preferred), or consider extending one of the following types with your repository: org.springframework.data.mongodb.repository.MongoRepository.
2026-01-13 22:42:37 [restartedMain] INFO  org.springframework.data.repository.config.RepositoryConfigurationExtensionSupport - Spring Data MongoDB - Could not safely identify store assignment for repository candidate interface com.apmosys.employeeportal.repository.LeaveTypeMasterRepository. If you want this repository to be a MongoDB repository, consider annotating your entities with one of these annotations: org.springframework.data.mongodb.core.mapping.Document (preferred), or consider extending one of the following types with your repository: org.springframework.data.mongodb.repository.MongoRepository.
2026-01-13 22:42:37 [restartedMain] INFO  org.springframework.data.repository.config.RepositoryConfigurationExtensionSupport - Spring Data MongoDB - Could not safely identify store assignment for repository candidate interface com.apmosys.employeeportal.repository.LogsRepository. If you want this repository to be a MongoDB repository, consider annotating your entities with one of these annotations: org.springframework.data.mongodb.core.mapping.Document (preferred), or consider extending one of the following types with your repository: org.springframework.data.mongodb.repository.MongoRepository.
2026-01-13 22:42:37 [restartedMain] INFO  org.springframework.data.repository.config.RepositoryConfigurationExtensionSupport - Spring Data MongoDB - Could not safely identify store assignment for repository candidate interface com.apmosys.employeeportal.repository.MilestoneExtensionReasonRepository. If you want this repository to be a MongoDB repository, consider annotating your entities with one of these annotations: org.springframework.data.mongodb.core.mapping.Document (preferred), or consider extending one of the following types with your repository: org.springframework.data.mongodb.repository.MongoRepository.
2026-01-13 22:42:37 [restartedMain] INFO  org.springframework.data.repository.config.RepositoryConfigurationExtensionSupport - Spring Data MongoDB - Could not safely identify store assignment for repository candidate interface com.apmosys.employeeportal.repository.MilestoneUpdatedLogRepository. If you want this repository to be a MongoDB repository, consider annotating your entities with one of these annotations: org.springframework.data.mongodb.core.mapping.Document (preferred), or consider extending one of the following types with your repository: org.springframework.data.mongodb.repository.MongoRepository.
2026-01-13 22:42:37 [restartedMain] INFO  org.springframework.data.repository.config.RepositoryConfigurationExtensionSupport - Spring Data MongoDB - Could not safely identify store assignment for repository candidate interface com.apmosys.employeeportal.repository.NewsletterReadResponseRepository. If you want this repository to be a MongoDB repository, consider annotating your entities with one of these annotations: org.springframework.data.mongodb.core.mapping.Document (preferred), or consider extending one of the following types with your repository: org.springframework.data.mongodb.repository.MongoRepository.
2026-01-13 22:42:37 [restartedMain] INFO  org.springframework.data.repository.config.RepositoryConfigurationExtensionSupport - Spring Data MongoDB - Could not safely identify store assignment for repository candidate interface com.apmosys.employeeportal.repository.NewsletterRepository. If you want this repository to be a MongoDB repository, consider annotating your entities with one of these annotations: org.springframework.data.mongodb.core.mapping.Document (preferred), or consider extending one of the following types with your repository: org.springframework.data.mongodb.repository.MongoRepository.
2026-01-13 22:42:37 [restartedMain] INFO  org.springframework.data.repository.config.RepositoryConfigurationExtensionSupport - Spring Data MongoDB - Could not safely identify store assignment for repository candidate interface com.apmosys.employeeportal.repository.NotificationRepository. If you want this repository to be a MongoDB repository, consider annotating your entities with one of these annotations: org.springframework.data.mongodb.core.mapping.Document (preferred), or consider extending one of the following types with your repository: org.springframework.data.mongodb.repository.MongoRepository.
2026-01-13 22:42:37 [restartedMain] INFO  org.springframework.data.repository.config.RepositoryConfigurationExtensionSupport - Spring Data MongoDB - Could not safely identify store assignment for repository candidate interface com.apmosys.employeeportal.repository.OutcomesRespository. If you want this repository to be a MongoDB repository, consider annotating your entities with one of these annotations: org.springframework.data.mongodb.core.mapping.Document (preferred), or consider extending one of the following types with your repository: org.springframework.data.mongodb.repository.MongoRepository.
2026-01-13 22:42:37 [restartedMain] INFO  org.springframework.data.repository.config.RepositoryConfigurationExtensionSupport - Spring Data MongoDB - Could not safely identify store assignment for repository candidate interface com.apmosys.employeeportal.repository.PIPRepository. If you want this repository to be a MongoDB repository, consider annotating your entities with one of these annotations: org.springframework.data.mongodb.core.mapping.Document (preferred), or consider extending one of the following types with your repository: org.springframework.data.mongodb.repository.MongoRepository.
2026-01-13 22:42:37 [restartedMain] INFO  org.springframework.data.repository.config.RepositoryConfigurationExtensionSupport - Spring Data MongoDB - Could not safely identify store assignment for repository candidate interface com.apmosys.employeeportal.repository.PolicyReadResponseRepository. If you want this repository to be a MongoDB repository, consider annotating your entities with one of these annotations: org.springframework.data.mongodb.core.mapping.Document (preferred), or consider extending one of the following types with your repository: org.springframework.data.mongodb.repository.MongoRepository.
2026-01-13 22:42:37 [restartedMain] INFO  org.springframework.data.repository.config.RepositoryConfigurationExtensionSupport - Spring Data MongoDB - Could not safely identify store assignment for repository candidate interface com.apmosys.employeeportal.repository.PortalConfigRepository. If you want this repository to be a MongoDB repository, consider annotating your entities with one of these annotations: org.springframework.data.mongodb.core.mapping.Document (preferred), or consider extending one of the following types with your repository: org.springframework.data.mongodb.repository.MongoRepository.
2026-01-13 22:42:37 [restartedMain] INFO  org.springframework.data.repository.config.RepositoryConfigurationExtensionSupport - Spring Data MongoDB - Could not safely identify store assignment for repository candidate interface com.apmosys.employeeportal.repository.PredefinedSkillsRepository. If you want this repository to be a MongoDB repository, consider annotating your entities with one of these annotations: org.springframework.data.mongodb.core.mapping.Document (preferred), or consider extending one of the following types with your repository: org.springframework.data.mongodb.repository.MongoRepository.
2026-01-13 22:42:37 [restartedMain] INFO  org.springframework.data.repository.config.RepositoryConfigurationExtensionSupport - Spring Data MongoDB - Could not safely identify store assignment for repository candidate interface com.apmosys.employeeportal.repository.PreviousEmploymentRepository. If you want this repository to be a MongoDB repository, consider annotating your entities with one of these annotations: org.springframework.data.mongodb.core.mapping.Document (preferred), or consider extending one of the following types with your repository: org.springframework.data.mongodb.repository.MongoRepository.
2026-01-13 22:42:37 [restartedMain] INFO  org.springframework.data.repository.config.RepositoryConfigurationExtensionSupport - Spring Data MongoDB - Could not safely identify store assignment for repository candidate interface com.apmosys.employeeportal.repository.ProficiencyRepository. If you want this repository to be a MongoDB repository, consider annotating your entities with one of these annotations: org.springframework.data.mongodb.core.mapping.Document (preferred), or consider extending one of the following types with your repository: org.springframework.data.mongodb.repository.MongoRepository.
2026-01-13 22:42:37 [restartedMain] INFO  org.springframework.data.repository.config.RepositoryConfigurationExtensionSupport - Spring Data MongoDB - Could not safely identify store assignment for repository candidate interface com.apmosys.employeeportal.repository.ProjectDepartmentMapRepository. If you want this repository to be a MongoDB repository, consider annotating your entities with one of these annotations: org.springframework.data.mongodb.core.mapping.Document (preferred), or consider extending one of the following types with your repository: org.springframework.data.mongodb.repository.MongoRepository.
2026-01-13 22:42:37 [restartedMain] INFO  org.springframework.data.repository.config.RepositoryConfigurationExtensionSupport - Spring Data MongoDB - Could not safely identify store assignment for repository candidate interface com.apmosys.employeeportal.repository.ProjectInsighProjectMappingRepository. If you want this repository to be a MongoDB repository, consider annotating your entities with one of these annotations: org.springframework.data.mongodb.core.mapping.Document (preferred), or consider extending one of the following types with your repository: org.springframework.data.mongodb.repository.MongoRepository.
2026-01-13 22:42:37 [restartedMain] INFO  org.springframework.data.repository.config.RepositoryConfigurationExtensionSupport - Spring Data MongoDB - Could not safely identify store assignment for repository candidate interface com.apmosys.employeeportal.repository.ProjectInsightAssigneesRepository. If you want this repository to be a MongoDB repository, consider annotating your entities with one of these annotations: org.springframework.data.mongodb.core.mapping.Document (preferred), or consider extending one of the following types with your repository: org.springframework.data.mongodb.repository.MongoRepository.
2026-01-13 22:42:37 [restartedMain] INFO  org.springframework.data.repository.config.RepositoryConfigurationExtensionSupport - Spring Data MongoDB - Could not safely identify store assignment for repository candidate interface com.apmosys.employeeportal.repository.ProjectInsightDomainDataFlatSearchRepository. If you want this repository to be a MongoDB repository, consider annotating your entities with one of these annotations: org.springframework.data.mongodb.core.mapping.Document (preferred), or consider extending one of the following types with your repository: org.springframework.data.mongodb.repository.MongoRepository.
2026-01-13 22:42:37 [restartedMain] INFO  org.springframework.data.repository.config.RepositoryConfigurationExtensionSupport - Spring Data MongoDB - Could not safely identify store assignment for repository candidate interface com.apmosys.employeeportal.repository.ProjectInsightDomainDataRepository. If you want this repository to be a MongoDB repository, consider annotating your entities with one of these annotations: org.springframework.data.mongodb.core.mapping.Document (preferred), or consider extending one of the following types with your repository: org.springframework.data.mongodb.repository.MongoRepository.
2026-01-13 22:42:37 [restartedMain] INFO  org.springframework.data.repository.config.RepositoryConfigurationExtensionSupport - Spring Data MongoDB - Could not safely identify store assignment for repository candidate interface com.apmosys.employeeportal.repository.ProjectInsightDomainRepository. If you want this repository to be a MongoDB repository, consider annotating your entities with one of these annotations: org.springframework.data.mongodb.core.mapping.Document (preferred), or consider extending one of the following types with your repository: org.springframework.data.mongodb.repository.MongoRepository.
2026-01-13 22:42:37 [restartedMain] INFO  org.springframework.data.repository.config.RepositoryConfigurationExtensionSupport - Spring Data MongoDB - Could not safely identify store assignment for repository candidate interface com.apmosys.employeeportal.repository.ProjectInsightFacetCategoryRepository. If you want this repository to be a MongoDB repository, consider annotating your entities with one of these annotations: org.springframework.data.mongodb.core.mapping.Document (preferred), or consider extending one of the following types with your repository: org.springframework.data.mongodb.repository.MongoRepository.
2026-01-13 22:42:37 [restartedMain] INFO  org.springframework.data.repository.config.RepositoryConfigurationExtensionSupport - Spring Data MongoDB - Could not safely identify store assignment for repository candidate interface com.apmosys.employeeportal.repository.ProjectInsightFacetValueRepository. If you want this repository to be a MongoDB repository, consider annotating your entities with one of these annotations: org.springframework.data.mongodb.core.mapping.Document (preferred), or consider extending one of the following types with your repository: org.springframework.data.mongodb.repository.MongoRepository.
2026-01-13 22:42:37 [restartedMain] INFO  org.springframework.data.repository.config.RepositoryConfigurationExtensionSupport - Spring Data MongoDB - Could not safely identify store assignment for repository candidate interface com.apmosys.employeeportal.repository.ProjectInsightFilterOptionsRepository. If you want this repository to be a MongoDB repository, consider annotating your entities with one of these annotations: org.springframework.data.mongodb.core.mapping.Document (preferred), or consider extending one of the following types with your repository: org.springframework.data.mongodb.repository.MongoRepository.
2026-01-13 22:42:37 [restartedMain] INFO  org.springframework.data.repository.config.RepositoryConfigurationExtensionSupport - Spring Data MongoDB - Could not safely identify store assignment for repository candidate interface com.apmosys.employeeportal.repository.ProjectInsightFilterRepository. If you want this repository to be a MongoDB repository, consider annotating your entities with one of these annotations: org.springframework.data.mongodb.core.mapping.Document (preferred), or consider extending one of the following types with your repository: org.springframework.data.mongodb.repository.MongoRepository.
2026-01-13 22:42:37 [restartedMain] INFO  org.springframework.data.repository.config.RepositoryConfigurationExtensionSupport - Spring Data MongoDB - Could not safely identify store assignment for repository candidate interface com.apmosys.employeeportal.repository.ProjectInsightResponseMetadataRepository. If you want this repository to be a MongoDB repository, consider annotating your entities with one of these annotations: org.springframework.data.mongodb.core.mapping.Document (preferred), or consider extending one of the following types with your repository: org.springframework.data.mongodb.repository.MongoRepository.
2026-01-13 22:42:37 [restartedMain] INFO  org.springframework.data.repository.config.RepositoryConfigurationExtensionSupport - Spring Data MongoDB - Could not safely identify store assignment for repository candidate interface com.apmosys.employeeportal.repository.ProjectInsightResponsePointsRepository. If you want this repository to be a MongoDB repository, consider annotating your entities with one of these annotations: org.springframework.data.mongodb.core.mapping.Document (preferred), or consider extending one of the following types with your repository: org.springframework.data.mongodb.repository.MongoRepository.
2026-01-13 22:42:37 [restartedMain] INFO  org.springframework.data.repository.config.RepositoryConfigurationExtensionSupport - Spring Data MongoDB - Could not safely identify store assignment for repository candidate interface com.apmosys.employeeportal.repository.ProjectInsightResponseRepository. If you want this repository to be a MongoDB repository, consider annotating your entities with one of these annotations: org.springframework.data.mongodb.core.mapping.Document (preferred), or consider extending one of the following types with your repository: org.springframework.data.mongodb.repository.MongoRepository.
2026-01-13 22:42:37 [restartedMain] INFO  org.springframework.data.repository.config.RepositoryConfigurationExtensionSupport - Spring Data MongoDB - Could not safely identify store assignment for repository candidate interface com.apmosys.employeeportal.repository.ProjectInsightServiceModelRepository. If you want this repository to be a MongoDB repository, consider annotating your entities with one of these annotations: org.springframework.data.mongodb.core.mapping.Document (preferred), or consider extending one of the following types with your repository: org.springframework.data.mongodb.repository.MongoRepository.
2026-01-13 22:42:37 [restartedMain] INFO  org.springframework.data.repository.config.RepositoryConfigurationExtensionSupport - Spring Data MongoDB - Could not safely identify store assignment for repository candidate interface com.apmosys.employeeportal.repository.ProjectInsightSubDomainRepository. If you want this repository to be a MongoDB repository, consider annotating your entities with one of these annotations: org.springframework.data.mongodb.core.mapping.Document (preferred), or consider extending one of the following types with your repository: org.springframework.data.mongodb.repository.MongoRepository.
2026-01-13 22:42:37 [restartedMain] INFO  org.springframework.data.repository.config.RepositoryConfigurationExtensionSupport - Spring Data MongoDB - Could not safely identify store assignment for repository candidate interface com.apmosys.employeeportal.repository.ProjectInsightSubServiceRepository. If you want this repository to be a MongoDB repository, consider annotating your entities with one of these annotations: org.springframework.data.mongodb.core.mapping.Document (preferred), or consider extending one of the following types with your repository: org.springframework.data.mongodb.repository.MongoRepository.
2026-01-13 22:42:37 [restartedMain] INFO  org.springframework.data.repository.config.RepositoryConfigurationExtensionSupport - Spring Data MongoDB - Could not safely identify store assignment for repository candidate interface com.apmosys.employeeportal.repository.ProjectInsightUserContributionRepository. If you want this repository to be a MongoDB repository, consider annotating your entities with one of these annotations: org.springframework.data.mongodb.core.mapping.Document (preferred), or consider extending one of the following types with your repository: org.springframework.data.mongodb.repository.MongoRepository.
2026-01-13 22:42:37 [restartedMain] INFO  org.springframework.data.repository.config.RepositoryConfigurationExtensionSupport - Spring Data MongoDB - Could not safely identify store assignment for repository candidate interface com.apmosys.employeeportal.repository.ProjectManagerMappingRepository. If you want this repository to be a MongoDB repository, consider annotating your entities with one of these annotations: org.springframework.data.mongodb.core.mapping.Document (preferred), or consider extending one of the following types with your repository: org.springframework.data.mongodb.repository.MongoRepository.
2026-01-13 22:42:37 [restartedMain] INFO  org.springframework.data.repository.config.RepositoryConfigurationExtensionSupport - Spring Data MongoDB - Could not safely identify store assignment for repository candidate interface com.apmosys.employeeportal.repository.ProjectOverheadMappingRepository. If you want this repository to be a MongoDB repository, consider annotating your entities with one of these annotations: org.springframework.data.mongodb.core.mapping.Document (preferred), or consider extending one of the following types with your repository: org.springframework.data.mongodb.repository.MongoRepository.
2026-01-13 22:42:37 [restartedMain] INFO  org.springframework.data.repository.config.RepositoryConfigurationExtensionSupport - Spring Data MongoDB - Could not safely identify store assignment for repository candidate interface com.apmosys.employeeportal.repository.ProjectRepository. If you want this repository to be a MongoDB repository, consider annotating your entities with one of these annotations: org.springframework.data.mongodb.core.mapping.Document (preferred), or consider extending one of the following types with your repository: org.springframework.data.mongodb.repository.MongoRepository.
2026-01-13 22:42:37 [restartedMain] INFO  org.springframework.data.repository.config.RepositoryConfigurationExtensionSupport - Spring Data MongoDB - Could not safely identify store assignment for repository candidate interface com.apmosys.employeeportal.repository.ProjectTempRepo. If you want this repository to be a MongoDB repository, consider annotating your entities with one of these annotations: org.springframework.data.mongodb.core.mapping.Document (preferred), or consider extending one of the following types with your repository: org.springframework.data.mongodb.repository.MongoRepository.
2026-01-13 22:42:37 [restartedMain] INFO  org.springframework.data.repository.config.RepositoryConfigurationExtensionSupport - Spring Data MongoDB - Could not safely identify store assignment for repository candidate interface com.apmosys.employeeportal.repository.ProjectTimesheetStatusNewRepository. If you want this repository to be a MongoDB repository, consider annotating your entities with one of these annotations: org.springframework.data.mongodb.core.mapping.Document (preferred), or consider extending one of the following types with your repository: org.springframework.data.mongodb.repository.MongoRepository.
2026-01-13 22:42:37 [restartedMain] INFO  org.springframework.data.repository.config.RepositoryConfigurationExtensionSupport - Spring Data MongoDB - Could not safely identify store assignment for repository candidate interface com.apmosys.employeeportal.repository.QresponseRepository. If you want this repository to be a MongoDB repository, consider annotating your entities with one of these annotations: org.springframework.data.mongodb.core.mapping.Document (preferred), or consider extending one of the following types with your repository: org.springframework.data.mongodb.repository.MongoRepository.
2026-01-13 22:42:37 [restartedMain] INFO  org.springframework.data.repository.config.RepositoryConfigurationExtensionSupport - Spring Data MongoDB - Could not safely identify store assignment for repository candidate interface com.apmosys.employeeportal.repository.QuarterCycleRepository. If you want this repository to be a MongoDB repository, consider annotating your entities with one of these annotations: org.springframework.data.mongodb.core.mapping.Document (preferred), or consider extending one of the following types with your repository: org.springframework.data.mongodb.repository.MongoRepository.
2026-01-13 22:42:37 [restartedMain] INFO  org.springframework.data.repository.config.RepositoryConfigurationExtensionSupport - Spring Data MongoDB - Could not safely identify store assignment for repository candidate interface com.apmosys.employeeportal.repository.QuarterRepository. If you want this repository to be a MongoDB repository, consider annotating your entities with one of these annotations: org.springframework.data.mongodb.core.mapping.Document (preferred), or consider extending one of the following types with your repository: org.springframework.data.mongodb.repository.MongoRepository.
2026-01-13 22:42:37 [restartedMain] INFO  org.springframework.data.repository.config.RepositoryConfigurationExtensionSupport - Spring Data MongoDB - Could not safely identify store assignment for repository candidate interface com.apmosys.employeeportal.repository.QueryTableRepository. If you want this repository to be a MongoDB repository, consider annotating your entities with one of these annotations: org.springframework.data.mongodb.core.mapping.Document (preferred), or consider extending one of the following types with your repository: org.springframework.data.mongodb.repository.MongoRepository.
2026-01-13 22:42:37 [restartedMain] INFO  org.springframework.data.repository.config.RepositoryConfigurationExtensionSupport - Spring Data MongoDB - Could not safely identify store assignment for repository candidate interface com.apmosys.employeeportal.repository.QuestionMasterRepository. If you want this repository to be a MongoDB repository, consider annotating your entities with one of these annotations: org.springframework.data.mongodb.core.mapping.Document (preferred), or consider extending one of the following types with your repository: org.springframework.data.mongodb.repository.MongoRepository.
2026-01-13 22:42:37 [restartedMain] INFO  org.springframework.data.repository.config.RepositoryConfigurationExtensionSupport - Spring Data MongoDB - Could not safely identify store assignment for repository candidate interface com.apmosys.employeeportal.repository.QuestionRepository. If you want this repository to be a MongoDB repository, consider annotating your entities with one of these annotations: org.springframework.data.mongodb.core.mapping.Document (preferred), or consider extending one of the following types with your repository: org.springframework.data.mongodb.repository.MongoRepository.
2026-01-13 22:42:37 [restartedMain] INFO  org.springframework.data.repository.config.RepositoryConfigurationExtensionSupport - Spring Data MongoDB - Could not safely identify store assignment for repository candidate interface com.apmosys.employeeportal.repository.QuestionnaireRepository. If you want this repository to be a MongoDB repository, consider annotating your entities with one of these annotations: org.springframework.data.mongodb.core.mapping.Document (preferred), or consider extending one of the following types with your repository: org.springframework.data.mongodb.repository.MongoRepository.
2026-01-13 22:42:37 [restartedMain] INFO  org.springframework.data.repository.config.RepositoryConfigurationExtensionSupport - Spring Data MongoDB - Could not safely identify store assignment for repository candidate interface com.apmosys.employeeportal.repository.LeaveRevokeApplicationRepository. If you want this repository to be a MongoDB repository, consider annotating your entities with one of these annotations: org.springframework.data.mongodb.core.mapping.Document (preferred), or consider extending one of the following types with your repository: org.springframework.data.mongodb.repository.MongoRepository.
2026-01-13 22:42:37 [restartedMain] INFO  org.springframework.data.repository.config.RepositoryConfigurationExtensionSupport - Spring Data MongoDB - Could not safely identify store assignment for repository candidate interface com.apmosys.employeeportal.repository.QuestionnaireResponseRepository. If you want this repository to be a MongoDB repository, consider annotating your entities with one of these annotations: org.springframework.data.mongodb.core.mapping.Document (preferred), or consider extending one of the following types with your repository: org.springframework.data.mongodb.repository.MongoRepository.
2026-01-13 22:42:37 [restartedMain] INFO  org.springframework.data.repository.config.RepositoryConfigurationExtensionSupport - Spring Data MongoDB - Could not safely identify store assignment for repository candidate interface com.apmosys.employeeportal.repository.LeaveTypeMasterRepository. If you want this repository to be a MongoDB repository, consider annotating your entities with one of these annotations: org.springframework.data.mongodb.core.mapping.Document (preferred), or consider extending one of the following types with your repository: org.springframework.data.mongodb.repository.MongoRepository.
2026-01-13 22:42:37 [restartedMain] INFO  org.springframework.data.repository.config.RepositoryConfigurationExtensionSupport - Spring Data MongoDB - Could not safely identify store assignment for repository candidate interface com.apmosys.employeeportal.repository.ReimbursementDataRepository. If you want this repository to be a MongoDB repository, consider annotating your entities with one of these annotations: org.springframework.data.mongodb.core.mapping.Document (preferred), or consider extending one of the following types with your repository: org.springframework.data.mongodb.repository.MongoRepository.
2026-01-13 22:42:37 [restartedMain] INFO  org.springframework.data.repository.config.RepositoryConfigurationExtensionSupport - Spring Data MongoDB - Could not safely identify store assignment for repository candidate interface com.apmosys.employeeportal.repository.LogsRepository. If you want this repository to be a MongoDB repository, consider annotating your entities with one of these annotations: org.springframework.data.mongodb.core.mapping.Document (preferred), or consider extending one of the following types with your repository: org.springframework.data.mongodb.repository.MongoRepository.
2026-01-13 22:42:37 [restartedMain] INFO  org.springframework.data.repository.config.RepositoryConfigurationExtensionSupport - Spring Data MongoDB - Could not safely identify store assignment for repository candidate interface com.apmosys.employeeportal.repository.ReimbursementTravelModeRepository. If you want this repository to be a MongoDB repository, consider annotating your entities with one of these annotations: org.springframework.data.mongodb.core.mapping.Document (preferred), or consider extending one of the following types with your repository: org.springframework.data.mongodb.repository.MongoRepository.
2026-01-13 22:42:37 [restartedMain] INFO  org.springframework.data.repository.config.RepositoryConfigurationExtensionSupport - Spring Data MongoDB - Could not safely identify store assignment for repository candidate interface com.apmosys.employeeportal.repository.MilestoneExtensionReasonRepository. If you want this repository to be a MongoDB repository, consider annotating your entities with one of these annotations: org.springframework.data.mongodb.core.mapping.Document (preferred), or consider extending one of the following types with your repository: org.springframework.data.mongodb.repository.MongoRepository.
2026-01-13 22:42:37 [restartedMain] INFO  org.springframework.data.repository.config.RepositoryConfigurationExtensionSupport - Spring Data MongoDB - Could not safely identify store assignment for repository candidate interface com.apmosys.employeeportal.repository.ReleaseNotesVideosRepository. If you want this repository to be a MongoDB repository, consider annotating your entities with one of these annotations: org.springframework.data.mongodb.core.mapping.Document (preferred), or consider extending one of the following types with your repository: org.springframework.data.mongodb.repository.MongoRepository.
2026-01-13 22:42:37 [restartedMain] INFO  org.springframework.data.repository.config.RepositoryConfigurationExtensionSupport - Spring Data MongoDB - Could not safely identify store assignment for repository candidate interface com.apmosys.employeeportal.repository.MilestoneUpdatedLogRepository. If you want this repository to be a MongoDB repository, consider annotating your entities with one of these annotations: org.springframework.data.mongodb.core.mapping.Document (preferred), or consider extending one of the following types with your repository: org.springframework.data.mongodb.repository.MongoRepository.
2026-01-13 22:42:37 [restartedMain] INFO  org.springframework.data.repository.config.RepositoryConfigurationExtensionSupport - Spring Data MongoDB - Could not safely identify store assignment for repository candidate interface com.apmosys.employeeportal.repository.ReportDashboardRepository. If you want this repository to be a MongoDB repository, consider annotating your entities with one of these annotations: org.springframework.data.mongodb.core.mapping.Document (preferred), or consider extending one of the following types with your repository: org.springframework.data.mongodb.repository.MongoRepository.
2026-01-13 22:42:37 [restartedMain] INFO  org.springframework.data.repository.config.RepositoryConfigurationExtensionSupport - Spring Data MongoDB - Could not safely identify store assignment for repository candidate interface com.apmosys.employeeportal.repository.ResourceRequirementRepository. If you want this repository to be a MongoDB repository, consider annotating your entities with one of these annotations: org.springframework.data.mongodb.core.mapping.Document (preferred), or consider extending one of the following types with your repository: org.springframework.data.mongodb.repository.MongoRepository.
2026-01-13 22:42:37 [restartedMain] INFO  org.springframework.data.repository.config.RepositoryConfigurationExtensionSupport - Spring Data MongoDB - Could not safely identify store assignment for repository candidate interface com.apmosys.employeeportal.repository.NewsletterReadResponseRepository. If you want this repository to be a MongoDB repository, consider annotating your entities with one of these annotations: org.springframework.data.mongodb.core.mapping.Document (preferred), or consider extending one of the following types with your repository: org.springframework.data.mongodb.repository.MongoRepository.
2026-01-13 22:42:37 [restartedMain] INFO  org.springframework.data.repository.config.RepositoryConfigurationExtensionSupport - Spring Data MongoDB - Could not safely identify store assignment for repository candidate interface com.apmosys.employeeportal.repository.NewsletterRepository. If you want this repository to be a MongoDB repository, consider annotating your entities with one of these annotations: org.springframework.data.mongodb.core.mapping.Document (preferred), or consider extending one of the following types with your repository: org.springframework.data.mongodb.repository.MongoRepository.
2026-01-13 22:42:37 [restartedMain] INFO  org.springframework.data.repository.config.RepositoryConfigurationExtensionSupport - Spring Data MongoDB - Could not safely identify store assignment for repository candidate interface com.apmosys.employeeportal.repository.NotificationRepository. If you want this repository to be a MongoDB repository, consider annotating your entities with one of these annotations: org.springframework.data.mongodb.core.mapping.Document (preferred), or consider extending one of the following types with your repository: org.springframework.data.mongodb.repository.MongoRepository.
2026-01-13 22:42:37 [restartedMain] INFO  org.springframework.data.repository.config.RepositoryConfigurationExtensionSupport - Spring Data MongoDB - Could not safely identify store assignment for repository candidate interface com.apmosys.employeeportal.repository.OutcomesRespository. If you want this repository to be a MongoDB repository, consider annotating your entities with one of these annotations: org.springframework.data.mongodb.core.mapping.Document (preferred), or consider extending one of the following types with your repository: org.springframework.data.mongodb.repository.MongoRepository.
2026-01-13 22:42:37 [restartedMain] INFO  org.springframework.data.repository.config.RepositoryConfigurationExtensionSupport - Spring Data MongoDB - Could not safely identify store assignment for repository candidate interface com.apmosys.employeeportal.repository.PIPRepository. If you want this repository to be a MongoDB repository, consider annotating your entities with one of these annotations: org.springframework.data.mongodb.core.mapping.Document (preferred), or consider extending one of the following types with your repository: org.springframework.data.mongodb.repository.MongoRepository.
2026-01-13 22:42:37 [restartedMain] INFO  org.springframework.data.repository.config.RepositoryConfigurationExtensionSupport - Spring Data MongoDB - Could not safely identify store assignment for repository candidate interface com.apmosys.employeeportal.repository.PolicyReadResponseRepository. If you want this repository to be a MongoDB repository, consider annotating your entities with one of these annotations: org.springframework.data.mongodb.core.mapping.Document (preferred), or consider extending one of the following types with your repository: org.springframework.data.mongodb.repository.MongoRepository.
2026-01-13 22:42:37 [restartedMain] INFO  org.springframework.data.repository.config.RepositoryConfigurationExtensionSupport - Spring Data MongoDB - Could not safely identify store assignment for repository candidate interface com.apmosys.employeeportal.repository.PortalConfigRepository. If you want this repository to be a MongoDB repository, consider annotating your entities with one of these annotations: org.springframework.data.mongodb.core.mapping.Document (preferred), or consider extending one of the following types with your repository: org.springframework.data.mongodb.repository.MongoRepository.
2026-01-13 22:42:37 [restartedMain] INFO  org.springframework.data.repository.config.RepositoryConfigurationExtensionSupport - Spring Data MongoDB - Could not safely identify store assignment for repository candidate interface com.apmosys.employeeportal.repository.PredefinedSkillsRepository. If you want this repository to be a MongoDB repository, consider annotating your entities with one of these annotations: org.springframework.data.mongodb.core.mapping.Document (preferred), or consider extending one of the following types with your repository: org.springframework.data.mongodb.repository.MongoRepository.
2026-01-13 22:42:37 [restartedMain] INFO  org.springframework.data.repository.config.RepositoryConfigurationExtensionSupport - Spring Data MongoDB - Could not safely identify store assignment for repository candidate interface com.apmosys.employeeportal.repository.PreviousEmploymentRepository. If you want this repository to be a MongoDB repository, consider annotating your entities with one of these annotations: org.springframework.data.mongodb.core.mapping.Document (preferred), or consider extending one of the following types with your repository: org.springframework.data.mongodb.repository.MongoRepository.
2026-01-13 22:42:37 [restartedMain] INFO  org.springframework.data.repository.config.RepositoryConfigurationExtensionSupport - Spring Data MongoDB - Could not safely identify store assignment for repository candidate interface com.apmosys.employeeportal.repository.ProficiencyRepository. If you want this repository to be a MongoDB repository, consider annotating your entities with one of these annotations: org.springframework.data.mongodb.core.mapping.Document (preferred), or consider extending one of the following types with your repository: org.springframework.data.mongodb.repository.MongoRepository.
2026-01-13 22:42:37 [restartedMain] INFO  org.springframework.data.repository.config.RepositoryConfigurationExtensionSupport - Spring Data MongoDB - Could not safely identify store assignment for repository candidate interface com.apmosys.employeeportal.repository.ProjectDepartmentMapRepository. If you want this repository to be a MongoDB repository, consider annotating your entities with one of these annotations: org.springframework.data.mongodb.core.mapping.Document (preferred), or consider extending one of the following types with your repository: org.springframework.data.mongodb.repository.MongoRepository.
2026-01-13 22:42:37 [restartedMain] INFO  org.springframework.data.repository.config.RepositoryConfigurationExtensionSupport - Spring Data MongoDB - Could not safely identify store assignment for repository candidate interface com.apmosys.employeeportal.repository.ProjectInsighProjectMappingRepository. If you want this repository to be a MongoDB repository, consider annotating your entities with one of these annotations: org.springframework.data.mongodb.core.mapping.Document (preferred), or consider extending one of the following types with your repository: org.springframework.data.mongodb.repository.MongoRepository.
2026-01-13 22:42:37 [restartedMain] INFO  org.springframework.data.repository.config.RepositoryConfigurationExtensionSupport - Spring Data MongoDB - Could not safely identify store assignment for repository candidate interface com.apmosys.employeeportal.repository.ProjectInsightAssigneesRepository. If you want this repository to be a MongoDB repository, consider annotating your entities with one of these annotations: org.springframework.data.mongodb.core.mapping.Document (preferred), or consider extending one of the following types with your repository: org.springframework.data.mongodb.repository.MongoRepository.
2026-01-13 22:42:37 [restartedMain] INFO  org.springframework.data.repository.config.RepositoryConfigurationExtensionSupport - Spring Data MongoDB - Could not safely identify store assignment for repository candidate interface com.apmosys.employeeportal.repository.ProjectInsightDomainDataFlatSearchRepository. If you want this repository to be a MongoDB repository, consider annotating your entities with one of these annotations: org.springframework.data.mongodb.core.mapping.Document (preferred), or consider extending one of the following types with your repository: org.springframework.data.mongodb.repository.MongoRepository.
2026-01-13 22:42:37 [restartedMain] INFO  org.springframework.data.repository.config.RepositoryConfigurationExtensionSupport - Spring Data MongoDB - Could not safely identify store assignment for repository candidate interface com.apmosys.employeeportal.repository.ProjectInsightDomainDataRepository. If you want this repository to be a MongoDB repository, consider annotating your entities with one of these annotations: org.springframework.data.mongodb.core.mapping.Document (preferred), or consider extending one of the following types with your repository: org.springframework.data.mongodb.repository.MongoRepository.
2026-01-13 22:42:37 [restartedMain] INFO  org.springframework.data.repository.config.RepositoryConfigurationExtensionSupport - Spring Data MongoDB - Could not safely identify store assignment for repository candidate interface com.apmosys.employeeportal.repository.ProjectInsightDomainRepository. If you want this repository to be a MongoDB repository, consider annotating your entities with one of these annotations: org.springframework.data.mongodb.core.mapping.Document (preferred), or consider extending one of the following types with your repository: org.springframework.data.mongodb.repository.MongoRepository.
2026-01-13 22:42:37 [restartedMain] INFO  org.springframework.data.repository.config.RepositoryConfigurationExtensionSupport - Spring Data MongoDB - Could not safely identify store assignment for repository candidate interface com.apmosys.employeeportal.repository.ProjectInsightFacetCategoryRepository. If you want this repository to be a MongoDB repository, consider annotating your entities with one of these annotations: org.springframework.data.mongodb.core.mapping.Document (preferred), or consider extending one of the following types with your repository: org.springframework.data.mongodb.repository.MongoRepository.
2026-01-13 22:42:37 [restartedMain] INFO  org.springframework.data.repository.config.RepositoryConfigurationExtensionSupport - Spring Data MongoDB - Could not safely identify store assignment for repository candidate interface com.apmosys.employeeportal.repository.ProjectInsightFacetValueRepository. If you want this repository to be a MongoDB repository, consider annotating your entities with one of these annotations: org.springframework.data.mongodb.core.mapping.Document (preferred), or consider extending one of the following types with your repository: org.springframework.data.mongodb.repository.MongoRepository.
2026-01-13 22:42:37 [restartedMain] INFO  org.springframework.data.repository.config.RepositoryConfigurationExtensionSupport - Spring Data MongoDB - Could not safely identify store assignment for repository candidate interface com.apmosys.employeeportal.repository.ProjectInsightFilterOptionsRepository. If you want this repository to be a MongoDB repository, consider annotating your entities with one of these annotations: org.springframework.data.mongodb.core.mapping.Document (preferred), or consider extending one of the following types with your repository: org.springframework.data.mongodb.repository.MongoRepository.
2026-01-13 22:42:37 [restartedMain] INFO  org.springframework.data.repository.config.RepositoryConfigurationExtensionSupport - Spring Data MongoDB - Could not safely identify store assignment for repository candidate interface com.apmosys.employeeportal.repository.ProjectInsightFilterRepository. If you want this repository to be a MongoDB repository, consider annotating your entities with one of these annotations: org.springframework.data.mongodb.core.mapping.Document (preferred), or consider extending one of the following types with your repository: org.springframework.data.mongodb.repository.MongoRepository.
2026-01-13 22:42:37 [restartedMain] INFO  org.springframework.data.repository.config.RepositoryConfigurationExtensionSupport - Spring Data MongoDB - Could not safely identify store assignment for repository candidate interface com.apmosys.employeeportal.repository.ProjectInsightResponseMetadataRepository. If you want this repository to be a MongoDB repository, consider annotating your entities with one of these annotations: org.springframework.data.mongodb.core.mapping.Document (preferred), or consider extending one of the following types with your repository: org.springframework.data.mongodb.repository.MongoRepository.
2026-01-13 22:42:37 [restartedMain] INFO  org.springframework.data.repository.config.RepositoryConfigurationExtensionSupport - Spring Data MongoDB - Could not safely identify store assignment for repository candidate interface com.apmosys.employeeportal.repository.ProjectInsightResponsePointsRepository. If you want this repository to be a MongoDB repository, consider annotating your entities with one of these annotations: org.springframework.data.mongodb.core.mapping.Document (preferred), or consider extending one of the following types with your repository: org.springframework.data.mongodb.repository.MongoRepository.
2026-01-13 22:42:37 [restartedMain] INFO  org.springframework.data.repository.config.RepositoryConfigurationExtensionSupport - Spring Data MongoDB - Could not safely identify store assignment for repository candidate interface com.apmosys.employeeportal.repository.ProjectInsightResponseRepository. If you want this repository to be a MongoDB repository, consider annotating your entities with one of these annotations: org.springframework.data.mongodb.core.mapping.Document (preferred), or consider extending one of the following types with your repository: org.springframework.data.mongodb.repository.MongoRepository.
2026-01-13 22:42:37 [restartedMain] INFO  org.springframework.data.repository.config.RepositoryConfigurationExtensionSupport - Spring Data MongoDB - Could not safely identify store assignment for repository candidate interface com.apmosys.employeeportal.repository.ProjectInsightServiceModelRepository. If you want this repository to be a MongoDB repository, consider annotating your entities with one of these annotations: org.springframework.data.mongodb.core.mapping.Document (preferred), or consider extending one of the following types with your repository: org.springframework.data.mongodb.repository.MongoRepository.
2026-01-13 22:42:37 [restartedMain] INFO  org.springframework.data.repository.config.RepositoryConfigurationExtensionSupport - Spring Data MongoDB - Could not safely identify store assignment for repository candidate interface com.apmosys.employeeportal.repository.ProjectInsightSubDomainRepository. If you want this repository to be a MongoDB repository, consider annotating your entities with one of these annotations: org.springframework.data.mongodb.core.mapping.Document (preferred), or consider extending one of the following types with your repository: org.springframework.data.mongodb.repository.MongoRepository.
2026-01-13 22:42:37 [restartedMain] INFO  org.springframework.data.repository.config.RepositoryConfigurationExtensionSupport - Spring Data MongoDB - Could not safely identify store assignment for repository candidate interface com.apmosys.employeeportal.repository.ResourceRequirementTempRepo. If you want this repository to be a MongoDB repository, consider annotating your entities with one of these annotations: org.springframework.data.mongodb.core.mapping.Document (preferred), or consider extending one of the following types with your repository: org.springframework.data.mongodb.repository.MongoRepository.
2026-01-13 22:42:37 [restartedMain] INFO  org.springframework.data.repository.config.RepositoryConfigurationExtensionSupport - Spring Data MongoDB - Could not safely identify store assignment for repository candidate interface com.apmosys.employeeportal.repository.ProjectInsightSubServiceRepository. If you want this repository to be a MongoDB repository, consider annotating your entities with one of these annotations: org.springframework.data.mongodb.core.mapping.Document (preferred), or consider extending one of the following types with your repository: org.springframework.data.mongodb.repository.MongoRepository.
2026-01-13 22:42:37 [restartedMain] INFO  org.springframework.data.repository.config.RepositoryConfigurationExtensionSupport - Spring Data MongoDB - Could not safely identify store assignment for repository candidate interface com.apmosys.employeeportal.repository.ReviewRepository. If you want this repository to be a MongoDB repository, consider annotating your entities with one of these annotations: org.springframework.data.mongodb.core.mapping.Document (preferred), or consider extending one of the following types with your repository: org.springframework.data.mongodb.repository.MongoRepository.
2026-01-13 22:42:37 [restartedMain] INFO  org.springframework.data.repository.config.RepositoryConfigurationExtensionSupport - Spring Data MongoDB - Could not safely identify store assignment for repository candidate interface com.apmosys.employeeportal.repository.ProjectInsightUserContributionRepository. If you want this repository to be a MongoDB repository, consider annotating your entities with one of these annotations: org.springframework.data.mongodb.core.mapping.Document (preferred), or consider extending one of the following types with your repository: org.springframework.data.mongodb.repository.MongoRepository.
2026-01-13 22:42:37 [restartedMain] INFO  org.springframework.data.repository.config.RepositoryConfigurationExtensionSupport - Spring Data MongoDB - Could not safely identify store assignment for repository candidate interface com.apmosys.employeeportal.repository.ReviewTypeRepository. If you want this repository to be a MongoDB repository, consider annotating your entities with one of these annotations: org.springframework.data.mongodb.core.mapping.Document (preferred), or consider extending one of the following types with your repository: org.springframework.data.mongodb.repository.MongoRepository.
2026-01-13 22:42:37 [restartedMain] INFO  org.springframework.data.repository.config.RepositoryConfigurationExtensionSupport - Spring Data MongoDB - Could not safely identify store assignment for repository candidate interface com.apmosys.employeeportal.repository.RewardConfigRepository. If you want this repository to be a MongoDB repository, consider annotating your entities with one of these annotations: org.springframework.data.mongodb.core.mapping.Document (preferred), or consider extending one of the following types with your repository: org.springframework.data.mongodb.repository.MongoRepository.
2026-01-13 22:42:37 [restartedMain] INFO  org.springframework.data.repository.config.RepositoryConfigurationExtensionSupport - Spring Data MongoDB - Could not safely identify store assignment for repository candidate interface com.apmosys.employeeportal.repository.ProjectManagerMappingRepository. If you want this repository to be a MongoDB repository, consider annotating your entities with one of these annotations: org.springframework.data.mongodb.core.mapping.Document (preferred), or consider extending one of the following types with your repository: org.springframework.data.mongodb.repository.MongoRepository.
2026-01-13 22:42:37 [restartedMain] INFO  org.springframework.data.repository.config.RepositoryConfigurationExtensionSupport - Spring Data MongoDB - Could not safely identify store assignment for repository candidate interface com.apmosys.employeeportal.repository.RewardsCategoryRepository. If you want this repository to be a MongoDB repository, consider annotating your entities with one of these annotations: org.springframework.data.mongodb.core.mapping.Document (preferred), or consider extending one of the following types with your repository: org.springframework.data.mongodb.repository.MongoRepository.
2026-01-13 22:42:37 [restartedMain] INFO  org.springframework.data.repository.config.RepositoryConfigurationExtensionSupport - Spring Data MongoDB - Could not safely identify store assignment for repository candidate interface com.apmosys.employeeportal.repository.ProjectOverheadMappingRepository. If you want this repository to be a MongoDB repository, consider annotating your entities with one of these annotations: org.springframework.data.mongodb.core.mapping.Document (preferred), or consider extending one of the following types with your repository: org.springframework.data.mongodb.repository.MongoRepository.
2026-01-13 22:42:37 [restartedMain] INFO  org.springframework.data.repository.config.RepositoryConfigurationExtensionSupport - Spring Data MongoDB - Could not safely identify store assignment for repository candidate interface com.apmosys.employeeportal.repository.RoleFeatureMapRepository. If you want this repository to be a MongoDB repository, consider annotating your entities with one of these annotations: org.springframework.data.mongodb.core.mapping.Document (preferred), or consider extending one of the following types with your repository: org.springframework.data.mongodb.repository.MongoRepository.
2026-01-13 22:42:37 [restartedMain] INFO  org.springframework.data.repository.config.RepositoryConfigurationExtensionSupport - Spring Data MongoDB - Could not safely identify store assignment for repository candidate interface com.apmosys.employeeportal.repository.ProjectRepository. If you want this repository to be a MongoDB repository, consider annotating your entities with one of these annotations: org.springframework.data.mongodb.core.mapping.Document (preferred), or consider extending one of the following types with your repository: org.springframework.data.mongodb.repository.MongoRepository.
2026-01-13 22:42:37 [restartedMain] INFO  org.springframework.data.repository.config.RepositoryConfigurationExtensionSupport - Spring Data MongoDB - Could not safely identify store assignment for repository candidate interface com.apmosys.employeeportal.repository.SpecializationRepository. If you want this repository to be a MongoDB repository, consider annotating your entities with one of these annotations: org.springframework.data.mongodb.core.mapping.Document (preferred), or consider extending one of the following types with your repository: org.springframework.data.mongodb.repository.MongoRepository.
2026-01-13 22:42:37 [restartedMain] INFO  org.springframework.data.repository.config.RepositoryConfigurationExtensionSupport - Spring Data MongoDB - Could not safely identify store assignment for repository candidate interface com.apmosys.employeeportal.repository.ProjectTempRepo. If you want this repository to be a MongoDB repository, consider annotating your entities with one of these annotations: org.springframework.data.mongodb.core.mapping.Document (preferred), or consider extending one of the following types with your repository: org.springframework.data.mongodb.repository.MongoRepository.
2026-01-13 22:42:37 [restartedMain] INFO  org.springframework.data.repository.config.RepositoryConfigurationExtensionSupport - Spring Data MongoDB - Could not safely identify store assignment for repository candidate interface com.apmosys.employeeportal.repository.StatusMasterNewRepository. If you want this repository to be a MongoDB repository, consider annotating your entities with one of these annotations: org.springframework.data.mongodb.core.mapping.Document (preferred), or consider extending one of the following types with your repository: org.springframework.data.mongodb.repository.MongoRepository.
2026-01-13 22:42:37 [restartedMain] INFO  org.springframework.data.repository.config.RepositoryConfigurationExtensionSupport - Spring Data MongoDB - Could not safely identify store assignment for repository candidate interface com.apmosys.employeeportal.repository.ProjectTimesheetStatusNewRepository. If you want this repository to be a MongoDB repository, consider annotating your entities with one of these annotations: org.springframework.data.mongodb.core.mapping.Document (preferred), or consider extending one of the following types with your repository: org.springframework.data.mongodb.repository.MongoRepository.
2026-01-13 22:42:37 [restartedMain] INFO  org.springframework.data.repository.config.RepositoryConfigurationExtensionSupport - Spring Data MongoDB - Could not safely identify store assignment for repository candidate interface com.apmosys.employeeportal.repository.SubFeatureMasterRepository. If you want this repository to be a MongoDB repository, consider annotating your entities with one of these annotations: org.springframework.data.mongodb.core.mapping.Document (preferred), or consider extending one of the following types with your repository: org.springframework.data.mongodb.repository.MongoRepository.
2026-01-13 22:42:37 [restartedMain] INFO  org.springframework.data.repository.config.RepositoryConfigurationExtensionSupport - Spring Data MongoDB - Could not safely identify store assignment for repository candidate interface com.apmosys.employeeportal.repository.QresponseRepository. If you want this repository to be a MongoDB repository, consider annotating your entities with one of these annotations: org.springframework.data.mongodb.core.mapping.Document (preferred), or consider extending one of the following types with your repository: org.springframework.data.mongodb.repository.MongoRepository.
2026-01-13 22:42:37 [restartedMain] INFO  org.springframework.data.repository.config.RepositoryConfigurationExtensionSupport - Spring Data MongoDB - Could not safely identify store assignment for repository candidate interface com.apmosys.employeeportal.repository.SurveyEmployeeResponseRepository. If you want this repository to be a MongoDB repository, consider annotating your entities with one of these annotations: org.springframework.data.mongodb.core.mapping.Document (preferred), or consider extending one of the following types with your repository: org.springframework.data.mongodb.repository.MongoRepository.
2026-01-13 22:42:37 [restartedMain] INFO  org.springframework.data.repository.config.RepositoryConfigurationExtensionSupport - Spring Data MongoDB - Could not safely identify store assignment for repository candidate interface com.apmosys.employeeportal.repository.QuarterCycleRepository. If you want this repository to be a MongoDB repository, consider annotating your entities with one of these annotations: org.springframework.data.mongodb.core.mapping.Document (preferred), or consider extending one of the following types with your repository: org.springframework.data.mongodb.repository.MongoRepository.
2026-01-13 22:42:37 [restartedMain] INFO  org.springframework.data.repository.config.RepositoryConfigurationExtensionSupport - Spring Data MongoDB - Could not safely identify store assignment for repository candidate interface com.apmosys.employeeportal.repository.SurveyQuestionRepository. If you want this repository to be a MongoDB repository, consider annotating your entities with one of these annotations: org.springframework.data.mongodb.core.mapping.Document (preferred), or consider extending one of the following types with your repository: org.springframework.data.mongodb.repository.MongoRepository.
2026-01-13 22:42:37 [restartedMain] INFO  org.springframework.data.repository.config.RepositoryConfigurationExtensionSupport - Spring Data MongoDB - Could not safely identify store assignment for repository candidate interface com.apmosys.employeeportal.repository.QuarterRepository. If you want this repository to be a MongoDB repository, consider annotating your entities with one of these annotations: org.springframework.data.mongodb.core.mapping.Document (preferred), or consider extending one of the following types with your repository: org.springframework.data.mongodb.repository.MongoRepository.
2026-01-13 22:42:37 [restartedMain] INFO  org.springframework.data.repository.config.RepositoryConfigurationExtensionSupport - Spring Data MongoDB - Could not safely identify store assignment for repository candidate interface com.apmosys.employeeportal.repository.SurveyRepository. If you want this repository to be a MongoDB repository, consider annotating your entities with one of these annotations: org.springframework.data.mongodb.core.mapping.Document (preferred), or consider extending one of the following types with your repository: org.springframework.data.mongodb.repository.MongoRepository.
2026-01-13 22:42:37 [restartedMain] INFO  org.springframework.data.repository.config.RepositoryConfigurationExtensionSupport - Spring Data MongoDB - Could not safely identify store assignment for repository candidate interface com.apmosys.employeeportal.repository.QueryTableRepository. If you want this repository to be a MongoDB repository, consider annotating your entities with one of these annotations: org.springframework.data.mongodb.core.mapping.Document (preferred), or consider extending one of the following types with your repository: org.springframework.data.mongodb.repository.MongoRepository.
2026-01-13 22:42:37 [restartedMain] INFO  org.springframework.data.repository.config.RepositoryConfigurationExtensionSupport - Spring Data MongoDB - Could not safely identify store assignment for repository candidate interface com.apmosys.employeeportal.repository.TabMasterRepository. If you want this repository to be a MongoDB repository, consider annotating your entities with one of these annotations: org.springframework.data.mongodb.core.mapping.Document (preferred), or consider extending one of the following types with your repository: org.springframework.data.mongodb.repository.MongoRepository.
2026-01-13 22:42:37 [restartedMain] INFO  org.springframework.data.repository.config.RepositoryConfigurationExtensionSupport - Spring Data MongoDB - Could not safely identify store assignment for repository candidate interface com.apmosys.employeeportal.repository.QuestionMasterRepository. If you want this repository to be a MongoDB repository, consider annotating your entities with one of these annotations: org.springframework.data.mongodb.core.mapping.Document (preferred), or consider extending one of the following types with your repository: org.springframework.data.mongodb.repository.MongoRepository.
2026-01-13 22:42:37 [restartedMain] INFO  org.springframework.data.repository.config.RepositoryConfigurationExtensionSupport - Spring Data MongoDB - Could not safely identify store assignment for repository candidate interface com.apmosys.employeeportal.repository.TagMasterRepository. If you want this repository to be a MongoDB repository, consider annotating your entities with one of these annotations: org.springframework.data.mongodb.core.mapping.Document (preferred), or consider extending one of the following types with your repository: org.springframework.data.mongodb.repository.MongoRepository.
2026-01-13 22:42:37 [restartedMain] INFO  org.springframework.data.repository.config.RepositoryConfigurationExtensionSupport - Spring Data MongoDB - Could not safely identify store assignment for repository candidate interface com.apmosys.employeeportal.repository.QuestionRepository. If you want this repository to be a MongoDB repository, consider annotating your entities with one of these annotations: org.springframework.data.mongodb.core.mapping.Document (preferred), or consider extending one of the following types with your repository: org.springframework.data.mongodb.repository.MongoRepository.
2026-01-13 22:42:37 [restartedMain] INFO  org.springframework.data.repository.config.RepositoryConfigurationExtensionSupport - Spring Data MongoDB - Could not safely identify store assignment for repository candidate interface com.apmosys.employeeportal.repository.TeamRepository. If you want this repository to be a MongoDB repository, consider annotating your entities with one of these annotations: org.springframework.data.mongodb.core.mapping.Document (preferred), or consider extending one of the following types with your repository: org.springframework.data.mongodb.repository.MongoRepository.
2026-01-13 22:42:37 [restartedMain] INFO  org.springframework.data.repository.config.RepositoryConfigurationExtensionSupport - Spring Data MongoDB - Could not safely identify store assignment for repository candidate interface com.apmosys.employeeportal.repository.QuestionnaireRepository. If you want this repository to be a MongoDB repository, consider annotating your entities with one of these annotations: org.springframework.data.mongodb.core.mapping.Document (preferred), or consider extending one of the following types with your repository: org.springframework.data.mongodb.repository.MongoRepository.
2026-01-13 22:42:37 [restartedMain] INFO  org.springframework.data.repository.config.RepositoryConfigurationExtensionSupport - Spring Data MongoDB - Could not safely identify store assignment for repository candidate interface com.apmosys.employeeportal.repository.TechStackRepository. If you want this repository to be a MongoDB repository, consider annotating your entities with one of these annotations: org.springframework.data.mongodb.core.mapping.Document (preferred), or consider extending one of the following types with your repository: org.springframework.data.mongodb.repository.MongoRepository.
2026-01-13 22:42:37 [restartedMain] INFO  org.springframework.data.repository.config.RepositoryConfigurationExtensionSupport - Spring Data MongoDB - Could not safely identify store assignment for repository candidate interface com.apmosys.employeeportal.repository.QuestionnaireResponseRepository. If you want this repository to be a MongoDB repository, consider annotating your entities with one of these annotations: org.springframework.data.mongodb.core.mapping.Document (preferred), or consider extending one of the following types with your repository: org.springframework.data.mongodb.repository.MongoRepository.
2026-01-13 22:42:37 [restartedMain] INFO  org.springframework.data.repository.config.RepositoryConfigurationExtensionSupport - Spring Data MongoDB - Could not safely identify store assignment for repository candidate interface com.apmosys.employeeportal.repository.TimesheetActivityMapNewRepository. If you want this repository to be a MongoDB repository, consider annotating your entities with one of these annotations: org.springframework.data.mongodb.core.mapping.Document (preferred), or consider extending one of the following types with your repository: org.springframework.data.mongodb.repository.MongoRepository.
2026-01-13 22:42:37 [restartedMain] INFO  org.springframework.data.repository.config.RepositoryConfigurationExtensionSupport - Spring Data MongoDB - Could not safely identify store assignment for repository candidate interface com.apmosys.employeeportal.repository.ReimbursementDataRepository. If you want this repository to be a MongoDB repository, consider annotating your entities with one of these annotations: org.springframework.data.mongodb.core.mapping.Document (preferred), or consider extending one of the following types with your repository: org.springframework.data.mongodb.repository.MongoRepository.
2026-01-13 22:42:37 [restartedMain] INFO  org.springframework.data.repository.config.RepositoryConfigurationExtensionSupport - Spring Data MongoDB - Could not safely identify store assignment for repository candidate interface com.apmosys.employeeportal.repository.TimesheetActivityMapRepository. If you want this repository to be a MongoDB repository, consider annotating your entities with one of these annotations: org.springframework.data.mongodb.core.mapping.Document (preferred), or consider extending one of the following types with your repository: org.springframework.data.mongodb.repository.MongoRepository.
2026-01-13 22:42:37 [restartedMain] INFO  org.springframework.data.repository.config.RepositoryConfigurationExtensionSupport - Spring Data MongoDB - Could not safely identify store assignment for repository candidate interface com.apmosys.employeeportal.repository.ReimbursementTravelModeRepository. If you want this repository to be a MongoDB repository, consider annotating your entities with one of these annotations: org.springframework.data.mongodb.core.mapping.Document (preferred), or consider extending one of the following types with your repository: org.springframework.data.mongodb.repository.MongoRepository.
2026-01-13 22:42:37 [restartedMain] INFO  org.springframework.data.repository.config.RepositoryConfigurationExtensionSupport - Spring Data MongoDB - Could not safely identify store assignment for repository candidate interface com.apmosys.employeeportal.repository.TimesheetApprovalAllocationLogsRepository. If you want this repository to be a MongoDB repository, consider annotating your entities with one of these annotations: org.springframework.data.mongodb.core.mapping.Document (preferred), or consider extending one of the following types with your repository: org.springframework.data.mongodb.repository.MongoRepository.
2026-01-13 22:42:37 [restartedMain] INFO  org.springframework.data.repository.config.RepositoryConfigurationExtensionSupport - Spring Data MongoDB - Could not safely identify store assignment for repository candidate interface com.apmosys.employeeportal.repository.ReleaseNotesVideosRepository. If you want this repository to be a MongoDB repository, consider annotating your entities with one of these annotations: org.springframework.data.mongodb.core.mapping.Document (preferred), or consider extending one of the following types with your repository: org.springframework.data.mongodb.repository.MongoRepository.
2026-01-13 22:42:37 [restartedMain] INFO  org.springframework.data.repository.config.RepositoryConfigurationExtensionSupport - Spring Data MongoDB - Could not safely identify store assignment for repository candidate interface com.apmosys.employeeportal.repository.ReportDashboardRepository. If you want this repository to be a MongoDB repository, consider annotating your entities with one of these annotations: org.springframework.data.mongodb.core.mapping.Document (preferred), or consider extending one of the following types with your repository: org.springframework.data.mongodb.repository.MongoRepository.
2026-01-13 22:42:37 [restartedMain] INFO  org.springframework.data.repository.config.RepositoryConfigurationExtensionSupport - Spring Data MongoDB - Could not safely identify store assignment for repository candidate interface com.apmosys.employeeportal.repository.ResourceRequirementRepository. If you want this repository to be a MongoDB repository, consider annotating your entities with one of these annotations: org.springframework.data.mongodb.core.mapping.Document (preferred), or consider extending one of the following types with your repository: org.springframework.data.mongodb.repository.MongoRepository.
2026-01-13 22:42:37 [restartedMain] INFO  org.springframework.data.repository.config.RepositoryConfigurationExtensionSupport - Spring Data MongoDB - Could not safely identify store assignment for repository candidate interface com.apmosys.employeeportal.repository.ResourceRequirementTempRepo. If you want this repository to be a MongoDB repository, consider annotating your entities with one of these annotations: org.springframework.data.mongodb.core.mapping.Document (preferred), or consider extending one of the following types with your repository: org.springframework.data.mongodb.repository.MongoRepository.
2026-01-13 22:42:37 [restartedMain] INFO  org.springframework.data.repository.config.RepositoryConfigurationExtensionSupport - Spring Data MongoDB - Could not safely identify store assignment for repository candidate interface com.apmosys.employeeportal.repository.ReviewRepository. If you want this repository to be a MongoDB repository, consider annotating your entities with one of these annotations: org.springframework.data.mongodb.core.mapping.Document (preferred), or consider extending one of the following types with your repository: org.springframework.data.mongodb.repository.MongoRepository.
2026-01-13 22:42:37 [restartedMain] INFO  org.springframework.data.repository.config.RepositoryConfigurationExtensionSupport - Spring Data MongoDB - Could not safely identify store assignment for repository candidate interface com.apmosys.employeeportal.repository.ReviewTypeRepository. If you want this repository to be a MongoDB repository, consider annotating your entities with one of these annotations: org.springframework.data.mongodb.core.mapping.Document (preferred), or consider extending one of the following types with your repository: org.springframework.data.mongodb.repository.MongoRepository.
2026-01-13 22:42:37 [restartedMain] INFO  org.springframework.data.repository.config.RepositoryConfigurationExtensionSupport - Spring Data MongoDB - Could not safely identify store assignment for repository candidate interface com.apmosys.employeeportal.repository.RewardConfigRepository. If you want this repository to be a MongoDB repository, consider annotating your entities with one of these annotations: org.springframework.data.mongodb.core.mapping.Document (preferred), or consider extending one of the following types with your repository: org.springframework.data.mongodb.repository.MongoRepository.
2026-01-13 22:42:37 [restartedMain] INFO  org.springframework.data.repository.config.RepositoryConfigurationExtensionSupport - Spring Data MongoDB - Could not safely identify store assignment for repository candidate interface com.apmosys.employeeportal.repository.RewardsCategoryRepository. If you want this repository to be a MongoDB repository, consider annotating your entities with one of these annotations: org.springframework.data.mongodb.core.mapping.Document (preferred), or consider extending one of the following types with your repository: org.springframework.data.mongodb.repository.MongoRepository.
2026-01-13 22:42:37 [restartedMain] INFO  org.springframework.data.repository.config.RepositoryConfigurationExtensionSupport - Spring Data MongoDB - Could not safely identify store assignment for repository candidate interface com.apmosys.employeeportal.repository.RoleFeatureMapRepository. If you want this repository to be a MongoDB repository, consider annotating your entities with one of these annotations: org.springframework.data.mongodb.core.mapping.Document (preferred), or consider extending one of the following types with your repository: org.springframework.data.mongodb.repository.MongoRepository.
2026-01-13 22:42:37 [restartedMain] INFO  org.springframework.data.repository.config.RepositoryConfigurationExtensionSupport - Spring Data MongoDB - Could not safely identify store assignment for repository candidate interface com.apmosys.employeeportal.repository.SpecializationRepository. If you want this repository to be a MongoDB repository, consider annotating your entities with one of these annotations: org.springframework.data.mongodb.core.mapping.Document (preferred), or consider extending one of the following types with your repository: org.springframework.data.mongodb.repository.MongoRepository.
2026-01-13 22:42:37 [restartedMain] INFO  org.springframework.data.repository.config.RepositoryConfigurationExtensionSupport - Spring Data MongoDB - Could not safely identify store assignment for repository candidate interface com.apmosys.employeeportal.repository.StatusMasterNewRepository. If you want this repository to be a MongoDB repository, consider annotating your entities with one of these annotations: org.springframework.data.mongodb.core.mapping.Document (preferred), or consider extending one of the following types with your repository: org.springframework.data.mongodb.repository.MongoRepository.
2026-01-13 22:42:37 [restartedMain] INFO  org.springframework.data.repository.config.RepositoryConfigurationExtensionSupport - Spring Data MongoDB - Could not safely identify store assignment for repository candidate interface com.apmosys.employeeportal.repository.SubFeatureMasterRepository. If you want this repository to be a MongoDB repository, consider annotating your entities with one of these annotations: org.springframework.data.mongodb.core.mapping.Document (preferred), or consider extending one of the following types with your repository: org.springframework.data.mongodb.repository.MongoRepository.
2026-01-13 22:42:37 [restartedMain] INFO  org.springframework.data.repository.config.RepositoryConfigurationExtensionSupport - Spring Data MongoDB - Could not safely identify store assignment for repository candidate interface com.apmosys.employeeportal.repository.SurveyEmployeeResponseRepository. If you want this repository to be a MongoDB repository, consider annotating your entities with one of these annotations: org.springframework.data.mongodb.core.mapping.Document (preferred), or consider extending one of the following types with your repository: org.springframework.data.mongodb.repository.MongoRepository.
2026-01-13 22:42:37 [restartedMain] INFO  org.springframework.data.repository.config.RepositoryConfigurationExtensionSupport - Spring Data MongoDB - Could not safely identify store assignment for repository candidate interface com.apmosys.employeeportal.repository.SurveyQuestionRepository. If you want this repository to be a MongoDB repository, consider annotating your entities with one of these annotations: org.springframework.data.mongodb.core.mapping.Document (preferred), or consider extending one of the following types with your repository: org.springframework.data.mongodb.repository.MongoRepository.
2026-01-13 22:42:37 [restartedMain] INFO  org.springframework.data.repository.config.RepositoryConfigurationExtensionSupport - Spring Data MongoDB - Could not safely identify store assignment for repository candidate interface com.apmosys.employeeportal.repository.SurveyRepository. If you want this repository to be a MongoDB repository, consider annotating your entities with one of these annotations: org.springframework.data.mongodb.core.mapping.Document (preferred), or consider extending one of the following types with your repository: org.springframework.data.mongodb.repository.MongoRepository.
2026-01-13 22:42:37 [restartedMain] INFO  org.springframework.data.repository.config.RepositoryConfigurationExtensionSupport - Spring Data MongoDB - Could not safely identify store assignment for repository candidate interface com.apmosys.employeeportal.repository.TabMasterRepository. If you want this repository to be a MongoDB repository, consider annotating your entities with one of these annotations: org.springframework.data.mongodb.core.mapping.Document (preferred), or consider extending one of the following types with your repository: org.springframework.data.mongodb.repository.MongoRepository.
2026-01-13 22:42:37 [restartedMain] INFO  org.springframework.data.repository.config.RepositoryConfigurationExtensionSupport - Spring Data MongoDB - Could not safely identify store assignment for repository candidate interface com.apmosys.employeeportal.repository.TagMasterRepository. If you want this repository to be a MongoDB repository, consider annotating your entities with one of these annotations: org.springframework.data.mongodb.core.mapping.Document (preferred), or consider extending one of the following types with your repository: org.springframework.data.mongodb.repository.MongoRepository.
2026-01-13 22:42:37 [restartedMain] INFO  org.springframework.data.repository.config.RepositoryConfigurationExtensionSupport - Spring Data MongoDB - Could not safely identify store assignment for repository candidate interface com.apmosys.employeeportal.repository.TeamRepository. If you want this repository to be a MongoDB repository, consider annotating your entities with one of these annotations: org.springframework.data.mongodb.core.mapping.Document (preferred), or consider extending one of the following types with your repository: org.springframework.data.mongodb.repository.MongoRepository.
2026-01-13 22:42:37 [restartedMain] INFO  org.springframework.data.repository.config.RepositoryConfigurationExtensionSupport - Spring Data MongoDB - Could not safely identify store assignment for repository candidate interface com.apmosys.employeeportal.repository.TechStackRepository. If you want this repository to be a MongoDB repository, consider annotating your entities with one of these annotations: org.springframework.data.mongodb.core.mapping.Document (preferred), or consider extending one of the following types with your repository: org.springframework.data.mongodb.repository.MongoRepository.
2026-01-13 22:42:37 [restartedMain] INFO  org.springframework.data.repository.config.RepositoryConfigurationExtensionSupport - Spring Data MongoDB - Could not safely identify store assignment for repository candidate interface com.apmosys.employeeportal.repository.TimesheetActivityMapNewRepository. If you want this repository to be a MongoDB repository, consider annotating your entities with one of these annotations: org.springframework.data.mongodb.core.mapping.Document (preferred), or consider extending one of the following types with your repository: org.springframework.data.mongodb.repository.MongoRepository.
2026-01-13 22:42:37 [restartedMain] INFO  org.springframework.data.repository.config.RepositoryConfigurationExtensionSupport - Spring Data MongoDB - Could not safely identify store assignment for repository candidate interface com.apmosys.employeeportal.repository.TimesheetActivityMapRepository. If you want this repository to be a MongoDB repository, consider annotating your entities with one of these annotations: org.springframework.data.mongodb.core.mapping.Document (preferred), or consider extending one of the following types with your repository: org.springframework.data.mongodb.repository.MongoRepository.
2026-01-13 22:42:37 [restartedMain] INFO  org.springframework.data.repository.config.RepositoryConfigurationExtensionSupport - Spring Data MongoDB - Could not safely identify store assignment for repository candidate interface com.apmosys.employeeportal.repository.TimesheetApprovalAllocationLogsRepository. If you want this repository to be a MongoDB repository, consider annotating your entities with one of these annotations: org.springframework.data.mongodb.core.mapping.Document (preferred), or consider extending one of the following types with your repository: org.springframework.data.mongodb.repository.MongoRepository.
2026-01-13 22:42:37 [restartedMain] INFO  org.springframework.data.repository.config.RepositoryConfigurationExtensionSupport - Spring Data MongoDB - Could not safely identify store assignment for repository candidate interface com.apmosys.employeeportal.repository.TimesheetDocumentApprovalRepository. If you want this repository to be a MongoDB repository, consider annotating your entities with one of these annotations: org.springframework.data.mongodb.core.mapping.Document (preferred), or consider extending one of the following types with your repository: org.springframework.data.mongodb.repository.MongoRepository.
2026-01-13 22:42:37 [restartedMain] INFO  org.springframework.data.repository.config.RepositoryConfigurationExtensionSupport - Spring Data MongoDB - Could not safely identify store assignment for repository candidate interface com.apmosys.employeeportal.repository.TimesheetDocumentDetailsNewRepository. If you want this repository to be a MongoDB repository, consider annotating your entities with one of these annotations: org.springframework.data.mongodb.core.mapping.Document (preferred), or consider extending one of the following types with your repository: org.springframework.data.mongodb.repository.MongoRepository.
2026-01-13 22:42:37 [restartedMain] INFO  org.springframework.data.repository.config.RepositoryConfigurationExtensionSupport - Spring Data MongoDB - Could not safely identify store assignment for repository candidate interface com.apmosys.employeeportal.repository.TimesheetDocumentDetailsRepository. If you want this repository to be a MongoDB repository, consider annotating your entities with one of these annotations: org.springframework.data.mongodb.core.mapping.Document (preferred), or consider extending one of the following types with your repository: org.springframework.data.mongodb.repository.MongoRepository.
2026-01-13 22:42:37 [restartedMain] INFO  org.springframework.data.repository.config.RepositoryConfigurationExtensionSupport - Spring Data MongoDB - Could not safely identify store assignment for repository candidate interface com.apmosys.employeeportal.repository.TimesheetRejectionDetailsNewRepository. If you want this repository to be a MongoDB repository, consider annotating your entities with one of these annotations: org.springframework.data.mongodb.core.mapping.Document (preferred), or consider extending one of the following types with your repository: org.springframework.data.mongodb.repository.MongoRepository.
2026-01-13 22:42:37 [restartedMain] INFO  org.springframework.data.repository.config.RepositoryConfigurationExtensionSupport - Spring Data MongoDB - Could not safely identify store assignment for repository candidate interface com.apmosys.employeeportal.repository.TimesheetRejectionReasonsMasterRepository. If you want this repository to be a MongoDB repository, consider annotating your entities with one of these annotations: org.springframework.data.mongodb.core.mapping.Document (preferred), or consider extending one of the following types with your repository: org.springframework.data.mongodb.repository.MongoRepository.
2026-01-13 22:42:37 [restartedMain] INFO  org.springframework.data.repository.config.RepositoryConfigurationExtensionSupport - Spring Data MongoDB - Could not safely identify store assignment for repository candidate interface com.apmosys.employeeportal.repository.TimesheetsRepository. If you want this repository to be a MongoDB repository, consider annotating your entities with one of these annotations: org.springframework.data.mongodb.core.mapping.Document (preferred), or consider extending one of the following types with your repository: org.springframework.data.mongodb.repository.MongoRepository.
2026-01-13 22:42:37 [restartedMain] INFO  org.springframework.data.repository.config.RepositoryConfigurationExtensionSupport - Spring Data MongoDB - Could not safely identify store assignment for repository candidate interface com.apmosys.employeeportal.repository.TravelBasedReimbursementRequestRepository. If you want this repository to be a MongoDB repository, consider annotating your entities with one of these annotations: org.springframework.data.mongodb.core.mapping.Document (preferred), or consider extending one of the following types with your repository: org.springframework.data.mongodb.repository.MongoRepository.
2026-01-13 22:42:37 [restartedMain] INFO  org.springframework.data.repository.config.RepositoryConfigurationExtensionSupport - Spring Data MongoDB - Could not safely identify store assignment for repository candidate interface com.apmosys.employeeportal.repository.TravelClassRepository. If you want this repository to be a MongoDB repository, consider annotating your entities with one of these annotations: org.springframework.data.mongodb.core.mapping.Document (preferred), or consider extending one of the following types with your repository: org.springframework.data.mongodb.repository.MongoRepository.
2026-01-13 22:42:37 [restartedMain] INFO  org.springframework.data.repository.config.RepositoryConfigurationExtensionSupport - Spring Data MongoDB - Could not safely identify store assignment for repository candidate interface com.apmosys.employeeportal.repository.TravelDeskRepository. If you want this repository to be a MongoDB repository, consider annotating your entities with one of these annotations: org.springframework.data.mongodb.core.mapping.Document (preferred), or consider extending one of the following types with your repository: org.springframework.data.mongodb.repository.MongoRepository.
2026-01-13 22:42:37 [restartedMain] INFO  org.springframework.data.repository.config.RepositoryConfigurationExtensionSupport - Spring Data MongoDB - Could not safely identify store assignment for repository candidate interface com.apmosys.employeeportal.repository.TravelModeRepository. If you want this repository to be a MongoDB repository, consider annotating your entities with one of these annotations: org.springframework.data.mongodb.core.mapping.Document (preferred), or consider extending one of the following types with your repository: org.springframework.data.mongodb.repository.MongoRepository.
2026-01-13 22:42:37 [restartedMain] INFO  org.springframework.data.repository.config.RepositoryConfigurationExtensionSupport - Spring Data MongoDB - Could not safely identify store assignment for repository candidate interface com.apmosys.employeeportal.repository.TravelReasonRepository. If you want this repository to be a MongoDB repository, consider annotating your entities with one of these annotations: org.springframework.data.mongodb.core.mapping.Document (preferred), or consider extending one of the following types with your repository: org.springframework.data.mongodb.repository.MongoRepository.
2026-01-13 22:42:37 [restartedMain] INFO  org.springframework.data.repository.config.RepositoryConfigurationExtensionSupport - Spring Data MongoDB - Could not safely identify store assignment for repository candidate interface com.apmosys.employeeportal.repository.TypeDocumentRepository. If you want this repository to be a MongoDB repository, consider annotating your entities with one of these annotations: org.springframework.data.mongodb.core.mapping.Document (preferred), or consider extending one of the following types with your repository: org.springframework.data.mongodb.repository.MongoRepository.
2026-01-13 22:42:37 [restartedMain] INFO  org.springframework.data.repository.config.RepositoryConfigurationExtensionSupport - Spring Data MongoDB - Could not safely identify store assignment for repository candidate interface com.apmosys.employeeportal.repository.UploadPolicyRepository. If you want this repository to be a MongoDB repository, consider annotating your entities with one of these annotations: org.springframework.data.mongodb.core.mapping.Document (preferred), or consider extending one of the following types with your repository: org.springframework.data.mongodb.repository.MongoRepository.
2026-01-13 22:42:37 [restartedMain] INFO  org.springframework.data.repository.config.RepositoryConfigurationExtensionSupport - Spring Data MongoDB - Could not safely identify store assignment for repository candidate interface com.apmosys.employeeportal.repository.UserContributionDocumentRepository. If you want this repository to be a MongoDB repository, consider annotating your entities with one of these annotations: org.springframework.data.mongodb.core.mapping.Document (preferred), or consider extending one of the following types with your repository: org.springframework.data.mongodb.repository.MongoRepository.
2026-01-13 22:42:37 [restartedMain] INFO  org.springframework.data.repository.config.RepositoryConfigurationExtensionSupport - Spring Data MongoDB - Could not safely identify store assignment for repository candidate interface com.apmosys.employeeportal.repository.UserContributionResponseRemarksRepository. If you want this repository to be a MongoDB repository, consider annotating your entities with one of these annotations: org.springframework.data.mongodb.core.mapping.Document (preferred), or consider extending one of the following types with your repository: org.springframework.data.mongodb.repository.MongoRepository.
2026-01-13 22:42:37 [restartedMain] INFO  org.springframework.data.repository.config.RepositoryConfigurationExtensionSupport - Spring Data MongoDB - Could not safely identify store assignment for repository candidate interface com.apmosys.employeeportal.repository.UserDataRepo. If you want this repository to be a MongoDB repository, consider annotating your entities with one of these annotations: org.springframework.data.mongodb.core.mapping.Document (preferred), or consider extending one of the following types with your repository: org.springframework.data.mongodb.repository.MongoRepository.
2026-01-13 22:42:37 [restartedMain] INFO  org.springframework.data.repository.config.RepositoryConfigurationExtensionSupport - Spring Data MongoDB - Could not safely identify store assignment for repository candidate interface com.apmosys.employeeportal.repository.UserSessionRepository. If you want this repository to be a MongoDB repository, consider annotating your entities with one of these annotations: org.springframework.data.mongodb.core.mapping.Document (preferred), or consider extending one of the following types with your repository: org.springframework.data.mongodb.repository.MongoRepository.
2026-01-13 22:42:37 [restartedMain] INFO  org.springframework.data.repository.config.RepositoryConfigurationExtensionSupport - Spring Data MongoDB - Could not safely identify store assignment for repository candidate interface com.apmosys.employeeportal.repository.TimesheetDocumentApprovalRepository. If you want this repository to be a MongoDB repository, consider annotating your entities with one of these annotations: org.springframework.data.mongodb.core.mapping.Document (preferred), or consider extending one of the following types with your repository: org.springframework.data.mongodb.repository.MongoRepository.
2026-01-13 22:42:37 [restartedMain] INFO  org.springframework.data.repository.config.RepositoryConfigurationExtensionSupport - Spring Data MongoDB - Could not safely identify store assignment for repository candidate interface com.apmosys.employeeportal.repository.VehicleTypeRepository. If you want this repository to be a MongoDB repository, consider annotating your entities with one of these annotations: org.springframework.data.mongodb.core.mapping.Document (preferred), or consider extending one of the following types with your repository: org.springframework.data.mongodb.repository.MongoRepository.
2026-01-13 22:42:37 [restartedMain] INFO  org.springframework.data.repository.config.RepositoryConfigurationExtensionSupport - Spring Data MongoDB - Could not safely identify store assignment for repository candidate interface com.apmosys.employeeportal.repository.TimesheetDocumentDetailsNewRepository. If you want this repository to be a MongoDB repository, consider annotating your entities with one of these annotations: org.springframework.data.mongodb.core.mapping.Document (preferred), or consider extending one of the following types with your repository: org.springframework.data.mongodb.repository.MongoRepository.
2026-01-13 22:42:37 [restartedMain] INFO  org.springframework.data.repository.config.RepositoryConfigurationExtensionSupport - Spring Data MongoDB - Could not safely identify store assignment for repository candidate interface com.apmosys.employeeportal.repository.WorkLocationTypeMasterRepository. If you want this repository to be a MongoDB repository, consider annotating your entities with one of these annotations: org.springframework.data.mongodb.core.mapping.Document (preferred), or consider extending one of the following types with your repository: org.springframework.data.mongodb.repository.MongoRepository.
2026-01-13 22:42:37 [restartedMain] INFO  org.springframework.data.repository.config.RepositoryConfigurationExtensionSupport - Spring Data MongoDB - Could not safely identify store assignment for repository candidate interface com.apmosys.employeeportal.repository.TimesheetDocumentDetailsRepository. If you want this repository to be a MongoDB repository, consider annotating your entities with one of these annotations: org.springframework.data.mongodb.core.mapping.Document (preferred), or consider extending one of the following types with your repository: org.springframework.data.mongodb.repository.MongoRepository.
2026-01-13 22:42:37 [restartedMain] INFO  org.springframework.data.repository.config.RepositoryConfigurationExtensionSupport - Spring Data MongoDB - Could not safely identify store assignment for repository candidate interface com.apmosys.employeeportal.repository.TimesheetRejectionDetailsNewRepository. If you want this repository to be a MongoDB repository, consider annotating your entities with one of these annotations: org.springframework.data.mongodb.core.mapping.Document (preferred), or consider extending one of the following types with your repository: org.springframework.data.mongodb.repository.MongoRepository.
2026-01-13 22:42:37 [restartedMain] INFO  org.springframework.data.repository.config.RepositoryConfigurationExtensionSupport - Spring Data MongoDB - Could not safely identify store assignment for repository candidate interface com.apmosys.employeeportal.repository.TimesheetRejectionReasonsMasterRepository. If you want this repository to be a MongoDB repository, consider annotating your entities with one of these annotations: org.springframework.data.mongodb.core.mapping.Document (preferred), or consider extending one of the following types with your repository: org.springframework.data.mongodb.repository.MongoRepository.
2026-01-13 22:42:37 [restartedMain] INFO  org.springframework.data.repository.config.RepositoryConfigurationExtensionSupport - Spring Data MongoDB - Could not safely identify store assignment for repository candidate interface com.apmosys.employeeportal.repository.TimesheetsRepository. If you want this repository to be a MongoDB repository, consider annotating your entities with one of these annotations: org.springframework.data.mongodb.core.mapping.Document (preferred), or consider extending one of the following types with your repository: org.springframework.data.mongodb.repository.MongoRepository.
2026-01-13 22:42:37 [restartedMain] INFO  org.springframework.data.repository.config.RepositoryConfigurationExtensionSupport - Spring Data MongoDB - Could not safely identify store assignment for repository candidate interface com.apmosys.employeeportal.repository.TravelBasedReimbursementRequestRepository. If you want this repository to be a MongoDB repository, consider annotating your entities with one of these annotations: org.springframework.data.mongodb.core.mapping.Document (preferred), or consider extending one of the following types with your repository: org.springframework.data.mongodb.repository.MongoRepository.
2026-01-13 22:42:37 [restartedMain] INFO  org.springframework.data.repository.config.RepositoryConfigurationExtensionSupport - Spring Data MongoDB - Could not safely identify store assignment for repository candidate interface com.apmosys.employeeportal.repository.TravelClassRepository. If you want this repository to be a MongoDB repository, consider annotating your entities with one of these annotations: org.springframework.data.mongodb.core.mapping.Document (preferred), or consider extending one of the following types with your repository: org.springframework.data.mongodb.repository.MongoRepository.
2026-01-13 22:42:37 [restartedMain] INFO  org.springframework.data.repository.config.RepositoryConfigurationExtensionSupport - Spring Data MongoDB - Could not safely identify store assignment for repository candidate interface com.apmosys.employeeportal.repository.TravelDeskRepository. If you want this repository to be a MongoDB repository, consider annotating your entities with one of these annotations: org.springframework.data.mongodb.core.mapping.Document (preferred), or consider extending one of the following types with your repository: org.springframework.data.mongodb.repository.MongoRepository.
2026-01-13 22:42:37 [restartedMain] INFO  org.springframework.data.repository.config.RepositoryConfigurationExtensionSupport - Spring Data MongoDB - Could not safely identify store assignment for repository candidate interface com.apmosys.employeeportal.repository.TravelModeRepository. If you want this repository to be a MongoDB repository, consider annotating your entities with one of these annotations: org.springframework.data.mongodb.core.mapping.Document (preferred), or consider extending one of the following types with your repository: org.springframework.data.mongodb.repository.MongoRepository.
2026-01-13 22:42:37 [restartedMain] INFO  org.springframework.data.repository.config.RepositoryConfigurationExtensionSupport - Spring Data MongoDB - Could not safely identify store assignment for repository candidate interface com.apmosys.employeeportal.repository.TravelReasonRepository. If you want this repository to be a MongoDB repository, consider annotating your entities with one of these annotations: org.springframework.data.mongodb.core.mapping.Document (preferred), or consider extending one of the following types with your repository: org.springframework.data.mongodb.repository.MongoRepository.
2026-01-13 22:42:37 [restartedMain] INFO  org.springframework.data.repository.config.RepositoryConfigurationExtensionSupport - Spring Data MongoDB - Could not safely identify store assignment for repository candidate interface com.apmosys.employeeportal.repository.TypeDocumentRepository. If you want this repository to be a MongoDB repository, consider annotating your entities with one of these annotations: org.springframework.data.mongodb.core.mapping.Document (preferred), or consider extending one of the following types with your repository: org.springframework.data.mongodb.repository.MongoRepository.
2026-01-13 22:42:37 [restartedMain] INFO  org.springframework.data.repository.config.RepositoryConfigurationExtensionSupport - Spring Data MongoDB - Could not safely identify store assignment for repository candidate interface com.apmosys.employeeportal.repository.UploadPolicyRepository. If you want this repository to be a MongoDB repository, consider annotating your entities with one of these annotations: org.springframework.data.mongodb.core.mapping.Document (preferred), or consider extending one of the following types with your repository: org.springframework.data.mongodb.repository.MongoRepository.
2026-01-13 22:42:37 [restartedMain] INFO  org.springframework.data.repository.config.RepositoryConfigurationExtensionSupport - Spring Data MongoDB - Could not safely identify store assignment for repository candidate interface com.apmosys.employeeportal.repository.UserContributionDocumentRepository. If you want this repository to be a MongoDB repository, consider annotating your entities with one of these annotations: org.springframework.data.mongodb.core.mapping.Document (preferred), or consider extending one of the following types with your repository: org.springframework.data.mongodb.repository.MongoRepository.
2026-01-13 22:42:37 [restartedMain] INFO  org.springframework.data.repository.config.RepositoryConfigurationExtensionSupport - Spring Data MongoDB - Could not safely identify store assignment for repository candidate interface com.apmosys.employeeportal.repository.UserContributionResponseRemarksRepository. If you want this repository to be a MongoDB repository, consider annotating your entities with one of these annotations: org.springframework.data.mongodb.core.mapping.Document (preferred), or consider extending one of the following types with your repository: org.springframework.data.mongodb.repository.MongoRepository.
2026-01-13 22:42:37 [restartedMain] INFO  org.springframework.data.repository.config.RepositoryConfigurationExtensionSupport - Spring Data MongoDB - Could not safely identify store assignment for repository candidate interface com.apmosys.employeeportal.repository.UserDataRepo. If you want this repository to be a MongoDB repository, consider annotating your entities with one of these annotations: org.springframework.data.mongodb.core.mapping.Document (preferred), or consider extending one of the following types with your repository: org.springframework.data.mongodb.repository.MongoRepository.
2026-01-13 22:42:37 [restartedMain] INFO  org.springframework.data.repository.config.RepositoryConfigurationExtensionSupport - Spring Data MongoDB - Could not safely identify store assignment for repository candidate interface com.apmosys.employeeportal.repository.UserSessionRepository. If you want this repository to be a MongoDB repository, consider annotating your entities with one of these annotations: org.springframework.data.mongodb.core.mapping.Document (preferred), or consider extending one of the following types with your repository: org.springframework.data.mongodb.repository.MongoRepository.
2026-01-13 22:42:37 [restartedMain] INFO  org.springframework.data.repository.config.RepositoryConfigurationExtensionSupport - Spring Data MongoDB - Could not safely identify store assignment for repository candidate interface com.apmosys.employeeportal.repository.VehicleTypeRepository. If you want this repository to be a MongoDB repository, consider annotating your entities with one of these annotations: org.springframework.data.mongodb.core.mapping.Document (preferred), or consider extending one of the following types with your repository: org.springframework.data.mongodb.repository.MongoRepository.
2026-01-13 22:42:37 [restartedMain] INFO  org.springframework.data.repository.config.RepositoryConfigurationExtensionSupport - Spring Data MongoDB - Could not safely identify store assignment for repository candidate interface com.apmosys.employeeportal.repository.WorkLocationTypeMasterRepository. If you want this repository to be a MongoDB repository, consider annotating your entities with one of these annotations: org.springframework.data.mongodb.core.mapping.Document (preferred), or consider extending one of the following types with your repository: org.springframework.data.mongodb.repository.MongoRepository.
2026-01-13 22:42:37 [restartedMain] INFO  org.springframework.data.repository.config.RepositoryConfigurationDelegate - Finished Spring Data repository scanning in 1764 ms. Found 10 MongoDB repository interfaces.
2026-01-13 22:42:37 [restartedMain] INFO  org.springframework.data.repository.config.RepositoryConfigurationDelegate - Finished Spring Data repository scanning in 1769 ms. Found 10 MongoDB repository interfaces.
2026-01-13 22:42:46 [restartedMain] INFO  org.hibernate.jpa.internal.util.LogHelper - HHH000204: Processing PersistenceUnitInfo [name: default]
2026-01-13 22:42:46 [restartedMain] INFO  org.hibernate.jpa.internal.util.LogHelper - HHH000204: Processing PersistenceUnitInfo [name: default]
2026-01-13 22:42:46 [restartedMain] INFO  com.zaxxer.hikari.HikariDataSource - HikariPool-104 - Starting...
2026-01-13 22:42:46 [restartedMain] INFO  com.zaxxer.hikari.HikariDataSource - HikariPool-105 - Starting...
2026-01-13 22:44:04 [restartedMain] INFO  org.springframework.boot.web.embedded.tomcat.TomcatWebServer - Tomcat initialized with port(s): 8080 (http)
2026-01-13 22:44:04 [restartedMain] INFO  org.apache.catalina.core.StandardService - Starting service [Tomcat]
2026-01-13 22:44:04 [restartedMain] INFO  org.apache.catalina.core.StandardEngine - Starting Servlet engine: [Apache Tomcat/9.0.62]
2026-01-13 22:44:07 [restartedMain] INFO  org.apache.catalina.core.ContainerBase.[Tomcat-62].[localhost].[/] - Initializing Spring embedded WebApplicationContext
2026-01-13 22:44:07 [restartedMain] INFO  org.springframework.boot.web.servlet.context.ServletWebServerApplicationContext - Root WebApplicationContext: initialization completed in 1360577 ms
2026-01-13 22:45:12 [restartedMain] ERROR com.zaxxer.hikari.pool.HikariPool - HikariPool-105 - Exception during pool initialization.
com.mysql.cj.jdbc.exceptions.CommunicationsException: Communications link failure

The last packet sent successfully to the server was 0 milliseconds ago. The driver has not received any packets from the server.
	at com.mysql.cj.jdbc.exceptions.SQLError.createCommunicationsException(SQLError.java:174)
	at com.mysql.cj.jdbc.exceptions.SQLExceptionsMapping.translateException(SQLExceptionsMapping.java:64)
	at com.mysql.cj.jdbc.ConnectionImpl.createNewIO(ConnectionImpl.java:829)
	at com.mysql.cj.jdbc.ConnectionImpl.<init>(ConnectionImpl.java:449)
	at com.mysql.cj.jdbc.ConnectionImpl.getInstance(ConnectionImpl.java:242)
	at com.mysql.cj.jdbc.NonRegisteringDriver.connect(NonRegisteringDriver.java:198)
	at com.zaxxer.hikari.util.DriverDataSource.getConnection(DriverDataSource.java:138)
	at com.zaxxer.hikari.pool.PoolBase.newConnection(PoolBase.java:364)
	at com.zaxxer.hikari.pool.PoolBase.newPoolEntry(PoolBase.java:206)
	at com.zaxxer.hikari.pool.HikariPool.createPoolEntry(HikariPool.java:476)
	at com.zaxxer.hikari.pool.HikariPool.checkFailFast(HikariPool.java:561)
	at com.zaxxer.hikari.pool.HikariPool.<init>(HikariPool.java:115)
	at com.zaxxer.hikari.HikariDataSource.getConnection(HikariDataSource.java:112)
	at org.hibernate.engine.jdbc.connections.internal.DatasourceConnectionProviderImpl.getConnection(DatasourceConnectionProviderImpl.java:122)
	at org.hibernate.engine.jdbc.env.internal.JdbcEnvironmentInitiator$ConnectionProviderJdbcConnectionAccess.obtainConnection(JdbcEnvironmentInitiator.java:181)
	at org.hibernate.engine.jdbc.env.internal.JdbcEnvironmentInitiator.initiateService(JdbcEnvironmentInitiator.java:68)
	at org.hibernate.engine.jdbc.env.internal.JdbcEnvironmentInitiator.initiateService(JdbcEnvironmentInitiator.java:35)
	at org.hibernate.boot.registry.internal.StandardServiceRegistryImpl.initiateService(StandardServiceRegistryImpl.java:101)
	at org.hibernate.service.internal.AbstractServiceRegistryImpl.createService(AbstractServiceRegistryImpl.java:263)
	at org.hibernate.service.internal.AbstractServiceRegistryImpl.initializeService(AbstractServiceRegistryImpl.java:237)
	at org.hibernate.service.internal.AbstractServiceRegistryImpl.getService(AbstractServiceRegistryImpl.java:214)
	at org.hibernate.id.factory.internal.DefaultIdentifierGeneratorFactory.injectServices(DefaultIdentifierGeneratorFactory.java:175)
	at org.hibernate.service.internal.AbstractServiceRegistryImpl.injectDependencies(AbstractServiceRegistryImpl.java:286)
	at org.hibernate.service.internal.AbstractServiceRegistryImpl.initializeService(AbstractServiceRegistryImpl.java:243)
	at org.hibernate.service.internal.AbstractServiceRegistryImpl.getService(AbstractServiceRegistryImpl.java:214)
	at org.hibernate.boot.internal.InFlightMetadataCollectorImpl.<init>(InFlightMetadataCollectorImpl.java:173)
	at org.hibernate.boot.model.process.spi.MetadataBuildingProcess.complete(MetadataBuildingProcess.java:127)
	at org.hibernate.jpa.boot.internal.EntityManagerFactoryBuilderImpl.metadata(EntityManagerFactoryBuilderImpl.java:1460)
	at org.hibernate.jpa.boot.internal.EntityManagerFactoryBuilderImpl.build(EntityManagerFactoryBuilderImpl.java:1494)
	at org.springframework.orm.jpa.vendor.SpringHibernateJpaPersistenceProvider.createContainerEntityManagerFactory(SpringHibernateJpaPersistenceProvider.java:58)
	at org.springframework.orm.jpa.LocalContainerEntityManagerFactoryBean.createNativeEntityManagerFactory(LocalContainerEntityManagerFactoryBean.java:365)
	at org.springframework.orm.jpa.AbstractEntityManagerFactoryBean.buildNativeEntityManagerFactory(AbstractEntityManagerFactoryBean.java:409)
	at org.springframework.orm.jpa.AbstractEntityManagerFactoryBean.afterPropertiesSet(AbstractEntityManagerFactoryBean.java:396)
	at org.springframework.orm.jpa.LocalContainerEntityManagerFactoryBean.afterPropertiesSet(LocalContainerEntityManagerFactoryBean.java:341)
	at org.springframework.beans.factory.support.AbstractAutowireCapableBeanFactory.invokeInitMethods(AbstractAutowireCapableBeanFactory.java:1863)
	at org.springframework.beans.factory.support.AbstractAutowireCapableBeanFactory.initializeBean(AbstractAutowireCapableBeanFactory.java:1800)
	at org.springframework.beans.factory.support.AbstractAutowireCapableBeanFactory.doCreateBean(AbstractAutowireCapableBeanFactory.java:620)
	at org.springframework.beans.factory.support.AbstractAutowireCapableBeanFactory.createBean(AbstractAutowireCapableBeanFactory.java:542)
	at org.springframework.beans.factory.support.AbstractBeanFactory.lambda$doGetBean$0(AbstractBeanFactory.java:335)
	at org.springframework.beans.factory.support.DefaultSingletonBeanRegistry.getSingleton(DefaultSingletonBeanRegistry.java:234)
	at org.springframework.beans.factory.support.AbstractBeanFactory.doGetBean(AbstractBeanFactory.java:333)
	at org.springframework.beans.factory.support.AbstractBeanFactory.getBean(AbstractBeanFactory.java:208)
	at org.springframework.beans.factory.support.BeanDefinitionValueResolver.resolveReference(BeanDefinitionValueResolver.java:330)
	at org.springframework.beans.factory.support.BeanDefinitionValueResolver.resolveValueIfNecessary(BeanDefinitionValueResolver.java:113)
	at org.springframework.beans.factory.support.ConstructorResolver.resolveConstructorArguments(ConstructorResolver.java:693)
	at org.springframework.beans.factory.support.ConstructorResolver.instantiateUsingFactoryMethod(ConstructorResolver.java:510)
	at org.springframework.beans.factory.support.AbstractAutowireCapableBeanFactory.instantiateUsingFactoryMethod(AbstractAutowireCapableBeanFactory.java:1352)
	at org.springframework.beans.factory.support.AbstractAutowireCapableBeanFactory.createBeanInstance(AbstractAutowireCapableBeanFactory.java:1195)
	at org.springframework.beans.factory.support.AbstractAutowireCapableBeanFactory.doCreateBean(AbstractAutowireCapableBeanFactory.java:582)
	at org.springframework.beans.factory.support.AbstractAutowireCapableBeanFactory.createBean(AbstractAutowireCapableBeanFactory.java:542)
	at org.springframework.beans.factory.support.BeanDefinitionValueResolver.resolveInnerBean(BeanDefinitionValueResolver.java:374)
	at org.springframework.beans.factory.support.BeanDefinitionValueResolver.resolveValueIfNecessary(BeanDefinitionValueResolver.java:134)
	at org.springframework.beans.factory.support.AbstractAutowireCapableBeanFactory.applyPropertyValues(AbstractAutowireCapableBeanFactory.java:1707)
	at org.springframework.beans.factory.support.AbstractAutowireCapableBeanFactory.populateBean(AbstractAutowireCapableBeanFactory.java:1452)
	at org.springframework.beans.factory.support.AbstractAutowireCapableBeanFactory.doCreateBean(AbstractAutowireCapableBeanFactory.java:619)
	at org.springframework.beans.factory.support.AbstractAutowireCapableBeanFactory.createBean(AbstractAutowireCapableBeanFactory.java:542)
	at org.springframework.beans.factory.support.AbstractBeanFactory.lambda$doGetBean$0(AbstractBeanFactory.java:335)
	at org.springframework.beans.factory.support.DefaultSingletonBeanRegistry.getSingleton(DefaultSingletonBeanRegistry.java:234)
	at org.springframework.beans.factory.support.AbstractBeanFactory.doGetBean(AbstractBeanFactory.java:333)
	at org.springframework.beans.factory.support.AbstractBeanFactory.getBean(AbstractBeanFactory.java:208)
	at org.springframework.beans.factory.config.DependencyDescriptor.resolveCandidate(DependencyDescriptor.java:276)
	at org.springframework.beans.factory.support.DefaultListableBeanFactory.doResolveDependency(DefaultListableBeanFactory.java:1389)
	at org.springframework.beans.factory.support.DefaultListableBeanFactory.resolveDependency(DefaultListableBeanFactory.java:1309)
	at org.springframework.beans.factory.annotation.AutowiredAnnotationBeanPostProcessor$AutowiredFieldElement.resolveFieldValue(AutowiredAnnotationBeanPostProcessor.java:656)
	at org.springframework.beans.factory.annotation.AutowiredAnnotationBeanPostProcessor$AutowiredFieldElement.inject(AutowiredAnnotationBeanPostProcessor.java:639)
	at org.springframework.beans.factory.annotation.InjectionMetadata.inject(InjectionMetadata.java:119)
	at org.springframework.beans.factory.annotation.AutowiredAnnotationBeanPostProcessor.postProcessProperties(AutowiredAnnotationBeanPostProcessor.java:399)
	at org.springframework.beans.factory.support.AbstractAutowireCapableBeanFactory.populateBean(AbstractAutowireCapableBeanFactory.java:1431)
	at org.springframework.beans.factory.support.AbstractAutowireCapableBeanFactory.doCreateBean(AbstractAutowireCapableBeanFactory.java:619)
	at org.springframework.beans.factory.support.AbstractAutowireCapableBeanFactory.createBean(AbstractAutowireCapableBeanFactory.java:542)
	at org.springframework.beans.factory.support.AbstractBeanFactory.lambda$doGetBean$0(AbstractBeanFactory.java:335)
	at org.springframework.beans.factory.support.DefaultSingletonBeanRegistry.getSingleton(DefaultSingletonBeanRegistry.java:234)
	at org.springframework.beans.factory.support.AbstractBeanFactory.doGetBean(AbstractBeanFactory.java:333)
	at org.springframework.beans.factory.support.AbstractBeanFactory.getBean(AbstractBeanFactory.java:208)
	at org.springframework.beans.factory.config.DependencyDescriptor.resolveCandidate(DependencyDescriptor.java:276)
	at org.springframework.beans.factory.support.DefaultListableBeanFactory.doResolveDependency(DefaultListableBeanFactory.java:1389)
	at org.springframework.beans.factory.support.DefaultListableBeanFactory.resolveDependency(DefaultListableBeanFactory.java:1309)
	at org.springframework.beans.factory.annotation.AutowiredAnnotationBeanPostProcessor$AutowiredFieldElement.resolveFieldValue(AutowiredAnnotationBeanPostProcessor.java:656)
	at org.springframework.beans.factory.annotation.AutowiredAnnotationBeanPostProcessor$AutowiredFieldElement.inject(AutowiredAnnotationBeanPostProcessor.java:639)
	at org.springframework.beans.factory.annotation.InjectionMetadata.inject(InjectionMetadata.java:119)
	at org.springframework.beans.factory.annotation.AutowiredAnnotationBeanPostProcessor.postProcessProperties(AutowiredAnnotationBeanPostProcessor.java:399)
	at org.springframework.beans.factory.support.AbstractAutowireCapableBeanFactory.populateBean(AbstractAutowireCapableBeanFactory.java:1431)
	at org.springframework.beans.factory.support.AbstractAutowireCapableBeanFactory.doCreateBean(AbstractAutowireCapableBeanFactory.java:619)
	at org.springframework.beans.factory.support.AbstractAutowireCapableBeanFactory.createBean(AbstractAutowireCapableBeanFactory.java:542)
	at org.springframework.beans.factory.support.AbstractBeanFactory.lambda$doGetBean$0(AbstractBeanFactory.java:335)
	at org.springframework.beans.factory.support.DefaultSingletonBeanRegistry.getSingleton(DefaultSingletonBeanRegistry.java:234)
	at org.springframework.beans.factory.support.AbstractBeanFactory.doGetBean(AbstractBeanFactory.java:333)
	at org.springframework.beans.factory.support.AbstractBeanFactory.getBean(AbstractBeanFactory.java:208)
	at org.springframework.beans.factory.config.DependencyDescriptor.resolveCandidate(DependencyDescriptor.java:276)
	at org.springframework.beans.factory.support.DefaultListableBeanFactory.doResolveDependency(DefaultListableBeanFactory.java:1389)
	at org.springframework.beans.factory.support.DefaultListableBeanFactory.resolveDependency(DefaultListableBeanFactory.java:1309)
	at org.springframework.beans.factory.annotation.AutowiredAnnotationBeanPostProcessor$AutowiredFieldElement.resolveFieldValue(AutowiredAnnotationBeanPostProcessor.java:656)
	at org.springframework.beans.factory.annotation.AutowiredAnnotationBeanPostProcessor$AutowiredFieldElement.inject(AutowiredAnnotationBeanPostProcessor.java:639)
	at org.springframework.beans.factory.annotation.InjectionMetadata.inject(InjectionMetadata.java:119)
	at org.springframework.beans.factory.annotation.AutowiredAnnotationBeanPostProcessor.postProcessProperties(AutowiredAnnotationBeanPostProcessor.java:399)
	at org.springframework.beans.factory.support.AbstractAutowireCapableBeanFactory.populateBean(AbstractAutowireCapableBeanFactory.java:1431)
	at org.springframework.beans.factory.support.AbstractAutowireCapableBeanFactory.doCreateBean(AbstractAutowireCapableBeanFactory.java:619)
	at org.springframework.beans.factory.support.AbstractAutowireCapableBeanFactory.createBean(AbstractAutowireCapableBeanFactory.java:542)
	at org.springframework.beans.factory.support.AbstractBeanFactory.lambda$doGetBean$0(AbstractBeanFactory.java:335)
	at org.springframework.beans.factory.support.DefaultSingletonBeanRegistry.getSingleton(DefaultSingletonBeanRegistry.java:234)
	at org.springframework.beans.factory.support.AbstractBeanFactory.doGetBean(AbstractBeanFactory.java:333)
	at org.springframework.beans.factory.support.AbstractBeanFactory.getBean(AbstractBeanFactory.java:208)
	at org.springframework.beans.factory.support.ConstructorResolver.instantiateUsingFactoryMethod(ConstructorResolver.java:410)
	at org.springframework.beans.factory.support.AbstractAutowireCapableBeanFactory.instantiateUsingFactoryMethod(AbstractAutowireCapableBeanFactory.java:1352)
	at org.springframework.beans.factory.support.AbstractAutowireCapableBeanFactory.createBeanInstance(AbstractAutowireCapableBeanFactory.java:1195)
	at org.springframework.beans.factory.support.AbstractAutowireCapableBeanFactory.doCreateBean(AbstractAutowireCapableBeanFactory.java:582)
	at org.springframework.beans.factory.support.AbstractAutowireCapableBeanFactory.createBean(AbstractAutowireCapableBeanFactory.java:542)
	at org.springframework.beans.factory.support.AbstractBeanFactory.lambda$doGetBean$0(AbstractBeanFactory.java:335)
	at org.springframework.beans.factory.support.DefaultSingletonBeanRegistry.getSingleton(DefaultSingletonBeanRegistry.java:234)
	at org.springframework.beans.factory.support.AbstractBeanFactory.doGetBean(AbstractBeanFactory.java:333)
	at org.springframework.beans.factory.support.AbstractBeanFactory.getBean(AbstractBeanFactory.java:208)
	at org.springframework.beans.factory.config.DependencyDescriptor.resolveCandidate(DependencyDescriptor.java:276)
	at org.springframework.beans.factory.support.DefaultListableBeanFactory.doResolveDependency(DefaultListableBeanFactory.java:1389)
	at org.springframework.beans.factory.support.DefaultListableBeanFactory$DependencyObjectProvider.getIfAvailable(DefaultListableBeanFactory.java:2030)
	at org.springframework.beans.factory.support.DefaultListableBeanFactory$DependencyObjectProvider.ifAvailable(DefaultListableBeanFactory.java:2041)
	at org.springframework.boot.autoconfigure.web.servlet.DispatcherServletAutoConfiguration$DispatcherServletRegistrationConfiguration.dispatcherServletRegistration(DispatcherServletAutoConfiguration.java:124)
	at java.base/jdk.internal.reflect.NativeMethodAccessorImpl.invoke0(Native Method)
	at java.base/jdk.internal.reflect.NativeMethodAccessorImpl.invoke(NativeMethodAccessorImpl.java:77)
	at java.base/jdk.internal.reflect.DelegatingMethodAccessorImpl.invoke(DelegatingMethodAccessorImpl.java:43)
	at java.base/java.lang.reflect.Method.invoke(Method.java:568)
	at org.springframework.beans.factory.support.SimpleInstantiationStrategy.instantiate(SimpleInstantiationStrategy.java:154)
	at org.springframework.beans.factory.support.ConstructorResolver.instantiate(ConstructorResolver.java:653)
	at org.springframework.beans.factory.support.ConstructorResolver.instantiateUsingFactoryMethod(ConstructorResolver.java:638)
	at org.springframework.beans.factory.support.AbstractAutowireCapableBeanFactory.instantiateUsingFactoryMethod(AbstractAutowireCapableBeanFactory.java:1352)
	at org.springframework.beans.factory.support.AbstractAutowireCapableBeanFactory.createBeanInstance(AbstractAutowireCapableBeanFactory.java:1195)
	at org.springframework.beans.factory.support.AbstractAutowireCapableBeanFactory.doCreateBean(AbstractAutowireCapableBeanFactory.java:582)
	at org.springframework.beans.factory.support.AbstractAutowireCapableBeanFactory.createBean(AbstractAutowireCapableBeanFactory.java:542)
	at org.springframework.beans.factory.support.AbstractBeanFactory.lambda$doGetBean$0(AbstractBeanFactory.java:335)
	at org.springframework.beans.factory.support.DefaultSingletonBeanRegistry.getSingleton(DefaultSingletonBeanRegistry.java:234)
	at org.springframework.beans.factory.support.AbstractBeanFactory.doGetBean(AbstractBeanFactory.java:333)
	at org.springframework.beans.factory.support.AbstractBeanFactory.getBean(AbstractBeanFactory.java:208)
	at org.springframework.beans.factory.config.DependencyDescriptor.resolveCandidate(DependencyDescriptor.java:276)
	at org.springframework.beans.factory.support.DefaultListableBeanFactory.doResolveDependency(DefaultListableBeanFactory.java:1389)
	at org.springframework.beans.factory.support.DefaultListableBeanFactory.resolveDependency(DefaultListableBeanFactory.java:1309)
	at org.springframework.beans.factory.support.ConstructorResolver.resolveAutowiredArgument(ConstructorResolver.java:887)
	at org.springframework.beans.factory.support.ConstructorResolver.createArgumentArray(ConstructorResolver.java:791)
	at org.springframework.beans.factory.support.ConstructorResolver.instantiateUsingFactoryMethod(ConstructorResolver.java:541)
	at org.springframework.beans.factory.support.AbstractAutowireCapableBeanFactory.instantiateUsingFactoryMethod(AbstractAutowireCapableBeanFactory.java:1352)
	at org.springframework.beans.factory.support.AbstractAutowireCapableBeanFactory.createBeanInstance(AbstractAutowireCapableBeanFactory.java:1195)
	at org.springframework.beans.factory.support.AbstractAutowireCapableBeanFactory.doCreateBean(AbstractAutowireCapableBeanFactory.java:582)
	at org.springframework.beans.factory.support.AbstractAutowireCapableBeanFactory.createBean(AbstractAutowireCapableBeanFactory.java:542)
	at org.springframework.beans.factory.support.AbstractBeanFactory.lambda$doGetBean$0(AbstractBeanFactory.java:335)
	at org.springframework.beans.factory.support.DefaultSingletonBeanRegistry.getSingleton(DefaultSingletonBeanRegistry.java:234)
	at org.springframework.beans.factory.support.AbstractBeanFactory.doGetBean(AbstractBeanFactory.java:333)
	at org.springframework.beans.factory.support.AbstractBeanFactory.getBean(AbstractBeanFactory.java:208)
	at org.springframework.beans.factory.support.DefaultListableBeanFactory.getBeansOfType(DefaultListableBeanFactory.java:671)
	at org.springframework.boot.web.server.ErrorPageRegistrarBeanPostProcessor.getRegistrars(ErrorPageRegistrarBeanPostProcessor.java:76)
	at org.springframework.boot.web.server.ErrorPageRegistrarBeanPostProcessor.postProcessBeforeInitialization(ErrorPageRegistrarBeanPostProcessor.java:67)
	at org.springframework.boot.web.server.ErrorPageRegistrarBeanPostProcessor.postProcessBeforeInitialization(ErrorPageRegistrarBeanPostProcessor.java:56)
	at org.springframework.beans.factory.support.AbstractAutowireCapableBeanFactory.applyBeanPostProcessorsBeforeInitialization(AbstractAutowireCapableBeanFactory.java:440)
	at org.springframework.beans.factory.support.AbstractAutowireCapableBeanFactory.initializeBean(AbstractAutowireCapableBeanFactory.java:1796)
	at org.springframework.beans.factory.support.AbstractAutowireCapableBeanFactory.doCreateBean(AbstractAutowireCapableBeanFactory.java:620)
	at org.springframework.beans.factory.support.AbstractAutowireCapableBeanFactory.createBean(AbstractAutowireCapableBeanFactory.java:542)
	at org.springframework.beans.factory.support.AbstractBeanFactory.lambda$doGetBean$0(AbstractBeanFactory.java:335)
	at org.springframework.beans.factory.support.DefaultSingletonBeanRegistry.getSingleton(DefaultSingletonBeanRegistry.java:234)
	at org.springframework.beans.factory.support.AbstractBeanFactory.doGetBean(AbstractBeanFactory.java:333)
	at org.springframework.beans.factory.support.AbstractBeanFactory.getBean(AbstractBeanFactory.java:213)
	at org.springframework.boot.web.servlet.context.ServletWebServerApplicationContext.getWebServerFactory(ServletWebServerApplicationContext.java:217)
	at org.springframework.boot.web.servlet.context.ServletWebServerApplicationContext.createWebServer(ServletWebServerApplicationContext.java:180)
	at org.springframework.boot.web.servlet.context.ServletWebServerApplicationContext.onRefresh(ServletWebServerApplicationContext.java:160)
	at org.springframework.context.support.AbstractApplicationContext.refresh(AbstractApplicationContext.java:577)
	at org.springframework.boot.web.servlet.context.ServletWebServerApplicationContext.refresh(ServletWebServerApplicationContext.java:145)
	at org.springframework.boot.SpringApplication.refresh(SpringApplication.java:740)
	at org.springframework.boot.SpringApplication.refreshContext(SpringApplication.java:415)
	at org.springframework.boot.SpringApplication.run(SpringApplication.java:303)
	at org.springframework.boot.SpringApplication.run(SpringApplication.java:1312)
	at org.springframework.boot.SpringApplication.run(SpringApplication.java:1301)
	at com.apmosys.employeeportal.EmployeeportalApplication.main(EmployeeportalApplication.java:17)
	at java.base/jdk.internal.reflect.NativeMethodAccessorImpl.invoke0(Native Method)
	at java.base/jdk.internal.reflect.NativeMethodAccessorImpl.invoke(NativeMethodAccessorImpl.java:77)
	at java.base/jdk.internal.reflect.DelegatingMethodAccessorImpl.invoke(DelegatingMethodAccessorImpl.java:43)
	at java.base/java.lang.reflect.Method.invoke(Method.java:568)
	at org.springframework.boot.devtools.restart.RestartLauncher.run(RestartLauncher.java:49)
Caused by: com.mysql.cj.exceptions.CJCommunicationsException: Communications link failure

The last packet sent successfully to the server was 0 milliseconds ago. The driver has not received any packets from the server.
	at java.base/jdk.internal.reflect.NativeConstructorAccessorImpl.newInstance0(Native Method)
	at java.base/jdk.internal.reflect.NativeConstructorAccessorImpl.newInstance(NativeConstructorAccessorImpl.java:77)
	at java.base/jdk.internal.reflect.DelegatingConstructorAccessorImpl.newInstance(DelegatingConstructorAccessorImpl.java:45)
	at java.base/java.lang.reflect.Constructor.newInstanceWithCaller(Constructor.java:499)
	at java.base/java.lang.reflect.Constructor.newInstance(Constructor.java:480)
	at com.mysql.cj.exceptions.ExceptionFactory.createException(ExceptionFactory.java:61)
	at com.mysql.cj.exceptions.ExceptionFactory.createException(ExceptionFactory.java:105)
	at com.mysql.cj.exceptions.ExceptionFactory.createException(ExceptionFactory.java:151)
	at com.mysql.cj.exceptions.ExceptionFactory.createCommunicationsException(ExceptionFactory.java:167)
	at com.mysql.cj.protocol.a.NativeSocketConnection.connect(NativeSocketConnection.java:89)
	at com.mysql.cj.NativeSession.connect(NativeSession.java:120)
	at com.mysql.cj.jdbc.ConnectionImpl.connectOneTryOnly(ConnectionImpl.java:949)
	at com.mysql.cj.jdbc.ConnectionImpl.createNewIO(ConnectionImpl.java:819)
	... 170 common frames omitted
Caused by: java.net.ConnectException: Connection timed out
	at java.base/sun.nio.ch.Net.pollConnect(Native Method)
	at java.base/sun.nio.ch.Net.pollConnectNow(Net.java:672)
	at java.base/sun.nio.ch.NioSocketImpl.timedFinishConnect(NioSocketImpl.java:549)
	at java.base/sun.nio.ch.NioSocketImpl.connect(NioSocketImpl.java:597)
	at java.base/java.net.SocksSocketImpl.connect(SocksSocketImpl.java:327)
	at java.base/java.net.Socket.connect(Socket.java:633)
	at com.mysql.cj.protocol.StandardSocketFactory.connect(StandardSocketFactory.java:156)
	at com.mysql.cj.protocol.a.NativeSocketConnection.connect(NativeSocketConnection.java:63)
	... 173 common frames omitted
2026-01-13 22:45:42 [restartedMain] WARN  org.hibernate.engine.jdbc.env.internal.JdbcEnvironmentInitiator - HHH000342: Could not obtain connection to query metadata
com.mysql.cj.jdbc.exceptions.CommunicationsException: Communications link failure

The last packet sent successfully to the server was 0 milliseconds ago. The driver has not received any packets from the server.
	at com.mysql.cj.jdbc.exceptions.SQLError.createCommunicationsException(SQLError.java:174)
	at com.mysql.cj.jdbc.exceptions.SQLExceptionsMapping.translateException(SQLExceptionsMapping.java:64)
	at com.mysql.cj.jdbc.ConnectionImpl.createNewIO(ConnectionImpl.java:829)
	at com.mysql.cj.jdbc.ConnectionImpl.<init>(ConnectionImpl.java:449)
	at com.mysql.cj.jdbc.ConnectionImpl.getInstance(ConnectionImpl.java:242)
	at com.mysql.cj.jdbc.NonRegisteringDriver.connect(NonRegisteringDriver.java:198)
	at com.zaxxer.hikari.util.DriverDataSource.getConnection(DriverDataSource.java:138)
	at com.zaxxer.hikari.pool.PoolBase.newConnection(PoolBase.java:364)
	at com.zaxxer.hikari.pool.PoolBase.newPoolEntry(PoolBase.java:206)
	at com.zaxxer.hikari.pool.HikariPool.createPoolEntry(HikariPool.java:476)
	at com.zaxxer.hikari.pool.HikariPool.checkFailFast(HikariPool.java:561)
	at com.zaxxer.hikari.pool.HikariPool.<init>(HikariPool.java:115)
	at com.zaxxer.hikari.HikariDataSource.getConnection(HikariDataSource.java:112)
	at org.hibernate.engine.jdbc.connections.internal.DatasourceConnectionProviderImpl.getConnection(DatasourceConnectionProviderImpl.java:122)
	at org.hibernate.engine.jdbc.env.internal.JdbcEnvironmentInitiator$ConnectionProviderJdbcConnectionAccess.obtainConnection(JdbcEnvironmentInitiator.java:181)
	at org.hibernate.engine.jdbc.env.internal.JdbcEnvironmentInitiator.initiateService(JdbcEnvironmentInitiator.java:68)
	at org.hibernate.engine.jdbc.env.internal.JdbcEnvironmentInitiator.initiateService(JdbcEnvironmentInitiator.java:35)
	at org.hibernate.boot.registry.internal.StandardServiceRegistryImpl.initiateService(StandardServiceRegistryImpl.java:101)
	at org.hibernate.service.internal.AbstractServiceRegistryImpl.createService(AbstractServiceRegistryImpl.java:263)
	at org.hibernate.service.internal.AbstractServiceRegistryImpl.initializeService(AbstractServiceRegistryImpl.java:237)
	at org.hibernate.service.internal.AbstractServiceRegistryImpl.getService(AbstractServiceRegistryImpl.java:214)
	at org.hibernate.id.factory.internal.DefaultIdentifierGeneratorFactory.injectServices(DefaultIdentifierGeneratorFactory.java:175)
	at org.hibernate.service.internal.AbstractServiceRegistryImpl.injectDependencies(AbstractServiceRegistryImpl.java:286)
	at org.hibernate.service.internal.AbstractServiceRegistryImpl.initializeService(AbstractServiceRegistryImpl.java:243)
	at org.hibernate.service.internal.AbstractServiceRegistryImpl.getService(AbstractServiceRegistryImpl.java:214)
	at org.hibernate.boot.internal.InFlightMetadataCollectorImpl.<init>(InFlightMetadataCollectorImpl.java:173)
	at org.hibernate.boot.model.process.spi.MetadataBuildingProcess.complete(MetadataBuildingProcess.java:127)
	at org.hibernate.jpa.boot.internal.EntityManagerFactoryBuilderImpl.metadata(EntityManagerFactoryBuilderImpl.java:1460)
	at org.hibernate.jpa.boot.internal.EntityManagerFactoryBuilderImpl.build(EntityManagerFactoryBuilderImpl.java:1494)
	at org.springframework.orm.jpa.vendor.SpringHibernateJpaPersistenceProvider.createContainerEntityManagerFactory(SpringHibernateJpaPersistenceProvider.java:58)
	at org.springframework.orm.jpa.LocalContainerEntityManagerFactoryBean.createNativeEntityManagerFactory(LocalContainerEntityManagerFactoryBean.java:365)
	at org.springframework.orm.jpa.AbstractEntityManagerFactoryBean.buildNativeEntityManagerFactory(AbstractEntityManagerFactoryBean.java:409)
	at org.springframework.orm.jpa.AbstractEntityManagerFactoryBean.afterPropertiesSet(AbstractEntityManagerFactoryBean.java:396)
	at org.springframework.orm.jpa.LocalContainerEntityManagerFactoryBean.afterPropertiesSet(LocalContainerEntityManagerFactoryBean.java:341)
	at org.springframework.beans.factory.support.AbstractAutowireCapableBeanFactory.invokeInitMethods(AbstractAutowireCapableBeanFactory.java:1863)
	at org.springframework.beans.factory.support.AbstractAutowireCapableBeanFactory.initializeBean(AbstractAutowireCapableBeanFactory.java:1800)
	at org.springframework.beans.factory.support.AbstractAutowireCapableBeanFactory.doCreateBean(AbstractAutowireCapableBeanFactory.java:620)
	at org.springframework.beans.factory.support.AbstractAutowireCapableBeanFactory.createBean(AbstractAutowireCapableBeanFactory.java:542)
	at org.springframework.beans.factory.support.AbstractBeanFactory.lambda$doGetBean$0(AbstractBeanFactory.java:335)
	at org.springframework.beans.factory.support.DefaultSingletonBeanRegistry.getSingleton(DefaultSingletonBeanRegistry.java:234)
	at org.springframework.beans.factory.support.AbstractBeanFactory.doGetBean(AbstractBeanFactory.java:333)
	at org.springframework.beans.factory.support.AbstractBeanFactory.getBean(AbstractBeanFactory.java:208)
	at org.springframework.beans.factory.support.BeanDefinitionValueResolver.resolveReference(BeanDefinitionValueResolver.java:330)
	at org.springframework.beans.factory.support.BeanDefinitionValueResolver.resolveValueIfNecessary(BeanDefinitionValueResolver.java:113)
	at org.springframework.beans.factory.support.ConstructorResolver.resolveConstructorArguments(ConstructorResolver.java:693)
	at org.springframework.beans.factory.support.ConstructorResolver.instantiateUsingFactoryMethod(ConstructorResolver.java:510)
	at org.springframework.beans.factory.support.AbstractAutowireCapableBeanFactory.instantiateUsingFactoryMethod(AbstractAutowireCapableBeanFactory.java:1352)
	at org.springframework.beans.factory.support.AbstractAutowireCapableBeanFactory.createBeanInstance(AbstractAutowireCapableBeanFactory.java:1195)
	at org.springframework.beans.factory.support.AbstractAutowireCapableBeanFactory.doCreateBean(AbstractAutowireCapableBeanFactory.java:582)
	at org.springframework.beans.factory.support.AbstractAutowireCapableBeanFactory.createBean(AbstractAutowireCapableBeanFactory.java:542)
	at org.springframework.beans.factory.support.BeanDefinitionValueResolver.resolveInnerBean(BeanDefinitionValueResolver.java:374)
	at org.springframework.beans.factory.support.BeanDefinitionValueResolver.resolveValueIfNecessary(BeanDefinitionValueResolver.java:134)
	at org.springframework.beans.factory.support.AbstractAutowireCapableBeanFactory.applyPropertyValues(AbstractAutowireCapableBeanFactory.java:1707)
	at org.springframework.beans.factory.support.AbstractAutowireCapableBeanFactory.populateBean(AbstractAutowireCapableBeanFactory.java:1452)
	at org.springframework.beans.factory.support.AbstractAutowireCapableBeanFactory.doCreateBean(AbstractAutowireCapableBeanFactory.java:619)
	at org.springframework.beans.factory.support.AbstractAutowireCapableBeanFactory.createBean(AbstractAutowireCapableBeanFactory.java:542)
	at org.springframework.beans.factory.support.AbstractBeanFactory.lambda$doGetBean$0(AbstractBeanFactory.java:335)
	at org.springframework.beans.factory.support.DefaultSingletonBeanRegistry.getSingleton(DefaultSingletonBeanRegistry.java:234)
	at org.springframework.beans.factory.support.AbstractBeanFactory.doGetBean(AbstractBeanFactory.java:333)
	at org.springframework.beans.factory.support.AbstractBeanFactory.getBean(AbstractBeanFactory.java:208)
	at org.springframework.beans.factory.config.DependencyDescriptor.resolveCandidate(DependencyDescriptor.java:276)
	at org.springframework.beans.factory.support.DefaultListableBeanFactory.doResolveDependency(DefaultListableBeanFactory.java:1389)
	at org.springframework.beans.factory.support.DefaultListableBeanFactory.resolveDependency(DefaultListableBeanFactory.java:1309)
	at org.springframework.beans.factory.annotation.AutowiredAnnotationBeanPostProcessor$AutowiredFieldElement.resolveFieldValue(AutowiredAnnotationBeanPostProcessor.java:656)
	at org.springframework.beans.factory.annotation.AutowiredAnnotationBeanPostProcessor$AutowiredFieldElement.inject(AutowiredAnnotationBeanPostProcessor.java:639)
	at org.springframework.beans.factory.annotation.InjectionMetadata.inject(InjectionMetadata.java:119)
	at org.springframework.beans.factory.annotation.AutowiredAnnotationBeanPostProcessor.postProcessProperties(AutowiredAnnotationBeanPostProcessor.java:399)
	at org.springframework.beans.factory.support.AbstractAutowireCapableBeanFactory.populateBean(AbstractAutowireCapableBeanFactory.java:1431)
	at org.springframework.beans.factory.support.AbstractAutowireCapableBeanFactory.doCreateBean(AbstractAutowireCapableBeanFactory.java:619)
	at org.springframework.beans.factory.support.AbstractAutowireCapableBeanFactory.createBean(AbstractAutowireCapableBeanFactory.java:542)
	at org.springframework.beans.factory.support.AbstractBeanFactory.lambda$doGetBean$0(AbstractBeanFactory.java:335)
	at org.springframework.beans.factory.support.DefaultSingletonBeanRegistry.getSingleton(DefaultSingletonBeanRegistry.java:234)
	at org.springframework.beans.factory.support.AbstractBeanFactory.doGetBean(AbstractBeanFactory.java:333)
	at org.springframework.beans.factory.support.AbstractBeanFactory.getBean(AbstractBeanFactory.java:208)
	at org.springframework.beans.factory.config.DependencyDescriptor.resolveCandidate(DependencyDescriptor.java:276)
	at org.springframework.beans.factory.support.DefaultListableBeanFactory.doResolveDependency(DefaultListableBeanFactory.java:1389)
	at org.springframework.beans.factory.support.DefaultListableBeanFactory.resolveDependency(DefaultListableBeanFactory.java:1309)
	at org.springframework.beans.factory.annotation.AutowiredAnnotationBeanPostProcessor$AutowiredFieldElement.resolveFieldValue(AutowiredAnnotationBeanPostProcessor.java:656)
	at org.springframework.beans.factory.annotation.AutowiredAnnotationBeanPostProcessor$AutowiredFieldElement.inject(AutowiredAnnotationBeanPostProcessor.java:639)
	at org.springframework.beans.factory.annotation.InjectionMetadata.inject(InjectionMetadata.java:119)
	at org.springframework.beans.factory.annotation.AutowiredAnnotationBeanPostProcessor.postProcessProperties(AutowiredAnnotationBeanPostProcessor.java:399)
	at org.springframework.beans.factory.support.AbstractAutowireCapableBeanFactory.populateBean(AbstractAutowireCapableBeanFactory.java:1431)
	at org.springframework.beans.factory.support.AbstractAutowireCapableBeanFactory.doCreateBean(AbstractAutowireCapableBeanFactory.java:619)
	at org.springframework.beans.factory.support.AbstractAutowireCapableBeanFactory.createBean(AbstractAutowireCapableBeanFactory.java:542)
	at org.springframework.beans.factory.support.AbstractBeanFactory.lambda$doGetBean$0(AbstractBeanFactory.java:335)
	at org.springframework.beans.factory.support.DefaultSingletonBeanRegistry.getSingleton(DefaultSingletonBeanRegistry.java:234)
	at org.springframework.beans.factory.support.AbstractBeanFactory.doGetBean(AbstractBeanFactory.java:333)
	at org.springframework.beans.factory.support.AbstractBeanFactory.getBean(AbstractBeanFactory.java:208)
	at org.springframework.beans.factory.config.DependencyDescriptor.resolveCandidate(DependencyDescriptor.java:276)
	at org.springframework.beans.factory.support.DefaultListableBeanFactory.doResolveDependency(DefaultListableBeanFactory.java:1389)
	at org.springframework.beans.factory.support.DefaultListableBeanFactory.resolveDependency(DefaultListableBeanFactory.java:1309)
	at org.springframework.beans.factory.annotation.AutowiredAnnotationBeanPostProcessor$AutowiredFieldElement.resolveFieldValue(AutowiredAnnotationBeanPostProcessor.java:656)
	at org.springframework.beans.factory.annotation.AutowiredAnnotationBeanPostProcessor$AutowiredFieldElement.inject(AutowiredAnnotationBeanPostProcessor.java:639)
	at org.springframework.beans.factory.annotation.InjectionMetadata.inject(InjectionMetadata.java:119)
	at org.springframework.beans.factory.annotation.AutowiredAnnotationBeanPostProcessor.postProcessProperties(AutowiredAnnotationBeanPostProcessor.java:399)
	at org.springframework.beans.factory.support.AbstractAutowireCapableBeanFactory.populateBean(AbstractAutowireCapableBeanFactory.java:1431)
	at org.springframework.beans.factory.support.AbstractAutowireCapableBeanFactory.doCreateBean(AbstractAutowireCapableBeanFactory.java:619)
	at org.springframework.beans.factory.support.AbstractAutowireCapableBeanFactory.createBean(AbstractAutowireCapableBeanFactory.java:542)
	at org.springframework.beans.factory.support.AbstractBeanFactory.lambda$doGetBean$0(AbstractBeanFactory.java:335)
	at org.springframework.beans.factory.support.DefaultSingletonBeanRegistry.getSingleton(DefaultSingletonBeanRegistry.java:234)
	at org.springframework.beans.factory.support.AbstractBeanFactory.doGetBean(AbstractBeanFactory.java:333)
	at org.springframework.beans.factory.support.AbstractBeanFactory.getBean(AbstractBeanFactory.java:208)
	at org.springframework.beans.factory.support.ConstructorResolver.instantiateUsingFactoryMethod(ConstructorResolver.java:410)
	at org.springframework.beans.factory.support.AbstractAutowireCapableBeanFactory.instantiateUsingFactoryMethod(AbstractAutowireCapableBeanFactory.java:1352)
	at org.springframework.beans.factory.support.AbstractAutowireCapableBeanFactory.createBeanInstance(AbstractAutowireCapableBeanFactory.java:1195)
	at org.springframework.beans.factory.support.AbstractAutowireCapableBeanFactory.doCreateBean(AbstractAutowireCapableBeanFactory.java:582)
	at org.springframework.beans.factory.support.AbstractAutowireCapableBeanFactory.createBean(AbstractAutowireCapableBeanFactory.java:542)
	at org.springframework.beans.factory.support.AbstractBeanFactory.lambda$doGetBean$0(AbstractBeanFactory.java:335)
	at org.springframework.beans.factory.support.DefaultSingletonBeanRegistry.getSingleton(DefaultSingletonBeanRegistry.java:234)
	at org.springframework.beans.factory.support.AbstractBeanFactory.doGetBean(AbstractBeanFactory.java:333)
	at org.springframework.beans.factory.support.AbstractBeanFactory.getBean(AbstractBeanFactory.java:208)
	at org.springframework.beans.factory.config.DependencyDescriptor.resolveCandidate(DependencyDescriptor.java:276)
	at org.springframework.beans.factory.support.DefaultListableBeanFactory.doResolveDependency(DefaultListableBeanFactory.java:1389)
	at org.springframework.beans.factory.support.DefaultListableBeanFactory$DependencyObjectProvider.getIfAvailable(DefaultListableBeanFactory.java:2030)
	at org.springframework.beans.factory.support.DefaultListableBeanFactory$DependencyObjectProvider.ifAvailable(DefaultListableBeanFactory.java:2041)
	at org.springframework.boot.autoconfigure.web.servlet.DispatcherServletAutoConfiguration$DispatcherServletRegistrationConfiguration.dispatcherServletRegistration(DispatcherServletAutoConfiguration.java:124)
	at java.base/jdk.internal.reflect.NativeMethodAccessorImpl.invoke0(Native Method)
	at java.base/jdk.internal.reflect.NativeMethodAccessorImpl.invoke(NativeMethodAccessorImpl.java:77)
	at java.base/jdk.internal.reflect.DelegatingMethodAccessorImpl.invoke(DelegatingMethodAccessorImpl.java:43)
	at java.base/java.lang.reflect.Method.invoke(Method.java:568)
	at org.springframework.beans.factory.support.SimpleInstantiationStrategy.instantiate(SimpleInstantiationStrategy.java:154)
	at org.springframework.beans.factory.support.ConstructorResolver.instantiate(ConstructorResolver.java:653)
	at org.springframework.beans.factory.support.ConstructorResolver.instantiateUsingFactoryMethod(ConstructorResolver.java:638)
	at org.springframework.beans.factory.support.AbstractAutowireCapableBeanFactory.instantiateUsingFactoryMethod(AbstractAutowireCapableBeanFactory.java:1352)
	at org.springframework.beans.factory.support.AbstractAutowireCapableBeanFactory.createBeanInstance(AbstractAutowireCapableBeanFactory.java:1195)
	at org.springframework.beans.factory.support.AbstractAutowireCapableBeanFactory.doCreateBean(AbstractAutowireCapableBeanFactory.java:582)
	at org.springframework.beans.factory.support.AbstractAutowireCapableBeanFactory.createBean(AbstractAutowireCapableBeanFactory.java:542)
	at org.springframework.beans.factory.support.AbstractBeanFactory.lambda$doGetBean$0(AbstractBeanFactory.java:335)
	at org.springframework.beans.factory.support.DefaultSingletonBeanRegistry.getSingleton(DefaultSingletonBeanRegistry.java:234)
	at org.springframework.beans.factory.support.AbstractBeanFactory.doGetBean(AbstractBeanFactory.java:333)
	at org.springframework.beans.factory.support.AbstractBeanFactory.getBean(AbstractBeanFactory.java:208)
	at org.springframework.beans.factory.config.DependencyDescriptor.resolveCandidate(DependencyDescriptor.java:276)
	at org.springframework.beans.factory.support.DefaultListableBeanFactory.doResolveDependency(DefaultListableBeanFactory.java:1389)
	at org.springframework.beans.factory.support.DefaultListableBeanFactory.resolveDependency(DefaultListableBeanFactory.java:1309)
	at org.springframework.beans.factory.support.ConstructorResolver.resolveAutowiredArgument(ConstructorResolver.java:887)
	at org.springframework.beans.factory.support.ConstructorResolver.createArgumentArray(ConstructorResolver.java:791)
	at org.springframework.beans.factory.support.ConstructorResolver.instantiateUsingFactoryMethod(ConstructorResolver.java:541)
	at org.springframework.beans.factory.support.AbstractAutowireCapableBeanFactory.instantiateUsingFactoryMethod(AbstractAutowireCapableBeanFactory.java:1352)
	at org.springframework.beans.factory.support.AbstractAutowireCapableBeanFactory.createBeanInstance(AbstractAutowireCapableBeanFactory.java:1195)
	at org.springframework.beans.factory.support.AbstractAutowireCapableBeanFactory.doCreateBean(AbstractAutowireCapableBeanFactory.java:582)
	at org.springframework.beans.factory.support.AbstractAutowireCapableBeanFactory.createBean(AbstractAutowireCapableBeanFactory.java:542)
	at org.springframework.beans.factory.support.AbstractBeanFactory.lambda$doGetBean$0(AbstractBeanFactory.java:335)
	at org.springframework.beans.factory.support.DefaultSingletonBeanRegistry.getSingleton(DefaultSingletonBeanRegistry.java:234)
	at org.springframework.beans.factory.support.AbstractBeanFactory.doGetBean(AbstractBeanFactory.java:333)
	at org.springframework.beans.factory.support.AbstractBeanFactory.getBean(AbstractBeanFactory.java:208)
	at org.springframework.beans.factory.support.DefaultListableBeanFactory.getBeansOfType(DefaultListableBeanFactory.java:671)
	at org.springframework.boot.web.server.ErrorPageRegistrarBeanPostProcessor.getRegistrars(ErrorPageRegistrarBeanPostProcessor.java:76)
	at org.springframework.boot.web.server.ErrorPageRegistrarBeanPostProcessor.postProcessBeforeInitialization(ErrorPageRegistrarBeanPostProcessor.java:67)
	at org.springframework.boot.web.server.ErrorPageRegistrarBeanPostProcessor.postProcessBeforeInitialization(ErrorPageRegistrarBeanPostProcessor.java:56)
	at org.springframework.beans.factory.support.AbstractAutowireCapableBeanFactory.applyBeanPostProcessorsBeforeInitialization(AbstractAutowireCapableBeanFactory.java:440)
	at org.springframework.beans.factory.support.AbstractAutowireCapableBeanFactory.initializeBean(AbstractAutowireCapableBeanFactory.java:1796)
	at org.springframework.beans.factory.support.AbstractAutowireCapableBeanFactory.doCreateBean(AbstractAutowireCapableBeanFactory.java:620)
	at org.springframework.beans.factory.support.AbstractAutowireCapableBeanFactory.createBean(AbstractAutowireCapableBeanFactory.java:542)
	at org.springframework.beans.factory.support.AbstractBeanFactory.lambda$doGetBean$0(AbstractBeanFactory.java:335)
	at org.springframework.beans.factory.support.DefaultSingletonBeanRegistry.getSingleton(DefaultSingletonBeanRegistry.java:234)
	at org.springframework.beans.factory.support.AbstractBeanFactory.doGetBean(AbstractBeanFactory.java:333)
	at org.springframework.beans.factory.support.AbstractBeanFactory.getBean(AbstractBeanFactory.java:213)
	at org.springframework.boot.web.servlet.context.ServletWebServerApplicationContext.getWebServerFactory(ServletWebServerApplicationContext.java:217)
	at org.springframework.boot.web.servlet.context.ServletWebServerApplicationContext.createWebServer(ServletWebServerApplicationContext.java:180)
	at org.springframework.boot.web.servlet.context.ServletWebServerApplicationContext.onRefresh(ServletWebServerApplicationContext.java:160)
	at org.springframework.context.support.AbstractApplicationContext.refresh(AbstractApplicationContext.java:577)
	at org.springframework.boot.web.servlet.context.ServletWebServerApplicationContext.refresh(ServletWebServerApplicationContext.java:145)
	at org.springframework.boot.SpringApplication.refresh(SpringApplication.java:740)
	at org.springframework.boot.SpringApplication.refreshContext(SpringApplication.java:415)
	at org.springframework.boot.SpringApplication.run(SpringApplication.java:303)
	at org.springframework.boot.SpringApplication.run(SpringApplication.java:1312)
	at org.springframework.boot.SpringApplication.run(SpringApplication.java:1301)
	at com.apmosys.employeeportal.EmployeeportalApplication.main(EmployeeportalApplication.java:17)
	at java.base/jdk.internal.reflect.NativeMethodAccessorImpl.invoke0(Native Method)
	at java.base/jdk.internal.reflect.NativeMethodAccessorImpl.invoke(NativeMethodAccessorImpl.java:77)
	at java.base/jdk.internal.reflect.DelegatingMethodAccessorImpl.invoke(DelegatingMethodAccessorImpl.java:43)
	at java.base/java.lang.reflect.Method.invoke(Method.java:568)
	at org.springframework.boot.devtools.restart.RestartLauncher.run(RestartLauncher.java:49)
Caused by: com.mysql.cj.exceptions.CJCommunicationsException: Communications link failure

The last packet sent successfully to the server was 0 milliseconds ago. The driver has not received any packets from the server.
	at java.base/jdk.internal.reflect.NativeConstructorAccessorImpl.newInstance0(Native Method)
	at java.base/jdk.internal.reflect.NativeConstructorAccessorImpl.newInstance(NativeConstructorAccessorImpl.java:77)
	at java.base/jdk.internal.reflect.DelegatingConstructorAccessorImpl.newInstance(DelegatingConstructorAccessorImpl.java:45)
	at java.base/java.lang.reflect.Constructor.newInstanceWithCaller(Constructor.java:499)
	at java.base/java.lang.reflect.Constructor.newInstance(Constructor.java:480)
	at com.mysql.cj.exceptions.ExceptionFactory.createException(ExceptionFactory.java:61)
	at com.mysql.cj.exceptions.ExceptionFactory.createException(ExceptionFactory.java:105)
	at com.mysql.cj.exceptions.ExceptionFactory.createException(ExceptionFactory.java:151)
	at com.mysql.cj.exceptions.ExceptionFactory.createCommunicationsException(ExceptionFactory.java:167)
	at com.mysql.cj.protocol.a.NativeSocketConnection.connect(NativeSocketConnection.java:89)
	at com.mysql.cj.NativeSession.connect(NativeSession.java:120)
	at com.mysql.cj.jdbc.ConnectionImpl.connectOneTryOnly(ConnectionImpl.java:949)
	at com.mysql.cj.jdbc.ConnectionImpl.createNewIO(ConnectionImpl.java:819)
	... 170 common frames omitted
Caused by: java.net.ConnectException: Connection timed out
	at java.base/sun.nio.ch.Net.pollConnect(Native Method)
	at java.base/sun.nio.ch.Net.pollConnectNow(Net.java:672)
	at java.base/sun.nio.ch.NioSocketImpl.timedFinishConnect(NioSocketImpl.java:549)
	at java.base/sun.nio.ch.NioSocketImpl.connect(NioSocketImpl.java:597)
	at java.base/java.net.SocksSocketImpl.connect(SocksSocketImpl.java:327)
	at java.base/java.net.Socket.connect(Socket.java:633)
	at com.mysql.cj.protocol.StandardSocketFactory.connect(StandardSocketFactory.java:156)
	at com.mysql.cj.protocol.a.NativeSocketConnection.connect(NativeSocketConnection.java:63)
	... 173 common frames omitted
2026-01-13 22:45:12 [restartedMain] ERROR com.zaxxer.hikari.pool.HikariPool - HikariPool-104 - Exception during pool initialization.
com.mysql.cj.jdbc.exceptions.CommunicationsException: Communications link failure

The last packet sent successfully to the server was 0 milliseconds ago. The driver has not received any packets from the server.
	at com.mysql.cj.jdbc.exceptions.SQLError.createCommunicationsException(SQLError.java:174)
	at com.mysql.cj.jdbc.exceptions.SQLExceptionsMapping.translateException(SQLExceptionsMapping.java:64)
	at com.mysql.cj.jdbc.ConnectionImpl.createNewIO(ConnectionImpl.java:829)
	at com.mysql.cj.jdbc.ConnectionImpl.<init>(ConnectionImpl.java:449)
	at com.mysql.cj.jdbc.ConnectionImpl.getInstance(ConnectionImpl.java:242)
	at com.mysql.cj.jdbc.NonRegisteringDriver.connect(NonRegisteringDriver.java:198)
	at com.zaxxer.hikari.util.DriverDataSource.getConnection(DriverDataSource.java:138)
	at com.zaxxer.hikari.pool.PoolBase.newConnection(PoolBase.java:364)
	at com.zaxxer.hikari.pool.PoolBase.newPoolEntry(PoolBase.java:206)
	at com.zaxxer.hikari.pool.HikariPool.createPoolEntry(HikariPool.java:476)
	at com.zaxxer.hikari.pool.HikariPool.checkFailFast(HikariPool.java:561)
	at com.zaxxer.hikari.pool.HikariPool.<init>(HikariPool.java:115)
	at com.zaxxer.hikari.HikariDataSource.getConnection(HikariDataSource.java:112)
	at org.hibernate.engine.jdbc.connections.internal.DatasourceConnectionProviderImpl.getConnection(DatasourceConnectionProviderImpl.java:122)
	at org.hibernate.engine.jdbc.env.internal.JdbcEnvironmentInitiator$ConnectionProviderJdbcConnectionAccess.obtainConnection(JdbcEnvironmentInitiator.java:181)
	at org.hibernate.engine.jdbc.env.internal.JdbcEnvironmentInitiator.initiateService(JdbcEnvironmentInitiator.java:68)
	at org.hibernate.engine.jdbc.env.internal.JdbcEnvironmentInitiator.initiateService(JdbcEnvironmentInitiator.java:35)
	at org.hibernate.boot.registry.internal.StandardServiceRegistryImpl.initiateService(StandardServiceRegistryImpl.java:101)
	at org.hibernate.service.internal.AbstractServiceRegistryImpl.createService(AbstractServiceRegistryImpl.java:263)
	at org.hibernate.service.internal.AbstractServiceRegistryImpl.initializeService(AbstractServiceRegistryImpl.java:237)
	at org.hibernate.service.internal.AbstractServiceRegistryImpl.getService(AbstractServiceRegistryImpl.java:214)
	at org.hibernate.id.factory.internal.DefaultIdentifierGeneratorFactory.injectServices(DefaultIdentifierGeneratorFactory.java:175)
	at org.hibernate.service.internal.AbstractServiceRegistryImpl.injectDependencies(AbstractServiceRegistryImpl.java:286)
	at org.hibernate.service.internal.AbstractServiceRegistryImpl.initializeService(AbstractServiceRegistryImpl.java:243)
	at org.hibernate.service.internal.AbstractServiceRegistryImpl.getService(AbstractServiceRegistryImpl.java:214)
	at org.hibernate.boot.internal.InFlightMetadataCollectorImpl.<init>(InFlightMetadataCollectorImpl.java:173)
	at org.hibernate.boot.model.process.spi.MetadataBuildingProcess.complete(MetadataBuildingProcess.java:127)
	at org.hibernate.jpa.boot.internal.EntityManagerFactoryBuilderImpl.metadata(EntityManagerFactoryBuilderImpl.java:1460)
	at org.hibernate.jpa.boot.internal.EntityManagerFactoryBuilderImpl.build(EntityManagerFactoryBuilderImpl.java:1494)
	at org.springframework.orm.jpa.vendor.SpringHibernateJpaPersistenceProvider.createContainerEntityManagerFactory(SpringHibernateJpaPersistenceProvider.java:58)
	at org.springframework.orm.jpa.LocalContainerEntityManagerFactoryBean.createNativeEntityManagerFactory(LocalContainerEntityManagerFactoryBean.java:365)
	at org.springframework.orm.jpa.AbstractEntityManagerFactoryBean.buildNativeEntityManagerFactory(AbstractEntityManagerFactoryBean.java:409)
	at org.springframework.orm.jpa.AbstractEntityManagerFactoryBean.afterPropertiesSet(AbstractEntityManagerFactoryBean.java:396)
	at org.springframework.orm.jpa.LocalContainerEntityManagerFactoryBean.afterPropertiesSet(LocalContainerEntityManagerFactoryBean.java:341)
	at org.springframework.beans.factory.support.AbstractAutowireCapableBeanFactory.invokeInitMethods(AbstractAutowireCapableBeanFactory.java:1863)
	at org.springframework.beans.factory.support.AbstractAutowireCapableBeanFactory.initializeBean(AbstractAutowireCapableBeanFactory.java:1800)
	at org.springframework.beans.factory.support.AbstractAutowireCapableBeanFactory.doCreateBean(AbstractAutowireCapableBeanFactory.java:620)
	at org.springframework.beans.factory.support.AbstractAutowireCapableBeanFactory.createBean(AbstractAutowireCapableBeanFactory.java:542)
	at org.springframework.beans.factory.support.AbstractBeanFactory.lambda$doGetBean$0(AbstractBeanFactory.java:335)
	at org.springframework.beans.factory.support.DefaultSingletonBeanRegistry.getSingleton(DefaultSingletonBeanRegistry.java:234)
	at org.springframework.beans.factory.support.AbstractBeanFactory.doGetBean(AbstractBeanFactory.java:333)
	at org.springframework.beans.factory.support.AbstractBeanFactory.getBean(AbstractBeanFactory.java:208)
	at org.springframework.beans.factory.support.BeanDefinitionValueResolver.resolveReference(BeanDefinitionValueResolver.java:330)
	at org.springframework.beans.factory.support.BeanDefinitionValueResolver.resolveValueIfNecessary(BeanDefinitionValueResolver.java:113)
	at org.springframework.beans.factory.support.ConstructorResolver.resolveConstructorArguments(ConstructorResolver.java:693)
	at org.springframework.beans.factory.support.ConstructorResolver.instantiateUsingFactoryMethod(ConstructorResolver.java:510)
	at org.springframework.beans.factory.support.AbstractAutowireCapableBeanFactory.instantiateUsingFactoryMethod(AbstractAutowireCapableBeanFactory.java:1352)
	at org.springframework.beans.factory.support.AbstractAutowireCapableBeanFactory.createBeanInstance(AbstractAutowireCapableBeanFactory.java:1195)
	at org.springframework.beans.factory.support.AbstractAutowireCapableBeanFactory.doCreateBean(AbstractAutowireCapableBeanFactory.java:582)
	at org.springframework.beans.factory.support.AbstractAutowireCapableBeanFactory.createBean(AbstractAutowireCapableBeanFactory.java:542)
	at org.springframework.beans.factory.support.BeanDefinitionValueResolver.resolveInnerBean(BeanDefinitionValueResolver.java:374)
	at org.springframework.beans.factory.support.BeanDefinitionValueResolver.resolveValueIfNecessary(BeanDefinitionValueResolver.java:134)
	at org.springframework.beans.factory.support.AbstractAutowireCapableBeanFactory.applyPropertyValues(AbstractAutowireCapableBeanFactory.java:1707)
	at org.springframework.beans.factory.support.AbstractAutowireCapableBeanFactory.populateBean(AbstractAutowireCapableBeanFactory.java:1452)
	at org.springframework.beans.factory.support.AbstractAutowireCapableBeanFactory.doCreateBean(AbstractAutowireCapableBeanFactory.java:619)
	at org.springframework.beans.factory.support.AbstractAutowireCapableBeanFactory.createBean(AbstractAutowireCapableBeanFactory.java:542)
	at org.springframework.beans.factory.support.AbstractBeanFactory.lambda$doGetBean$0(AbstractBeanFactory.java:335)
	at org.springframework.beans.factory.support.DefaultSingletonBeanRegistry.getSingleton(DefaultSingletonBeanRegistry.java:234)
	at org.springframework.beans.factory.support.AbstractBeanFactory.doGetBean(AbstractBeanFactory.java:333)
	at org.springframework.beans.factory.support.AbstractBeanFactory.getBean(AbstractBeanFactory.java:208)
	at org.springframework.beans.factory.config.DependencyDescriptor.resolveCandidate(DependencyDescriptor.java:276)
	at org.springframework.beans.factory.support.DefaultListableBeanFactory.doResolveDependency(DefaultListableBeanFactory.java:1389)
	at org.springframework.beans.factory.support.DefaultListableBeanFactory.resolveDependency(DefaultListableBeanFactory.java:1309)
	at org.springframework.beans.factory.annotation.AutowiredAnnotationBeanPostProcessor$AutowiredFieldElement.resolveFieldValue(AutowiredAnnotationBeanPostProcessor.java:656)
	at org.springframework.beans.factory.annotation.AutowiredAnnotationBeanPostProcessor$AutowiredFieldElement.inject(AutowiredAnnotationBeanPostProcessor.java:639)
	at org.springframework.beans.factory.annotation.InjectionMetadata.inject(InjectionMetadata.java:119)
	at org.springframework.beans.factory.annotation.AutowiredAnnotationBeanPostProcessor.postProcessProperties(AutowiredAnnotationBeanPostProcessor.java:399)
	at org.springframework.beans.factory.support.AbstractAutowireCapableBeanFactory.populateBean(AbstractAutowireCapableBeanFactory.java:1431)
	at org.springframework.beans.factory.support.AbstractAutowireCapableBeanFactory.doCreateBean(AbstractAutowireCapableBeanFactory.java:619)
	at org.springframework.beans.factory.support.AbstractAutowireCapableBeanFactory.createBean(AbstractAutowireCapableBeanFactory.java:542)
	at org.springframework.beans.factory.support.AbstractBeanFactory.lambda$doGetBean$0(AbstractBeanFactory.java:335)
	at org.springframework.beans.factory.support.DefaultSingletonBeanRegistry.getSingleton(DefaultSingletonBeanRegistry.java:234)
	at org.springframework.beans.factory.support.AbstractBeanFactory.doGetBean(AbstractBeanFactory.java:333)
	at org.springframework.beans.factory.support.AbstractBeanFactory.getBean(AbstractBeanFactory.java:208)
	at org.springframework.beans.factory.config.DependencyDescriptor.resolveCandidate(DependencyDescriptor.java:276)
	at org.springframework.beans.factory.support.DefaultListableBeanFactory.doResolveDependency(DefaultListableBeanFactory.java:1389)
	at org.springframework.beans.factory.support.DefaultListableBeanFactory.resolveDependency(DefaultListableBeanFactory.java:1309)
	at org.springframework.beans.factory.annotation.AutowiredAnnotationBeanPostProcessor$AutowiredFieldElement.resolveFieldValue(AutowiredAnnotationBeanPostProcessor.java:656)
	at org.springframework.beans.factory.annotation.AutowiredAnnotationBeanPostProcessor$AutowiredFieldElement.inject(AutowiredAnnotationBeanPostProcessor.java:639)
	at org.springframework.beans.factory.annotation.InjectionMetadata.inject(InjectionMetadata.java:119)
	at org.springframework.beans.factory.annotation.AutowiredAnnotationBeanPostProcessor.postProcessProperties(AutowiredAnnotationBeanPostProcessor.java:399)
	at org.springframework.beans.factory.support.AbstractAutowireCapableBeanFactory.populateBean(AbstractAutowireCapableBeanFactory.java:1431)
	at org.springframework.beans.factory.support.AbstractAutowireCapableBeanFactory.doCreateBean(AbstractAutowireCapableBeanFactory.java:619)
	at org.springframework.beans.factory.support.AbstractAutowireCapableBeanFactory.createBean(AbstractAutowireCapableBeanFactory.java:542)
	at org.springframework.beans.factory.support.AbstractBeanFactory.lambda$doGetBean$0(AbstractBeanFactory.java:335)
	at org.springframework.beans.factory.support.DefaultSingletonBeanRegistry.getSingleton(DefaultSingletonBeanRegistry.java:234)
	at org.springframework.beans.factory.support.AbstractBeanFactory.doGetBean(AbstractBeanFactory.java:333)
	at org.springframework.beans.factory.support.AbstractBeanFactory.getBean(AbstractBeanFactory.java:208)
	at org.springframework.beans.factory.config.DependencyDescriptor.resolveCandidate(DependencyDescriptor.java:276)
	at org.springframework.beans.factory.support.DefaultListableBeanFactory.doResolveDependency(DefaultListableBeanFactory.java:1389)
	at org.springframework.beans.factory.support.DefaultListableBeanFactory.resolveDependency(DefaultListableBeanFactory.java:1309)
	at org.springframework.beans.factory.annotation.AutowiredAnnotationBeanPostProcessor$AutowiredFieldElement.resolveFieldValue(AutowiredAnnotationBeanPostProcessor.java:656)
	at org.springframework.beans.factory.annotation.AutowiredAnnotationBeanPostProcessor$AutowiredFieldElement.inject(AutowiredAnnotationBeanPostProcessor.java:639)
	at org.springframework.beans.factory.annotation.InjectionMetadata.inject(InjectionMetadata.java:119)
	at org.springframework.beans.factory.annotation.AutowiredAnnotationBeanPostProcessor.postProcessProperties(AutowiredAnnotationBeanPostProcessor.java:399)
	at org.springframework.beans.factory.support.AbstractAutowireCapableBeanFactory.populateBean(AbstractAutowireCapableBeanFactory.java:1431)
	at org.springframework.beans.factory.support.AbstractAutowireCapableBeanFactory.doCreateBean(AbstractAutowireCapableBeanFactory.java:619)
	at org.springframework.beans.factory.support.AbstractAutowireCapableBeanFactory.createBean(AbstractAutowireCapableBeanFactory.java:542)
	at org.springframework.beans.factory.support.AbstractBeanFactory.lambda$doGetBean$0(AbstractBeanFactory.java:335)
	at org.springframework.beans.factory.support.DefaultSingletonBeanRegistry.getSingleton(DefaultSingletonBeanRegistry.java:234)
	at org.springframework.beans.factory.support.AbstractBeanFactory.doGetBean(AbstractBeanFactory.java:333)
	at org.springframework.beans.factory.support.AbstractBeanFactory.getBean(AbstractBeanFactory.java:208)
	at org.springframework.beans.factory.support.ConstructorResolver.instantiateUsingFactoryMethod(ConstructorResolver.java:410)
	at org.springframework.beans.factory.support.AbstractAutowireCapableBeanFactory.instantiateUsingFactoryMethod(AbstractAutowireCapableBeanFactory.java:1352)
	at org.springframework.beans.factory.support.AbstractAutowireCapableBeanFactory.createBeanInstance(AbstractAutowireCapableBeanFactory.java:1195)
	at org.springframework.beans.factory.support.AbstractAutowireCapableBeanFactory.doCreateBean(AbstractAutowireCapableBeanFactory.java:582)
	at org.springframework.beans.factory.support.AbstractAutowireCapableBeanFactory.createBean(AbstractAutowireCapableBeanFactory.java:542)
	at org.springframework.beans.factory.support.AbstractBeanFactory.lambda$doGetBean$0(AbstractBeanFactory.java:335)
	at org.springframework.beans.factory.support.DefaultSingletonBeanRegistry.getSingleton(DefaultSingletonBeanRegistry.java:234)
	at org.springframework.beans.factory.support.AbstractBeanFactory.doGetBean(AbstractBeanFactory.java:333)
	at org.springframework.beans.factory.support.AbstractBeanFactory.getBean(AbstractBeanFactory.java:208)
	at org.springframework.beans.factory.config.DependencyDescriptor.resolveCandidate(DependencyDescriptor.java:276)
	at org.springframework.beans.factory.support.DefaultListableBeanFactory.doResolveDependency(DefaultListableBeanFactory.java:1389)
	at org.springframework.beans.factory.support.DefaultListableBeanFactory$DependencyObjectProvider.getIfAvailable(DefaultListableBeanFactory.java:2030)
	at org.springframework.beans.factory.support.DefaultListableBeanFactory$DependencyObjectProvider.ifAvailable(DefaultListableBeanFactory.java:2041)
	at org.springframework.boot.autoconfigure.web.servlet.DispatcherServletAutoConfiguration$DispatcherServletRegistrationConfiguration.dispatcherServletRegistration(DispatcherServletAutoConfiguration.java:124)
	at java.base/jdk.internal.reflect.NativeMethodAccessorImpl.invoke0(Native Method)
	at java.base/jdk.internal.reflect.NativeMethodAccessorImpl.invoke(NativeMethodAccessorImpl.java:77)
	at java.base/jdk.internal.reflect.DelegatingMethodAccessorImpl.invoke(DelegatingMethodAccessorImpl.java:43)
	at java.base/java.lang.reflect.Method.invoke(Method.java:568)
	at org.springframework.beans.factory.support.SimpleInstantiationStrategy.instantiate(SimpleInstantiationStrategy.java:154)
	at org.springframework.beans.factory.support.ConstructorResolver.instantiate(ConstructorResolver.java:653)
	at org.springframework.beans.factory.support.ConstructorResolver.instantiateUsingFactoryMethod(ConstructorResolver.java:638)
	at org.springframework.beans.factory.support.AbstractAutowireCapableBeanFactory.instantiateUsingFactoryMethod(AbstractAutowireCapableBeanFactory.java:1352)
	at org.springframework.beans.factory.support.AbstractAutowireCapableBeanFactory.createBeanInstance(AbstractAutowireCapableBeanFactory.java:1195)
	at org.springframework.beans.factory.support.AbstractAutowireCapableBeanFactory.doCreateBean(AbstractAutowireCapableBeanFactory.java:582)
	at org.springframework.beans.factory.support.AbstractAutowireCapableBeanFactory.createBean(AbstractAutowireCapableBeanFactory.java:542)
	at org.springframework.beans.factory.support.AbstractBeanFactory.lambda$doGetBean$0(AbstractBeanFactory.java:335)
	at org.springframework.beans.factory.support.DefaultSingletonBeanRegistry.getSingleton(DefaultSingletonBeanRegistry.java:234)
	at org.springframework.beans.factory.support.AbstractBeanFactory.doGetBean(AbstractBeanFactory.java:333)
	at org.springframework.beans.factory.support.AbstractBeanFactory.getBean(AbstractBeanFactory.java:208)
	at org.springframework.beans.factory.config.DependencyDescriptor.resolveCandidate(DependencyDescriptor.java:276)
	at org.springframework.beans.factory.support.DefaultListableBeanFactory.doResolveDependency(DefaultListableBeanFactory.java:1389)
	at org.springframework.beans.factory.support.DefaultListableBeanFactory.resolveDependency(DefaultListableBeanFactory.java:1309)
	at org.springframework.beans.factory.support.ConstructorResolver.resolveAutowiredArgument(ConstructorResolver.java:887)
	at org.springframework.beans.factory.support.ConstructorResolver.createArgumentArray(ConstructorResolver.java:791)
	at org.springframework.beans.factory.support.ConstructorResolver.instantiateUsingFactoryMethod(ConstructorResolver.java:541)
	at org.springframework.beans.factory.support.AbstractAutowireCapableBeanFactory.instantiateUsingFactoryMethod(AbstractAutowireCapableBeanFactory.java:1352)
	at org.springframework.beans.factory.support.AbstractAutowireCapableBeanFactory.createBeanInstance(AbstractAutowireCapableBeanFactory.java:1195)
	at org.springframework.beans.factory.support.AbstractAutowireCapableBeanFactory.doCreateBean(AbstractAutowireCapableBeanFactory.java:582)
	at org.springframework.beans.factory.support.AbstractAutowireCapableBeanFactory.createBean(AbstractAutowireCapableBeanFactory.java:542)
	at org.springframework.beans.factory.support.AbstractBeanFactory.lambda$doGetBean$0(AbstractBeanFactory.java:335)
	at org.springframework.beans.factory.support.DefaultSingletonBeanRegistry.getSingleton(DefaultSingletonBeanRegistry.java:234)
	at org.springframework.beans.factory.support.AbstractBeanFactory.doGetBean(AbstractBeanFactory.java:333)
	at org.springframework.beans.factory.support.AbstractBeanFactory.getBean(AbstractBeanFactory.java:208)
	at org.springframework.beans.factory.support.DefaultListableBeanFactory.getBeansOfType(DefaultListableBeanFactory.java:671)
	at org.springframework.boot.web.server.ErrorPageRegistrarBeanPostProcessor.getRegistrars(ErrorPageRegistrarBeanPostProcessor.java:76)
	at org.springframework.boot.web.server.ErrorPageRegistrarBeanPostProcessor.postProcessBeforeInitialization(ErrorPageRegistrarBeanPostProcessor.java:67)
	at org.springframework.boot.web.server.ErrorPageRegistrarBeanPostProcessor.postProcessBeforeInitialization(ErrorPageRegistrarBeanPostProcessor.java:56)
	at org.springframework.beans.factory.support.AbstractAutowireCapableBeanFactory.applyBeanPostProcessorsBeforeInitialization(AbstractAutowireCapableBeanFactory.java:440)
	at org.springframework.beans.factory.support.AbstractAutowireCapableBeanFactory.initializeBean(AbstractAutowireCapableBeanFactory.java:1796)
	at org.springframework.beans.factory.support.AbstractAutowireCapableBeanFactory.doCreateBean(AbstractAutowireCapableBeanFactory.java:620)
	at org.springframework.beans.factory.support.AbstractAutowireCapableBeanFactory.createBean(AbstractAutowireCapableBeanFactory.java:542)
	at org.springframework.beans.factory.support.AbstractBeanFactory.lambda$doGetBean$0(AbstractBeanFactory.java:335)
	at org.springframework.beans.factory.support.DefaultSingletonBeanRegistry.getSingleton(DefaultSingletonBeanRegistry.java:234)
	at org.springframework.beans.factory.support.AbstractBeanFactory.doGetBean(AbstractBeanFactory.java:333)
	at org.springframework.beans.factory.support.AbstractBeanFactory.getBean(AbstractBeanFactory.java:213)
	at org.springframework.boot.web.servlet.context.ServletWebServerApplicationContext.getWebServerFactory(ServletWebServerApplicationContext.java:217)
	at org.springframework.boot.web.servlet.context.ServletWebServerApplicationContext.createWebServer(ServletWebServerApplicationContext.java:180)
	at org.springframework.boot.web.servlet.context.ServletWebServerApplicationContext.onRefresh(ServletWebServerApplicationContext.java:160)
	at org.springframework.context.support.AbstractApplicationContext.refresh(AbstractApplicationContext.java:577)
	at org.springframework.boot.web.servlet.context.ServletWebServerApplicationContext.refresh(ServletWebServerApplicationContext.java:145)
	at org.springframework.boot.SpringApplication.refresh(SpringApplication.java:740)
	at org.springframework.boot.SpringApplication.refreshContext(SpringApplication.java:415)
	at org.springframework.boot.SpringApplication.run(SpringApplication.java:303)
	at org.springframework.boot.SpringApplication.run(SpringApplication.java:1312)
	at org.springframework.boot.SpringApplication.run(SpringApplication.java:1301)
	at com.apmosys.employeeportal.EmployeeportalApplication.main(EmployeeportalApplication.java:17)
	at java.base/jdk.internal.reflect.NativeMethodAccessorImpl.invoke0(Native Method)
	at java.base/jdk.internal.reflect.NativeMethodAccessorImpl.invoke(NativeMethodAccessorImpl.java:77)
	at java.base/jdk.internal.reflect.DelegatingMethodAccessorImpl.invoke(DelegatingMethodAccessorImpl.java:43)
	at java.base/java.lang.reflect.Method.invoke(Method.java:568)
	at org.springframework.boot.devtools.restart.RestartLauncher.run(RestartLauncher.java:49)
Caused by: com.mysql.cj.exceptions.CJCommunicationsException: Communications link failure

The last packet sent successfully to the server was 0 milliseconds ago. The driver has not received any packets from the server.
	at java.base/jdk.internal.reflect.NativeConstructorAccessorImpl.newInstance0(Native Method)
	at java.base/jdk.internal.reflect.NativeConstructorAccessorImpl.newInstance(NativeConstructorAccessorImpl.java:77)
	at java.base/jdk.internal.reflect.DelegatingConstructorAccessorImpl.newInstance(DelegatingConstructorAccessorImpl.java:45)
	at java.base/java.lang.reflect.Constructor.newInstanceWithCaller(Constructor.java:499)
	at java.base/java.lang.reflect.Constructor.newInstance(Constructor.java:480)
	at com.mysql.cj.exceptions.ExceptionFactory.createException(ExceptionFactory.java:61)
	at com.mysql.cj.exceptions.ExceptionFactory.createException(ExceptionFactory.java:105)
	at com.mysql.cj.exceptions.ExceptionFactory.createException(ExceptionFactory.java:151)
	at com.mysql.cj.exceptions.ExceptionFactory.createCommunicationsException(ExceptionFactory.java:167)
	at com.mysql.cj.protocol.a.NativeSocketConnection.connect(NativeSocketConnection.java:89)
	at com.mysql.cj.NativeSession.connect(NativeSession.java:120)
	at com.mysql.cj.jdbc.ConnectionImpl.connectOneTryOnly(ConnectionImpl.java:949)
	at com.mysql.cj.jdbc.ConnectionImpl.createNewIO(ConnectionImpl.java:819)
	... 170 common frames omitted
Caused by: java.net.ConnectException: Connection timed out
	at java.base/sun.nio.ch.Net.pollConnect(Native Method)
	at java.base/sun.nio.ch.Net.pollConnectNow(Net.java:672)
	at java.base/sun.nio.ch.NioSocketImpl.timedFinishConnect(NioSocketImpl.java:549)
	at java.base/sun.nio.ch.NioSocketImpl.connect(NioSocketImpl.java:597)
	at java.base/java.net.SocksSocketImpl.connect(SocksSocketImpl.java:327)
	at java.base/java.net.Socket.connect(Socket.java:633)
	at com.mysql.cj.protocol.StandardSocketFactory.connect(StandardSocketFactory.java:156)
	at com.mysql.cj.protocol.a.NativeSocketConnection.connect(NativeSocketConnection.java:63)
	... 173 common frames omitted
2026-01-13 22:45:42 [restartedMain] WARN  org.hibernate.engine.jdbc.env.internal.JdbcEnvironmentInitiator - HHH000342: Could not obtain connection to query metadata
com.mysql.cj.jdbc.exceptions.CommunicationsException: Communications link failure

The last packet sent successfully to the server was 0 milliseconds ago. The driver has not received any packets from the server.
	at com.mysql.cj.jdbc.exceptions.SQLError.createCommunicationsException(SQLError.java:174)
	at com.mysql.cj.jdbc.exceptions.SQLExceptionsMapping.translateException(SQLExceptionsMapping.java:64)
	at com.mysql.cj.jdbc.ConnectionImpl.createNewIO(ConnectionImpl.java:829)
	at com.mysql.cj.jdbc.ConnectionImpl.<init>(ConnectionImpl.java:449)
	at com.mysql.cj.jdbc.ConnectionImpl.getInstance(ConnectionImpl.java:242)
	at com.mysql.cj.jdbc.NonRegisteringDriver.connect(NonRegisteringDriver.java:198)
	at com.zaxxer.hikari.util.DriverDataSource.getConnection(DriverDataSource.java:138)
	at com.zaxxer.hikari.pool.PoolBase.newConnection(PoolBase.java:364)
	at com.zaxxer.hikari.pool.PoolBase.newPoolEntry(PoolBase.java:206)
	at com.zaxxer.hikari.pool.HikariPool.createPoolEntry(HikariPool.java:476)
	at com.zaxxer.hikari.pool.HikariPool.checkFailFast(HikariPool.java:561)
	at com.zaxxer.hikari.pool.HikariPool.<init>(HikariPool.java:115)
	at com.zaxxer.hikari.HikariDataSource.getConnection(HikariDataSource.java:112)
	at org.hibernate.engine.jdbc.connections.internal.DatasourceConnectionProviderImpl.getConnection(DatasourceConnectionProviderImpl.java:122)
	at org.hibernate.engine.jdbc.env.internal.JdbcEnvironmentInitiator$ConnectionProviderJdbcConnectionAccess.obtainConnection(JdbcEnvironmentInitiator.java:181)
	at org.hibernate.engine.jdbc.env.internal.JdbcEnvironmentInitiator.initiateService(JdbcEnvironmentInitiator.java:68)
	at org.hibernate.engine.jdbc.env.internal.JdbcEnvironmentInitiator.initiateService(JdbcEnvironmentInitiator.java:35)
	at org.hibernate.boot.registry.internal.StandardServiceRegistryImpl.initiateService(StandardServiceRegistryImpl.java:101)
	at org.hibernate.service.internal.AbstractServiceRegistryImpl.createService(AbstractServiceRegistryImpl.java:263)
	at org.hibernate.service.internal.AbstractServiceRegistryImpl.initializeService(AbstractServiceRegistryImpl.java:237)
	at org.hibernate.service.internal.AbstractServiceRegistryImpl.getService(AbstractServiceRegistryImpl.java:214)
	at org.hibernate.id.factory.internal.DefaultIdentifierGeneratorFactory.injectServices(DefaultIdentifierGeneratorFactory.java:175)
	at org.hibernate.service.internal.AbstractServiceRegistryImpl.injectDependencies(AbstractServiceRegistryImpl.java:286)
	at org.hibernate.service.internal.AbstractServiceRegistryImpl.initializeService(AbstractServiceRegistryImpl.java:243)
	at org.hibernate.service.internal.AbstractServiceRegistryImpl.getService(AbstractServiceRegistryImpl.java:214)
	at org.hibernate.boot.internal.InFlightMetadataCollectorImpl.<init>(InFlightMetadataCollectorImpl.java:173)
	at org.hibernate.boot.model.process.spi.MetadataBuildingProcess.complete(MetadataBuildingProcess.java:127)
	at org.hibernate.jpa.boot.internal.EntityManagerFactoryBuilderImpl.metadata(EntityManagerFactoryBuilderImpl.java:1460)
	at org.hibernate.jpa.boot.internal.EntityManagerFactoryBuilderImpl.build(EntityManagerFactoryBuilderImpl.java:1494)
	at org.springframework.orm.jpa.vendor.SpringHibernateJpaPersistenceProvider.createContainerEntityManagerFactory(SpringHibernateJpaPersistenceProvider.java:58)
	at org.springframework.orm.jpa.LocalContainerEntityManagerFactoryBean.createNativeEntityManagerFactory(LocalContainerEntityManagerFactoryBean.java:365)
	at org.springframework.orm.jpa.AbstractEntityManagerFactoryBean.buildNativeEntityManagerFactory(AbstractEntityManagerFactoryBean.java:409)
	at org.springframework.orm.jpa.AbstractEntityManagerFactoryBean.afterPropertiesSet(AbstractEntityManagerFactoryBean.java:396)
	at org.springframework.orm.jpa.LocalContainerEntityManagerFactoryBean.afterPropertiesSet(LocalContainerEntityManagerFactoryBean.java:341)
	at org.springframework.beans.factory.support.AbstractAutowireCapableBeanFactory.invokeInitMethods(AbstractAutowireCapableBeanFactory.java:1863)
	at org.springframework.beans.factory.support.AbstractAutowireCapableBeanFactory.initializeBean(AbstractAutowireCapableBeanFactory.java:1800)
	at org.springframework.beans.factory.support.AbstractAutowireCapableBeanFactory.doCreateBean(AbstractAutowireCapableBeanFactory.java:620)
	at org.springframework.beans.factory.support.AbstractAutowireCapableBeanFactory.createBean(AbstractAutowireCapableBeanFactory.java:542)
	at org.springframework.beans.factory.support.AbstractBeanFactory.lambda$doGetBean$0(AbstractBeanFactory.java:335)
	at org.springframework.beans.factory.support.DefaultSingletonBeanRegistry.getSingleton(DefaultSingletonBeanRegistry.java:234)
	at org.springframework.beans.factory.support.AbstractBeanFactory.doGetBean(AbstractBeanFactory.java:333)
	at org.springframework.beans.factory.support.AbstractBeanFactory.getBean(AbstractBeanFactory.java:208)
	at org.springframework.beans.factory.support.BeanDefinitionValueResolver.resolveReference(BeanDefinitionValueResolver.java:330)
	at org.springframework.beans.factory.support.BeanDefinitionValueResolver.resolveValueIfNecessary(BeanDefinitionValueResolver.java:113)
	at org.springframework.beans.factory.support.ConstructorResolver.resolveConstructorArguments(ConstructorResolver.java:693)
	at org.springframework.beans.factory.support.ConstructorResolver.instantiateUsingFactoryMethod(ConstructorResolver.java:510)
	at org.springframework.beans.factory.support.AbstractAutowireCapableBeanFactory.instantiateUsingFactoryMethod(AbstractAutowireCapableBeanFactory.java:1352)
	at org.springframework.beans.factory.support.AbstractAutowireCapableBeanFactory.createBeanInstance(AbstractAutowireCapableBeanFactory.java:1195)
	at org.springframework.beans.factory.support.AbstractAutowireCapableBeanFactory.doCreateBean(AbstractAutowireCapableBeanFactory.java:582)
	at org.springframework.beans.factory.support.AbstractAutowireCapableBeanFactory.createBean(AbstractAutowireCapableBeanFactory.java:542)
	at org.springframework.beans.factory.support.BeanDefinitionValueResolver.resolveInnerBean(BeanDefinitionValueResolver.java:374)
	at org.springframework.beans.factory.support.BeanDefinitionValueResolver.resolveValueIfNecessary(BeanDefinitionValueResolver.java:134)
	at org.springframework.beans.factory.support.AbstractAutowireCapableBeanFactory.applyPropertyValues(AbstractAutowireCapableBeanFactory.java:1707)
	at org.springframework.beans.factory.support.AbstractAutowireCapableBeanFactory.populateBean(AbstractAutowireCapableBeanFactory.java:1452)
	at org.springframework.beans.factory.support.AbstractAutowireCapableBeanFactory.doCreateBean(AbstractAutowireCapableBeanFactory.java:619)
	at org.springframework.beans.factory.support.AbstractAutowireCapableBeanFactory.createBean(AbstractAutowireCapableBeanFactory.java:542)
	at org.springframework.beans.factory.support.AbstractBeanFactory.lambda$doGetBean$0(AbstractBeanFactory.java:335)
	at org.springframework.beans.factory.support.DefaultSingletonBeanRegistry.getSingleton(DefaultSingletonBeanRegistry.java:234)
	at org.springframework.beans.factory.support.AbstractBeanFactory.doGetBean(AbstractBeanFactory.java:333)
	at org.springframework.beans.factory.support.AbstractBeanFactory.getBean(AbstractBeanFactory.java:208)
	at org.springframework.beans.factory.config.DependencyDescriptor.resolveCandidate(DependencyDescriptor.java:276)
	at org.springframework.beans.factory.support.DefaultListableBeanFactory.doResolveDependency(DefaultListableBeanFactory.java:1389)
	at org.springframework.beans.factory.support.DefaultListableBeanFactory.resolveDependency(DefaultListableBeanFactory.java:1309)
	at org.springframework.beans.factory.annotation.AutowiredAnnotationBeanPostProcessor$AutowiredFieldElement.resolveFieldValue(AutowiredAnnotationBeanPostProcessor.java:656)
	at org.springframework.beans.factory.annotation.AutowiredAnnotationBeanPostProcessor$AutowiredFieldElement.inject(AutowiredAnnotationBeanPostProcessor.java:639)
	at org.springframework.beans.factory.annotation.InjectionMetadata.inject(InjectionMetadata.java:119)
	at org.springframework.beans.factory.annotation.AutowiredAnnotationBeanPostProcessor.postProcessProperties(AutowiredAnnotationBeanPostProcessor.java:399)
	at org.springframework.beans.factory.support.AbstractAutowireCapableBeanFactory.populateBean(AbstractAutowireCapableBeanFactory.java:1431)
	at org.springframework.beans.factory.support.AbstractAutowireCapableBeanFactory.doCreateBean(AbstractAutowireCapableBeanFactory.java:619)
	at org.springframework.beans.factory.support.AbstractAutowireCapableBeanFactory.createBean(AbstractAutowireCapableBeanFactory.java:542)
	at org.springframework.beans.factory.support.AbstractBeanFactory.lambda$doGetBean$0(AbstractBeanFactory.java:335)
	at org.springframework.beans.factory.support.DefaultSingletonBeanRegistry.getSingleton(DefaultSingletonBeanRegistry.java:234)
	at org.springframework.beans.factory.support.AbstractBeanFactory.doGetBean(AbstractBeanFactory.java:333)
	at org.springframework.beans.factory.support.AbstractBeanFactory.getBean(AbstractBeanFactory.java:208)
	at org.springframework.beans.factory.config.DependencyDescriptor.resolveCandidate(DependencyDescriptor.java:276)
	at org.springframework.beans.factory.support.DefaultListableBeanFactory.doResolveDependency(DefaultListableBeanFactory.java:1389)
	at org.springframework.beans.factory.support.DefaultListableBeanFactory.resolveDependency(DefaultListableBeanFactory.java:1309)
	at org.springframework.beans.factory.annotation.AutowiredAnnotationBeanPostProcessor$AutowiredFieldElement.resolveFieldValue(AutowiredAnnotationBeanPostProcessor.java:656)
	at org.springframework.beans.factory.annotation.AutowiredAnnotationBeanPostProcessor$AutowiredFieldElement.inject(AutowiredAnnotationBeanPostProcessor.java:639)
	at org.springframework.beans.factory.annotation.InjectionMetadata.inject(InjectionMetadata.java:119)
	at org.springframework.beans.factory.annotation.AutowiredAnnotationBeanPostProcessor.postProcessProperties(AutowiredAnnotationBeanPostProcessor.java:399)
	at org.springframework.beans.factory.support.AbstractAutowireCapableBeanFactory.populateBean(AbstractAutowireCapableBeanFactory.java:1431)
	at org.springframework.beans.factory.support.AbstractAutowireCapableBeanFactory.doCreateBean(AbstractAutowireCapableBeanFactory.java:619)
	at org.springframework.beans.factory.support.AbstractAutowireCapableBeanFactory.createBean(AbstractAutowireCapableBeanFactory.java:542)
	at org.springframework.beans.factory.support.AbstractBeanFactory.lambda$doGetBean$0(AbstractBeanFactory.java:335)
	at org.springframework.beans.factory.support.DefaultSingletonBeanRegistry.getSingleton(DefaultSingletonBeanRegistry.java:234)
	at org.springframework.beans.factory.support.AbstractBeanFactory.doGetBean(AbstractBeanFactory.java:333)
	at org.springframework.beans.factory.support.AbstractBeanFactory.getBean(AbstractBeanFactory.java:208)
	at org.springframework.beans.factory.config.DependencyDescriptor.resolveCandidate(DependencyDescriptor.java:276)
	at org.springframework.beans.factory.support.DefaultListableBeanFactory.doResolveDependency(DefaultListableBeanFactory.java:1389)
	at org.springframework.beans.factory.support.DefaultListableBeanFactory.resolveDependency(DefaultListableBeanFactory.java:1309)
	at org.springframework.beans.factory.annotation.AutowiredAnnotationBeanPostProcessor$AutowiredFieldElement.resolveFieldValue(AutowiredAnnotationBeanPostProcessor.java:656)
	at org.springframework.beans.factory.annotation.AutowiredAnnotationBeanPostProcessor$AutowiredFieldElement.inject(AutowiredAnnotationBeanPostProcessor.java:639)
	at org.springframework.beans.factory.annotation.InjectionMetadata.inject(InjectionMetadata.java:119)
	at org.springframework.beans.factory.annotation.AutowiredAnnotationBeanPostProcessor.postProcessProperties(AutowiredAnnotationBeanPostProcessor.java:399)
	at org.springframework.beans.factory.support.AbstractAutowireCapableBeanFactory.populateBean(AbstractAutowireCapableBeanFactory.java:1431)
	at org.springframework.beans.factory.support.AbstractAutowireCapableBeanFactory.doCreateBean(AbstractAutowireCapableBeanFactory.java:619)
	at org.springframework.beans.factory.support.AbstractAutowireCapableBeanFactory.createBean(AbstractAutowireCapableBeanFactory.java:542)
	at org.springframework.beans.factory.support.AbstractBeanFactory.lambda$doGetBean$0(AbstractBeanFactory.java:335)
	at org.springframework.beans.factory.support.DefaultSingletonBeanRegistry.getSingleton(DefaultSingletonBeanRegistry.java:234)
	at org.springframework.beans.factory.support.AbstractBeanFactory.doGetBean(AbstractBeanFactory.java:333)
	at org.springframework.beans.factory.support.AbstractBeanFactory.getBean(AbstractBeanFactory.java:208)
	at org.springframework.beans.factory.support.ConstructorResolver.instantiateUsingFactoryMethod(ConstructorResolver.java:410)
	at org.springframework.beans.factory.support.AbstractAutowireCapableBeanFactory.instantiateUsingFactoryMethod(AbstractAutowireCapableBeanFactory.java:1352)
	at org.springframework.beans.factory.support.AbstractAutowireCapableBeanFactory.createBeanInstance(AbstractAutowireCapableBeanFactory.java:1195)
	at org.springframework.beans.factory.support.AbstractAutowireCapableBeanFactory.doCreateBean(AbstractAutowireCapableBeanFactory.java:582)
	at org.springframework.beans.factory.support.AbstractAutowireCapableBeanFactory.createBean(AbstractAutowireCapableBeanFactory.java:542)
	at org.springframework.beans.factory.support.AbstractBeanFactory.lambda$doGetBean$0(AbstractBeanFactory.java:335)
	at org.springframework.beans.factory.support.DefaultSingletonBeanRegistry.getSingleton(DefaultSingletonBeanRegistry.java:234)
	at org.springframework.beans.factory.support.AbstractBeanFactory.doGetBean(AbstractBeanFactory.java:333)
	at org.springframework.beans.factory.support.AbstractBeanFactory.getBean(AbstractBeanFactory.java:208)
	at org.springframework.beans.factory.config.DependencyDescriptor.resolveCandidate(DependencyDescriptor.java:276)
	at org.springframework.beans.factory.support.DefaultListableBeanFactory.doResolveDependency(DefaultListableBeanFactory.java:1389)
	at org.springframework.beans.factory.support.DefaultListableBeanFactory$DependencyObjectProvider.getIfAvailable(DefaultListableBeanFactory.java:2030)
	at org.springframework.beans.factory.support.DefaultListableBeanFactory$DependencyObjectProvider.ifAvailable(DefaultListableBeanFactory.java:2041)
	at org.springframework.boot.autoconfigure.web.servlet.DispatcherServletAutoConfiguration$DispatcherServletRegistrationConfiguration.dispatcherServletRegistration(DispatcherServletAutoConfiguration.java:124)
	at java.base/jdk.internal.reflect.NativeMethodAccessorImpl.invoke0(Native Method)
	at java.base/jdk.internal.reflect.NativeMethodAccessorImpl.invoke(NativeMethodAccessorImpl.java:77)
	at java.base/jdk.internal.reflect.DelegatingMethodAccessorImpl.invoke(DelegatingMethodAccessorImpl.java:43)
	at java.base/java.lang.reflect.Method.invoke(Method.java:568)
	at org.springframework.beans.factory.support.SimpleInstantiationStrategy.instantiate(SimpleInstantiationStrategy.java:154)
	at org.springframework.beans.factory.support.ConstructorResolver.instantiate(ConstructorResolver.java:653)
	at org.springframework.beans.factory.support.ConstructorResolver.instantiateUsingFactoryMethod(ConstructorResolver.java:638)
	at org.springframework.beans.factory.support.AbstractAutowireCapableBeanFactory.instantiateUsingFactoryMethod(AbstractAutowireCapableBeanFactory.java:1352)
	at org.springframework.beans.factory.support.AbstractAutowireCapableBeanFactory.createBeanInstance(AbstractAutowireCapableBeanFactory.java:1195)
	at org.springframework.beans.factory.support.AbstractAutowireCapableBeanFactory.doCreateBean(AbstractAutowireCapableBeanFactory.java:582)
	at org.springframework.beans.factory.support.AbstractAutowireCapableBeanFactory.createBean(AbstractAutowireCapableBeanFactory.java:542)
	at org.springframework.beans.factory.support.AbstractBeanFactory.lambda$doGetBean$0(AbstractBeanFactory.java:335)
	at org.springframework.beans.factory.support.DefaultSingletonBeanRegistry.getSingleton(DefaultSingletonBeanRegistry.java:234)
	at org.springframework.beans.factory.support.AbstractBeanFactory.doGetBean(AbstractBeanFactory.java:333)
	at org.springframework.beans.factory.support.AbstractBeanFactory.getBean(AbstractBeanFactory.java:208)
	at org.springframework.beans.factory.config.DependencyDescriptor.resolveCandidate(DependencyDescriptor.java:276)
	at org.springframework.beans.factory.support.DefaultListableBeanFactory.doResolveDependency(DefaultListableBeanFactory.java:1389)
	at org.springframework.beans.factory.support.DefaultListableBeanFactory.resolveDependency(DefaultListableBeanFactory.java:1309)
	at org.springframework.beans.factory.support.ConstructorResolver.resolveAutowiredArgument(ConstructorResolver.java:887)
	at org.springframework.beans.factory.support.ConstructorResolver.createArgumentArray(ConstructorResolver.java:791)
	at org.springframework.beans.factory.support.ConstructorResolver.instantiateUsingFactoryMethod(ConstructorResolver.java:541)
	at org.springframework.beans.factory.support.AbstractAutowireCapableBeanFactory.instantiateUsingFactoryMethod(AbstractAutowireCapableBeanFactory.java:1352)
	at org.springframework.beans.factory.support.AbstractAutowireCapableBeanFactory.createBeanInstance(AbstractAutowireCapableBeanFactory.java:1195)
	at org.springframework.beans.factory.support.AbstractAutowireCapableBeanFactory.doCreateBean(AbstractAutowireCapableBeanFactory.java:582)
	at org.springframework.beans.factory.support.AbstractAutowireCapableBeanFactory.createBean(AbstractAutowireCapableBeanFactory.java:542)
	at org.springframework.beans.factory.support.AbstractBeanFactory.lambda$doGetBean$0(AbstractBeanFactory.java:335)
	at org.springframework.beans.factory.support.DefaultSingletonBeanRegistry.getSingleton(DefaultSingletonBeanRegistry.java:234)
	at org.springframework.beans.factory.support.AbstractBeanFactory.doGetBean(AbstractBeanFactory.java:333)
	at org.springframework.beans.factory.support.AbstractBeanFactory.getBean(AbstractBeanFactory.java:208)
	at org.springframework.beans.factory.support.DefaultListableBeanFactory.getBeansOfType(DefaultListableBeanFactory.java:671)
	at org.springframework.boot.web.server.ErrorPageRegistrarBeanPostProcessor.getRegistrars(ErrorPageRegistrarBeanPostProcessor.java:76)
	at org.springframework.boot.web.server.ErrorPageRegistrarBeanPostProcessor.postProcessBeforeInitialization(ErrorPageRegistrarBeanPostProcessor.java:67)
	at org.springframework.boot.web.server.ErrorPageRegistrarBeanPostProcessor.postProcessBeforeInitialization(ErrorPageRegistrarBeanPostProcessor.java:56)
	at org.springframework.beans.factory.support.AbstractAutowireCapableBeanFactory.applyBeanPostProcessorsBeforeInitialization(AbstractAutowireCapableBeanFactory.java:440)
	at org.springframework.beans.factory.support.AbstractAutowireCapableBeanFactory.initializeBean(AbstractAutowireCapableBeanFactory.java:1796)
	at org.springframework.beans.factory.support.AbstractAutowireCapableBeanFactory.doCreateBean(AbstractAutowireCapableBeanFactory.java:620)
	at org.springframework.beans.factory.support.AbstractAutowireCapableBeanFactory.createBean(AbstractAutowireCapableBeanFactory.java:542)
	at org.springframework.beans.factory.support.AbstractBeanFactory.lambda$doGetBean$0(AbstractBeanFactory.java:335)
	at org.springframework.beans.factory.support.DefaultSingletonBeanRegistry.getSingleton(DefaultSingletonBeanRegistry.java:234)
	at org.springframework.beans.factory.support.AbstractBeanFactory.doGetBean(AbstractBeanFactory.java:333)
	at org.springframework.beans.factory.support.AbstractBeanFactory.getBean(AbstractBeanFactory.java:213)
	at org.springframework.boot.web.servlet.context.ServletWebServerApplicationContext.getWebServerFactory(ServletWebServerApplicationContext.java:217)
	at org.springframework.boot.web.servlet.context.ServletWebServerApplicationContext.createWebServer(ServletWebServerApplicationContext.java:180)
	at org.springframework.boot.web.servlet.context.ServletWebServerApplicationContext.onRefresh(ServletWebServerApplicationContext.java:160)
	at org.springframework.context.support.AbstractApplicationContext.refresh(AbstractApplicationContext.java:577)
	at org.springframework.boot.web.servlet.context.ServletWebServerApplicationContext.refresh(ServletWebServerApplicationContext.java:145)
	at org.springframework.boot.SpringApplication.refresh(SpringApplication.java:740)
	at org.springframework.boot.SpringApplication.refreshContext(SpringApplication.java:415)
	at org.springframework.boot.SpringApplication.run(SpringApplication.java:303)
	at org.springframework.boot.SpringApplication.run(SpringApplication.java:1312)
	at org.springframework.boot.SpringApplication.run(SpringApplication.java:1301)
	at com.apmosys.employeeportal.EmployeeportalApplication.main(EmployeeportalApplication.java:17)
	at java.base/jdk.internal.reflect.NativeMethodAccessorImpl.invoke0(Native Method)
	at java.base/jdk.internal.reflect.NativeMethodAccessorImpl.invoke(NativeMethodAccessorImpl.java:77)
	at java.base/jdk.internal.reflect.DelegatingMethodAccessorImpl.invoke(DelegatingMethodAccessorImpl.java:43)
	at java.base/java.lang.reflect.Method.invoke(Method.java:568)
	at org.springframework.boot.devtools.restart.RestartLauncher.run(RestartLauncher.java:49)
Caused by: com.mysql.cj.exceptions.CJCommunicationsException: Communications link failure

The last packet sent successfully to the server was 0 milliseconds ago. The driver has not received any packets from the server.
	at java.base/jdk.internal.reflect.NativeConstructorAccessorImpl.newInstance0(Native Method)
	at java.base/jdk.internal.reflect.NativeConstructorAccessorImpl.newInstance(NativeConstructorAccessorImpl.java:77)
	at java.base/jdk.internal.reflect.DelegatingConstructorAccessorImpl.newInstance(DelegatingConstructorAccessorImpl.java:45)
	at java.base/java.lang.reflect.Constructor.newInstanceWithCaller(Constructor.java:499)
	at java.base/java.lang.reflect.Constructor.newInstance(Constructor.java:480)
	at com.mysql.cj.exceptions.ExceptionFactory.createException(ExceptionFactory.java:61)
	at com.mysql.cj.exceptions.ExceptionFactory.createException(ExceptionFactory.java:105)
	at com.mysql.cj.exceptions.ExceptionFactory.createException(ExceptionFactory.java:151)
	at com.mysql.cj.exceptions.ExceptionFactory.createCommunicationsException(ExceptionFactory.java:167)
	at com.mysql.cj.protocol.a.NativeSocketConnection.connect(NativeSocketConnection.java:89)
	at com.mysql.cj.NativeSession.connect(NativeSession.java:120)
	at com.mysql.cj.jdbc.ConnectionImpl.connectOneTryOnly(ConnectionImpl.java:949)
	at com.mysql.cj.jdbc.ConnectionImpl.createNewIO(ConnectionImpl.java:819)
	... 170 common frames omitted
Caused by: java.net.ConnectException: Connection timed out
	at java.base/sun.nio.ch.Net.pollConnect(Native Method)
	at java.base/sun.nio.ch.Net.pollConnectNow(Net.java:672)
	at java.base/sun.nio.ch.NioSocketImpl.timedFinishConnect(NioSocketImpl.java:549)
	at java.base/sun.nio.ch.NioSocketImpl.connect(NioSocketImpl.java:597)
	at java.base/java.net.SocksSocketImpl.connect(SocksSocketImpl.java:327)
	at java.base/java.net.Socket.connect(Socket.java:633)
	at com.mysql.cj.protocol.StandardSocketFactory.connect(StandardSocketFactory.java:156)
	at com.mysql.cj.protocol.a.NativeSocketConnection.connect(NativeSocketConnection.java:63)
	... 173 common frames omitted
2026-01-13 22:45:42 [restartedMain] INFO  org.hibernate.dialect.Dialect - HHH000400: Using dialect: org.hibernate.dialect.MySQL5InnoDBDialect
2026-01-13 22:45:42 [restartedMain] INFO  org.hibernate.envers.boot.internal.EnversServiceImpl - Envers integration enabled? : true
2026-01-13 22:45:44 [restartedMain] INFO  org.hibernate.dialect.Dialect - HHH000400: Using dialect: org.hibernate.dialect.MySQL5InnoDBDialect
2026-01-13 22:45:44 [restartedMain] INFO  org.hibernate.envers.boot.internal.EnversServiceImpl - Envers integration enabled? : true
2026-01-13 22:47:54 [restartedMain] WARN  org.springframework.boot.web.servlet.context.AnnotationConfigServletWebServerApplicationContext - Exception encountered during context initialization - cancelling refresh attempt: org.springframework.context.ApplicationContextException: Unable to start web server; nested exception is org.springframework.beans.factory.BeanCreationException: Error creating bean with name 'tomcatServletWebServerFactory' defined in class path resource [org/springframework/boot/autoconfigure/web/servlet/ServletWebServerFactoryConfiguration$EmbeddedTomcat.class]: Initialization of bean failed; nested exception is org.springframework.beans.factory.UnsatisfiedDependencyException: Error creating bean with name 'errorPageCustomizer' defined in class path resource [org/springframework/boot/autoconfigure/web/servlet/error/ErrorMvcAutoConfiguration.class]: Unsatisfied dependency expressed through method 'errorPageCustomizer' parameter 0; nested exception is org.springframework.beans.factory.BeanCreationException: Error creating bean with name 'dispatcherServletRegistration' defined in class path resource [org/springframework/boot/autoconfigure/web/servlet/DispatcherServletAutoConfiguration$DispatcherServletRegistrationConfiguration.class]: Bean instantiation via factory method failed; nested exception is org.springframework.beans.BeanInstantiationException: Failed to instantiate [org.springframework.boot.autoconfigure.web.servlet.DispatcherServletRegistrationBean]: Factory method 'dispatcherServletRegistration' threw exception; nested exception is org.springframework.beans.factory.UnsatisfiedDependencyException: Error creating bean with name 'myConfig': Unsatisfied dependency expressed through field 'employeePortalInterceptor'; nested exception is org.springframework.beans.factory.UnsatisfiedDependencyException: Error creating bean with name 'employeePortalInterceptor': Unsatisfied dependency expressed through field 'authenticationService'; nested exception is org.springframework.beans.factory.UnsatisfiedDependencyException: Error creating bean with name 'authenticationService': Unsatisfied dependency expressed through field 'employeeRepository'; nested exception is org.springframework.beans.factory.BeanCreationException: Error creating bean with name 'employeeRepository' defined in com.apmosys.employeeportal.repository.EmployeeRepository defined in @EnableJpaRepositories declared on EnversRevisionRepositoriesRegistrar.EnableJpaRepositoriesConfiguration: Cannot create inner bean '(inner bean)#32d1599e' of type [org.springframework.orm.jpa.SharedEntityManagerCreator] while setting bean property 'entityManager'; nested exception is org.springframework.beans.factory.BeanCreationException: Error creating bean with name '(inner bean)#32d1599e': Cannot resolve reference to bean 'entityManagerFactory' while setting constructor argument; nested exception is org.springframework.beans.factory.BeanCreationException: Error creating bean with name 'entityManagerFactory' defined in class path resource [org/springframework/boot/autoconfigure/orm/jpa/HibernateJpaConfiguration.class]: Invocation of init method failed; nested exception is java.lang.OutOfMemoryError: Java heap space
2026-01-13 22:47:54 [restartedMain] INFO  org.springframework.boot.autoconfigure.logging.ConditionEvaluationReportLoggingListener - 

Error starting ApplicationContext. To display the conditions report re-run your application with 'debug' enabled.
2026-01-13 22:47:54 [restartedMain] ERROR org.springframework.boot.SpringApplication - Application run failed
org.springframework.context.ApplicationContextException: Unable to start web server; nested exception is org.springframework.beans.factory.BeanCreationException: Error creating bean with name 'tomcatServletWebServerFactory' defined in class path resource [org/springframework/boot/autoconfigure/web/servlet/ServletWebServerFactoryConfiguration$EmbeddedTomcat.class]: Initialization of bean failed; nested exception is org.springframework.beans.factory.UnsatisfiedDependencyException: Error creating bean with name 'errorPageCustomizer' defined in class path resource [org/springframework/boot/autoconfigure/web/servlet/error/ErrorMvcAutoConfiguration.class]: Unsatisfied dependency expressed through method 'errorPageCustomizer' parameter 0; nested exception is org.springframework.beans.factory.BeanCreationException: Error creating bean with name 'dispatcherServletRegistration' defined in class path resource [org/springframework/boot/autoconfigure/web/servlet/DispatcherServletAutoConfiguration$DispatcherServletRegistrationConfiguration.class]: Bean instantiation via factory method failed; nested exception is org.springframework.beans.BeanInstantiationException: Failed to instantiate [org.springframework.boot.autoconfigure.web.servlet.DispatcherServletRegistrationBean]: Factory method 'dispatcherServletRegistration' threw exception; nested exception is org.springframework.beans.factory.UnsatisfiedDependencyException: Error creating bean with name 'myConfig': Unsatisfied dependency expressed through field 'employeePortalInterceptor'; nested exception is org.springframework.beans.factory.UnsatisfiedDependencyException: Error creating bean with name 'employeePortalInterceptor': Unsatisfied dependency expressed through field 'authenticationService'; nested exception is org.springframework.beans.factory.UnsatisfiedDependencyException: Error creating bean with name 'authenticationService': Unsatisfied dependency expressed through field 'employeeRepository'; nested exception is org.springframework.beans.factory.BeanCreationException: Error creating bean with name 'employeeRepository' defined in com.apmosys.employeeportal.repository.EmployeeRepository defined in @EnableJpaRepositories declared on EnversRevisionRepositoriesRegistrar.EnableJpaRepositoriesConfiguration: Cannot create inner bean '(inner bean)#32d1599e' of type [org.springframework.orm.jpa.SharedEntityManagerCreator] while setting bean property 'entityManager'; nested exception is org.springframework.beans.factory.BeanCreationException: Error creating bean with name '(inner bean)#32d1599e': Cannot resolve reference to bean 'entityManagerFactory' while setting constructor argument; nested exception is org.springframework.beans.factory.BeanCreationException: Error creating bean with name 'entityManagerFactory' defined in class path resource [org/springframework/boot/autoconfigure/orm/jpa/HibernateJpaConfiguration.class]: Invocation of init method failed; nested exception is java.lang.OutOfMemoryError: Java heap space
	at org.springframework.boot.web.servlet.context.ServletWebServerApplicationContext.onRefresh(ServletWebServerApplicationContext.java:163)
	at org.springframework.context.support.AbstractApplicationContext.refresh(AbstractApplicationContext.java:577)
	at org.springframework.boot.web.servlet.context.ServletWebServerApplicationContext.refresh(ServletWebServerApplicationContext.java:145)
	at org.springframework.boot.SpringApplication.refresh(SpringApplication.java:740)
	at org.springframework.boot.SpringApplication.refreshContext(SpringApplication.java:415)
	at org.springframework.boot.SpringApplication.run(SpringApplication.java:303)
	at org.springframework.boot.SpringApplication.run(SpringApplication.java:1312)
	at org.springframework.boot.SpringApplication.run(SpringApplication.java:1301)
	at com.apmosys.employeeportal.EmployeeportalApplication.main(EmployeeportalApplication.java:17)
	at java.base/jdk.internal.reflect.NativeMethodAccessorImpl.invoke0(Native Method)
	at java.base/jdk.internal.reflect.NativeMethodAccessorImpl.invoke(NativeMethodAccessorImpl.java:77)
	at java.base/jdk.internal.reflect.DelegatingMethodAccessorImpl.invoke(DelegatingMethodAccessorImpl.java:43)
	at java.base/java.lang.reflect.Method.invoke(Method.java:568)
	at org.springframework.boot.devtools.restart.RestartLauncher.run(RestartLauncher.java:49)
Caused by: org.springframework.beans.factory.BeanCreationException: Error creating bean with name 'tomcatServletWebServerFactory' defined in class path resource [org/springframework/boot/autoconfigure/web/servlet/ServletWebServerFactoryConfiguration$EmbeddedTomcat.class]: Initialization of bean failed; nested exception is org.springframework.beans.factory.UnsatisfiedDependencyException: Error creating bean with name 'errorPageCustomizer' defined in class path resource [org/springframework/boot/autoconfigure/web/servlet/error/ErrorMvcAutoConfiguration.class]: Unsatisfied dependency expressed through method 'errorPageCustomizer' parameter 0; nested exception is org.springframework.beans.factory.BeanCreationException: Error creating bean with name 'dispatcherServletRegistration' defined in class path resource [org/springframework/boot/autoconfigure/web/servlet/DispatcherServletAutoConfiguration$DispatcherServletRegistrationConfiguration.class]: Bean instantiation via factory method failed; nested exception is org.springframework.beans.BeanInstantiationException: Failed to instantiate [org.springframework.boot.autoconfigure.web.servlet.DispatcherServletRegistrationBean]: Factory method 'dispatcherServletRegistration' threw exception; nested exception is org.springframework.beans.factory.UnsatisfiedDependencyException: Error creating bean with name 'myConfig': Unsatisfied dependency expressed through field 'employeePortalInterceptor'; nested exception is org.springframework.beans.factory.UnsatisfiedDependencyException: Error creating bean with name 'employeePortalInterceptor': Unsatisfied dependency expressed through field 'authenticationService'; nested exception is org.springframework.beans.factory.UnsatisfiedDependencyException: Error creating bean with name 'authenticationService': Unsatisfied dependency expressed through field 'employeeRepository'; nested exception is org.springframework.beans.factory.BeanCreationException: Error creating bean with name 'employeeRepository' defined in com.apmosys.employeeportal.repository.EmployeeRepository defined in @EnableJpaRepositories declared on EnversRevisionRepositoriesRegistrar.EnableJpaRepositoriesConfiguration: Cannot create inner bean '(inner bean)#32d1599e' of type [org.springframework.orm.jpa.SharedEntityManagerCreator] while setting bean property 'entityManager'; nested exception is org.springframework.beans.factory.BeanCreationException: Error creating bean with name '(inner bean)#32d1599e': Cannot resolve reference to bean 'entityManagerFactory' while setting constructor argument; nested exception is org.springframework.beans.factory.BeanCreationException: Error creating bean with name 'entityManagerFactory' defined in class path resource [org/springframework/boot/autoconfigure/orm/jpa/HibernateJpaConfiguration.class]: Invocation of init method failed; nested exception is java.lang.OutOfMemoryError: Java heap space
	at org.springframework.beans.factory.support.AbstractAutowireCapableBeanFactory.doCreateBean(AbstractAutowireCapableBeanFactory.java:628)
	at org.springframework.beans.factory.support.AbstractAutowireCapableBeanFactory.createBean(AbstractAutowireCapableBeanFactory.java:542)
	at org.springframework.beans.factory.support.AbstractBeanFactory.lambda$doGetBean$0(AbstractBeanFactory.java:335)
	at org.springframework.beans.factory.support.DefaultSingletonBeanRegistry.getSingleton(DefaultSingletonBeanRegistry.java:234)
	at org.springframework.beans.factory.support.AbstractBeanFactory.doGetBean(AbstractBeanFactory.java:333)
	at org.springframework.beans.factory.support.AbstractBeanFactory.getBean(AbstractBeanFactory.java:213)
	at org.springframework.boot.web.servlet.context.ServletWebServerApplicationContext.getWebServerFactory(ServletWebServerApplicationContext.java:217)
	at org.springframework.boot.web.servlet.context.ServletWebServerApplicationContext.createWebServer(ServletWebServerApplicationContext.java:180)
	at org.springframework.boot.web.servlet.context.ServletWebServerApplicationContext.onRefresh(ServletWebServerApplicationContext.java:160)
	... 13 common frames omitted
Caused by: org.springframework.beans.factory.UnsatisfiedDependencyException: Error creating bean with name 'errorPageCustomizer' defined in class path resource [org/springframework/boot/autoconfigure/web/servlet/error/ErrorMvcAutoConfiguration.class]: Unsatisfied dependency expressed through method 'errorPageCustomizer' parameter 0; nested exception is org.springframework.beans.factory.BeanCreationException: Error creating bean with name 'dispatcherServletRegistration' defined in class path resource [org/springframework/boot/autoconfigure/web/servlet/DispatcherServletAutoConfiguration$DispatcherServletRegistrationConfiguration.class]: Bean instantiation via factory method failed; nested exception is org.springframework.beans.BeanInstantiationException: Failed to instantiate [org.springframework.boot.autoconfigure.web.servlet.DispatcherServletRegistrationBean]: Factory method 'dispatcherServletRegistration' threw exception; nested exception is org.springframework.beans.factory.UnsatisfiedDependencyException: Error creating bean with name 'myConfig': Unsatisfied dependency expressed through field 'employeePortalInterceptor'; nested exception is org.springframework.beans.factory.UnsatisfiedDependencyException: Error creating bean with name 'employeePortalInterceptor': Unsatisfied dependency expressed through field 'authenticationService'; nested exception is org.springframework.beans.factory.UnsatisfiedDependencyException: Error creating bean with name 'authenticationService': Unsatisfied dependency expressed through field 'employeeRepository'; nested exception is org.springframework.beans.factory.BeanCreationException: Error creating bean with name 'employeeRepository' defined in com.apmosys.employeeportal.repository.EmployeeRepository defined in @EnableJpaRepositories declared on EnversRevisionRepositoriesRegistrar.EnableJpaRepositoriesConfiguration: Cannot create inner bean '(inner bean)#32d1599e' of type [org.springframework.orm.jpa.SharedEntityManagerCreator] while setting bean property 'entityManager'; nested exception is org.springframework.beans.factory.BeanCreationException: Error creating bean with name '(inner bean)#32d1599e': Cannot resolve reference to bean 'entityManagerFactory' while setting constructor argument; nested exception is org.springframework.beans.factory.BeanCreationException: Error creating bean with name 'entityManagerFactory' defined in class path resource [org/springframework/boot/autoconfigure/orm/jpa/HibernateJpaConfiguration.class]: Invocation of init method failed; nested exception is java.lang.OutOfMemoryError: Java heap space
	at org.springframework.beans.factory.support.ConstructorResolver.createArgumentArray(ConstructorResolver.java:800)
	at org.springframework.beans.factory.support.ConstructorResolver.instantiateUsingFactoryMethod(ConstructorResolver.java:541)
	at org.springframework.beans.factory.support.AbstractAutowireCapableBeanFactory.instantiateUsingFactoryMethod(AbstractAutowireCapableBeanFactory.java:1352)
	at org.springframework.beans.factory.support.AbstractAutowireCapableBeanFactory.createBeanInstance(AbstractAutowireCapableBeanFactory.java:1195)
	at org.springframework.beans.factory.support.AbstractAutowireCapableBeanFactory.doCreateBean(AbstractAutowireCapableBeanFactory.java:582)
	at org.springframework.beans.factory.support.AbstractAutowireCapableBeanFactory.createBean(AbstractAutowireCapableBeanFactory.java:542)
	at org.springframework.beans.factory.support.AbstractBeanFactory.lambda$doGetBean$0(AbstractBeanFactory.java:335)
	at org.springframework.beans.factory.support.DefaultSingletonBeanRegistry.getSingleton(DefaultSingletonBeanRegistry.java:234)
	at org.springframework.beans.factory.support.AbstractBeanFactory.doGetBean(AbstractBeanFactory.java:333)
	at org.springframework.beans.factory.support.AbstractBeanFactory.getBean(AbstractBeanFactory.java:208)
	at org.springframework.beans.factory.support.DefaultListableBeanFactory.getBeansOfType(DefaultListableBeanFactory.java:671)
	at org.springframework.boot.web.server.ErrorPageRegistrarBeanPostProcessor.getRegistrars(ErrorPageRegistrarBeanPostProcessor.java:76)
	at org.springframework.boot.web.server.ErrorPageRegistrarBeanPostProcessor.postProcessBeforeInitialization(ErrorPageRegistrarBeanPostProcessor.java:67)
	at org.springframework.boot.web.server.ErrorPageRegistrarBeanPostProcessor.postProcessBeforeInitialization(ErrorPageRegistrarBeanPostProcessor.java:56)
	at org.springframework.beans.factory.support.AbstractAutowireCapableBeanFactory.applyBeanPostProcessorsBeforeInitialization(AbstractAutowireCapableBeanFactory.java:440)
	at org.springframework.beans.factory.support.AbstractAutowireCapableBeanFactory.initializeBean(AbstractAutowireCapableBeanFactory.java:1796)
	at org.springframework.beans.factory.support.AbstractAutowireCapableBeanFactory.doCreateBean(AbstractAutowireCapableBeanFactory.java:620)
	... 21 common frames omitted
Caused by: org.springframework.beans.factory.BeanCreationException: Error creating bean with name 'dispatcherServletRegistration' defined in class path resource [org/springframework/boot/autoconfigure/web/servlet/DispatcherServletAutoConfiguration$DispatcherServletRegistrationConfiguration.class]: Bean instantiation via factory method failed; nested exception is org.springframework.beans.BeanInstantiationException: Failed to instantiate [org.springframework.boot.autoconfigure.web.servlet.DispatcherServletRegistrationBean]: Factory method 'dispatcherServletRegistration' threw exception; nested exception is org.springframework.beans.factory.UnsatisfiedDependencyException: Error creating bean with name 'myConfig': Unsatisfied dependency expressed through field 'employeePortalInterceptor'; nested exception is org.springframework.beans.factory.UnsatisfiedDependencyException: Error creating bean with name 'employeePortalInterceptor': Unsatisfied dependency expressed through field 'authenticationService'; nested exception is org.springframework.beans.factory.UnsatisfiedDependencyException: Error creating bean with name 'authenticationService': Unsatisfied dependency expressed through field 'employeeRepository'; nested exception is org.springframework.beans.factory.BeanCreationException: Error creating bean with name 'employeeRepository' defined in com.apmosys.employeeportal.repository.EmployeeRepository defined in @EnableJpaRepositories declared on EnversRevisionRepositoriesRegistrar.EnableJpaRepositoriesConfiguration: Cannot create inner bean '(inner bean)#32d1599e' of type [org.springframework.orm.jpa.SharedEntityManagerCreator] while setting bean property 'entityManager'; nested exception is org.springframework.beans.factory.BeanCreationException: Error creating bean with name '(inner bean)#32d1599e': Cannot resolve reference to bean 'entityManagerFactory' while setting constructor argument; nested exception is org.springframework.beans.factory.BeanCreationException: Error creating bean with name 'entityManagerFactory' defined in class path resource [org/springframework/boot/autoconfigure/orm/jpa/HibernateJpaConfiguration.class]: Invocation of init method failed; nested exception is java.lang.OutOfMemoryError: Java heap space
	at org.springframework.beans.factory.support.ConstructorResolver.instantiate(ConstructorResolver.java:658)
	at org.springframework.beans.factory.support.ConstructorResolver.instantiateUsingFactoryMethod(ConstructorResolver.java:638)
	at org.springframework.beans.factory.support.AbstractAutowireCapableBeanFactory.instantiateUsingFactoryMethod(AbstractAutowireCapableBeanFactory.java:1352)
	at org.springframework.beans.factory.support.AbstractAutowireCapableBeanFactory.createBeanInstance(AbstractAutowireCapableBeanFactory.java:1195)
	at org.springframework.beans.factory.support.AbstractAutowireCapableBeanFactory.doCreateBean(AbstractAutowireCapableBeanFactory.java:582)
	at org.springframework.beans.factory.support.AbstractAutowireCapableBeanFactory.createBean(AbstractAutowireCapableBeanFactory.java:542)
	at org.springframework.beans.factory.support.AbstractBeanFactory.lambda$doGetBean$0(AbstractBeanFactory.java:335)
	at org.springframework.beans.factory.support.DefaultSingletonBeanRegistry.getSingleton(DefaultSingletonBeanRegistry.java:234)
	at org.springframework.beans.factory.support.AbstractBeanFactory.doGetBean(AbstractBeanFactory.java:333)
	at org.springframework.beans.factory.support.AbstractBeanFactory.getBean(AbstractBeanFactory.java:208)
	at org.springframework.beans.factory.config.DependencyDescriptor.resolveCandidate(DependencyDescriptor.java:276)
	at org.springframework.beans.factory.support.DefaultListableBeanFactory.doResolveDependency(DefaultListableBeanFactory.java:1389)
	at org.springframework.beans.factory.support.DefaultListableBeanFactory.resolveDependency(DefaultListableBeanFactory.java:1309)
	at org.springframework.beans.factory.support.ConstructorResolver.resolveAutowiredArgument(ConstructorResolver.java:887)
	at org.springframework.beans.factory.support.ConstructorResolver.createArgumentArray(ConstructorResolver.java:791)
	... 37 common frames omitted
Caused by: org.springframework.beans.BeanInstantiationException: Failed to instantiate [org.springframework.boot.autoconfigure.web.servlet.DispatcherServletRegistrationBean]: Factory method 'dispatcherServletRegistration' threw exception; nested exception is org.springframework.beans.factory.UnsatisfiedDependencyException: Error creating bean with name 'myConfig': Unsatisfied dependency expressed through field 'employeePortalInterceptor'; nested exception is org.springframework.beans.factory.UnsatisfiedDependencyException: Error creating bean with name 'employeePortalInterceptor': Unsatisfied dependency expressed through field 'authenticationService'; nested exception is org.springframework.beans.factory.UnsatisfiedDependencyException: Error creating bean with name 'authenticationService': Unsatisfied dependency expressed through field 'employeeRepository'; nested exception is org.springframework.beans.factory.BeanCreationException: Error creating bean with name 'employeeRepository' defined in com.apmosys.employeeportal.repository.EmployeeRepository defined in @EnableJpaRepositories declared on EnversRevisionRepositoriesRegistrar.EnableJpaRepositoriesConfiguration: Cannot create inner bean '(inner bean)#32d1599e' of type [org.springframework.orm.jpa.SharedEntityManagerCreator] while setting bean property 'entityManager'; nested exception is org.springframework.beans.factory.BeanCreationException: Error creating bean with name '(inner bean)#32d1599e': Cannot resolve reference to bean 'entityManagerFactory' while setting constructor argument; nested exception is org.springframework.beans.factory.BeanCreationException: Error creating bean with name 'entityManagerFactory' defined in class path resource [org/springframework/boot/autoconfigure/orm/jpa/HibernateJpaConfiguration.class]: Invocation of init method failed; nested exception is java.lang.OutOfMemoryError: Java heap space
	at org.springframework.beans.factory.support.SimpleInstantiationStrategy.instantiate(SimpleInstantiationStrategy.java:185)
	at org.springframework.beans.factory.support.ConstructorResolver.instantiate(ConstructorResolver.java:653)
	... 51 common frames omitted
Caused by: org.springframework.beans.factory.UnsatisfiedDependencyException: Error creating bean with name 'myConfig': Unsatisfied dependency expressed through field 'employeePortalInterceptor'; nested exception is org.springframework.beans.factory.UnsatisfiedDependencyException: Error creating bean with name 'employeePortalInterceptor': Unsatisfied dependency expressed through field 'authenticationService'; nested exception is org.springframework.beans.factory.UnsatisfiedDependencyException: Error creating bean with name 'authenticationService': Unsatisfied dependency expressed through field 'employeeRepository'; nested exception is org.springframework.beans.factory.BeanCreationException: Error creating bean with name 'employeeRepository' defined in com.apmosys.employeeportal.repository.EmployeeRepository defined in @EnableJpaRepositories declared on EnversRevisionRepositoriesRegistrar.EnableJpaRepositoriesConfiguration: Cannot create inner bean '(inner bean)#32d1599e' of type [org.springframework.orm.jpa.SharedEntityManagerCreator] while setting bean property 'entityManager'; nested exception is org.springframework.beans.factory.BeanCreationException: Error creating bean with name '(inner bean)#32d1599e': Cannot resolve reference to bean 'entityManagerFactory' while setting constructor argument; nested exception is org.springframework.beans.factory.BeanCreationException: Error creating bean with name 'entityManagerFactory' defined in class path resource [org/springframework/boot/autoconfigure/orm/jpa/HibernateJpaConfiguration.class]: Invocation of init method failed; nested exception is java.lang.OutOfMemoryError: Java heap space
	at org.springframework.beans.factory.annotation.AutowiredAnnotationBeanPostProcessor$AutowiredFieldElement.resolveFieldValue(AutowiredAnnotationBeanPostProcessor.java:659)
	at org.springframework.beans.factory.annotation.AutowiredAnnotationBeanPostProcessor$AutowiredFieldElement.inject(AutowiredAnnotationBeanPostProcessor.java:639)
	at org.springframework.beans.factory.annotation.InjectionMetadata.inject(InjectionMetadata.java:119)
	at org.springframework.beans.factory.annotation.AutowiredAnnotationBeanPostProcessor.postProcessProperties(AutowiredAnnotationBeanPostProcessor.java:399)
	at org.springframework.beans.factory.support.AbstractAutowireCapableBeanFactory.populateBean(AbstractAutowireCapableBeanFactory.java:1431)
	at org.springframework.beans.factory.support.AbstractAutowireCapableBeanFactory.doCreateBean(AbstractAutowireCapableBeanFactory.java:619)
	at org.springframework.beans.factory.support.AbstractAutowireCapableBeanFactory.createBean(AbstractAutowireCapableBeanFactory.java:542)
	at org.springframework.beans.factory.support.AbstractBeanFactory.lambda$doGetBean$0(AbstractBeanFactory.java:335)
	at org.springframework.beans.factory.support.DefaultSingletonBeanRegistry.getSingleton(DefaultSingletonBeanRegistry.java:234)
	at org.springframework.beans.factory.support.AbstractBeanFactory.doGetBean(AbstractBeanFactory.java:333)
	at org.springframework.beans.factory.support.AbstractBeanFactory.getBean(AbstractBeanFactory.java:208)
	at org.springframework.beans.factory.support.ConstructorResolver.instantiateUsingFactoryMethod(ConstructorResolver.java:410)
	at org.springframework.beans.factory.support.AbstractAutowireCapableBeanFactory.instantiateUsingFactoryMethod(AbstractAutowireCapableBeanFactory.java:1352)
	at org.springframework.beans.factory.support.AbstractAutowireCapableBeanFactory.createBeanInstance(AbstractAutowireCapableBeanFactory.java:1195)
	at org.springframework.beans.factory.support.AbstractAutowireCapableBeanFactory.doCreateBean(AbstractAutowireCapableBeanFactory.java:582)
	at org.springframework.beans.factory.support.AbstractAutowireCapableBeanFactory.createBean(AbstractAutowireCapableBeanFactory.java:542)
	at org.springframework.beans.factory.support.AbstractBeanFactory.lambda$doGetBean$0(AbstractBeanFactory.java:335)
	at org.springframework.beans.factory.support.DefaultSingletonBeanRegistry.getSingleton(DefaultSingletonBeanRegistry.java:234)
	at org.springframework.beans.factory.support.AbstractBeanFactory.doGetBean(AbstractBeanFactory.java:333)
	at org.springframework.beans.factory.support.AbstractBeanFactory.getBean(AbstractBeanFactory.java:208)
	at org.springframework.beans.factory.config.DependencyDescriptor.resolveCandidate(DependencyDescriptor.java:276)
	at org.springframework.beans.factory.support.DefaultListableBeanFactory.doResolveDependency(DefaultListableBeanFactory.java:1389)
	at org.springframework.beans.factory.support.DefaultListableBeanFactory$DependencyObjectProvider.getIfAvailable(DefaultListableBeanFactory.java:2030)
	at org.springframework.beans.factory.support.DefaultListableBeanFactory$DependencyObjectProvider.ifAvailable(DefaultListableBeanFactory.java:2041)
	at org.springframework.boot.autoconfigure.web.servlet.DispatcherServletAutoConfiguration$DispatcherServletRegistrationConfiguration.dispatcherServletRegistration(DispatcherServletAutoConfiguration.java:124)
	at java.base/jdk.internal.reflect.NativeMethodAccessorImpl.invoke0(Native Method)
	at java.base/jdk.internal.reflect.NativeMethodAccessorImpl.invoke(NativeMethodAccessorImpl.java:77)
	at java.base/jdk.internal.reflect.DelegatingMethodAccessorImpl.invoke(DelegatingMethodAccessorImpl.java:43)
	at java.base/java.lang.reflect.Method.invoke(Method.java:568)
	at org.springframework.beans.factory.support.SimpleInstantiationStrategy.instantiate(SimpleInstantiationStrategy.java:154)
	... 52 common frames omitted
Caused by: org.springframework.beans.factory.UnsatisfiedDependencyException: Error creating bean with name 'employeePortalInterceptor': Unsatisfied dependency expressed through field 'authenticationService'; nested exception is org.springframework.beans.factory.UnsatisfiedDependencyException: Error creating bean with name 'authenticationService': Unsatisfied dependency expressed through field 'employeeRepository'; nested exception is org.springframework.beans.factory.BeanCreationException: Error creating bean with name 'employeeRepository' defined in com.apmosys.employeeportal.repository.EmployeeRepository defined in @EnableJpaRepositories declared on EnversRevisionRepositoriesRegistrar.EnableJpaRepositoriesConfiguration: Cannot create inner bean '(inner bean)#32d1599e' of type [org.springframework.orm.jpa.SharedEntityManagerCreator] while setting bean property 'entityManager'; nested exception is org.springframework.beans.factory.BeanCreationException: Error creating bean with name '(inner bean)#32d1599e': Cannot resolve reference to bean 'entityManagerFactory' while setting constructor argument; nested exception is org.springframework.beans.factory.BeanCreationException: Error creating bean with name 'entityManagerFactory' defined in class path resource [org/springframework/boot/autoconfigure/orm/jpa/HibernateJpaConfiguration.class]: Invocation of init method failed; nested exception is java.lang.OutOfMemoryError: Java heap space
	at org.springframework.beans.factory.annotation.AutowiredAnnotationBeanPostProcessor$AutowiredFieldElement.resolveFieldValue(AutowiredAnnotationBeanPostProcessor.java:659)
	at org.springframework.beans.factory.annotation.AutowiredAnnotationBeanPostProcessor$AutowiredFieldElement.inject(AutowiredAnnotationBeanPostProcessor.java:639)
	at org.springframework.beans.factory.annotation.InjectionMetadata.inject(InjectionMetadata.java:119)
	at org.springframework.beans.factory.annotation.AutowiredAnnotationBeanPostProcessor.postProcessProperties(AutowiredAnnotationBeanPostProcessor.java:399)
	at org.springframework.beans.factory.support.AbstractAutowireCapableBeanFactory.populateBean(AbstractAutowireCapableBeanFactory.java:1431)
	at org.springframework.beans.factory.support.AbstractAutowireCapableBeanFactory.doCreateBean(AbstractAutowireCapableBeanFactory.java:619)
	at org.springframework.beans.factory.support.AbstractAutowireCapableBeanFactory.createBean(AbstractAutowireCapableBeanFactory.java:542)
	at org.springframework.beans.factory.support.AbstractBeanFactory.lambda$doGetBean$0(AbstractBeanFactory.java:335)
	at org.springframework.beans.factory.support.DefaultSingletonBeanRegistry.getSingleton(DefaultSingletonBeanRegistry.java:234)
	at org.springframework.beans.factory.support.AbstractBeanFactory.doGetBean(AbstractBeanFactory.java:333)
	at org.springframework.beans.factory.support.AbstractBeanFactory.getBean(AbstractBeanFactory.java:208)
	at org.springframework.beans.factory.config.DependencyDescriptor.resolveCandidate(DependencyDescriptor.java:276)
	at org.springframework.beans.factory.support.DefaultListableBeanFactory.doResolveDependency(DefaultListableBeanFactory.java:1389)
	at org.springframework.beans.factory.support.DefaultListableBeanFactory.resolveDependency(DefaultListableBeanFactory.java:1309)
	at org.springframework.beans.factory.annotation.AutowiredAnnotationBeanPostProcessor$AutowiredFieldElement.resolveFieldValue(AutowiredAnnotationBeanPostProcessor.java:656)
	... 81 common frames omitted
Caused by: org.springframework.beans.factory.UnsatisfiedDependencyException: Error creating bean with name 'authenticationService': Unsatisfied dependency expressed through field 'employeeRepository'; nested exception is org.springframework.beans.factory.BeanCreationException: Error creating bean with name 'employeeRepository' defined in com.apmosys.employeeportal.repository.EmployeeRepository defined in @EnableJpaRepositories declared on EnversRevisionRepositoriesRegistrar.EnableJpaRepositoriesConfiguration: Cannot create inner bean '(inner bean)#32d1599e' of type [org.springframework.orm.jpa.SharedEntityManagerCreator] while setting bean property 'entityManager'; nested exception is org.springframework.beans.factory.BeanCreationException: Error creating bean with name '(inner bean)#32d1599e': Cannot resolve reference to bean 'entityManagerFactory' while setting constructor argument; nested exception is org.springframework.beans.factory.BeanCreationException: Error creating bean with name 'entityManagerFactory' defined in class path resource [org/springframework/boot/autoconfigure/orm/jpa/HibernateJpaConfiguration.class]: Invocation of init method failed; nested exception is java.lang.OutOfMemoryError: Java heap space
	at org.springframework.beans.factory.annotation.AutowiredAnnotationBeanPostProcessor$AutowiredFieldElement.resolveFieldValue(AutowiredAnnotationBeanPostProcessor.java:659)
	at org.springframework.beans.factory.annotation.AutowiredAnnotationBeanPostProcessor$AutowiredFieldElement.inject(AutowiredAnnotationBeanPostProcessor.java:639)
	at org.springframework.beans.factory.annotation.InjectionMetadata.inject(InjectionMetadata.java:119)
	at org.springframework.beans.factory.annotation.AutowiredAnnotationBeanPostProcessor.postProcessProperties(AutowiredAnnotationBeanPostProcessor.java:399)
	at org.springframework.beans.factory.support.AbstractAutowireCapableBeanFactory.populateBean(AbstractAutowireCapableBeanFactory.java:1431)
	at org.springframework.beans.factory.support.AbstractAutowireCapableBeanFactory.doCreateBean(AbstractAutowireCapableBeanFactory.java:619)
	at org.springframework.beans.factory.support.AbstractAutowireCapableBeanFactory.createBean(AbstractAutowireCapableBeanFactory.java:542)
	at org.springframework.beans.factory.support.AbstractBeanFactory.lambda$doGetBean$0(AbstractBeanFactory.java:335)
	at org.springframework.beans.factory.support.DefaultSingletonBeanRegistry.getSingleton(DefaultSingletonBeanRegistry.java:234)
	at org.springframework.beans.factory.support.AbstractBeanFactory.doGetBean(AbstractBeanFactory.java:333)
	at org.springframework.beans.factory.support.AbstractBeanFactory.getBean(AbstractBeanFactory.java:208)
	at org.springframework.beans.factory.config.DependencyDescriptor.resolveCandidate(DependencyDescriptor.java:276)
	at org.springframework.beans.factory.support.DefaultListableBeanFactory.doResolveDependency(DefaultListableBeanFactory.java:1389)
	at org.springframework.beans.factory.support.DefaultListableBeanFactory.resolveDependency(DefaultListableBeanFactory.java:1309)
	at org.springframework.beans.factory.annotation.AutowiredAnnotationBeanPostProcessor$AutowiredFieldElement.resolveFieldValue(AutowiredAnnotationBeanPostProcessor.java:656)
	... 95 common frames omitted
Caused by: org.springframework.beans.factory.BeanCreationException: Error creating bean with name 'employeeRepository' defined in com.apmosys.employeeportal.repository.EmployeeRepository defined in @EnableJpaRepositories declared on EnversRevisionRepositoriesRegistrar.EnableJpaRepositoriesConfiguration: Cannot create inner bean '(inner bean)#32d1599e' of type [org.springframework.orm.jpa.SharedEntityManagerCreator] while setting bean property 'entityManager'; nested exception is org.springframework.beans.factory.BeanCreationException: Error creating bean with name '(inner bean)#32d1599e': Cannot resolve reference to bean 'entityManagerFactory' while setting constructor argument; nested exception is org.springframework.beans.factory.BeanCreationException: Error creating bean with name 'entityManagerFactory' defined in class path resource [org/springframework/boot/autoconfigure/orm/jpa/HibernateJpaConfiguration.class]: Invocation of init method failed; nested exception is java.lang.OutOfMemoryError: Java heap space
	at org.springframework.beans.factory.support.BeanDefinitionValueResolver.resolveInnerBean(BeanDefinitionValueResolver.java:389)
	at org.springframework.beans.factory.support.BeanDefinitionValueResolver.resolveValueIfNecessary(BeanDefinitionValueResolver.java:134)
	at org.springframework.beans.factory.support.AbstractAutowireCapableBeanFactory.applyPropertyValues(AbstractAutowireCapableBeanFactory.java:1707)
	at org.springframework.beans.factory.support.AbstractAutowireCapableBeanFactory.populateBean(AbstractAutowireCapableBeanFactory.java:1452)
	at org.springframework.beans.factory.support.AbstractAutowireCapableBeanFactory.doCreateBean(AbstractAutowireCapableBeanFactory.java:619)
	at org.springframework.beans.factory.support.AbstractAutowireCapableBeanFactory.createBean(AbstractAutowireCapableBeanFactory.java:542)
	at org.springframework.beans.factory.support.AbstractBeanFactory.lambda$doGetBean$0(AbstractBeanFactory.java:335)
	at org.springframework.beans.factory.support.DefaultSingletonBeanRegistry.getSingleton(DefaultSingletonBeanRegistry.java:234)
	at org.springframework.beans.factory.support.AbstractBeanFactory.doGetBean(AbstractBeanFactory.java:333)
	at org.springframework.beans.factory.support.AbstractBeanFactory.getBean(AbstractBeanFactory.java:208)
	at org.springframework.beans.factory.config.DependencyDescriptor.resolveCandidate(DependencyDescriptor.java:276)
	at org.springframework.beans.factory.support.DefaultListableBeanFactory.doResolveDependency(DefaultListableBeanFactory.java:1389)
	at org.springframework.beans.factory.support.DefaultListableBeanFactory.resolveDependency(DefaultListableBeanFactory.java:1309)
	at org.springframework.beans.factory.annotation.AutowiredAnnotationBeanPostProcessor$AutowiredFieldElement.resolveFieldValue(AutowiredAnnotationBeanPostProcessor.java:656)
	... 109 common frames omitted
Caused by: org.springframework.beans.factory.BeanCreationException: Error creating bean with name '(inner bean)#32d1599e': Cannot resolve reference to bean 'entityManagerFactory' while setting constructor argument; nested exception is org.springframework.beans.factory.BeanCreationException: Error creating bean with name 'entityManagerFactory' defined in class path resource [org/springframework/boot/autoconfigure/orm/jpa/HibernateJpaConfiguration.class]: Invocation of init method failed; nested exception is java.lang.OutOfMemoryError: Java heap space
	at org.springframework.beans.factory.support.BeanDefinitionValueResolver.resolveReference(BeanDefinitionValueResolver.java:342)
	at org.springframework.beans.factory.support.BeanDefinitionValueResolver.resolveValueIfNecessary(BeanDefinitionValueResolver.java:113)
	at org.springframework.beans.factory.support.ConstructorResolver.resolveConstructorArguments(ConstructorResolver.java:693)
	at org.springframework.beans.factory.support.ConstructorResolver.instantiateUsingFactoryMethod(ConstructorResolver.java:510)
	at org.springframework.beans.factory.support.AbstractAutowireCapableBeanFactory.instantiateUsingFactoryMethod(AbstractAutowireCapableBeanFactory.java:1352)
	at org.springframework.beans.factory.support.AbstractAutowireCapableBeanFactory.createBeanInstance(AbstractAutowireCapableBeanFactory.java:1195)
	at org.springframework.beans.factory.support.AbstractAutowireCapableBeanFactory.doCreateBean(AbstractAutowireCapableBeanFactory.java:582)
	at org.springframework.beans.factory.support.AbstractAutowireCapableBeanFactory.createBean(AbstractAutowireCapableBeanFactory.java:542)
	at org.springframework.beans.factory.support.BeanDefinitionValueResolver.resolveInnerBean(BeanDefinitionValueResolver.java:374)
	... 122 common frames omitted
Caused by: org.springframework.beans.factory.BeanCreationException: Error creating bean with name 'entityManagerFactory' defined in class path resource [org/springframework/boot/autoconfigure/orm/jpa/HibernateJpaConfiguration.class]: Invocation of init method failed; nested exception is java.lang.OutOfMemoryError: Java heap space
	at org.springframework.beans.factory.support.AbstractAutowireCapableBeanFactory.initializeBean(AbstractAutowireCapableBeanFactory.java:1804)
	at org.springframework.beans.factory.support.AbstractAutowireCapableBeanFactory.doCreateBean(AbstractAutowireCapableBeanFactory.java:620)
	at org.springframework.beans.factory.support.AbstractAutowireCapableBeanFactory.createBean(AbstractAutowireCapableBeanFactory.java:542)
	at org.springframework.beans.factory.support.AbstractBeanFactory.lambda$doGetBean$0(AbstractBeanFactory.java:335)
	at org.springframework.beans.factory.support.DefaultSingletonBeanRegistry.getSingleton(DefaultSingletonBeanRegistry.java:234)
	at org.springframework.beans.factory.support.AbstractBeanFactory.doGetBean(AbstractBeanFactory.java:333)
	at org.springframework.beans.factory.support.AbstractBeanFactory.getBean(AbstractBeanFactory.java:208)
	at org.springframework.beans.factory.support.BeanDefinitionValueResolver.resolveReference(BeanDefinitionValueResolver.java:330)
	... 130 common frames omitted
Caused by: java.lang.OutOfMemoryError: Java heap space
2026-01-13 22:48:26 [restartedMain] INFO  com.apmosys.employeeportal.EmployeeportalApplication - Starting EmployeeportalApplication using Java 17.0.5 on Apmosyslt05M with PID 101062 (/home/apmosys/Documents/LatestWorkSpace/Rewamp_Cleaning/employeeportal_revamp/target/classes started by apmosys in /home/apmosys/Documents/LatestWorkSpace/Rewamp_Cleaning/employeeportal_revamp)
2026-01-13 22:48:26 [restartedMain] INFO  com.apmosys.employeeportal.EmployeeportalApplication - The following 1 profile is active: "uat"
2026-01-13 22:49:16 [restartedMain] INFO  org.mongodb.driver.cluster - Cluster created with settings {hosts=[192.168.12.113:27017], mode=SINGLE, requiredClusterType=UNKNOWN, serverSelectionTimeout='30000 ms'}
2026-01-13 22:49:18 [restartedMain] WARN  org.springframework.data.convert.CustomConversions - Registering converter from class java.time.LocalDateTime to class org.joda.time.LocalDateTime as reading converter although it doesn't convert from a store-supported type! You might want to check your annotation setup at the converter implementation.
2026-01-13 22:49:27 [cluster-ClusterId{value='69667e94dadaf8274786bc89', description='null'}-192.168.12.113:27017] INFO  org.mongodb.driver.cluster - Exception in monitor thread while connecting to server 192.168.12.113:27017
com.mongodb.MongoSocketOpenException: Exception opening socket
	at com.mongodb.internal.connection.SocketStream.open(SocketStream.java:70)
	at com.mongodb.internal.connection.InternalStreamConnection.open(InternalStreamConnection.java:180)
	at com.mongodb.internal.connection.DefaultServerMonitor$ServerMonitorRunnable.lookupServerDescription(DefaultServerMonitor.java:188)
	at com.mongodb.internal.connection.DefaultServerMonitor$ServerMonitorRunnable.run(DefaultServerMonitor.java:152)
	at java.base/java.lang.Thread.run(Thread.java:833)
Caused by: java.net.SocketTimeoutException: Connect timed out
	at java.base/sun.nio.ch.NioSocketImpl.timedFinishConnect(NioSocketImpl.java:546)
	at java.base/sun.nio.ch.NioSocketImpl.connect(NioSocketImpl.java:597)
	at java.base/java.net.SocksSocketImpl.connect(SocksSocketImpl.java:327)
	at java.base/java.net.Socket.connect(Socket.java:633)
	at com.mongodb.internal.connection.SocketStreamHelper.initialize(SocketStreamHelper.java:107)
	at com.mongodb.internal.connection.SocketStream.initializeSocket(SocketStream.java:79)
	at com.mongodb.internal.connection.SocketStream.open(SocketStream.java:65)
	... 4 common frames omitted
2026-01-13 22:53:39 [restartedMain] WARN  org.springframework.boot.web.servlet.context.AnnotationConfigServletWebServerApplicationContext - Exception encountered during context initialization - cancelling refresh attempt: org.springframework.beans.factory.UnsatisfiedDependencyException: Error creating bean with name 'apiSourceController': Unsatisfied dependency expressed through field 'apiSourceService'; nested exception is org.springframework.beans.factory.UnsatisfiedDependencyException: Error creating bean with name 'apiSourceService': Unsatisfied dependency expressed through field 'projectInsightQuestionDetailsRepository'; nested exception is org.springframework.beans.factory.BeanCreationException: Error creating bean with name 'projectInsightQuestionDetailsRepository' defined in com.apmosys.employeeportal.mongodb.repository.ProjectInsightQuestionDetailsRepository defined in @EnableMongoRepositories declared on MongoRepositoriesRegistrar.EnableMongoRepositoriesConfiguration: Cannot resolve reference to bean 'mongoTemplate' while setting bean property 'mongoOperations'; nested exception is org.springframework.beans.factory.UnsatisfiedDependencyException: Error creating bean with name 'mongoTemplate' defined in class path resource [org/springframework/boot/autoconfigure/data/mongo/MongoDatabaseFactoryDependentConfiguration.class]: Unsatisfied dependency expressed through method 'mongoTemplate' parameter 1; nested exception is org.springframework.beans.factory.UnsatisfiedDependencyException: Error creating bean with name 'mappingMongoConverter' defined in class path resource [org/springframework/boot/autoconfigure/data/mongo/MongoDatabaseFactoryDependentConfiguration.class]: Unsatisfied dependency expressed through method 'mappingMongoConverter' parameter 1; nested exception is org.springframework.beans.factory.BeanCreationException: Error creating bean with name 'mongoMappingContext' defined in class path resource [org/springframework/boot/autoconfigure/data/mongo/MongoDataConfiguration.class]: Invocation of init method failed; nested exception is org.springframework.data.mapping.MappingException: Error creating bean with name 'delegatingApplicationListener' defined in class path resource [org/springframework/security/config/annotation/web/configuration/WebSecurityConfiguration.class]: Post-processing of merged bean definition failed; nested exception is java.lang.IllegalStateException: Failed to introspect Class [org.springframework.security.context.DelegatingApplicationListener] from ClassLoader [jdk.internal.loader.ClassLoaders$AppClassLoader@42110406]
2026-01-13 22:55:14 [restartedMain] INFO  org.springframework.orm.jpa.LocalContainerEntityManagerFactoryBean - Closing JPA EntityManagerFactory for persistence unit 'default'
2026-01-13 22:55:16 [restartedMain] INFO  org.apache.catalina.core.StandardService - Stopping service [Tomcat]
2026-01-13 22:55:16 [restartedMain] INFO  org.springframework.boot.autoconfigure.logging.ConditionEvaluationReportLoggingListener - 

Error starting ApplicationContext. To display the conditions report re-run your application with 'debug' enabled.
2026-01-13 22:55:18 [restartedMain] ERROR org.springframework.boot.SpringApplication - Application run failed
org.springframework.beans.factory.UnsatisfiedDependencyException: Error creating bean with name 'apiSourceController': Unsatisfied dependency expressed through field 'apiSourceService'; nested exception is org.springframework.beans.factory.UnsatisfiedDependencyException: Error creating bean with name 'apiSourceService': Unsatisfied dependency expressed through field 'projectInsightQuestionDetailsRepository'; nested exception is org.springframework.beans.factory.BeanCreationException: Error creating bean with name 'projectInsightQuestionDetailsRepository' defined in com.apmosys.employeeportal.mongodb.repository.ProjectInsightQuestionDetailsRepository defined in @EnableMongoRepositories declared on MongoRepositoriesRegistrar.EnableMongoRepositoriesConfiguration: Cannot resolve reference to bean 'mongoTemplate' while setting bean property 'mongoOperations'; nested exception is org.springframework.beans.factory.UnsatisfiedDependencyException: Error creating bean with name 'mongoTemplate' defined in class path resource [org/springframework/boot/autoconfigure/data/mongo/MongoDatabaseFactoryDependentConfiguration.class]: Unsatisfied dependency expressed through method 'mongoTemplate' parameter 1; nested exception is org.springframework.beans.factory.UnsatisfiedDependencyException: Error creating bean with name 'mappingMongoConverter' defined in class path resource [org/springframework/boot/autoconfigure/data/mongo/MongoDatabaseFactoryDependentConfiguration.class]: Unsatisfied dependency expressed through method 'mappingMongoConverter' parameter 1; nested exception is org.springframework.beans.factory.BeanCreationException: Error creating bean with name 'mongoMappingContext' defined in class path resource [org/springframework/boot/autoconfigure/data/mongo/MongoDataConfiguration.class]: Invocation of init method failed; nested exception is org.springframework.data.mapping.MappingException: Error creating bean with name 'delegatingApplicationListener' defined in class path resource [org/springframework/security/config/annotation/web/configuration/WebSecurityConfiguration.class]: Post-processing of merged bean definition failed; nested exception is java.lang.IllegalStateException: Failed to introspect Class [org.springframework.security.context.DelegatingApplicationListener] from ClassLoader [jdk.internal.loader.ClassLoaders$AppClassLoader@42110406]
	at org.springframework.beans.factory.annotation.AutowiredAnnotationBeanPostProcessor$AutowiredFieldElement.resolveFieldValue(AutowiredAnnotationBeanPostProcessor.java:659)
	at org.springframework.beans.factory.annotation.AutowiredAnnotationBeanPostProcessor$AutowiredFieldElement.inject(AutowiredAnnotationBeanPostProcessor.java:639)
	at org.springframework.beans.factory.annotation.InjectionMetadata.inject(InjectionMetadata.java:119)
	at org.springframework.beans.factory.annotation.AutowiredAnnotationBeanPostProcessor.postProcessProperties(AutowiredAnnotationBeanPostProcessor.java:399)
	at org.springframework.beans.factory.support.AbstractAutowireCapableBeanFactory.populateBean(AbstractAutowireCapableBeanFactory.java:1431)
	at org.springframework.beans.factory.support.AbstractAutowireCapableBeanFactory.doCreateBean(AbstractAutowireCapableBeanFactory.java:619)
	at org.springframework.beans.factory.support.AbstractAutowireCapableBeanFactory.createBean(AbstractAutowireCapableBeanFactory.java:542)
	at org.springframework.beans.factory.support.AbstractBeanFactory.lambda$doGetBean$0(AbstractBeanFactory.java:335)
	at org.springframework.beans.factory.support.DefaultSingletonBeanRegistry.getSingleton(DefaultSingletonBeanRegistry.java:234)
	at org.springframework.beans.factory.support.AbstractBeanFactory.doGetBean(AbstractBeanFactory.java:333)
	at org.springframework.beans.factory.support.AbstractBeanFactory.getBean(AbstractBeanFactory.java:208)
	at org.springframework.beans.factory.support.DefaultListableBeanFactory.preInstantiateSingletons(DefaultListableBeanFactory.java:953)
	at org.springframework.context.support.AbstractApplicationContext.finishBeanFactoryInitialization(AbstractApplicationContext.java:918)
	at org.springframework.context.support.AbstractApplicationContext.refresh(AbstractApplicationContext.java:583)
	at org.springframework.boot.web.servlet.context.ServletWebServerApplicationContext.refresh(ServletWebServerApplicationContext.java:145)
	at org.springframework.boot.SpringApplication.refresh(SpringApplication.java:740)
	at org.springframework.boot.SpringApplication.refreshContext(SpringApplication.java:415)
	at org.springframework.boot.SpringApplication.run(SpringApplication.java:303)
	at org.springframework.boot.SpringApplication.run(SpringApplication.java:1312)
	at org.springframework.boot.SpringApplication.run(SpringApplication.java:1301)
	at com.apmosys.employeeportal.EmployeeportalApplication.main(EmployeeportalApplication.java:17)
	at java.base/jdk.internal.reflect.NativeMethodAccessorImpl.invoke0(Native Method)
	at java.base/jdk.internal.reflect.NativeMethodAccessorImpl.invoke(NativeMethodAccessorImpl.java:77)
	at java.base/jdk.internal.reflect.DelegatingMethodAccessorImpl.invoke(DelegatingMethodAccessorImpl.java:43)
	at java.base/java.lang.reflect.Method.invoke(Method.java:568)
	at org.springframework.boot.devtools.restart.RestartLauncher.run(RestartLauncher.java:49)
Caused by: org.springframework.beans.factory.UnsatisfiedDependencyException: Error creating bean with name 'apiSourceService': Unsatisfied dependency expressed through field 'projectInsightQuestionDetailsRepository'; nested exception is org.springframework.beans.factory.BeanCreationException: Error creating bean with name 'projectInsightQuestionDetailsRepository' defined in com.apmosys.employeeportal.mongodb.repository.ProjectInsightQuestionDetailsRepository defined in @EnableMongoRepositories declared on MongoRepositoriesRegistrar.EnableMongoRepositoriesConfiguration: Cannot resolve reference to bean 'mongoTemplate' while setting bean property 'mongoOperations'; nested exception is org.springframework.beans.factory.UnsatisfiedDependencyException: Error creating bean with name 'mongoTemplate' defined in class path resource [org/springframework/boot/autoconfigure/data/mongo/MongoDatabaseFactoryDependentConfiguration.class]: Unsatisfied dependency expressed through method 'mongoTemplate' parameter 1; nested exception is org.springframework.beans.factory.UnsatisfiedDependencyException: Error creating bean with name 'mappingMongoConverter' defined in class path resource [org/springframework/boot/autoconfigure/data/mongo/MongoDatabaseFactoryDependentConfiguration.class]: Unsatisfied dependency expressed through method 'mappingMongoConverter' parameter 1; nested exception is org.springframework.beans.factory.BeanCreationException: Error creating bean with name 'mongoMappingContext' defined in class path resource [org/springframework/boot/autoconfigure/data/mongo/MongoDataConfiguration.class]: Invocation of init method failed; nested exception is org.springframework.data.mapping.MappingException: Error creating bean with name 'delegatingApplicationListener' defined in class path resource [org/springframework/security/config/annotation/web/configuration/WebSecurityConfiguration.class]: Post-processing of merged bean definition failed; nested exception is java.lang.IllegalStateException: Failed to introspect Class [org.springframework.security.context.DelegatingApplicationListener] from ClassLoader [jdk.internal.loader.ClassLoaders$AppClassLoader@42110406]
	at org.springframework.beans.factory.annotation.AutowiredAnnotationBeanPostProcessor$AutowiredFieldElement.resolveFieldValue(AutowiredAnnotationBeanPostProcessor.java:659)
	at org.springframework.beans.factory.annotation.AutowiredAnnotationBeanPostProcessor$AutowiredFieldElement.inject(AutowiredAnnotationBeanPostProcessor.java:639)
	at org.springframework.beans.factory.annotation.InjectionMetadata.inject(InjectionMetadata.java:119)
	at org.springframework.beans.factory.annotation.AutowiredAnnotationBeanPostProcessor.postProcessProperties(AutowiredAnnotationBeanPostProcessor.java:399)
	at org.springframework.beans.factory.support.AbstractAutowireCapableBeanFactory.populateBean(AbstractAutowireCapableBeanFactory.java:1431)
	at org.springframework.beans.factory.support.AbstractAutowireCapableBeanFactory.doCreateBean(AbstractAutowireCapableBeanFactory.java:619)
	at org.springframework.beans.factory.support.AbstractAutowireCapableBeanFactory.createBean(AbstractAutowireCapableBeanFactory.java:542)
	at org.springframework.beans.factory.support.AbstractBeanFactory.lambda$doGetBean$0(AbstractBeanFactory.java:335)
	at org.springframework.beans.factory.support.DefaultSingletonBeanRegistry.getSingleton(DefaultSingletonBeanRegistry.java:234)
	at org.springframework.beans.factory.support.AbstractBeanFactory.doGetBean(AbstractBeanFactory.java:333)
	at org.springframework.beans.factory.support.AbstractBeanFactory.getBean(AbstractBeanFactory.java:208)
	at org.springframework.beans.factory.config.DependencyDescriptor.resolveCandidate(DependencyDescriptor.java:276)
	at org.springframework.beans.factory.support.DefaultListableBeanFactory.doResolveDependency(DefaultListableBeanFactory.java:1389)
	at org.springframework.beans.factory.support.DefaultListableBeanFactory.resolveDependency(DefaultListableBeanFactory.java:1309)
	at org.springframework.beans.factory.annotation.AutowiredAnnotationBeanPostProcessor$AutowiredFieldElement.resolveFieldValue(AutowiredAnnotationBeanPostProcessor.java:656)
	... 25 common frames omitted
Caused by: org.springframework.beans.factory.BeanCreationException: Error creating bean with name 'projectInsightQuestionDetailsRepository' defined in com.apmosys.employeeportal.mongodb.repository.ProjectInsightQuestionDetailsRepository defined in @EnableMongoRepositories declared on MongoRepositoriesRegistrar.EnableMongoRepositoriesConfiguration: Cannot resolve reference to bean 'mongoTemplate' while setting bean property 'mongoOperations'; nested exception is org.springframework.beans.factory.UnsatisfiedDependencyException: Error creating bean with name 'mongoTemplate' defined in class path resource [org/springframework/boot/autoconfigure/data/mongo/MongoDatabaseFactoryDependentConfiguration.class]: Unsatisfied dependency expressed through method 'mongoTemplate' parameter 1; nested exception is org.springframework.beans.factory.UnsatisfiedDependencyException: Error creating bean with name 'mappingMongoConverter' defined in class path resource [org/springframework/boot/autoconfigure/data/mongo/MongoDatabaseFactoryDependentConfiguration.class]: Unsatisfied dependency expressed through method 'mappingMongoConverter' parameter 1; nested exception is org.springframework.beans.factory.BeanCreationException: Error creating bean with name 'mongoMappingContext' defined in class path resource [org/springframework/boot/autoconfigure/data/mongo/MongoDataConfiguration.class]: Invocation of init method failed; nested exception is org.springframework.data.mapping.MappingException: Error creating bean with name 'delegatingApplicationListener' defined in class path resource [org/springframework/security/config/annotation/web/configuration/WebSecurityConfiguration.class]: Post-processing of merged bean definition failed; nested exception is java.lang.IllegalStateException: Failed to introspect Class [org.springframework.security.context.DelegatingApplicationListener] from ClassLoader [jdk.internal.loader.ClassLoaders$AppClassLoader@42110406]
	at org.springframework.beans.factory.support.BeanDefinitionValueResolver.resolveReference(BeanDefinitionValueResolver.java:342)
	at org.springframework.beans.factory.support.BeanDefinitionValueResolver.resolveValueIfNecessary(BeanDefinitionValueResolver.java:113)
	at org.springframework.beans.factory.support.AbstractAutowireCapableBeanFactory.applyPropertyValues(AbstractAutowireCapableBeanFactory.java:1707)
	at org.springframework.beans.factory.support.AbstractAutowireCapableBeanFactory.populateBean(AbstractAutowireCapableBeanFactory.java:1452)
	at org.springframework.beans.factory.support.AbstractAutowireCapableBeanFactory.doCreateBean(AbstractAutowireCapableBeanFactory.java:619)
	at org.springframework.beans.factory.support.AbstractAutowireCapableBeanFactory.createBean(AbstractAutowireCapableBeanFactory.java:542)
	at org.springframework.beans.factory.support.AbstractBeanFactory.lambda$doGetBean$0(AbstractBeanFactory.java:335)
	at org.springframework.beans.factory.support.DefaultSingletonBeanRegistry.getSingleton(DefaultSingletonBeanRegistry.java:234)
	at org.springframework.beans.factory.support.AbstractBeanFactory.doGetBean(AbstractBeanFactory.java:333)
	at org.springframework.beans.factory.support.AbstractBeanFactory.getBean(AbstractBeanFactory.java:208)
	at org.springframework.beans.factory.config.DependencyDescriptor.resolveCandidate(DependencyDescriptor.java:276)
	at org.springframework.beans.factory.support.DefaultListableBeanFactory.doResolveDependency(DefaultListableBeanFactory.java:1389)
	at org.springframework.beans.factory.support.DefaultListableBeanFactory.resolveDependency(DefaultListableBeanFactory.java:1309)
	at org.springframework.beans.factory.annotation.AutowiredAnnotationBeanPostProcessor$AutowiredFieldElement.resolveFieldValue(AutowiredAnnotationBeanPostProcessor.java:656)
	... 39 common frames omitted
Caused by: org.springframework.beans.factory.UnsatisfiedDependencyException: Error creating bean with name 'mongoTemplate' defined in class path resource [org/springframework/boot/autoconfigure/data/mongo/MongoDatabaseFactoryDependentConfiguration.class]: Unsatisfied dependency expressed through method 'mongoTemplate' parameter 1; nested exception is org.springframework.beans.factory.UnsatisfiedDependencyException: Error creating bean with name 'mappingMongoConverter' defined in class path resource [org/springframework/boot/autoconfigure/data/mongo/MongoDatabaseFactoryDependentConfiguration.class]: Unsatisfied dependency expressed through method 'mappingMongoConverter' parameter 1; nested exception is org.springframework.beans.factory.BeanCreationException: Error creating bean with name 'mongoMappingContext' defined in class path resource [org/springframework/boot/autoconfigure/data/mongo/MongoDataConfiguration.class]: Invocation of init method failed; nested exception is org.springframework.data.mapping.MappingException: Error creating bean with name 'delegatingApplicationListener' defined in class path resource [org/springframework/security/config/annotation/web/configuration/WebSecurityConfiguration.class]: Post-processing of merged bean definition failed; nested exception is java.lang.IllegalStateException: Failed to introspect Class [org.springframework.security.context.DelegatingApplicationListener] from ClassLoader [jdk.internal.loader.ClassLoaders$AppClassLoader@42110406]
	at org.springframework.beans.factory.support.ConstructorResolver.createArgumentArray(ConstructorResolver.java:800)
	at org.springframework.beans.factory.support.ConstructorResolver.instantiateUsingFactoryMethod(ConstructorResolver.java:541)
	at org.springframework.beans.factory.support.AbstractAutowireCapableBeanFactory.instantiateUsingFactoryMethod(AbstractAutowireCapableBeanFactory.java:1352)
	at org.springframework.beans.factory.support.AbstractAutowireCapableBeanFactory.createBeanInstance(AbstractAutowireCapableBeanFactory.java:1195)
	at org.springframework.beans.factory.support.AbstractAutowireCapableBeanFactory.doCreateBean(AbstractAutowireCapableBeanFactory.java:582)
	at org.springframework.beans.factory.support.AbstractAutowireCapableBeanFactory.createBean(AbstractAutowireCapableBeanFactory.java:542)
	at org.springframework.beans.factory.support.AbstractBeanFactory.lambda$doGetBean$0(AbstractBeanFactory.java:335)
	at org.springframework.beans.factory.support.DefaultSingletonBeanRegistry.getSingleton(DefaultSingletonBeanRegistry.java:234)
	at org.springframework.beans.factory.support.AbstractBeanFactory.doGetBean(AbstractBeanFactory.java:333)
	at org.springframework.beans.factory.support.AbstractBeanFactory.getBean(AbstractBeanFactory.java:208)
	at org.springframework.beans.factory.support.BeanDefinitionValueResolver.resolveReference(BeanDefinitionValueResolver.java:330)
	... 52 common frames omitted
Caused by: org.springframework.beans.factory.UnsatisfiedDependencyException: Error creating bean with name 'mappingMongoConverter' defined in class path resource [org/springframework/boot/autoconfigure/data/mongo/MongoDatabaseFactoryDependentConfiguration.class]: Unsatisfied dependency expressed through method 'mappingMongoConverter' parameter 1; nested exception is org.springframework.beans.factory.BeanCreationException: Error creating bean with name 'mongoMappingContext' defined in class path resource [org/springframework/boot/autoconfigure/data/mongo/MongoDataConfiguration.class]: Invocation of init method failed; nested exception is org.springframework.data.mapping.MappingException: Error creating bean with name 'delegatingApplicationListener' defined in class path resource [org/springframework/security/config/annotation/web/configuration/WebSecurityConfiguration.class]: Post-processing of merged bean definition failed; nested exception is java.lang.IllegalStateException: Failed to introspect Class [org.springframework.security.context.DelegatingApplicationListener] from ClassLoader [jdk.internal.loader.ClassLoaders$AppClassLoader@42110406]
	at org.springframework.beans.factory.support.ConstructorResolver.createArgumentArray(ConstructorResolver.java:800)
	at org.springframework.beans.factory.support.ConstructorResolver.instantiateUsingFactoryMethod(ConstructorResolver.java:541)
	at org.springframework.beans.factory.support.AbstractAutowireCapableBeanFactory.instantiateUsingFactoryMethod(AbstractAutowireCapableBeanFactory.java:1352)
	at org.springframework.beans.factory.support.AbstractAutowireCapableBeanFactory.createBeanInstance(AbstractAutowireCapableBeanFactory.java:1195)
	at org.springframework.beans.factory.support.AbstractAutowireCapableBeanFactory.doCreateBean(AbstractAutowireCapableBeanFactory.java:582)
	at org.springframework.beans.factory.support.AbstractAutowireCapableBeanFactory.createBean(AbstractAutowireCapableBeanFactory.java:542)
	at org.springframework.beans.factory.support.AbstractBeanFactory.lambda$doGetBean$0(AbstractBeanFactory.java:335)
	at org.springframework.beans.factory.support.DefaultSingletonBeanRegistry.getSingleton(DefaultSingletonBeanRegistry.java:234)
	at org.springframework.beans.factory.support.AbstractBeanFactory.doGetBean(AbstractBeanFactory.java:333)
	at org.springframework.beans.factory.support.AbstractBeanFactory.getBean(AbstractBeanFactory.java:208)
	at org.springframework.beans.factory.config.DependencyDescriptor.resolveCandidate(DependencyDescriptor.java:276)
	at org.springframework.beans.factory.support.DefaultListableBeanFactory.doResolveDependency(DefaultListableBeanFactory.java:1389)
	at org.springframework.beans.factory.support.DefaultListableBeanFactory.resolveDependency(DefaultListableBeanFactory.java:1309)
	at org.springframework.beans.factory.support.ConstructorResolver.resolveAutowiredArgument(ConstructorResolver.java:887)
	at org.springframework.beans.factory.support.ConstructorResolver.createArgumentArray(ConstructorResolver.java:791)
	... 62 common frames omitted
Caused by: org.springframework.beans.factory.BeanCreationException: Error creating bean with name 'mongoMappingContext' defined in class path resource [org/springframework/boot/autoconfigure/data/mongo/MongoDataConfiguration.class]: Invocation of init method failed; nested exception is org.springframework.data.mapping.MappingException: Error creating bean with name 'delegatingApplicationListener' defined in class path resource [org/springframework/security/config/annotation/web/configuration/WebSecurityConfiguration.class]: Post-processing of merged bean definition failed; nested exception is java.lang.IllegalStateException: Failed to introspect Class [org.springframework.security.context.DelegatingApplicationListener] from ClassLoader [jdk.internal.loader.ClassLoaders$AppClassLoader@42110406]
	at org.springframework.beans.factory.support.AbstractAutowireCapableBeanFactory.initializeBean(AbstractAutowireCapableBeanFactory.java:1804)
	at org.springframework.beans.factory.support.AbstractAutowireCapableBeanFactory.doCreateBean(AbstractAutowireCapableBeanFactory.java:620)
	at org.springframework.beans.factory.support.AbstractAutowireCapableBeanFactory.createBean(AbstractAutowireCapableBeanFactory.java:542)
	at org.springframework.beans.factory.support.AbstractBeanFactory.lambda$doGetBean$0(AbstractBeanFactory.java:335)
	at org.springframework.beans.factory.support.DefaultSingletonBeanRegistry.getSingleton(DefaultSingletonBeanRegistry.java:234)
	at org.springframework.beans.factory.support.AbstractBeanFactory.doGetBean(AbstractBeanFactory.java:333)
	at org.springframework.beans.factory.support.AbstractBeanFactory.getBean(AbstractBeanFactory.java:208)
	at org.springframework.beans.factory.config.DependencyDescriptor.resolveCandidate(DependencyDescriptor.java:276)
	at org.springframework.beans.factory.support.DefaultListableBeanFactory.doResolveDependency(DefaultListableBeanFactory.java:1389)
	at org.springframework.beans.factory.support.DefaultListableBeanFactory.resolveDependency(DefaultListableBeanFactory.java:1309)
	at org.springframework.beans.factory.support.ConstructorResolver.resolveAutowiredArgument(ConstructorResolver.java:887)
	at org.springframework.beans.factory.support.ConstructorResolver.createArgumentArray(ConstructorResolver.java:791)
	... 76 common frames omitted
Caused by: org.springframework.data.mapping.MappingException: Error creating bean with name 'delegatingApplicationListener' defined in class path resource [org/springframework/security/config/annotation/web/configuration/WebSecurityConfiguration.class]: Post-processing of merged bean definition failed; nested exception is java.lang.IllegalStateException: Failed to introspect Class [org.springframework.security.context.DelegatingApplicationListener] from ClassLoader [jdk.internal.loader.ClassLoaders$AppClassLoader@42110406]
	at org.springframework.data.mapping.context.AbstractMappingContext.addPersistentEntity(AbstractMappingContext.java:409)
	at org.springframework.data.mapping.context.AbstractMappingContext.addPersistentEntity(AbstractMappingContext.java:366)
	at java.base/java.lang.Iterable.forEach(Iterable.java:75)
	at org.springframework.data.mapping.context.AbstractMappingContext.initialize(AbstractMappingContext.java:519)
	at org.springframework.data.mapping.context.AbstractMappingContext.afterPropertiesSet(AbstractMappingContext.java:511)
	at org.springframework.beans.factory.support.AbstractAutowireCapableBeanFactory.invokeInitMethods(AbstractAutowireCapableBeanFactory.java:1863)
	at org.springframework.beans.factory.support.AbstractAutowireCapableBeanFactory.initializeBean(AbstractAutowireCapableBeanFactory.java:1800)
	... 87 common frames omitted
Caused by: org.springframework.beans.factory.BeanCreationException: Error creating bean with name 'delegatingApplicationListener' defined in class path resource [org/springframework/security/config/annotation/web/configuration/WebSecurityConfiguration.class]: Post-processing of merged bean definition failed; nested exception is java.lang.IllegalStateException: Failed to introspect Class [org.springframework.security.context.DelegatingApplicationListener] from ClassLoader [jdk.internal.loader.ClassLoaders$AppClassLoader@42110406]
	at org.springframework.beans.factory.support.AbstractAutowireCapableBeanFactory.doCreateBean(AbstractAutowireCapableBeanFactory.java:597)
	at org.springframework.beans.factory.support.AbstractAutowireCapableBeanFactory.createBean(AbstractAutowireCapableBeanFactory.java:542)
	at org.springframework.beans.factory.support.AbstractBeanFactory.lambda$doGetBean$0(AbstractBeanFactory.java:335)
	at org.springframework.beans.factory.support.DefaultSingletonBeanRegistry.getSingleton(DefaultSingletonBeanRegistry.java:234)
	at org.springframework.beans.factory.support.AbstractBeanFactory.doGetBean(AbstractBeanFactory.java:333)
	at org.springframework.beans.factory.support.AbstractBeanFactory.getBean(AbstractBeanFactory.java:213)
	at org.springframework.context.event.AbstractApplicationEventMulticaster.retrieveApplicationListeners(AbstractApplicationEventMulticaster.java:264)
	at org.springframework.context.event.AbstractApplicationEventMulticaster.getApplicationListeners(AbstractApplicationEventMulticaster.java:221)
	at org.springframework.context.event.SimpleApplicationEventMulticaster.multicastEvent(SimpleApplicationEventMulticaster.java:138)
	at org.springframework.context.support.AbstractApplicationContext.publishEvent(AbstractApplicationContext.java:421)
	at org.springframework.context.support.AbstractApplicationContext.publishEvent(AbstractApplicationContext.java:378)
	at org.springframework.data.mapping.context.AbstractMappingContext.addPersistentEntity(AbstractMappingContext.java:416)
	at org.springframework.data.mapping.context.AbstractMappingContext$PersistentPropertyCreator.lambda$createAndRegisterProperty$3(AbstractMappingContext.java:630)
	at java.base/java.lang.Iterable.forEach(Iterable.java:75)
	at org.springframework.data.mapping.context.AbstractMappingContext$PersistentPropertyCreator.createAndRegisterProperty(AbstractMappingContext.java:627)
	at org.springframework.data.mapping.context.AbstractMappingContext$PersistentPropertyCreator.doWith(AbstractMappingContext.java:581)
	at org.springframework.util.ReflectionUtils.doWithFields(ReflectionUtils.java:714)
	at org.springframework.data.mapping.context.AbstractMappingContext.doAddPersistentEntity(AbstractMappingContext.java:449)
	at org.springframework.data.mapping.context.AbstractMappingContext.addPersistentEntity(AbstractMappingContext.java:406)
	... 93 common frames omitted
Caused by: java.lang.IllegalStateException: Failed to introspect Class [org.springframework.security.context.DelegatingApplicationListener] from ClassLoader [jdk.internal.loader.ClassLoaders$AppClassLoader@42110406]
	at org.springframework.util.ReflectionUtils.getDeclaredMethods(ReflectionUtils.java:485)
	at org.springframework.util.ReflectionUtils.doWithLocalMethods(ReflectionUtils.java:321)
	at org.springframework.orm.jpa.support.PersistenceAnnotationBeanPostProcessor.buildPersistenceMetadata(PersistenceAnnotationBeanPostProcessor.java:417)
	at org.springframework.orm.jpa.support.PersistenceAnnotationBeanPostProcessor.findPersistenceMetadata(PersistenceAnnotationBeanPostProcessor.java:388)
	at org.springframework.orm.jpa.support.PersistenceAnnotationBeanPostProcessor.postProcessMergedBeanDefinition(PersistenceAnnotationBeanPostProcessor.java:335)
	at org.springframework.beans.factory.support.AbstractAutowireCapableBeanFactory.applyMergedBeanDefinitionPostProcessors(AbstractAutowireCapableBeanFactory.java:1116)
	at org.springframework.beans.factory.support.AbstractAutowireCapableBeanFactory.doCreateBean(AbstractAutowireCapableBeanFactory.java:594)
	... 111 common frames omitted
Caused by: java.lang.OutOfMemoryError: Java heap space
2026-01-13 22:55:37 [restartedMain] INFO  org.springframework.data.repository.config.RepositoryConfigurationDelegate - Multiple Spring Data modules found, entering strict repository configuration mode!
2026-01-13 22:55:37 [restartedMain] INFO  org.springframework.data.repository.config.RepositoryConfigurationDelegate - Bootstrapping Spring Data JPA repositories in DEFAULT mode.
2026-01-13 22:55:39 [restartedMain] INFO  org.springframework.data.repository.config.RepositoryConfigurationExtensionSupport - Spring Data JPA - Could not safely identify store assignment for repository candidate interface com.apmosys.employeeportal.mongodb.repository.DynamicFormStructureRepository. If you want this repository to be a JPA repository, consider annotating your entities with one of these annotations: javax.persistence.Entity, javax.persistence.MappedSuperclass (preferred), or consider extending one of the following types with your repository: org.springframework.data.jpa.repository.JpaRepository.
2026-01-13 22:55:39 [restartedMain] INFO  org.springframework.data.repository.config.RepositoryConfigurationExtensionSupport - Spring Data JPA - Could not safely identify store assignment for repository candidate interface com.apmosys.employeeportal.mongodb.repository.FileMongoRepository. If you want this repository to be a JPA repository, consider annotating your entities with one of these annotations: javax.persistence.Entity, javax.persistence.MappedSuperclass (preferred), or consider extending one of the following types with your repository: org.springframework.data.jpa.repository.JpaRepository.
2026-01-13 22:55:39 [restartedMain] INFO  org.springframework.data.repository.config.RepositoryConfigurationExtensionSupport - Spring Data JPA - Could not safely identify store assignment for repository candidate interface com.apmosys.employeeportal.mongodb.repository.ProjectInsightFormDetailsRepository. If you want this repository to be a JPA repository, consider annotating your entities with one of these annotations: javax.persistence.Entity, javax.persistence.MappedSuperclass (preferred), or consider extending one of the following types with your repository: org.springframework.data.jpa.repository.JpaRepository.
2026-01-13 22:55:39 [restartedMain] INFO  org.springframework.data.repository.config.RepositoryConfigurationExtensionSupport - Spring Data JPA - Could not safely identify store assignment for repository candidate interface com.apmosys.employeeportal.mongodb.repository.ProjectInsightGroupDetailsRepository. If you want this repository to be a JPA repository, consider annotating your entities with one of these annotations: javax.persistence.Entity, javax.persistence.MappedSuperclass (preferred), or consider extending one of the following types with your repository: org.springframework.data.jpa.repository.JpaRepository.
2026-01-13 22:55:39 [restartedMain] INFO  org.springframework.data.repository.config.RepositoryConfigurationExtensionSupport - Spring Data JPA - Could not safely identify store assignment for repository candidate interface com.apmosys.employeeportal.mongodb.repository.ProjectInsightProjectDetailsRepository. If you want this repository to be a JPA repository, consider annotating your entities with one of these annotations: javax.persistence.Entity, javax.persistence.MappedSuperclass (preferred), or consider extending one of the following types with your repository: org.springframework.data.jpa.repository.JpaRepository.
2026-01-13 22:55:39 [restartedMain] INFO  org.springframework.data.repository.config.RepositoryConfigurationExtensionSupport - Spring Data JPA - Could not safely identify store assignment for repository candidate interface com.apmosys.employeeportal.mongodb.repository.ProjectInsightProjectFlatSearchRepository. If you want this repository to be a JPA repository, consider annotating your entities with one of these annotations: javax.persistence.Entity, javax.persistence.MappedSuperclass (preferred), or consider extending one of the following types with your repository: org.springframework.data.jpa.repository.JpaRepository.
2026-01-13 22:55:39 [restartedMain] INFO  org.springframework.data.repository.config.RepositoryConfigurationExtensionSupport - Spring Data JPA - Could not safely identify store assignment for repository candidate interface com.apmosys.employeeportal.mongodb.repository.ProjectInsightQuestionDetailsRepository. If you want this repository to be a JPA repository, consider annotating your entities with one of these annotations: javax.persistence.Entity, javax.persistence.MappedSuperclass (preferred), or consider extending one of the following types with your repository: org.springframework.data.jpa.repository.JpaRepository.
2026-01-13 22:55:39 [restartedMain] INFO  org.springframework.data.repository.config.RepositoryConfigurationExtensionSupport - Spring Data JPA - Could not safely identify store assignment for repository candidate interface com.apmosys.employeeportal.mongodb.repository.ProjectInsightQuestionLibraryEntryRepository. If you want this repository to be a JPA repository, consider annotating your entities with one of these annotations: javax.persistence.Entity, javax.persistence.MappedSuperclass (preferred), or consider extending one of the following types with your repository: org.springframework.data.jpa.repository.JpaRepository.
2026-01-13 22:55:39 [restartedMain] INFO  org.springframework.data.repository.config.RepositoryConfigurationExtensionSupport - Spring Data JPA - Could not safely identify store assignment for repository candidate interface com.apmosys.employeeportal.mongodb.repository.ProjectInsightResponseDetailsHistoryRepository. If you want this repository to be a JPA repository, consider annotating your entities with one of these annotations: javax.persistence.Entity, javax.persistence.MappedSuperclass (preferred), or consider extending one of the following types with your repository: org.springframework.data.jpa.repository.JpaRepository.
2026-01-13 22:55:39 [restartedMain] INFO  org.springframework.data.repository.config.RepositoryConfigurationExtensionSupport - Spring Data JPA - Could not safely identify store assignment for repository candidate interface com.apmosys.employeeportal.mongodb.repository.ProjectInsightResponseDetailsRepository. If you want this repository to be a JPA repository, consider annotating your entities with one of these annotations: javax.persistence.Entity, javax.persistence.MappedSuperclass (preferred), or consider extending one of the following types with your repository: org.springframework.data.jpa.repository.JpaRepository.
2026-01-13 22:55:57 [restartedMain] INFO  org.springframework.data.repository.config.RepositoryConfigurationDelegate - Finished Spring Data repository scanning in 19841 ms. Found 169 JPA repository interfaces.
2026-01-13 22:55:59 [restartedMain] INFO  org.springframework.data.repository.config.RepositoryConfigurationDelegate - Multiple Spring Data modules found, entering strict repository configuration mode!
2026-01-13 22:55:59 [restartedMain] INFO  org.springframework.data.repository.config.RepositoryConfigurationDelegate - Bootstrapping Spring Data MongoDB repositories in DEFAULT mode.
2026-01-13 22:56:02 [restartedMain] INFO  org.springframework.data.repository.config.RepositoryConfigurationExtensionSupport - Spring Data MongoDB - Could not safely identify store assignment for repository candidate interface com.apmosys.employeeportal.repository.ActivitiesRepository. If you want this repository to be a MongoDB repository, consider annotating your entities with one of these annotations: org.springframework.data.mongodb.core.mapping.Document (preferred), or consider extending one of the following types with your repository: org.springframework.data.mongodb.repository.MongoRepository.
2026-01-13 22:56:04 [restartedMain] INFO  org.springframework.data.repository.config.RepositoryConfigurationExtensionSupport - Spring Data MongoDB - Could not safely identify store assignment for repository candidate interface com.apmosys.employeeportal.repository.ActivityTemplateRepository. If you want this repository to be a MongoDB repository, consider annotating your entities with one of these annotations: org.springframework.data.mongodb.core.mapping.Document (preferred), or consider extending one of the following types with your repository: org.springframework.data.mongodb.repository.MongoRepository.
2026-01-13 22:56:04 [restartedMain] INFO  org.springframework.data.repository.config.RepositoryConfigurationExtensionSupport - Spring Data MongoDB - Could not safely identify store assignment for repository candidate interface com.apmosys.employeeportal.repository.ApiLogRepository. If you want this repository to be a MongoDB repository, consider annotating your entities with one of these annotations: org.springframework.data.mongodb.core.mapping.Document (preferred), or consider extending one of the following types with your repository: org.springframework.data.mongodb.repository.MongoRepository.
2026-01-13 22:56:04 [restartedMain] INFO  org.springframework.data.repository.config.RepositoryConfigurationExtensionSupport - Spring Data MongoDB - Could not safely identify store assignment for repository candidate interface com.apmosys.employeeportal.repository.ApiSourceRepository. If you want this repository to be a MongoDB repository, consider annotating your entities with one of these annotations: org.springframework.data.mongodb.core.mapping.Document (preferred), or consider extending one of the following types with your repository: org.springframework.data.mongodb.repository.MongoRepository.
2026-01-13 22:56:04 [restartedMain] INFO  org.springframework.data.repository.config.RepositoryConfigurationExtensionSupport - Spring Data MongoDB - Could not safely identify store assignment for repository candidate interface com.apmosys.employeeportal.repository.AppraisalSummaryRepository. If you want this repository to be a MongoDB repository, consider annotating your entities with one of these annotations: org.springframework.data.mongodb.core.mapping.Document (preferred), or consider extending one of the following types with your repository: org.springframework.data.mongodb.repository.MongoRepository.
2026-01-13 22:56:04 [restartedMain] INFO  org.springframework.data.repository.config.RepositoryConfigurationExtensionSupport - Spring Data MongoDB - Could not safely identify store assignment for repository candidate interface com.apmosys.employeeportal.repository.AppreciationRepository. If you want this repository to be a MongoDB repository, consider annotating your entities with one of these annotations: org.springframework.data.mongodb.core.mapping.Document (preferred), or consider extending one of the following types with your repository: org.springframework.data.mongodb.repository.MongoRepository.
2026-01-13 22:56:04 [restartedMain] INFO  org.springframework.data.repository.config.RepositoryConfigurationExtensionSupport - Spring Data MongoDB - Could not safely identify store assignment for repository candidate interface com.apmosys.employeeportal.repository.BioMaxRequestIssueRepository. If you want this repository to be a MongoDB repository, consider annotating your entities with one of these annotations: org.springframework.data.mongodb.core.mapping.Document (preferred), or consider extending one of the following types with your repository: org.springframework.data.mongodb.repository.MongoRepository.
2026-01-13 22:56:04 [restartedMain] INFO  org.springframework.data.repository.config.RepositoryConfigurationExtensionSupport - Spring Data MongoDB - Could not safely identify store assignment for repository candidate interface com.apmosys.employeeportal.repository.BiomaxDefaulterRepository. If you want this repository to be a MongoDB repository, consider annotating your entities with one of these annotations: org.springframework.data.mongodb.core.mapping.Document (preferred), or consider extending one of the following types with your repository: org.springframework.data.mongodb.repository.MongoRepository.
2026-01-13 22:56:04 [restartedMain] INFO  org.springframework.data.repository.config.RepositoryConfigurationExtensionSupport - Spring Data MongoDB - Could not safely identify store assignment for repository candidate interface com.apmosys.employeeportal.repository.BiomaxRequestRepository. If you want this repository to be a MongoDB repository, consider annotating your entities with one of these annotations: org.springframework.data.mongodb.core.mapping.Document (preferred), or consider extending one of the following types with your repository: org.springframework.data.mongodb.repository.MongoRepository.
2026-01-13 22:56:04 [restartedMain] INFO  org.springframework.data.repository.config.RepositoryConfigurationExtensionSupport - Spring Data MongoDB - Could not safely identify store assignment for repository candidate interface com.apmosys.employeeportal.repository.BirthdayMailRepository. If you want this repository to be a MongoDB repository, consider annotating your entities with one of these annotations: org.springframework.data.mongodb.core.mapping.Document (preferred), or consider extending one of the following types with your repository: org.springframework.data.mongodb.repository.MongoRepository.
2026-01-13 22:56:04 [restartedMain] INFO  org.springframework.data.repository.config.RepositoryConfigurationExtensionSupport - Spring Data MongoDB - Could not safely identify store assignment for repository candidate interface com.apmosys.employeeportal.repository.CertificateDocumentMapRepository. If you want this repository to be a MongoDB repository, consider annotating your entities with one of these annotations: org.springframework.data.mongodb.core.mapping.Document (preferred), or consider extending one of the following types with your repository: org.springframework.data.mongodb.repository.MongoRepository.
2026-01-13 22:56:04 [restartedMain] INFO  org.springframework.data.repository.config.RepositoryConfigurationExtensionSupport - Spring Data MongoDB - Could not safely identify store assignment for repository candidate interface com.apmosys.employeeportal.repository.CertificateDriveLinkMapRepository. If you want this repository to be a MongoDB repository, consider annotating your entities with one of these annotations: org.springframework.data.mongodb.core.mapping.Document (preferred), or consider extending one of the following types with your repository: org.springframework.data.mongodb.repository.MongoRepository.
2026-01-13 22:56:04 [restartedMain] INFO  org.springframework.data.repository.config.RepositoryConfigurationExtensionSupport - Spring Data MongoDB - Could not safely identify store assignment for repository candidate interface com.apmosys.employeeportal.repository.CertificateSkillMapRepository. If you want this repository to be a MongoDB repository, consider annotating your entities with one of these annotations: org.springframework.data.mongodb.core.mapping.Document (preferred), or consider extending one of the following types with your repository: org.springframework.data.mongodb.repository.MongoRepository.
2026-01-13 22:56:04 [restartedMain] INFO  org.springframework.data.repository.config.RepositoryConfigurationExtensionSupport - Spring Data MongoDB - Could not safely identify store assignment for repository candidate interface com.apmosys.employeeportal.repository.CityRepository. If you want this repository to be a MongoDB repository, consider annotating your entities with one of these annotations: org.springframework.data.mongodb.core.mapping.Document (preferred), or consider extending one of the following types with your repository: org.springframework.data.mongodb.repository.MongoRepository.
2026-01-13 22:56:04 [restartedMain] INFO  org.springframework.data.repository.config.RepositoryConfigurationExtensionSupport - Spring Data MongoDB - Could not safely identify store assignment for repository candidate interface com.apmosys.employeeportal.repository.ClientLocationRepository. If you want this repository to be a MongoDB repository, consider annotating your entities with one of these annotations: org.springframework.data.mongodb.core.mapping.Document (preferred), or consider extending one of the following types with your repository: org.springframework.data.mongodb.repository.MongoRepository.
2026-01-13 22:56:04 [restartedMain] INFO  org.springframework.data.repository.config.RepositoryConfigurationExtensionSupport - Spring Data MongoDB - Could not safely identify store assignment for repository candidate interface com.apmosys.employeeportal.repository.ClientStatusMasterNewRepository. If you want this repository to be a MongoDB repository, consider annotating your entities with one of these annotations: org.springframework.data.mongodb.core.mapping.Document (preferred), or consider extending one of the following types with your repository: org.springframework.data.mongodb.repository.MongoRepository.
2026-01-13 22:56:04 [restartedMain] INFO  org.springframework.data.repository.config.RepositoryConfigurationExtensionSupport - Spring Data MongoDB - Could not safely identify store assignment for repository candidate interface com.apmosys.employeeportal.repository.ClientsRepository. If you want this repository to be a MongoDB repository, consider annotating your entities with one of these annotations: org.springframework.data.mongodb.core.mapping.Document (preferred), or consider extending one of the following types with your repository: org.springframework.data.mongodb.repository.MongoRepository.
2026-01-13 22:56:04 [restartedMain] INFO  org.springframework.data.repository.config.RepositoryConfigurationExtensionSupport - Spring Data MongoDB - Could not safely identify store assignment for repository candidate interface com.apmosys.employeeportal.repository.CompOffLeaveRepository. If you want this repository to be a MongoDB repository, consider annotating your entities with one of these annotations: org.springframework.data.mongodb.core.mapping.Document (preferred), or consider extending one of the following types with your repository: org.springframework.data.mongodb.repository.MongoRepository.
2026-01-13 22:56:04 [restartedMain] INFO  org.springframework.data.repository.config.RepositoryConfigurationExtensionSupport - Spring Data MongoDB - Could not safely identify store assignment for repository candidate interface com.apmosys.employeeportal.repository.CompOffMasterRepository. If you want this repository to be a MongoDB repository, consider annotating your entities with one of these annotations: org.springframework.data.mongodb.core.mapping.Document (preferred), or consider extending one of the following types with your repository: org.springframework.data.mongodb.repository.MongoRepository.
2026-01-13 22:56:04 [restartedMain] INFO  org.springframework.data.repository.config.RepositoryConfigurationExtensionSupport - Spring Data MongoDB - Could not safely identify store assignment for repository candidate interface com.apmosys.employeeportal.repository.CustomQueryDetailsRepository. If you want this repository to be a MongoDB repository, consider annotating your entities with one of these annotations: org.springframework.data.mongodb.core.mapping.Document (preferred), or consider extending one of the following types with your repository: org.springframework.data.mongodb.repository.MongoRepository.
2026-01-13 22:56:04 [restartedMain] INFO  org.springframework.data.repository.config.RepositoryConfigurationExtensionSupport - Spring Data MongoDB - Could not safely identify store assignment for repository candidate interface com.apmosys.employeeportal.repository.DayTypeMasterNewRepository. If you want this repository to be a MongoDB repository, consider annotating your entities with one of these annotations: org.springframework.data.mongodb.core.mapping.Document (preferred), or consider extending one of the following types with your repository: org.springframework.data.mongodb.repository.MongoRepository.
2026-01-13 22:56:04 [restartedMain] INFO  org.springframework.data.repository.config.RepositoryConfigurationExtensionSupport - Spring Data MongoDB - Could not safely identify store assignment for repository candidate interface com.apmosys.employeeportal.repository.DeliveryModeRepository. If you want this repository to be a MongoDB repository, consider annotating your entities with one of these annotations: org.springframework.data.mongodb.core.mapping.Document (preferred), or consider extending one of the following types with your repository: org.springframework.data.mongodb.repository.MongoRepository.
2026-01-13 22:56:04 [restartedMain] INFO  org.springframework.data.repository.config.RepositoryConfigurationExtensionSupport - Spring Data MongoDB - Could not safely identify store assignment for repository candidate interface com.apmosys.employeeportal.repository.DepartmentRepository. If you want this repository to be a MongoDB repository, consider annotating your entities with one of these annotations: org.springframework.data.mongodb.core.mapping.Document (preferred), or consider extending one of the following types with your repository: org.springframework.data.mongodb.repository.MongoRepository.
2026-01-13 22:56:04 [restartedMain] INFO  org.springframework.data.repository.config.RepositoryConfigurationExtensionSupport - Spring Data MongoDB - Could not safely identify store assignment for repository candidate interface com.apmosys.employeeportal.repository.DesignationDepartmentMapRepository. If you want this repository to be a MongoDB repository, consider annotating your entities with one of these annotations: org.springframework.data.mongodb.core.mapping.Document (preferred), or consider extending one of the following types with your repository: org.springframework.data.mongodb.repository.MongoRepository.
2026-01-13 22:56:04 [restartedMain] INFO  org.springframework.data.repository.config.RepositoryConfigurationExtensionSupport - Spring Data MongoDB - Could not safely identify store assignment for repository candidate interface com.apmosys.employeeportal.repository.DesignationRepository. If you want this repository to be a MongoDB repository, consider annotating your entities with one of these annotations: org.springframework.data.mongodb.core.mapping.Document (preferred), or consider extending one of the following types with your repository: org.springframework.data.mongodb.repository.MongoRepository.
2026-01-13 22:56:04 [restartedMain] INFO  org.springframework.data.repository.config.RepositoryConfigurationExtensionSupport - Spring Data MongoDB - Could not safely identify store assignment for repository candidate interface com.apmosys.employeeportal.repository.DocMimeTypeMasterNewRepository. If you want this repository to be a MongoDB repository, consider annotating your entities with one of these annotations: org.springframework.data.mongodb.core.mapping.Document (preferred), or consider extending one of the following types with your repository: org.springframework.data.mongodb.repository.MongoRepository.
2026-01-13 22:56:04 [restartedMain] INFO  org.springframework.data.repository.config.RepositoryConfigurationExtensionSupport - Spring Data MongoDB - Could not safely identify store assignment for repository candidate interface com.apmosys.employeeportal.repository.DomainRepository. If you want this repository to be a MongoDB repository, consider annotating your entities with one of these annotations: org.springframework.data.mongodb.core.mapping.Document (preferred), or consider extending one of the following types with your repository: org.springframework.data.mongodb.repository.MongoRepository.
2026-01-13 22:56:04 [restartedMain] INFO  org.springframework.data.repository.config.RepositoryConfigurationExtensionSupport - Spring Data MongoDB - Could not safely identify store assignment for repository candidate interface com.apmosys.employeeportal.repository.DraftEmployeeRepository. If you want this repository to be a MongoDB repository, consider annotating your entities with one of these annotations: org.springframework.data.mongodb.core.mapping.Document (preferred), or consider extending one of the following types with your repository: org.springframework.data.mongodb.repository.MongoRepository.
2026-01-13 22:56:04 [restartedMain] INFO  org.springframework.data.repository.config.RepositoryConfigurationExtensionSupport - Spring Data MongoDB - Could not safely identify store assignment for repository candidate interface com.apmosys.employeeportal.repository.EmpPrimaryProjectMappingRepository. If you want this repository to be a MongoDB repository, consider annotating your entities with one of these annotations: org.springframework.data.mongodb.core.mapping.Document (preferred), or consider extending one of the following types with your repository: org.springframework.data.mongodb.repository.MongoRepository.
2026-01-13 22:56:04 [restartedMain] INFO  org.springframework.data.repository.config.RepositoryConfigurationExtensionSupport - Spring Data MongoDB - Could not safely identify store assignment for repository candidate interface com.apmosys.employeeportal.repository.Employee360Repository. If you want this repository to be a MongoDB repository, consider annotating your entities with one of these annotations: org.springframework.data.mongodb.core.mapping.Document (preferred), or consider extending one of the following types with your repository: org.springframework.data.mongodb.repository.MongoRepository.
2026-01-13 22:56:04 [restartedMain] INFO  org.springframework.data.repository.config.RepositoryConfigurationExtensionSupport - Spring Data MongoDB - Could not safely identify store assignment for repository candidate interface com.apmosys.employeeportal.repository.EmployeeCertificateRepository. If you want this repository to be a MongoDB repository, consider annotating your entities with one of these annotations: org.springframework.data.mongodb.core.mapping.Document (preferred), or consider extending one of the following types with your repository: org.springframework.data.mongodb.repository.MongoRepository.
2026-01-13 22:56:05 [restartedMain] INFO  org.springframework.data.repository.config.RepositoryConfigurationExtensionSupport - Spring Data MongoDB - Could not safely identify store assignment for repository candidate interface com.apmosys.employeeportal.repository.EmployeeCertificatesRepository. If you want this repository to be a MongoDB repository, consider annotating your entities with one of these annotations: org.springframework.data.mongodb.core.mapping.Document (preferred), or consider extending one of the following types with your repository: org.springframework.data.mongodb.repository.MongoRepository.
2026-01-13 22:56:05 [restartedMain] INFO  org.springframework.data.repository.config.RepositoryConfigurationExtensionSupport - Spring Data MongoDB - Could not safely identify store assignment for repository candidate interface com.apmosys.employeeportal.repository.EmployeeClientSideIdMappingNewRepository. If you want this repository to be a MongoDB repository, consider annotating your entities with one of these annotations: org.springframework.data.mongodb.core.mapping.Document (preferred), or consider extending one of the following types with your repository: org.springframework.data.mongodb.repository.MongoRepository.
2026-01-13 22:56:05 [restartedMain] INFO  org.springframework.data.repository.config.RepositoryConfigurationExtensionSupport - Spring Data MongoDB - Could not safely identify store assignment for repository candidate interface com.apmosys.employeeportal.repository.EmployeeClientSideIdMappingRepository. If you want this repository to be a MongoDB repository, consider annotating your entities with one of these annotations: org.springframework.data.mongodb.core.mapping.Document (preferred), or consider extending one of the following types with your repository: org.springframework.data.mongodb.repository.MongoRepository.
2026-01-13 22:56:05 [restartedMain] INFO  org.springframework.data.repository.config.RepositoryConfigurationExtensionSupport - Spring Data MongoDB - Could not safely identify store assignment for repository candidate interface com.apmosys.employeeportal.repository.EmployeeDocumentRepository. If you want this repository to be a MongoDB repository, consider annotating your entities with one of these annotations: org.springframework.data.mongodb.core.mapping.Document (preferred), or consider extending one of the following types with your repository: org.springframework.data.mongodb.repository.MongoRepository.
2026-01-13 22:56:05 [restartedMain] INFO  org.springframework.data.repository.config.RepositoryConfigurationExtensionSupport - Spring Data MongoDB - Could not safely identify store assignment for repository candidate interface com.apmosys.employeeportal.repository.EmployeeGoalRepository. If you want this repository to be a MongoDB repository, consider annotating your entities with one of these annotations: org.springframework.data.mongodb.core.mapping.Document (preferred), or consider extending one of the following types with your repository: org.springframework.data.mongodb.repository.MongoRepository.
2026-01-13 22:56:05 [restartedMain] INFO  org.springframework.data.repository.config.RepositoryConfigurationExtensionSupport - Spring Data MongoDB - Could not safely identify store assignment for repository candidate interface com.apmosys.employeeportal.repository.EmployeeKpiMappingRepository. If you want this repository to be a MongoDB repository, consider annotating your entities with one of these annotations: org.springframework.data.mongodb.core.mapping.Document (preferred), or consider extending one of the following types with your repository: org.springframework.data.mongodb.repository.MongoRepository.
2026-01-13 22:56:05 [restartedMain] INFO  org.springframework.data.repository.config.RepositoryConfigurationExtensionSupport - Spring Data MongoDB - Could not safely identify store assignment for repository candidate interface com.apmosys.employeeportal.repository.EmployeeKpiRepository. If you want this repository to be a MongoDB repository, consider annotating your entities with one of these annotations: org.springframework.data.mongodb.core.mapping.Document (preferred), or consider extending one of the following types with your repository: org.springframework.data.mongodb.repository.MongoRepository.
2026-01-13 22:56:05 [restartedMain] INFO  org.springframework.data.repository.config.RepositoryConfigurationExtensionSupport - Spring Data MongoDB - Could not safely identify store assignment for repository candidate interface com.apmosys.employeeportal.repository.EmployeeLeaveRepository. If you want this repository to be a MongoDB repository, consider annotating your entities with one of these annotations: org.springframework.data.mongodb.core.mapping.Document (preferred), or consider extending one of the following types with your repository: org.springframework.data.mongodb.repository.MongoRepository.
2026-01-13 22:56:05 [restartedMain] INFO  org.springframework.data.repository.config.RepositoryConfigurationExtensionSupport - Spring Data MongoDB - Could not safely identify store assignment for repository candidate interface com.apmosys.employeeportal.repository.EmployeeLeavesMapRepository. If you want this repository to be a MongoDB repository, consider annotating your entities with one of these annotations: org.springframework.data.mongodb.core.mapping.Document (preferred), or consider extending one of the following types with your repository: org.springframework.data.mongodb.repository.MongoRepository.
2026-01-13 22:56:05 [restartedMain] INFO  org.springframework.data.repository.config.RepositoryConfigurationExtensionSupport - Spring Data MongoDB - Could not safely identify store assignment for repository candidate interface com.apmosys.employeeportal.repository.EmployeeNotificationConsentRepository. If you want this repository to be a MongoDB repository, consider annotating your entities with one of these annotations: org.springframework.data.mongodb.core.mapping.Document (preferred), or consider extending one of the following types with your repository: org.springframework.data.mongodb.repository.MongoRepository.
2026-01-13 22:56:05 [restartedMain] INFO  org.springframework.data.repository.config.RepositoryConfigurationExtensionSupport - Spring Data MongoDB - Could not safely identify store assignment for repository candidate interface com.apmosys.employeeportal.repository.EmployeeOnBoardingMapRepository. If you want this repository to be a MongoDB repository, consider annotating your entities with one of these annotations: org.springframework.data.mongodb.core.mapping.Document (preferred), or consider extending one of the following types with your repository: org.springframework.data.mongodb.repository.MongoRepository.
2026-01-13 22:56:05 [restartedMain] INFO  org.springframework.data.repository.config.RepositoryConfigurationExtensionSupport - Spring Data MongoDB - Could not safely identify store assignment for repository candidate interface com.apmosys.employeeportal.repository.EmployeeOnBoardingRepository. If you want this repository to be a MongoDB repository, consider annotating your entities with one of these annotations: org.springframework.data.mongodb.core.mapping.Document (preferred), or consider extending one of the following types with your repository: org.springframework.data.mongodb.repository.MongoRepository.
2026-01-13 22:56:05 [restartedMain] INFO  org.springframework.data.repository.config.RepositoryConfigurationExtensionSupport - Spring Data MongoDB - Could not safely identify store assignment for repository candidate interface com.apmosys.employeeportal.repository.EmployeePerformanceRepository. If you want this repository to be a MongoDB repository, consider annotating your entities with one of these annotations: org.springframework.data.mongodb.core.mapping.Document (preferred), or consider extending one of the following types with your repository: org.springframework.data.mongodb.repository.MongoRepository.
2026-01-13 22:56:05 [restartedMain] INFO  org.springframework.data.repository.config.RepositoryConfigurationExtensionSupport - Spring Data MongoDB - Could not safely identify store assignment for repository candidate interface com.apmosys.employeeportal.repository.EmployeeRatingPerformanceRepository. If you want this repository to be a MongoDB repository, consider annotating your entities with one of these annotations: org.springframework.data.mongodb.core.mapping.Document (preferred), or consider extending one of the following types with your repository: org.springframework.data.mongodb.repository.MongoRepository.
2026-01-13 22:56:05 [restartedMain] INFO  org.springframework.data.repository.config.RepositoryConfigurationExtensionSupport - Spring Data MongoDB - Could not safely identify store assignment for repository candidate interface com.apmosys.employeeportal.repository.EmployeeRepository. If you want this repository to be a MongoDB repository, consider annotating your entities with one of these annotations: org.springframework.data.mongodb.core.mapping.Document (preferred), or consider extending one of the following types with your repository: org.springframework.data.mongodb.repository.MongoRepository.
2026-01-13 22:56:05 [restartedMain] INFO  org.springframework.data.repository.config.RepositoryConfigurationExtensionSupport - Spring Data MongoDB - Could not safely identify store assignment for repository candidate interface com.apmosys.employeeportal.repository.EmployeeResignationRepository. If you want this repository to be a MongoDB repository, consider annotating your entities with one of these annotations: org.springframework.data.mongodb.core.mapping.Document (preferred), or consider extending one of the following types with your repository: org.springframework.data.mongodb.repository.MongoRepository.
2026-01-13 22:56:05 [restartedMain] INFO  org.springframework.data.repository.config.RepositoryConfigurationExtensionSupport - Spring Data MongoDB - Could not safely identify store assignment for repository candidate interface com.apmosys.employeeportal.repository.EmployeeRewardsRepository. If you want this repository to be a MongoDB repository, consider annotating your entities with one of these annotations: org.springframework.data.mongodb.core.mapping.Document (preferred), or consider extending one of the following types with your repository: org.springframework.data.mongodb.repository.MongoRepository.
2026-01-13 22:56:05 [restartedMain] INFO  org.springframework.data.repository.config.RepositoryConfigurationExtensionSupport - Spring Data MongoDB - Could not safely identify store assignment for repository candidate interface com.apmosys.employeeportal.repository.EmployeeRoleMasterRepository. If you want this repository to be a MongoDB repository, consider annotating your entities with one of these annotations: org.springframework.data.mongodb.core.mapping.Document (preferred), or consider extending one of the following types with your repository: org.springframework.data.mongodb.repository.MongoRepository.
2026-01-13 22:56:05 [restartedMain] INFO  org.springframework.data.repository.config.RepositoryConfigurationExtensionSupport - Spring Data MongoDB - Could not safely identify store assignment for repository candidate interface com.apmosys.employeeportal.repository.EmployeeSkillProficiencyMappingRepository. If you want this repository to be a MongoDB repository, consider annotating your entities with one of these annotations: org.springframework.data.mongodb.core.mapping.Document (preferred), or consider extending one of the following types with your repository: org.springframework.data.mongodb.repository.MongoRepository.
2026-01-13 22:56:05 [restartedMain] INFO  org.springframework.data.repository.config.RepositoryConfigurationExtensionSupport - Spring Data MongoDB - Could not safely identify store assignment for repository candidate interface com.apmosys.employeeportal.repository.EmployeeSpecializationMapRepository. If you want this repository to be a MongoDB repository, consider annotating your entities with one of these annotations: org.springframework.data.mongodb.core.mapping.Document (preferred), or consider extending one of the following types with your repository: org.springframework.data.mongodb.repository.MongoRepository.
2026-01-13 22:56:05 [restartedMain] INFO  org.springframework.data.repository.config.RepositoryConfigurationExtensionSupport - Spring Data MongoDB - Could not safely identify store assignment for repository candidate interface com.apmosys.employeeportal.repository.EmployeeTeamMapRepository. If you want this repository to be a MongoDB repository, consider annotating your entities with one of these annotations: org.springframework.data.mongodb.core.mapping.Document (preferred), or consider extending one of the following types with your repository: org.springframework.data.mongodb.repository.MongoRepository.
2026-01-13 22:56:05 [restartedMain] INFO  org.springframework.data.repository.config.RepositoryConfigurationExtensionSupport - Spring Data MongoDB - Could not safely identify store assignment for repository candidate interface com.apmosys.employeeportal.repository.EmployeeTimesheetLocationMappingRepository. If you want this repository to be a MongoDB repository, consider annotating your entities with one of these annotations: org.springframework.data.mongodb.core.mapping.Document (preferred), or consider extending one of the following types with your repository: org.springframework.data.mongodb.repository.MongoRepository.
2026-01-13 22:56:05 [restartedMain] INFO  org.springframework.data.repository.config.RepositoryConfigurationExtensionSupport - Spring Data MongoDB - Could not safely identify store assignment for repository candidate interface com.apmosys.employeeportal.repository.EmployeeTimesheetsNewRepository. If you want this repository to be a MongoDB repository, consider annotating your entities with one of these annotations: org.springframework.data.mongodb.core.mapping.Document (preferred), or consider extending one of the following types with your repository: org.springframework.data.mongodb.repository.MongoRepository.
2026-01-13 22:56:05 [restartedMain] INFO  org.springframework.data.repository.config.RepositoryConfigurationExtensionSupport - Spring Data MongoDB - Could not safely identify store assignment for repository candidate interface com.apmosys.employeeportal.repository.EmployeeexcludedFromLeaveRepository. If you want this repository to be a MongoDB repository, consider annotating your entities with one of these annotations: org.springframework.data.mongodb.core.mapping.Document (preferred), or consider extending one of the following types with your repository: org.springframework.data.mongodb.repository.MongoRepository.
2026-01-13 22:56:05 [restartedMain] INFO  org.springframework.data.repository.config.RepositoryConfigurationExtensionSupport - Spring Data MongoDB - Could not safely identify store assignment for repository candidate interface com.apmosys.employeeportal.repository.EnableAppreciationRepository. If you want this repository to be a MongoDB repository, consider annotating your entities with one of these annotations: org.springframework.data.mongodb.core.mapping.Document (preferred), or consider extending one of the following types with your repository: org.springframework.data.mongodb.repository.MongoRepository.
2026-01-13 22:56:05 [restartedMain] INFO  org.springframework.data.repository.config.RepositoryConfigurationExtensionSupport - Spring Data MongoDB - Could not safely identify store assignment for repository candidate interface com.apmosys.employeeportal.repository.EventPhotosRepository. If you want this repository to be a MongoDB repository, consider annotating your entities with one of these annotations: org.springframework.data.mongodb.core.mapping.Document (preferred), or consider extending one of the following types with your repository: org.springframework.data.mongodb.repository.MongoRepository.
2026-01-13 22:56:05 [restartedMain] INFO  org.springframework.data.repository.config.RepositoryConfigurationExtensionSupport - Spring Data MongoDB - Could not safely identify store assignment for repository candidate interface com.apmosys.employeeportal.repository.ExitInterviewResponseRepository. If you want this repository to be a MongoDB repository, consider annotating your entities with one of these annotations: org.springframework.data.mongodb.core.mapping.Document (preferred), or consider extending one of the following types with your repository: org.springframework.data.mongodb.repository.MongoRepository.
2026-01-13 22:56:05 [restartedMain] INFO  org.springframework.data.repository.config.RepositoryConfigurationExtensionSupport - Spring Data MongoDB - Could not safely identify store assignment for repository candidate interface com.apmosys.employeeportal.repository.ExpenditureTypeRepository. If you want this repository to be a MongoDB repository, consider annotating your entities with one of these annotations: org.springframework.data.mongodb.core.mapping.Document (preferred), or consider extending one of the following types with your repository: org.springframework.data.mongodb.repository.MongoRepository.
2026-01-13 22:56:05 [restartedMain] INFO  org.springframework.data.repository.config.RepositoryConfigurationExtensionSupport - Spring Data MongoDB - Could not safely identify store assignment for repository candidate interface com.apmosys.employeeportal.repository.FCLineItemRepository. If you want this repository to be a MongoDB repository, consider annotating your entities with one of these annotations: org.springframework.data.mongodb.core.mapping.Document (preferred), or consider extending one of the following types with your repository: org.springframework.data.mongodb.repository.MongoRepository.
2026-01-13 22:56:05 [restartedMain] INFO  org.springframework.data.repository.config.RepositoryConfigurationExtensionSupport - Spring Data MongoDB - Could not safely identify store assignment for repository candidate interface com.apmosys.employeeportal.repository.FCProjectMilestoneRepository. If you want this repository to be a MongoDB repository, consider annotating your entities with one of these annotations: org.springframework.data.mongodb.core.mapping.Document (preferred), or consider extending one of the following types with your repository: org.springframework.data.mongodb.repository.MongoRepository.
2026-01-13 22:56:05 [restartedMain] INFO  org.springframework.data.repository.config.RepositoryConfigurationExtensionSupport - Spring Data MongoDB - Could not safely identify store assignment for repository candidate interface com.apmosys.employeeportal.repository.FeatureMasterRepository. If you want this repository to be a MongoDB repository, consider annotating your entities with one of these annotations: org.springframework.data.mongodb.core.mapping.Document (preferred), or consider extending one of the following types with your repository: org.springframework.data.mongodb.repository.MongoRepository.
2026-01-13 22:56:05 [restartedMain] INFO  org.springframework.data.repository.config.RepositoryConfigurationExtensionSupport - Spring Data MongoDB - Could not safely identify store assignment for repository candidate interface com.apmosys.employeeportal.repository.FieldAlterationRepository. If you want this repository to be a MongoDB repository, consider annotating your entities with one of these annotations: org.springframework.data.mongodb.core.mapping.Document (preferred), or consider extending one of the following types with your repository: org.springframework.data.mongodb.repository.MongoRepository.
2026-01-13 22:56:05 [restartedMain] INFO  org.springframework.data.repository.config.RepositoryConfigurationExtensionSupport - Spring Data MongoDB - Could not safely identify store assignment for repository candidate interface com.apmosys.employeeportal.repository.FilePathRepo. If you want this repository to be a MongoDB repository, consider annotating your entities with one of these annotations: org.springframework.data.mongodb.core.mapping.Document (preferred), or consider extending one of the following types with your repository: org.springframework.data.mongodb.repository.MongoRepository.
2026-01-13 22:56:05 [restartedMain] INFO  org.springframework.data.repository.config.RepositoryConfigurationExtensionSupport - Spring Data MongoDB - Could not safely identify store assignment for repository candidate interface com.apmosys.employeeportal.repository.FinalDocumentNewRepository. If you want this repository to be a MongoDB repository, consider annotating your entities with one of these annotations: org.springframework.data.mongodb.core.mapping.Document (preferred), or consider extending one of the following types with your repository: org.springframework.data.mongodb.repository.MongoRepository.
2026-01-13 22:56:05 [restartedMain] INFO  org.springframework.data.repository.config.RepositoryConfigurationExtensionSupport - Spring Data MongoDB - Could not safely identify store assignment for repository candidate interface com.apmosys.employeeportal.repository.FinalDocumentRepository. If you want this repository to be a MongoDB repository, consider annotating your entities with one of these annotations: org.springframework.data.mongodb.core.mapping.Document (preferred), or consider extending one of the following types with your repository: org.springframework.data.mongodb.repository.MongoRepository.
2026-01-13 22:56:05 [restartedMain] INFO  org.springframework.data.repository.config.RepositoryConfigurationExtensionSupport - Spring Data MongoDB - Could not safely identify store assignment for repository candidate interface com.apmosys.employeeportal.repository.FoodTypeRepository. If you want this repository to be a MongoDB repository, consider annotating your entities with one of these annotations: org.springframework.data.mongodb.core.mapping.Document (preferred), or consider extending one of the following types with your repository: org.springframework.data.mongodb.repository.MongoRepository.
2026-01-13 22:56:05 [restartedMain] INFO  org.springframework.data.repository.config.RepositoryConfigurationExtensionSupport - Spring Data MongoDB - Could not safely identify store assignment for repository candidate interface com.apmosys.employeeportal.repository.GoalRemarksRepository. If you want this repository to be a MongoDB repository, consider annotating your entities with one of these annotations: org.springframework.data.mongodb.core.mapping.Document (preferred), or consider extending one of the following types with your repository: org.springframework.data.mongodb.repository.MongoRepository.
2026-01-13 22:56:05 [restartedMain] INFO  org.springframework.data.repository.config.RepositoryConfigurationExtensionSupport - Spring Data MongoDB - Could not safely identify store assignment for repository candidate interface com.apmosys.employeeportal.repository.GoalTemplatesRepository. If you want this repository to be a MongoDB repository, consider annotating your entities with one of these annotations: org.springframework.data.mongodb.core.mapping.Document (preferred), or consider extending one of the following types with your repository: org.springframework.data.mongodb.repository.MongoRepository.
2026-01-13 22:56:05 [restartedMain] INFO  org.springframework.data.repository.config.RepositoryConfigurationExtensionSupport - Spring Data MongoDB - Could not safely identify store assignment for repository candidate interface com.apmosys.employeeportal.repository.HelpRepository. If you want this repository to be a MongoDB repository, consider annotating your entities with one of these annotations: org.springframework.data.mongodb.core.mapping.Document (preferred), or consider extending one of the following types with your repository: org.springframework.data.mongodb.repository.MongoRepository.
2026-01-13 22:56:05 [restartedMain] INFO  org.springframework.data.repository.config.RepositoryConfigurationExtensionSupport - Spring Data MongoDB - Could not safely identify store assignment for repository candidate interface com.apmosys.employeeportal.repository.HolidayRepository. If you want this repository to be a MongoDB repository, consider annotating your entities with one of these annotations: org.springframework.data.mongodb.core.mapping.Document (preferred), or consider extending one of the following types with your repository: org.springframework.data.mongodb.repository.MongoRepository.
2026-01-13 22:56:05 [restartedMain] INFO  org.springframework.data.repository.config.RepositoryConfigurationExtensionSupport - Spring Data MongoDB - Could not safely identify store assignment for repository candidate interface com.apmosys.employeeportal.repository.HotelCategoryRepository. If you want this repository to be a MongoDB repository, consider annotating your entities with one of these annotations: org.springframework.data.mongodb.core.mapping.Document (preferred), or consider extending one of the following types with your repository: org.springframework.data.mongodb.repository.MongoRepository.
2026-01-13 22:56:05 [restartedMain] INFO  org.springframework.data.repository.config.RepositoryConfigurationExtensionSupport - Spring Data MongoDB - Could not safely identify store assignment for repository candidate interface com.apmosys.employeeportal.repository.HotelSubCategoryRepository. If you want this repository to be a MongoDB repository, consider annotating your entities with one of these annotations: org.springframework.data.mongodb.core.mapping.Document (preferred), or consider extending one of the following types with your repository: org.springframework.data.mongodb.repository.MongoRepository.
2026-01-13 22:56:05 [restartedMain] INFO  org.springframework.data.repository.config.RepositoryConfigurationExtensionSupport - Spring Data MongoDB - Could not safely identify store assignment for repository candidate interface com.apmosys.employeeportal.repository.JobRoleRepository. If you want this repository to be a MongoDB repository, consider annotating your entities with one of these annotations: org.springframework.data.mongodb.core.mapping.Document (preferred), or consider extending one of the following types with your repository: org.springframework.data.mongodb.repository.MongoRepository.
2026-01-13 22:56:05 [restartedMain] INFO  org.springframework.data.repository.config.RepositoryConfigurationExtensionSupport - Spring Data MongoDB - Could not safely identify store assignment for repository candidate interface com.apmosys.employeeportal.repository.KpiRepository. If you want this repository to be a MongoDB repository, consider annotating your entities with one of these annotations: org.springframework.data.mongodb.core.mapping.Document (preferred), or consider extending one of the following types with your repository: org.springframework.data.mongodb.repository.MongoRepository.
2026-01-13 22:56:05 [restartedMain] INFO  org.springframework.data.repository.config.RepositoryConfigurationExtensionSupport - Spring Data MongoDB - Could not safely identify store assignment for repository candidate interface com.apmosys.employeeportal.repository.KpiResponseRepository. If you want this repository to be a MongoDB repository, consider annotating your entities with one of these annotations: org.springframework.data.mongodb.core.mapping.Document (preferred), or consider extending one of the following types with your repository: org.springframework.data.mongodb.repository.MongoRepository.
2026-01-13 22:56:05 [restartedMain] INFO  org.springframework.data.repository.config.RepositoryConfigurationExtensionSupport - Spring Data MongoDB - Could not safely identify store assignment for repository candidate interface com.apmosys.employeeportal.repository.KpisRepository. If you want this repository to be a MongoDB repository, consider annotating your entities with one of these annotations: org.springframework.data.mongodb.core.mapping.Document (preferred), or consider extending one of the following types with your repository: org.springframework.data.mongodb.repository.MongoRepository.
2026-01-13 22:56:05 [restartedMain] INFO  org.springframework.data.repository.config.RepositoryConfigurationExtensionSupport - Spring Data MongoDB - Could not safely identify store assignment for repository candidate interface com.apmosys.employeeportal.repository.KresponseRemarkRepository. If you want this repository to be a MongoDB repository, consider annotating your entities with one of these annotations: org.springframework.data.mongodb.core.mapping.Document (preferred), or consider extending one of the following types with your repository: org.springframework.data.mongodb.repository.MongoRepository.
2026-01-13 22:56:05 [restartedMain] INFO  org.springframework.data.repository.config.RepositoryConfigurationExtensionSupport - Spring Data MongoDB - Could not safely identify store assignment for repository candidate interface com.apmosys.employeeportal.repository.KresponseRepository. If you want this repository to be a MongoDB repository, consider annotating your entities with one of these annotations: org.springframework.data.mongodb.core.mapping.Document (preferred), or consider extending one of the following types with your repository: org.springframework.data.mongodb.repository.MongoRepository.
2026-01-13 22:56:05 [restartedMain] INFO  org.springframework.data.repository.config.RepositoryConfigurationExtensionSupport - Spring Data MongoDB - Could not safely identify store assignment for repository candidate interface com.apmosys.employeeportal.repository.LeaveBalanceLogRepository. If you want this repository to be a MongoDB repository, consider annotating your entities with one of these annotations: org.springframework.data.mongodb.core.mapping.Document (preferred), or consider extending one of the following types with your repository: org.springframework.data.mongodb.repository.MongoRepository.
2026-01-13 22:56:05 [restartedMain] INFO  org.springframework.data.repository.config.RepositoryConfigurationExtensionSupport - Spring Data MongoDB - Could not safely identify store assignment for repository candidate interface com.apmosys.employeeportal.repository.LeavePolicyMasterRepository. If you want this repository to be a MongoDB repository, consider annotating your entities with one of these annotations: org.springframework.data.mongodb.core.mapping.Document (preferred), or consider extending one of the following types with your repository: org.springframework.data.mongodb.repository.MongoRepository.
2026-01-13 22:56:05 [restartedMain] INFO  org.springframework.data.repository.config.RepositoryConfigurationExtensionSupport - Spring Data MongoDB - Could not safely identify store assignment for repository candidate interface com.apmosys.employeeportal.repository.LeaveRevokeApplicationRepository. If you want this repository to be a MongoDB repository, consider annotating your entities with one of these annotations: org.springframework.data.mongodb.core.mapping.Document (preferred), or consider extending one of the following types with your repository: org.springframework.data.mongodb.repository.MongoRepository.
2026-01-13 22:56:05 [restartedMain] INFO  org.springframework.data.repository.config.RepositoryConfigurationExtensionSupport - Spring Data MongoDB - Could not safely identify store assignment for repository candidate interface com.apmosys.employeeportal.repository.LeaveTypeMasterRepository. If you want this repository to be a MongoDB repository, consider annotating your entities with one of these annotations: org.springframework.data.mongodb.core.mapping.Document (preferred), or consider extending one of the following types with your repository: org.springframework.data.mongodb.repository.MongoRepository.
2026-01-13 22:56:05 [restartedMain] INFO  org.springframework.data.repository.config.RepositoryConfigurationExtensionSupport - Spring Data MongoDB - Could not safely identify store assignment for repository candidate interface com.apmosys.employeeportal.repository.LogsRepository. If you want this repository to be a MongoDB repository, consider annotating your entities with one of these annotations: org.springframework.data.mongodb.core.mapping.Document (preferred), or consider extending one of the following types with your repository: org.springframework.data.mongodb.repository.MongoRepository.
2026-01-13 22:56:05 [restartedMain] INFO  org.springframework.data.repository.config.RepositoryConfigurationExtensionSupport - Spring Data MongoDB - Could not safely identify store assignment for repository candidate interface com.apmosys.employeeportal.repository.MilestoneExtensionReasonRepository. If you want this repository to be a MongoDB repository, consider annotating your entities with one of these annotations: org.springframework.data.mongodb.core.mapping.Document (preferred), or consider extending one of the following types with your repository: org.springframework.data.mongodb.repository.MongoRepository.
2026-01-13 22:56:05 [restartedMain] INFO  org.springframework.data.repository.config.RepositoryConfigurationExtensionSupport - Spring Data MongoDB - Could not safely identify store assignment for repository candidate interface com.apmosys.employeeportal.repository.MilestoneUpdatedLogRepository. If you want this repository to be a MongoDB repository, consider annotating your entities with one of these annotations: org.springframework.data.mongodb.core.mapping.Document (preferred), or consider extending one of the following types with your repository: org.springframework.data.mongodb.repository.MongoRepository.
2026-01-13 22:56:05 [restartedMain] INFO  org.springframework.data.repository.config.RepositoryConfigurationExtensionSupport - Spring Data MongoDB - Could not safely identify store assignment for repository candidate interface com.apmosys.employeeportal.repository.NewsletterReadResponseRepository. If you want this repository to be a MongoDB repository, consider annotating your entities with one of these annotations: org.springframework.data.mongodb.core.mapping.Document (preferred), or consider extending one of the following types with your repository: org.springframework.data.mongodb.repository.MongoRepository.
2026-01-13 22:56:05 [restartedMain] INFO  org.springframework.data.repository.config.RepositoryConfigurationExtensionSupport - Spring Data MongoDB - Could not safely identify store assignment for repository candidate interface com.apmosys.employeeportal.repository.NewsletterRepository. If you want this repository to be a MongoDB repository, consider annotating your entities with one of these annotations: org.springframework.data.mongodb.core.mapping.Document (preferred), or consider extending one of the following types with your repository: org.springframework.data.mongodb.repository.MongoRepository.
2026-01-13 22:56:05 [restartedMain] INFO  org.springframework.data.repository.config.RepositoryConfigurationExtensionSupport - Spring Data MongoDB - Could not safely identify store assignment for repository candidate interface com.apmosys.employeeportal.repository.NotificationRepository. If you want this repository to be a MongoDB repository, consider annotating your entities with one of these annotations: org.springframework.data.mongodb.core.mapping.Document (preferred), or consider extending one of the following types with your repository: org.springframework.data.mongodb.repository.MongoRepository.
2026-01-13 22:56:05 [restartedMain] INFO  org.springframework.data.repository.config.RepositoryConfigurationExtensionSupport - Spring Data MongoDB - Could not safely identify store assignment for repository candidate interface com.apmosys.employeeportal.repository.OutcomesRespository. If you want this repository to be a MongoDB repository, consider annotating your entities with one of these annotations: org.springframework.data.mongodb.core.mapping.Document (preferred), or consider extending one of the following types with your repository: org.springframework.data.mongodb.repository.MongoRepository.
2026-01-13 22:56:05 [restartedMain] INFO  org.springframework.data.repository.config.RepositoryConfigurationExtensionSupport - Spring Data MongoDB - Could not safely identify store assignment for repository candidate interface com.apmosys.employeeportal.repository.PIPRepository. If you want this repository to be a MongoDB repository, consider annotating your entities with one of these annotations: org.springframework.data.mongodb.core.mapping.Document (preferred), or consider extending one of the following types with your repository: org.springframework.data.mongodb.repository.MongoRepository.
2026-01-13 22:56:05 [restartedMain] INFO  org.springframework.data.repository.config.RepositoryConfigurationExtensionSupport - Spring Data MongoDB - Could not safely identify store assignment for repository candidate interface com.apmosys.employeeportal.repository.PolicyReadResponseRepository. If you want this repository to be a MongoDB repository, consider annotating your entities with one of these annotations: org.springframework.data.mongodb.core.mapping.Document (preferred), or consider extending one of the following types with your repository: org.springframework.data.mongodb.repository.MongoRepository.
2026-01-13 22:56:05 [restartedMain] INFO  org.springframework.data.repository.config.RepositoryConfigurationExtensionSupport - Spring Data MongoDB - Could not safely identify store assignment for repository candidate interface com.apmosys.employeeportal.repository.PortalConfigRepository. If you want this repository to be a MongoDB repository, consider annotating your entities with one of these annotations: org.springframework.data.mongodb.core.mapping.Document (preferred), or consider extending one of the following types with your repository: org.springframework.data.mongodb.repository.MongoRepository.
2026-01-13 22:56:05 [restartedMain] INFO  org.springframework.data.repository.config.RepositoryConfigurationExtensionSupport - Spring Data MongoDB - Could not safely identify store assignment for repository candidate interface com.apmosys.employeeportal.repository.PredefinedSkillsRepository. If you want this repository to be a MongoDB repository, consider annotating your entities with one of these annotations: org.springframework.data.mongodb.core.mapping.Document (preferred), or consider extending one of the following types with your repository: org.springframework.data.mongodb.repository.MongoRepository.
2026-01-13 22:56:05 [restartedMain] INFO  org.springframework.data.repository.config.RepositoryConfigurationExtensionSupport - Spring Data MongoDB - Could not safely identify store assignment for repository candidate interface com.apmosys.employeeportal.repository.PreviousEmploymentRepository. If you want this repository to be a MongoDB repository, consider annotating your entities with one of these annotations: org.springframework.data.mongodb.core.mapping.Document (preferred), or consider extending one of the following types with your repository: org.springframework.data.mongodb.repository.MongoRepository.
2026-01-13 22:56:05 [restartedMain] INFO  org.springframework.data.repository.config.RepositoryConfigurationExtensionSupport - Spring Data MongoDB - Could not safely identify store assignment for repository candidate interface com.apmosys.employeeportal.repository.ProficiencyRepository. If you want this repository to be a MongoDB repository, consider annotating your entities with one of these annotations: org.springframework.data.mongodb.core.mapping.Document (preferred), or consider extending one of the following types with your repository: org.springframework.data.mongodb.repository.MongoRepository.
2026-01-13 22:56:05 [restartedMain] INFO  org.springframework.data.repository.config.RepositoryConfigurationExtensionSupport - Spring Data MongoDB - Could not safely identify store assignment for repository candidate interface com.apmosys.employeeportal.repository.ProjectDepartmentMapRepository. If you want this repository to be a MongoDB repository, consider annotating your entities with one of these annotations: org.springframework.data.mongodb.core.mapping.Document (preferred), or consider extending one of the following types with your repository: org.springframework.data.mongodb.repository.MongoRepository.
2026-01-13 22:56:05 [restartedMain] INFO  org.springframework.data.repository.config.RepositoryConfigurationExtensionSupport - Spring Data MongoDB - Could not safely identify store assignment for repository candidate interface com.apmosys.employeeportal.repository.ProjectInsighProjectMappingRepository. If you want this repository to be a MongoDB repository, consider annotating your entities with one of these annotations: org.springframework.data.mongodb.core.mapping.Document (preferred), or consider extending one of the following types with your repository: org.springframework.data.mongodb.repository.MongoRepository.
2026-01-13 22:56:05 [restartedMain] INFO  org.springframework.data.repository.config.RepositoryConfigurationExtensionSupport - Spring Data MongoDB - Could not safely identify store assignment for repository candidate interface com.apmosys.employeeportal.repository.ProjectInsightAssigneesRepository. If you want this repository to be a MongoDB repository, consider annotating your entities with one of these annotations: org.springframework.data.mongodb.core.mapping.Document (preferred), or consider extending one of the following types with your repository: org.springframework.data.mongodb.repository.MongoRepository.
2026-01-13 22:56:05 [restartedMain] INFO  org.springframework.data.repository.config.RepositoryConfigurationExtensionSupport - Spring Data MongoDB - Could not safely identify store assignment for repository candidate interface com.apmosys.employeeportal.repository.ProjectInsightDomainDataFlatSearchRepository. If you want this repository to be a MongoDB repository, consider annotating your entities with one of these annotations: org.springframework.data.mongodb.core.mapping.Document (preferred), or consider extending one of the following types with your repository: org.springframework.data.mongodb.repository.MongoRepository.
2026-01-13 22:56:05 [restartedMain] INFO  org.springframework.data.repository.config.RepositoryConfigurationExtensionSupport - Spring Data MongoDB - Could not safely identify store assignment for repository candidate interface com.apmosys.employeeportal.repository.ProjectInsightDomainDataRepository. If you want this repository to be a MongoDB repository, consider annotating your entities with one of these annotations: org.springframework.data.mongodb.core.mapping.Document (preferred), or consider extending one of the following types with your repository: org.springframework.data.mongodb.repository.MongoRepository.
2026-01-13 22:56:05 [restartedMain] INFO  org.springframework.data.repository.config.RepositoryConfigurationExtensionSupport - Spring Data MongoDB - Could not safely identify store assignment for repository candidate interface com.apmosys.employeeportal.repository.ProjectInsightDomainRepository. If you want this repository to be a MongoDB repository, consider annotating your entities with one of these annotations: org.springframework.data.mongodb.core.mapping.Document (preferred), or consider extending one of the following types with your repository: org.springframework.data.mongodb.repository.MongoRepository.
2026-01-13 22:56:05 [restartedMain] INFO  org.springframework.data.repository.config.RepositoryConfigurationExtensionSupport - Spring Data MongoDB - Could not safely identify store assignment for repository candidate interface com.apmosys.employeeportal.repository.ProjectInsightFacetCategoryRepository. If you want this repository to be a MongoDB repository, consider annotating your entities with one of these annotations: org.springframework.data.mongodb.core.mapping.Document (preferred), or consider extending one of the following types with your repository: org.springframework.data.mongodb.repository.MongoRepository.
2026-01-13 22:56:05 [restartedMain] INFO  org.springframework.data.repository.config.RepositoryConfigurationExtensionSupport - Spring Data MongoDB - Could not safely identify store assignment for repository candidate interface com.apmosys.employeeportal.repository.ProjectInsightFacetValueRepository. If you want this repository to be a MongoDB repository, consider annotating your entities with one of these annotations: org.springframework.data.mongodb.core.mapping.Document (preferred), or consider extending one of the following types with your repository: org.springframework.data.mongodb.repository.MongoRepository.
2026-01-13 22:56:05 [restartedMain] INFO  org.springframework.data.repository.config.RepositoryConfigurationExtensionSupport - Spring Data MongoDB - Could not safely identify store assignment for repository candidate interface com.apmosys.employeeportal.repository.ProjectInsightFilterOptionsRepository. If you want this repository to be a MongoDB repository, consider annotating your entities with one of these annotations: org.springframework.data.mongodb.core.mapping.Document (preferred), or consider extending one of the following types with your repository: org.springframework.data.mongodb.repository.MongoRepository.
2026-01-13 22:56:05 [restartedMain] INFO  org.springframework.data.repository.config.RepositoryConfigurationExtensionSupport - Spring Data MongoDB - Could not safely identify store assignment for repository candidate interface com.apmosys.employeeportal.repository.ProjectInsightFilterRepository. If you want this repository to be a MongoDB repository, consider annotating your entities with one of these annotations: org.springframework.data.mongodb.core.mapping.Document (preferred), or consider extending one of the following types with your repository: org.springframework.data.mongodb.repository.MongoRepository.
2026-01-13 22:56:05 [restartedMain] INFO  org.springframework.data.repository.config.RepositoryConfigurationExtensionSupport - Spring Data MongoDB - Could not safely identify store assignment for repository candidate interface com.apmosys.employeeportal.repository.ProjectInsightResponseMetadataRepository. If you want this repository to be a MongoDB repository, consider annotating your entities with one of these annotations: org.springframework.data.mongodb.core.mapping.Document (preferred), or consider extending one of the following types with your repository: org.springframework.data.mongodb.repository.MongoRepository.
2026-01-13 22:56:05 [restartedMain] INFO  org.springframework.data.repository.config.RepositoryConfigurationExtensionSupport - Spring Data MongoDB - Could not safely identify store assignment for repository candidate interface com.apmosys.employeeportal.repository.ProjectInsightResponsePointsRepository. If you want this repository to be a MongoDB repository, consider annotating your entities with one of these annotations: org.springframework.data.mongodb.core.mapping.Document (preferred), or consider extending one of the following types with your repository: org.springframework.data.mongodb.repository.MongoRepository.
2026-01-13 22:56:05 [restartedMain] INFO  org.springframework.data.repository.config.RepositoryConfigurationExtensionSupport - Spring Data MongoDB - Could not safely identify store assignment for repository candidate interface com.apmosys.employeeportal.repository.ProjectInsightResponseRepository. If you want this repository to be a MongoDB repository, consider annotating your entities with one of these annotations: org.springframework.data.mongodb.core.mapping.Document (preferred), or consider extending one of the following types with your repository: org.springframework.data.mongodb.repository.MongoRepository.
2026-01-13 22:56:05 [restartedMain] INFO  org.springframework.data.repository.config.RepositoryConfigurationExtensionSupport - Spring Data MongoDB - Could not safely identify store assignment for repository candidate interface com.apmosys.employeeportal.repository.ProjectInsightServiceModelRepository. If you want this repository to be a MongoDB repository, consider annotating your entities with one of these annotations: org.springframework.data.mongodb.core.mapping.Document (preferred), or consider extending one of the following types with your repository: org.springframework.data.mongodb.repository.MongoRepository.
2026-01-13 22:56:05 [restartedMain] INFO  org.springframework.data.repository.config.RepositoryConfigurationExtensionSupport - Spring Data MongoDB - Could not safely identify store assignment for repository candidate interface com.apmosys.employeeportal.repository.ProjectInsightSubDomainRepository. If you want this repository to be a MongoDB repository, consider annotating your entities with one of these annotations: org.springframework.data.mongodb.core.mapping.Document (preferred), or consider extending one of the following types with your repository: org.springframework.data.mongodb.repository.MongoRepository.
2026-01-13 22:56:05 [restartedMain] INFO  org.springframework.data.repository.config.RepositoryConfigurationExtensionSupport - Spring Data MongoDB - Could not safely identify store assignment for repository candidate interface com.apmosys.employeeportal.repository.ProjectInsightSubServiceRepository. If you want this repository to be a MongoDB repository, consider annotating your entities with one of these annotations: org.springframework.data.mongodb.core.mapping.Document (preferred), or consider extending one of the following types with your repository: org.springframework.data.mongodb.repository.MongoRepository.
2026-01-13 22:56:05 [restartedMain] INFO  org.springframework.data.repository.config.RepositoryConfigurationExtensionSupport - Spring Data MongoDB - Could not safely identify store assignment for repository candidate interface com.apmosys.employeeportal.repository.ProjectInsightUserContributionRepository. If you want this repository to be a MongoDB repository, consider annotating your entities with one of these annotations: org.springframework.data.mongodb.core.mapping.Document (preferred), or consider extending one of the following types with your repository: org.springframework.data.mongodb.repository.MongoRepository.
2026-01-13 22:56:05 [restartedMain] INFO  org.springframework.data.repository.config.RepositoryConfigurationExtensionSupport - Spring Data MongoDB - Could not safely identify store assignment for repository candidate interface com.apmosys.employeeportal.repository.ProjectManagerMappingRepository. If you want this repository to be a MongoDB repository, consider annotating your entities with one of these annotations: org.springframework.data.mongodb.core.mapping.Document (preferred), or consider extending one of the following types with your repository: org.springframework.data.mongodb.repository.MongoRepository.
2026-01-13 22:56:05 [restartedMain] INFO  org.springframework.data.repository.config.RepositoryConfigurationExtensionSupport - Spring Data MongoDB - Could not safely identify store assignment for repository candidate interface com.apmosys.employeeportal.repository.ProjectOverheadMappingRepository. If you want this repository to be a MongoDB repository, consider annotating your entities with one of these annotations: org.springframework.data.mongodb.core.mapping.Document (preferred), or consider extending one of the following types with your repository: org.springframework.data.mongodb.repository.MongoRepository.
2026-01-13 22:56:05 [restartedMain] INFO  org.springframework.data.repository.config.RepositoryConfigurationExtensionSupport - Spring Data MongoDB - Could not safely identify store assignment for repository candidate interface com.apmosys.employeeportal.repository.ProjectRepository. If you want this repository to be a MongoDB repository, consider annotating your entities with one of these annotations: org.springframework.data.mongodb.core.mapping.Document (preferred), or consider extending one of the following types with your repository: org.springframework.data.mongodb.repository.MongoRepository.
2026-01-13 22:56:05 [restartedMain] INFO  org.springframework.data.repository.config.RepositoryConfigurationExtensionSupport - Spring Data MongoDB - Could not safely identify store assignment for repository candidate interface com.apmosys.employeeportal.repository.ProjectTempRepo. If you want this repository to be a MongoDB repository, consider annotating your entities with one of these annotations: org.springframework.data.mongodb.core.mapping.Document (preferred), or consider extending one of the following types with your repository: org.springframework.data.mongodb.repository.MongoRepository.
2026-01-13 22:56:05 [restartedMain] INFO  org.springframework.data.repository.config.RepositoryConfigurationExtensionSupport - Spring Data MongoDB - Could not safely identify store assignment for repository candidate interface com.apmosys.employeeportal.repository.ProjectTimesheetStatusNewRepository. If you want this repository to be a MongoDB repository, consider annotating your entities with one of these annotations: org.springframework.data.mongodb.core.mapping.Document (preferred), or consider extending one of the following types with your repository: org.springframework.data.mongodb.repository.MongoRepository.
2026-01-13 22:56:05 [restartedMain] INFO  org.springframework.data.repository.config.RepositoryConfigurationExtensionSupport - Spring Data MongoDB - Could not safely identify store assignment for repository candidate interface com.apmosys.employeeportal.repository.QresponseRepository. If you want this repository to be a MongoDB repository, consider annotating your entities with one of these annotations: org.springframework.data.mongodb.core.mapping.Document (preferred), or consider extending one of the following types with your repository: org.springframework.data.mongodb.repository.MongoRepository.
2026-01-13 22:56:05 [restartedMain] INFO  org.springframework.data.repository.config.RepositoryConfigurationExtensionSupport - Spring Data MongoDB - Could not safely identify store assignment for repository candidate interface com.apmosys.employeeportal.repository.QuarterCycleRepository. If you want this repository to be a MongoDB repository, consider annotating your entities with one of these annotations: org.springframework.data.mongodb.core.mapping.Document (preferred), or consider extending one of the following types with your repository: org.springframework.data.mongodb.repository.MongoRepository.
2026-01-13 22:56:05 [restartedMain] INFO  org.springframework.data.repository.config.RepositoryConfigurationExtensionSupport - Spring Data MongoDB - Could not safely identify store assignment for repository candidate interface com.apmosys.employeeportal.repository.QuarterRepository. If you want this repository to be a MongoDB repository, consider annotating your entities with one of these annotations: org.springframework.data.mongodb.core.mapping.Document (preferred), or consider extending one of the following types with your repository: org.springframework.data.mongodb.repository.MongoRepository.
2026-01-13 22:56:05 [restartedMain] INFO  org.springframework.data.repository.config.RepositoryConfigurationExtensionSupport - Spring Data MongoDB - Could not safely identify store assignment for repository candidate interface com.apmosys.employeeportal.repository.QueryTableRepository. If you want this repository to be a MongoDB repository, consider annotating your entities with one of these annotations: org.springframework.data.mongodb.core.mapping.Document (preferred), or consider extending one of the following types with your repository: org.springframework.data.mongodb.repository.MongoRepository.
2026-01-13 22:56:05 [restartedMain] INFO  org.springframework.data.repository.config.RepositoryConfigurationExtensionSupport - Spring Data MongoDB - Could not safely identify store assignment for repository candidate interface com.apmosys.employeeportal.repository.QuestionMasterRepository. If you want this repository to be a MongoDB repository, consider annotating your entities with one of these annotations: org.springframework.data.mongodb.core.mapping.Document (preferred), or consider extending one of the following types with your repository: org.springframework.data.mongodb.repository.MongoRepository.
2026-01-13 22:56:05 [restartedMain] INFO  org.springframework.data.repository.config.RepositoryConfigurationExtensionSupport - Spring Data MongoDB - Could not safely identify store assignment for repository candidate interface com.apmosys.employeeportal.repository.QuestionRepository. If you want this repository to be a MongoDB repository, consider annotating your entities with one of these annotations: org.springframework.data.mongodb.core.mapping.Document (preferred), or consider extending one of the following types with your repository: org.springframework.data.mongodb.repository.MongoRepository.
2026-01-13 22:56:05 [restartedMain] INFO  org.springframework.data.repository.config.RepositoryConfigurationExtensionSupport - Spring Data MongoDB - Could not safely identify store assignment for repository candidate interface com.apmosys.employeeportal.repository.QuestionnaireRepository. If you want this repository to be a MongoDB repository, consider annotating your entities with one of these annotations: org.springframework.data.mongodb.core.mapping.Document (preferred), or consider extending one of the following types with your repository: org.springframework.data.mongodb.repository.MongoRepository.
2026-01-13 22:56:05 [restartedMain] INFO  org.springframework.data.repository.config.RepositoryConfigurationExtensionSupport - Spring Data MongoDB - Could not safely identify store assignment for repository candidate interface com.apmosys.employeeportal.repository.QuestionnaireResponseRepository. If you want this repository to be a MongoDB repository, consider annotating your entities with one of these annotations: org.springframework.data.mongodb.core.mapping.Document (preferred), or consider extending one of the following types with your repository: org.springframework.data.mongodb.repository.MongoRepository.
2026-01-13 22:56:05 [restartedMain] INFO  org.springframework.data.repository.config.RepositoryConfigurationExtensionSupport - Spring Data MongoDB - Could not safely identify store assignment for repository candidate interface com.apmosys.employeeportal.repository.ReimbursementDataRepository. If you want this repository to be a MongoDB repository, consider annotating your entities with one of these annotations: org.springframework.data.mongodb.core.mapping.Document (preferred), or consider extending one of the following types with your repository: org.springframework.data.mongodb.repository.MongoRepository.
2026-01-13 22:56:05 [restartedMain] INFO  org.springframework.data.repository.config.RepositoryConfigurationExtensionSupport - Spring Data MongoDB - Could not safely identify store assignment for repository candidate interface com.apmosys.employeeportal.repository.ReimbursementTravelModeRepository. If you want this repository to be a MongoDB repository, consider annotating your entities with one of these annotations: org.springframework.data.mongodb.core.mapping.Document (preferred), or consider extending one of the following types with your repository: org.springframework.data.mongodb.repository.MongoRepository.
2026-01-13 22:56:05 [restartedMain] INFO  org.springframework.data.repository.config.RepositoryConfigurationExtensionSupport - Spring Data MongoDB - Could not safely identify store assignment for repository candidate interface com.apmosys.employeeportal.repository.ReleaseNotesVideosRepository. If you want this repository to be a MongoDB repository, consider annotating your entities with one of these annotations: org.springframework.data.mongodb.core.mapping.Document (preferred), or consider extending one of the following types with your repository: org.springframework.data.mongodb.repository.MongoRepository.
2026-01-13 22:56:05 [restartedMain] INFO  org.springframework.data.repository.config.RepositoryConfigurationExtensionSupport - Spring Data MongoDB - Could not safely identify store assignment for repository candidate interface com.apmosys.employeeportal.repository.ReportDashboardRepository. If you want this repository to be a MongoDB repository, consider annotating your entities with one of these annotations: org.springframework.data.mongodb.core.mapping.Document (preferred), or consider extending one of the following types with your repository: org.springframework.data.mongodb.repository.MongoRepository.
2026-01-13 22:56:05 [restartedMain] INFO  org.springframework.data.repository.config.RepositoryConfigurationExtensionSupport - Spring Data MongoDB - Could not safely identify store assignment for repository candidate interface com.apmosys.employeeportal.repository.ResourceRequirementRepository. If you want this repository to be a MongoDB repository, consider annotating your entities with one of these annotations: org.springframework.data.mongodb.core.mapping.Document (preferred), or consider extending one of the following types with your repository: org.springframework.data.mongodb.repository.MongoRepository.
2026-01-13 22:56:05 [restartedMain] INFO  org.springframework.data.repository.config.RepositoryConfigurationExtensionSupport - Spring Data MongoDB - Could not safely identify store assignment for repository candidate interface com.apmosys.employeeportal.repository.ResourceRequirementTempRepo. If you want this repository to be a MongoDB repository, consider annotating your entities with one of these annotations: org.springframework.data.mongodb.core.mapping.Document (preferred), or consider extending one of the following types with your repository: org.springframework.data.mongodb.repository.MongoRepository.
2026-01-13 22:56:05 [restartedMain] INFO  org.springframework.data.repository.config.RepositoryConfigurationExtensionSupport - Spring Data MongoDB - Could not safely identify store assignment for repository candidate interface com.apmosys.employeeportal.repository.ReviewRepository. If you want this repository to be a MongoDB repository, consider annotating your entities with one of these annotations: org.springframework.data.mongodb.core.mapping.Document (preferred), or consider extending one of the following types with your repository: org.springframework.data.mongodb.repository.MongoRepository.
2026-01-13 22:56:05 [restartedMain] INFO  org.springframework.data.repository.config.RepositoryConfigurationExtensionSupport - Spring Data MongoDB - Could not safely identify store assignment for repository candidate interface com.apmosys.employeeportal.repository.ReviewTypeRepository. If you want this repository to be a MongoDB repository, consider annotating your entities with one of these annotations: org.springframework.data.mongodb.core.mapping.Document (preferred), or consider extending one of the following types with your repository: org.springframework.data.mongodb.repository.MongoRepository.
2026-01-13 22:56:05 [restartedMain] INFO  org.springframework.data.repository.config.RepositoryConfigurationExtensionSupport - Spring Data MongoDB - Could not safely identify store assignment for repository candidate interface com.apmosys.employeeportal.repository.RewardConfigRepository. If you want this repository to be a MongoDB repository, consider annotating your entities with one of these annotations: org.springframework.data.mongodb.core.mapping.Document (preferred), or consider extending one of the following types with your repository: org.springframework.data.mongodb.repository.MongoRepository.
2026-01-13 22:56:05 [restartedMain] INFO  org.springframework.data.repository.config.RepositoryConfigurationExtensionSupport - Spring Data MongoDB - Could not safely identify store assignment for repository candidate interface com.apmosys.employeeportal.repository.RewardsCategoryRepository. If you want this repository to be a MongoDB repository, consider annotating your entities with one of these annotations: org.springframework.data.mongodb.core.mapping.Document (preferred), or consider extending one of the following types with your repository: org.springframework.data.mongodb.repository.MongoRepository.
2026-01-13 22:56:05 [restartedMain] INFO  org.springframework.data.repository.config.RepositoryConfigurationExtensionSupport - Spring Data MongoDB - Could not safely identify store assignment for repository candidate interface com.apmosys.employeeportal.repository.RoleFeatureMapRepository. If you want this repository to be a MongoDB repository, consider annotating your entities with one of these annotations: org.springframework.data.mongodb.core.mapping.Document (preferred), or consider extending one of the following types with your repository: org.springframework.data.mongodb.repository.MongoRepository.
2026-01-13 22:56:05 [restartedMain] INFO  org.springframework.data.repository.config.RepositoryConfigurationExtensionSupport - Spring Data MongoDB - Could not safely identify store assignment for repository candidate interface com.apmosys.employeeportal.repository.SpecializationRepository. If you want this repository to be a MongoDB repository, consider annotating your entities with one of these annotations: org.springframework.data.mongodb.core.mapping.Document (preferred), or consider extending one of the following types with your repository: org.springframework.data.mongodb.repository.MongoRepository.
2026-01-13 22:56:07 [restartedMain] INFO  org.springframework.data.repository.config.RepositoryConfigurationExtensionSupport - Spring Data MongoDB - Could not safely identify store assignment for repository candidate interface com.apmosys.employeeportal.repository.StatusMasterNewRepository. If you want this repository to be a MongoDB repository, consider annotating your entities with one of these annotations: org.springframework.data.mongodb.core.mapping.Document (preferred), or consider extending one of the following types with your repository: org.springframework.data.mongodb.repository.MongoRepository.
2026-01-13 22:56:07 [restartedMain] INFO  org.springframework.data.repository.config.RepositoryConfigurationExtensionSupport - Spring Data MongoDB - Could not safely identify store assignment for repository candidate interface com.apmosys.employeeportal.repository.SubFeatureMasterRepository. If you want this repository to be a MongoDB repository, consider annotating your entities with one of these annotations: org.springframework.data.mongodb.core.mapping.Document (preferred), or consider extending one of the following types with your repository: org.springframework.data.mongodb.repository.MongoRepository.
2026-01-13 22:56:07 [restartedMain] INFO  org.springframework.data.repository.config.RepositoryConfigurationExtensionSupport - Spring Data MongoDB - Could not safely identify store assignment for repository candidate interface com.apmosys.employeeportal.repository.SurveyEmployeeResponseRepository. If you want this repository to be a MongoDB repository, consider annotating your entities with one of these annotations: org.springframework.data.mongodb.core.mapping.Document (preferred), or consider extending one of the following types with your repository: org.springframework.data.mongodb.repository.MongoRepository.
2026-01-13 22:56:07 [restartedMain] INFO  org.springframework.data.repository.config.RepositoryConfigurationExtensionSupport - Spring Data MongoDB - Could not safely identify store assignment for repository candidate interface com.apmosys.employeeportal.repository.SurveyQuestionRepository. If you want this repository to be a MongoDB repository, consider annotating your entities with one of these annotations: org.springframework.data.mongodb.core.mapping.Document (preferred), or consider extending one of the following types with your repository: org.springframework.data.mongodb.repository.MongoRepository.
2026-01-13 22:56:07 [restartedMain] INFO  org.springframework.data.repository.config.RepositoryConfigurationExtensionSupport - Spring Data MongoDB - Could not safely identify store assignment for repository candidate interface com.apmosys.employeeportal.repository.SurveyRepository. If you want this repository to be a MongoDB repository, consider annotating your entities with one of these annotations: org.springframework.data.mongodb.core.mapping.Document (preferred), or consider extending one of the following types with your repository: org.springframework.data.mongodb.repository.MongoRepository.
2026-01-13 22:56:07 [restartedMain] INFO  org.springframework.data.repository.config.RepositoryConfigurationExtensionSupport - Spring Data MongoDB - Could not safely identify store assignment for repository candidate interface com.apmosys.employeeportal.repository.TabMasterRepository. If you want this repository to be a MongoDB repository, consider annotating your entities with one of these annotations: org.springframework.data.mongodb.core.mapping.Document (preferred), or consider extending one of the following types with your repository: org.springframework.data.mongodb.repository.MongoRepository.
2026-01-13 22:56:07 [restartedMain] INFO  org.springframework.data.repository.config.RepositoryConfigurationExtensionSupport - Spring Data MongoDB - Could not safely identify store assignment for repository candidate interface com.apmosys.employeeportal.repository.TagMasterRepository. If you want this repository to be a MongoDB repository, consider annotating your entities with one of these annotations: org.springframework.data.mongodb.core.mapping.Document (preferred), or consider extending one of the following types with your repository: org.springframework.data.mongodb.repository.MongoRepository.
2026-01-13 22:56:07 [restartedMain] INFO  org.springframework.data.repository.config.RepositoryConfigurationExtensionSupport - Spring Data MongoDB - Could not safely identify store assignment for repository candidate interface com.apmosys.employeeportal.repository.TeamRepository. If you want this repository to be a MongoDB repository, consider annotating your entities with one of these annotations: org.springframework.data.mongodb.core.mapping.Document (preferred), or consider extending one of the following types with your repository: org.springframework.data.mongodb.repository.MongoRepository.
2026-01-13 22:56:07 [restartedMain] INFO  org.springframework.data.repository.config.RepositoryConfigurationExtensionSupport - Spring Data MongoDB - Could not safely identify store assignment for repository candidate interface com.apmosys.employeeportal.repository.TechStackRepository. If you want this repository to be a MongoDB repository, consider annotating your entities with one of these annotations: org.springframework.data.mongodb.core.mapping.Document (preferred), or consider extending one of the following types with your repository: org.springframework.data.mongodb.repository.MongoRepository.
2026-01-13 22:56:07 [restartedMain] INFO  org.springframework.data.repository.config.RepositoryConfigurationExtensionSupport - Spring Data MongoDB - Could not safely identify store assignment for repository candidate interface com.apmosys.employeeportal.repository.TimesheetActivityMapNewRepository. If you want this repository to be a MongoDB repository, consider annotating your entities with one of these annotations: org.springframework.data.mongodb.core.mapping.Document (preferred), or consider extending one of the following types with your repository: org.springframework.data.mongodb.repository.MongoRepository.
2026-01-13 22:56:07 [restartedMain] INFO  org.springframework.data.repository.config.RepositoryConfigurationExtensionSupport - Spring Data MongoDB - Could not safely identify store assignment for repository candidate interface com.apmosys.employeeportal.repository.TimesheetActivityMapRepository. If you want this repository to be a MongoDB repository, consider annotating your entities with one of these annotations: org.springframework.data.mongodb.core.mapping.Document (preferred), or consider extending one of the following types with your repository: org.springframework.data.mongodb.repository.MongoRepository.
2026-01-13 22:56:07 [restartedMain] INFO  org.springframework.data.repository.config.RepositoryConfigurationExtensionSupport - Spring Data MongoDB - Could not safely identify store assignment for repository candidate interface com.apmosys.employeeportal.repository.TimesheetApprovalAllocationLogsRepository. If you want this repository to be a MongoDB repository, consider annotating your entities with one of these annotations: org.springframework.data.mongodb.core.mapping.Document (preferred), or consider extending one of the following types with your repository: org.springframework.data.mongodb.repository.MongoRepository.
2026-01-13 22:56:07 [restartedMain] INFO  org.springframework.data.repository.config.RepositoryConfigurationExtensionSupport - Spring Data MongoDB - Could not safely identify store assignment for repository candidate interface com.apmosys.employeeportal.repository.TimesheetDocumentApprovalRepository. If you want this repository to be a MongoDB repository, consider annotating your entities with one of these annotations: org.springframework.data.mongodb.core.mapping.Document (preferred), or consider extending one of the following types with your repository: org.springframework.data.mongodb.repository.MongoRepository.
2026-01-13 22:56:07 [restartedMain] INFO  org.springframework.data.repository.config.RepositoryConfigurationExtensionSupport - Spring Data MongoDB - Could not safely identify store assignment for repository candidate interface com.apmosys.employeeportal.repository.TimesheetDocumentDetailsNewRepository. If you want this repository to be a MongoDB repository, consider annotating your entities with one of these annotations: org.springframework.data.mongodb.core.mapping.Document (preferred), or consider extending one of the following types with your repository: org.springframework.data.mongodb.repository.MongoRepository.
2026-01-13 22:56:07 [restartedMain] INFO  org.springframework.data.repository.config.RepositoryConfigurationExtensionSupport - Spring Data MongoDB - Could not safely identify store assignment for repository candidate interface com.apmosys.employeeportal.repository.TimesheetDocumentDetailsRepository. If you want this repository to be a MongoDB repository, consider annotating your entities with one of these annotations: org.springframework.data.mongodb.core.mapping.Document (preferred), or consider extending one of the following types with your repository: org.springframework.data.mongodb.repository.MongoRepository.
2026-01-13 22:56:07 [restartedMain] INFO  org.springframework.data.repository.config.RepositoryConfigurationExtensionSupport - Spring Data MongoDB - Could not safely identify store assignment for repository candidate interface com.apmosys.employeeportal.repository.TimesheetRejectionDetailsNewRepository. If you want this repository to be a MongoDB repository, consider annotating your entities with one of these annotations: org.springframework.data.mongodb.core.mapping.Document (preferred), or consider extending one of the following types with your repository: org.springframework.data.mongodb.repository.MongoRepository.
2026-01-13 22:56:07 [restartedMain] INFO  org.springframework.data.repository.config.RepositoryConfigurationExtensionSupport - Spring Data MongoDB - Could not safely identify store assignment for repository candidate interface com.apmosys.employeeportal.repository.TimesheetRejectionReasonsMasterRepository. If you want this repository to be a MongoDB repository, consider annotating your entities with one of these annotations: org.springframework.data.mongodb.core.mapping.Document (preferred), or consider extending one of the following types with your repository: org.springframework.data.mongodb.repository.MongoRepository.
2026-01-13 22:56:07 [restartedMain] INFO  org.springframework.data.repository.config.RepositoryConfigurationExtensionSupport - Spring Data MongoDB - Could not safely identify store assignment for repository candidate interface com.apmosys.employeeportal.repository.TimesheetsRepository. If you want this repository to be a MongoDB repository, consider annotating your entities with one of these annotations: org.springframework.data.mongodb.core.mapping.Document (preferred), or consider extending one of the following types with your repository: org.springframework.data.mongodb.repository.MongoRepository.
2026-01-13 22:56:07 [restartedMain] INFO  org.springframework.data.repository.config.RepositoryConfigurationExtensionSupport - Spring Data MongoDB - Could not safely identify store assignment for repository candidate interface com.apmosys.employeeportal.repository.TravelBasedReimbursementRequestRepository. If you want this repository to be a MongoDB repository, consider annotating your entities with one of these annotations: org.springframework.data.mongodb.core.mapping.Document (preferred), or consider extending one of the following types with your repository: org.springframework.data.mongodb.repository.MongoRepository.
2026-01-13 22:56:07 [restartedMain] INFO  org.springframework.data.repository.config.RepositoryConfigurationExtensionSupport - Spring Data MongoDB - Could not safely identify store assignment for repository candidate interface com.apmosys.employeeportal.repository.TravelClassRepository. If you want this repository to be a MongoDB repository, consider annotating your entities with one of these annotations: org.springframework.data.mongodb.core.mapping.Document (preferred), or consider extending one of the following types with your repository: org.springframework.data.mongodb.repository.MongoRepository.
2026-01-13 22:56:07 [restartedMain] INFO  org.springframework.data.repository.config.RepositoryConfigurationExtensionSupport - Spring Data MongoDB - Could not safely identify store assignment for repository candidate interface com.apmosys.employeeportal.repository.TravelDeskRepository. If you want this repository to be a MongoDB repository, consider annotating your entities with one of these annotations: org.springframework.data.mongodb.core.mapping.Document (preferred), or consider extending one of the following types with your repository: org.springframework.data.mongodb.repository.MongoRepository.
2026-01-13 22:56:07 [restartedMain] INFO  org.springframework.data.repository.config.RepositoryConfigurationExtensionSupport - Spring Data MongoDB - Could not safely identify store assignment for repository candidate interface com.apmosys.employeeportal.repository.TravelModeRepository. If you want this repository to be a MongoDB repository, consider annotating your entities with one of these annotations: org.springframework.data.mongodb.core.mapping.Document (preferred), or consider extending one of the following types with your repository: org.springframework.data.mongodb.repository.MongoRepository.
2026-01-13 22:56:07 [restartedMain] INFO  org.springframework.data.repository.config.RepositoryConfigurationExtensionSupport - Spring Data MongoDB - Could not safely identify store assignment for repository candidate interface com.apmosys.employeeportal.repository.TravelReasonRepository. If you want this repository to be a MongoDB repository, consider annotating your entities with one of these annotations: org.springframework.data.mongodb.core.mapping.Document (preferred), or consider extending one of the following types with your repository: org.springframework.data.mongodb.repository.MongoRepository.
2026-01-13 22:56:07 [restartedMain] INFO  org.springframework.data.repository.config.RepositoryConfigurationExtensionSupport - Spring Data MongoDB - Could not safely identify store assignment for repository candidate interface com.apmosys.employeeportal.repository.TypeDocumentRepository. If you want this repository to be a MongoDB repository, consider annotating your entities with one of these annotations: org.springframework.data.mongodb.core.mapping.Document (preferred), or consider extending one of the following types with your repository: org.springframework.data.mongodb.repository.MongoRepository.
2026-01-13 22:56:07 [restartedMain] INFO  org.springframework.data.repository.config.RepositoryConfigurationExtensionSupport - Spring Data MongoDB - Could not safely identify store assignment for repository candidate interface com.apmosys.employeeportal.repository.UploadPolicyRepository. If you want this repository to be a MongoDB repository, consider annotating your entities with one of these annotations: org.springframework.data.mongodb.core.mapping.Document (preferred), or consider extending one of the following types with your repository: org.springframework.data.mongodb.repository.MongoRepository.
2026-01-13 22:56:07 [restartedMain] INFO  org.springframework.data.repository.config.RepositoryConfigurationExtensionSupport - Spring Data MongoDB - Could not safely identify store assignment for repository candidate interface com.apmosys.employeeportal.repository.UserContributionDocumentRepository. If you want this repository to be a MongoDB repository, consider annotating your entities with one of these annotations: org.springframework.data.mongodb.core.mapping.Document (preferred), or consider extending one of the following types with your repository: org.springframework.data.mongodb.repository.MongoRepository.
2026-01-13 22:56:07 [restartedMain] INFO  org.springframework.data.repository.config.RepositoryConfigurationExtensionSupport - Spring Data MongoDB - Could not safely identify store assignment for repository candidate interface com.apmosys.employeeportal.repository.UserContributionResponseRemarksRepository. If you want this repository to be a MongoDB repository, consider annotating your entities with one of these annotations: org.springframework.data.mongodb.core.mapping.Document (preferred), or consider extending one of the following types with your repository: org.springframework.data.mongodb.repository.MongoRepository.
2026-01-13 22:56:07 [restartedMain] INFO  org.springframework.data.repository.config.RepositoryConfigurationExtensionSupport - Spring Data MongoDB - Could not safely identify store assignment for repository candidate interface com.apmosys.employeeportal.repository.UserDataRepo. If you want this repository to be a MongoDB repository, consider annotating your entities with one of these annotations: org.springframework.data.mongodb.core.mapping.Document (preferred), or consider extending one of the following types with your repository: org.springframework.data.mongodb.repository.MongoRepository.
2026-01-13 22:56:07 [restartedMain] INFO  org.springframework.data.repository.config.RepositoryConfigurationExtensionSupport - Spring Data MongoDB - Could not safely identify store assignment for repository candidate interface com.apmosys.employeeportal.repository.UserSessionRepository. If you want this repository to be a MongoDB repository, consider annotating your entities with one of these annotations: org.springframework.data.mongodb.core.mapping.Document (preferred), or consider extending one of the following types with your repository: org.springframework.data.mongodb.repository.MongoRepository.
2026-01-13 22:56:07 [restartedMain] INFO  org.springframework.data.repository.config.RepositoryConfigurationExtensionSupport - Spring Data MongoDB - Could not safely identify store assignment for repository candidate interface com.apmosys.employeeportal.repository.VehicleTypeRepository. If you want this repository to be a MongoDB repository, consider annotating your entities with one of these annotations: org.springframework.data.mongodb.core.mapping.Document (preferred), or consider extending one of the following types with your repository: org.springframework.data.mongodb.repository.MongoRepository.
2026-01-13 22:56:07 [restartedMain] INFO  org.springframework.data.repository.config.RepositoryConfigurationExtensionSupport - Spring Data MongoDB - Could not safely identify store assignment for repository candidate interface com.apmosys.employeeportal.repository.WorkLocationTypeMasterRepository. If you want this repository to be a MongoDB repository, consider annotating your entities with one of these annotations: org.springframework.data.mongodb.core.mapping.Document (preferred), or consider extending one of the following types with your repository: org.springframework.data.mongodb.repository.MongoRepository.
2026-01-13 22:56:11 [restartedMain] INFO  org.springframework.data.repository.config.RepositoryConfigurationDelegate - Finished Spring Data repository scanning in 11796 ms. Found 10 MongoDB repository interfaces.
2026-01-13 22:56:20 [restartedMain] INFO  org.hibernate.engine.transaction.jta.platform.internal.JtaPlatformInitiator - HHH000490: Using JtaPlatform implementation: [org.hibernate.engine.transaction.jta.platform.internal.NoJtaPlatform]
2026-01-13 22:56:20 [restartedMain] INFO  org.springframework.orm.jpa.LocalContainerEntityManagerFactoryBean - Initialized JPA EntityManagerFactory for persistence unit 'default'
2026-01-13 22:56:51 [restartedMain] INFO  org.hibernate.jpa.internal.util.LogHelper - HHH000204: Processing PersistenceUnitInfo [name: default]
2026-01-13 22:56:57 [restartedMain] INFO  com.zaxxer.hikari.HikariDataSource - HikariPool-106 - Starting...
2026-01-13 22:59:16 [restartedMain] ERROR com.zaxxer.hikari.pool.HikariPool - HikariPool-106 - Exception during pool initialization.
com.mysql.cj.jdbc.exceptions.CommunicationsException: Communications link failure

The last packet sent successfully to the server was 0 milliseconds ago. The driver has not received any packets from the server.
	at com.mysql.cj.jdbc.exceptions.SQLError.createCommunicationsException(SQLError.java:174)
	at com.mysql.cj.jdbc.exceptions.SQLExceptionsMapping.translateException(SQLExceptionsMapping.java:64)
	at com.mysql.cj.jdbc.ConnectionImpl.createNewIO(ConnectionImpl.java:829)
	at com.mysql.cj.jdbc.ConnectionImpl.<init>(ConnectionImpl.java:449)
	at com.mysql.cj.jdbc.ConnectionImpl.getInstance(ConnectionImpl.java:242)
	at com.mysql.cj.jdbc.NonRegisteringDriver.connect(NonRegisteringDriver.java:198)
	at com.zaxxer.hikari.util.DriverDataSource.getConnection(DriverDataSource.java:138)
	at com.zaxxer.hikari.pool.PoolBase.newConnection(PoolBase.java:364)
	at com.zaxxer.hikari.pool.PoolBase.newPoolEntry(PoolBase.java:206)
	at com.zaxxer.hikari.pool.HikariPool.createPoolEntry(HikariPool.java:476)
	at com.zaxxer.hikari.pool.HikariPool.checkFailFast(HikariPool.java:561)
	at com.zaxxer.hikari.pool.HikariPool.<init>(HikariPool.java:115)
	at com.zaxxer.hikari.HikariDataSource.getConnection(HikariDataSource.java:112)
	at org.hibernate.engine.jdbc.connections.internal.DatasourceConnectionProviderImpl.getConnection(DatasourceConnectionProviderImpl.java:122)
	at org.hibernate.engine.jdbc.env.internal.JdbcEnvironmentInitiator$ConnectionProviderJdbcConnectionAccess.obtainConnection(JdbcEnvironmentInitiator.java:181)
	at org.hibernate.engine.jdbc.env.internal.JdbcEnvironmentInitiator.initiateService(JdbcEnvironmentInitiator.java:68)
	at org.hibernate.engine.jdbc.env.internal.JdbcEnvironmentInitiator.initiateService(JdbcEnvironmentInitiator.java:35)
	at org.hibernate.boot.registry.internal.StandardServiceRegistryImpl.initiateService(StandardServiceRegistryImpl.java:101)
	at org.hibernate.service.internal.AbstractServiceRegistryImpl.createService(AbstractServiceRegistryImpl.java:263)
	at org.hibernate.service.internal.AbstractServiceRegistryImpl.initializeService(AbstractServiceRegistryImpl.java:237)
	at org.hibernate.service.internal.AbstractServiceRegistryImpl.getService(AbstractServiceRegistryImpl.java:214)
	at org.hibernate.id.factory.internal.DefaultIdentifierGeneratorFactory.injectServices(DefaultIdentifierGeneratorFactory.java:175)
	at org.hibernate.service.internal.AbstractServiceRegistryImpl.injectDependencies(AbstractServiceRegistryImpl.java:286)
	at org.hibernate.service.internal.AbstractServiceRegistryImpl.initializeService(AbstractServiceRegistryImpl.java:243)
	at org.hibernate.service.internal.AbstractServiceRegistryImpl.getService(AbstractServiceRegistryImpl.java:214)
	at org.hibernate.boot.internal.InFlightMetadataCollectorImpl.<init>(InFlightMetadataCollectorImpl.java:173)
	at org.hibernate.boot.model.process.spi.MetadataBuildingProcess.complete(MetadataBuildingProcess.java:127)
	at org.hibernate.jpa.boot.internal.EntityManagerFactoryBuilderImpl.metadata(EntityManagerFactoryBuilderImpl.java:1460)
	at org.hibernate.jpa.boot.internal.EntityManagerFactoryBuilderImpl.build(EntityManagerFactoryBuilderImpl.java:1494)
	at org.springframework.orm.jpa.vendor.SpringHibernateJpaPersistenceProvider.createContainerEntityManagerFactory(SpringHibernateJpaPersistenceProvider.java:58)
	at org.springframework.orm.jpa.LocalContainerEntityManagerFactoryBean.createNativeEntityManagerFactory(LocalContainerEntityManagerFactoryBean.java:365)
	at org.springframework.orm.jpa.AbstractEntityManagerFactoryBean.buildNativeEntityManagerFactory(AbstractEntityManagerFactoryBean.java:409)
	at org.springframework.orm.jpa.AbstractEntityManagerFactoryBean.afterPropertiesSet(AbstractEntityManagerFactoryBean.java:396)
	at org.springframework.orm.jpa.LocalContainerEntityManagerFactoryBean.afterPropertiesSet(LocalContainerEntityManagerFactoryBean.java:341)
	at org.springframework.beans.factory.support.AbstractAutowireCapableBeanFactory.invokeInitMethods(AbstractAutowireCapableBeanFactory.java:1863)
	at org.springframework.beans.factory.support.AbstractAutowireCapableBeanFactory.initializeBean(AbstractAutowireCapableBeanFactory.java:1800)
	at org.springframework.beans.factory.support.AbstractAutowireCapableBeanFactory.doCreateBean(AbstractAutowireCapableBeanFactory.java:620)
	at org.springframework.beans.factory.support.AbstractAutowireCapableBeanFactory.createBean(AbstractAutowireCapableBeanFactory.java:542)
	at org.springframework.beans.factory.support.AbstractBeanFactory.lambda$doGetBean$0(AbstractBeanFactory.java:335)
	at org.springframework.beans.factory.support.DefaultSingletonBeanRegistry.getSingleton(DefaultSingletonBeanRegistry.java:234)
	at org.springframework.beans.factory.support.AbstractBeanFactory.doGetBean(AbstractBeanFactory.java:333)
	at org.springframework.beans.factory.support.AbstractBeanFactory.getBean(AbstractBeanFactory.java:208)
	at org.springframework.beans.factory.support.BeanDefinitionValueResolver.resolveReference(BeanDefinitionValueResolver.java:330)
	at org.springframework.beans.factory.support.BeanDefinitionValueResolver.resolveValueIfNecessary(BeanDefinitionValueResolver.java:113)
	at org.springframework.beans.factory.support.ConstructorResolver.resolveConstructorArguments(ConstructorResolver.java:693)
	at org.springframework.beans.factory.support.ConstructorResolver.instantiateUsingFactoryMethod(ConstructorResolver.java:510)
	at org.springframework.beans.factory.support.AbstractAutowireCapableBeanFactory.instantiateUsingFactoryMethod(AbstractAutowireCapableBeanFactory.java:1352)
	at org.springframework.beans.factory.support.AbstractAutowireCapableBeanFactory.createBeanInstance(AbstractAutowireCapableBeanFactory.java:1195)
	at org.springframework.beans.factory.support.AbstractAutowireCapableBeanFactory.doCreateBean(AbstractAutowireCapableBeanFactory.java:582)
	at org.springframework.beans.factory.support.AbstractAutowireCapableBeanFactory.createBean(AbstractAutowireCapableBeanFactory.java:542)
	at org.springframework.beans.factory.support.BeanDefinitionValueResolver.resolveInnerBean(BeanDefinitionValueResolver.java:374)
	at org.springframework.beans.factory.support.BeanDefinitionValueResolver.resolveValueIfNecessary(BeanDefinitionValueResolver.java:134)
	at org.springframework.beans.factory.support.AbstractAutowireCapableBeanFactory.applyPropertyValues(AbstractAutowireCapableBeanFactory.java:1707)
	at org.springframework.beans.factory.support.AbstractAutowireCapableBeanFactory.populateBean(AbstractAutowireCapableBeanFactory.java:1452)
	at org.springframework.beans.factory.support.AbstractAutowireCapableBeanFactory.doCreateBean(AbstractAutowireCapableBeanFactory.java:619)
	at org.springframework.beans.factory.support.AbstractAutowireCapableBeanFactory.createBean(AbstractAutowireCapableBeanFactory.java:542)
	at org.springframework.beans.factory.support.AbstractBeanFactory.lambda$doGetBean$0(AbstractBeanFactory.java:335)
	at org.springframework.beans.factory.support.DefaultSingletonBeanRegistry.getSingleton(DefaultSingletonBeanRegistry.java:234)
	at org.springframework.beans.factory.support.AbstractBeanFactory.doGetBean(AbstractBeanFactory.java:333)
	at org.springframework.beans.factory.support.AbstractBeanFactory.getBean(AbstractBeanFactory.java:208)
	at org.springframework.beans.factory.config.DependencyDescriptor.resolveCandidate(DependencyDescriptor.java:276)
	at org.springframework.beans.factory.support.DefaultListableBeanFactory.doResolveDependency(DefaultListableBeanFactory.java:1389)
	at org.springframework.beans.factory.support.DefaultListableBeanFactory.resolveDependency(DefaultListableBeanFactory.java:1309)
	at org.springframework.beans.factory.annotation.AutowiredAnnotationBeanPostProcessor$AutowiredFieldElement.resolveFieldValue(AutowiredAnnotationBeanPostProcessor.java:656)
	at org.springframework.beans.factory.annotation.AutowiredAnnotationBeanPostProcessor$AutowiredFieldElement.inject(AutowiredAnnotationBeanPostProcessor.java:639)
	at org.springframework.beans.factory.annotation.InjectionMetadata.inject(InjectionMetadata.java:119)
	at org.springframework.beans.factory.annotation.AutowiredAnnotationBeanPostProcessor.postProcessProperties(AutowiredAnnotationBeanPostProcessor.java:399)
	at org.springframework.beans.factory.support.AbstractAutowireCapableBeanFactory.populateBean(AbstractAutowireCapableBeanFactory.java:1431)
	at org.springframework.beans.factory.support.AbstractAutowireCapableBeanFactory.doCreateBean(AbstractAutowireCapableBeanFactory.java:619)
	at org.springframework.beans.factory.support.AbstractAutowireCapableBeanFactory.createBean(AbstractAutowireCapableBeanFactory.java:542)
	at org.springframework.beans.factory.support.AbstractBeanFactory.lambda$doGetBean$0(AbstractBeanFactory.java:335)
	at org.springframework.beans.factory.support.DefaultSingletonBeanRegistry.getSingleton(DefaultSingletonBeanRegistry.java:234)
	at org.springframework.beans.factory.support.AbstractBeanFactory.doGetBean(AbstractBeanFactory.java:333)
	at org.springframework.beans.factory.support.AbstractBeanFactory.getBean(AbstractBeanFactory.java:208)
	at org.springframework.beans.factory.config.DependencyDescriptor.resolveCandidate(DependencyDescriptor.java:276)
	at org.springframework.beans.factory.support.DefaultListableBeanFactory.doResolveDependency(DefaultListableBeanFactory.java:1389)
	at org.springframework.beans.factory.support.DefaultListableBeanFactory.resolveDependency(DefaultListableBeanFactory.java:1309)
	at org.springframework.beans.factory.annotation.AutowiredAnnotationBeanPostProcessor$AutowiredFieldElement.resolveFieldValue(AutowiredAnnotationBeanPostProcessor.java:656)
	at org.springframework.beans.factory.annotation.AutowiredAnnotationBeanPostProcessor$AutowiredFieldElement.inject(AutowiredAnnotationBeanPostProcessor.java:639)
	at org.springframework.beans.factory.annotation.InjectionMetadata.inject(InjectionMetadata.java:119)
	at org.springframework.beans.factory.annotation.AutowiredAnnotationBeanPostProcessor.postProcessProperties(AutowiredAnnotationBeanPostProcessor.java:399)
	at org.springframework.beans.factory.support.AbstractAutowireCapableBeanFactory.populateBean(AbstractAutowireCapableBeanFactory.java:1431)
	at org.springframework.beans.factory.support.AbstractAutowireCapableBeanFactory.doCreateBean(AbstractAutowireCapableBeanFactory.java:619)
	at org.springframework.beans.factory.support.AbstractAutowireCapableBeanFactory.createBean(AbstractAutowireCapableBeanFactory.java:542)
	at org.springframework.beans.factory.support.AbstractBeanFactory.lambda$doGetBean$0(AbstractBeanFactory.java:335)
	at org.springframework.beans.factory.support.DefaultSingletonBeanRegistry.getSingleton(DefaultSingletonBeanRegistry.java:234)
	at org.springframework.beans.factory.support.AbstractBeanFactory.doGetBean(AbstractBeanFactory.java:333)
	at org.springframework.beans.factory.support.AbstractBeanFactory.getBean(AbstractBeanFactory.java:208)
	at org.springframework.beans.factory.config.DependencyDescriptor.resolveCandidate(DependencyDescriptor.java:276)
	at org.springframework.beans.factory.support.DefaultListableBeanFactory.doResolveDependency(DefaultListableBeanFactory.java:1389)
	at org.springframework.beans.factory.support.DefaultListableBeanFactory.resolveDependency(DefaultListableBeanFactory.java:1309)
	at org.springframework.beans.factory.annotation.AutowiredAnnotationBeanPostProcessor$AutowiredFieldElement.resolveFieldValue(AutowiredAnnotationBeanPostProcessor.java:656)
	at org.springframework.beans.factory.annotation.AutowiredAnnotationBeanPostProcessor$AutowiredFieldElement.inject(AutowiredAnnotationBeanPostProcessor.java:639)
	at org.springframework.beans.factory.annotation.InjectionMetadata.inject(InjectionMetadata.java:119)
	at org.springframework.beans.factory.annotation.AutowiredAnnotationBeanPostProcessor.postProcessProperties(AutowiredAnnotationBeanPostProcessor.java:399)
	at org.springframework.beans.factory.support.AbstractAutowireCapableBeanFactory.populateBean(AbstractAutowireCapableBeanFactory.java:1431)
	at org.springframework.beans.factory.support.AbstractAutowireCapableBeanFactory.doCreateBean(AbstractAutowireCapableBeanFactory.java:619)
	at org.springframework.beans.factory.support.AbstractAutowireCapableBeanFactory.createBean(AbstractAutowireCapableBeanFactory.java:542)
	at org.springframework.beans.factory.support.AbstractBeanFactory.lambda$doGetBean$0(AbstractBeanFactory.java:335)
	at org.springframework.beans.factory.support.DefaultSingletonBeanRegistry.getSingleton(DefaultSingletonBeanRegistry.java:234)
	at org.springframework.beans.factory.support.AbstractBeanFactory.doGetBean(AbstractBeanFactory.java:333)
	at org.springframework.beans.factory.support.AbstractBeanFactory.getBean(AbstractBeanFactory.java:208)
	at org.springframework.beans.factory.support.ConstructorResolver.instantiateUsingFactoryMethod(ConstructorResolver.java:410)
	at org.springframework.beans.factory.support.AbstractAutowireCapableBeanFactory.instantiateUsingFactoryMethod(AbstractAutowireCapableBeanFactory.java:1352)
	at org.springframework.beans.factory.support.AbstractAutowireCapableBeanFactory.createBeanInstance(AbstractAutowireCapableBeanFactory.java:1195)
	at org.springframework.beans.factory.support.AbstractAutowireCapableBeanFactory.doCreateBean(AbstractAutowireCapableBeanFactory.java:582)
	at org.springframework.beans.factory.support.AbstractAutowireCapableBeanFactory.createBean(AbstractAutowireCapableBeanFactory.java:542)
	at org.springframework.beans.factory.support.AbstractBeanFactory.lambda$doGetBean$0(AbstractBeanFactory.java:335)
	at org.springframework.beans.factory.support.DefaultSingletonBeanRegistry.getSingleton(DefaultSingletonBeanRegistry.java:234)
	at org.springframework.beans.factory.support.AbstractBeanFactory.doGetBean(AbstractBeanFactory.java:333)
	at org.springframework.beans.factory.support.AbstractBeanFactory.getBean(AbstractBeanFactory.java:208)
	at org.springframework.beans.factory.config.DependencyDescriptor.resolveCandidate(DependencyDescriptor.java:276)
	at org.springframework.beans.factory.support.DefaultListableBeanFactory.doResolveDependency(DefaultListableBeanFactory.java:1389)
	at org.springframework.beans.factory.support.DefaultListableBeanFactory$DependencyObjectProvider.getIfAvailable(DefaultListableBeanFactory.java:2030)
	at org.springframework.beans.factory.support.DefaultListableBeanFactory$DependencyObjectProvider.ifAvailable(DefaultListableBeanFactory.java:2041)
	at org.springframework.boot.autoconfigure.web.servlet.DispatcherServletAutoConfiguration$DispatcherServletRegistrationConfiguration.dispatcherServletRegistration(DispatcherServletAutoConfiguration.java:124)
	at java.base/jdk.internal.reflect.NativeMethodAccessorImpl.invoke0(Native Method)
	at java.base/jdk.internal.reflect.NativeMethodAccessorImpl.invoke(NativeMethodAccessorImpl.java:77)
	at java.base/jdk.internal.reflect.DelegatingMethodAccessorImpl.invoke(DelegatingMethodAccessorImpl.java:43)
	at java.base/java.lang.reflect.Method.invoke(Method.java:568)
	at org.springframework.beans.factory.support.SimpleInstantiationStrategy.instantiate(SimpleInstantiationStrategy.java:154)
	at org.springframework.beans.factory.support.ConstructorResolver.instantiate(ConstructorResolver.java:653)
	at org.springframework.beans.factory.support.ConstructorResolver.instantiateUsingFactoryMethod(ConstructorResolver.java:638)
	at org.springframework.beans.factory.support.AbstractAutowireCapableBeanFactory.instantiateUsingFactoryMethod(AbstractAutowireCapableBeanFactory.java:1352)
	at org.springframework.beans.factory.support.AbstractAutowireCapableBeanFactory.createBeanInstance(AbstractAutowireCapableBeanFactory.java:1195)
	at org.springframework.beans.factory.support.AbstractAutowireCapableBeanFactory.doCreateBean(AbstractAutowireCapableBeanFactory.java:582)
	at org.springframework.beans.factory.support.AbstractAutowireCapableBeanFactory.createBean(AbstractAutowireCapableBeanFactory.java:542)
	at org.springframework.beans.factory.support.AbstractBeanFactory.lambda$doGetBean$0(AbstractBeanFactory.java:335)
	at org.springframework.beans.factory.support.DefaultSingletonBeanRegistry.getSingleton(DefaultSingletonBeanRegistry.java:234)
	at org.springframework.beans.factory.support.AbstractBeanFactory.doGetBean(AbstractBeanFactory.java:333)
	at org.springframework.beans.factory.support.AbstractBeanFactory.getBean(AbstractBeanFactory.java:208)
	at org.springframework.beans.factory.config.DependencyDescriptor.resolveCandidate(DependencyDescriptor.java:276)
	at org.springframework.beans.factory.support.DefaultListableBeanFactory.doResolveDependency(DefaultListableBeanFactory.java:1389)
	at org.springframework.beans.factory.support.DefaultListableBeanFactory.resolveDependency(DefaultListableBeanFactory.java:1309)
	at org.springframework.beans.factory.support.ConstructorResolver.resolveAutowiredArgument(ConstructorResolver.java:887)
	at org.springframework.beans.factory.support.ConstructorResolver.createArgumentArray(ConstructorResolver.java:791)
	at org.springframework.beans.factory.support.ConstructorResolver.instantiateUsingFactoryMethod(ConstructorResolver.java:541)
	at org.springframework.beans.factory.support.AbstractAutowireCapableBeanFactory.instantiateUsingFactoryMethod(AbstractAutowireCapableBeanFactory.java:1352)
	at org.springframework.beans.factory.support.AbstractAutowireCapableBeanFactory.createBeanInstance(AbstractAutowireCapableBeanFactory.java:1195)
	at org.springframework.beans.factory.support.AbstractAutowireCapableBeanFactory.doCreateBean(AbstractAutowireCapableBeanFactory.java:582)
	at org.springframework.beans.factory.support.AbstractAutowireCapableBeanFactory.createBean(AbstractAutowireCapableBeanFactory.java:542)
	at org.springframework.beans.factory.support.AbstractBeanFactory.lambda$doGetBean$0(AbstractBeanFactory.java:335)
	at org.springframework.beans.factory.support.DefaultSingletonBeanRegistry.getSingleton(DefaultSingletonBeanRegistry.java:234)
	at org.springframework.beans.factory.support.AbstractBeanFactory.doGetBean(AbstractBeanFactory.java:333)
	at org.springframework.beans.factory.support.AbstractBeanFactory.getBean(AbstractBeanFactory.java:208)
	at org.springframework.beans.factory.support.DefaultListableBeanFactory.getBeansOfType(DefaultListableBeanFactory.java:671)
	at org.springframework.boot.web.server.ErrorPageRegistrarBeanPostProcessor.getRegistrars(ErrorPageRegistrarBeanPostProcessor.java:76)
	at org.springframework.boot.web.server.ErrorPageRegistrarBeanPostProcessor.postProcessBeforeInitialization(ErrorPageRegistrarBeanPostProcessor.java:67)
	at org.springframework.boot.web.server.ErrorPageRegistrarBeanPostProcessor.postProcessBeforeInitialization(ErrorPageRegistrarBeanPostProcessor.java:56)
	at org.springframework.beans.factory.support.AbstractAutowireCapableBeanFactory.applyBeanPostProcessorsBeforeInitialization(AbstractAutowireCapableBeanFactory.java:440)
	at org.springframework.beans.factory.support.AbstractAutowireCapableBeanFactory.initializeBean(AbstractAutowireCapableBeanFactory.java:1796)
	at org.springframework.beans.factory.support.AbstractAutowireCapableBeanFactory.doCreateBean(AbstractAutowireCapableBeanFactory.java:620)
	at org.springframework.beans.factory.support.AbstractAutowireCapableBeanFactory.createBean(AbstractAutowireCapableBeanFactory.java:542)
	at org.springframework.beans.factory.support.AbstractBeanFactory.lambda$doGetBean$0(AbstractBeanFactory.java:335)
	at org.springframework.beans.factory.support.DefaultSingletonBeanRegistry.getSingleton(DefaultSingletonBeanRegistry.java:234)
	at org.springframework.beans.factory.support.AbstractBeanFactory.doGetBean(AbstractBeanFactory.java:333)
	at org.springframework.beans.factory.support.AbstractBeanFactory.getBean(AbstractBeanFactory.java:213)
	at org.springframework.boot.web.servlet.context.ServletWebServerApplicationContext.getWebServerFactory(ServletWebServerApplicationContext.java:217)
	at org.springframework.boot.web.servlet.context.ServletWebServerApplicationContext.createWebServer(ServletWebServerApplicationContext.java:180)
	at org.springframework.boot.web.servlet.context.ServletWebServerApplicationContext.onRefresh(ServletWebServerApplicationContext.java:160)
	at org.springframework.context.support.AbstractApplicationContext.refresh(AbstractApplicationContext.java:577)
	at org.springframework.boot.web.servlet.context.ServletWebServerApplicationContext.refresh(ServletWebServerApplicationContext.java:145)
	at org.springframework.boot.SpringApplication.refresh(SpringApplication.java:740)
	at org.springframework.boot.SpringApplication.refreshContext(SpringApplication.java:415)
	at org.springframework.boot.SpringApplication.run(SpringApplication.java:303)
	at org.springframework.boot.SpringApplication.run(SpringApplication.java:1312)
	at org.springframework.boot.SpringApplication.run(SpringApplication.java:1301)
	at com.apmosys.employeeportal.EmployeeportalApplication.main(EmployeeportalApplication.java:17)
	at java.base/jdk.internal.reflect.NativeMethodAccessorImpl.invoke0(Native Method)
	at java.base/jdk.internal.reflect.NativeMethodAccessorImpl.invoke(NativeMethodAccessorImpl.java:77)
	at java.base/jdk.internal.reflect.DelegatingMethodAccessorImpl.invoke(DelegatingMethodAccessorImpl.java:43)
	at java.base/java.lang.reflect.Method.invoke(Method.java:568)
	at org.springframework.boot.devtools.restart.RestartLauncher.run(RestartLauncher.java:49)
Caused by: com.mysql.cj.exceptions.CJCommunicationsException: Communications link failure

The last packet sent successfully to the server was 0 milliseconds ago. The driver has not received any packets from the server.
	at java.base/jdk.internal.reflect.NativeConstructorAccessorImpl.newInstance0(Native Method)
	at java.base/jdk.internal.reflect.NativeConstructorAccessorImpl.newInstance(NativeConstructorAccessorImpl.java:77)
	at java.base/jdk.internal.reflect.DelegatingConstructorAccessorImpl.newInstance(DelegatingConstructorAccessorImpl.java:45)
	at java.base/java.lang.reflect.Constructor.newInstanceWithCaller(Constructor.java:499)
	at java.base/java.lang.reflect.Constructor.newInstance(Constructor.java:480)
	at com.mysql.cj.exceptions.ExceptionFactory.createException(ExceptionFactory.java:61)
	at com.mysql.cj.exceptions.ExceptionFactory.createException(ExceptionFactory.java:105)
	at com.mysql.cj.exceptions.ExceptionFactory.createException(ExceptionFactory.java:151)
	at com.mysql.cj.exceptions.ExceptionFactory.createCommunicationsException(ExceptionFactory.java:167)
	at com.mysql.cj.protocol.a.NativeSocketConnection.connect(NativeSocketConnection.java:89)
	at com.mysql.cj.NativeSession.connect(NativeSession.java:120)
	at com.mysql.cj.jdbc.ConnectionImpl.connectOneTryOnly(ConnectionImpl.java:949)
	at com.mysql.cj.jdbc.ConnectionImpl.createNewIO(ConnectionImpl.java:819)
	... 170 common frames omitted
Caused by: java.net.ConnectException: Connection timed out
	at java.base/sun.nio.ch.Net.pollConnect(Native Method)
	at java.base/sun.nio.ch.Net.pollConnectNow(Net.java:672)
	at java.base/sun.nio.ch.NioSocketImpl.timedFinishConnect(NioSocketImpl.java:549)
	at java.base/sun.nio.ch.NioSocketImpl.connect(NioSocketImpl.java:597)
	at java.base/java.net.SocksSocketImpl.connect(SocksSocketImpl.java:327)
	at java.base/java.net.Socket.connect(Socket.java:633)
	at com.mysql.cj.protocol.StandardSocketFactory.connect(StandardSocketFactory.java:156)
	at com.mysql.cj.protocol.a.NativeSocketConnection.connect(NativeSocketConnection.java:63)
	... 173 common frames omitted
2026-01-13 22:59:18 [restartedMain] WARN  org.hibernate.engine.jdbc.env.internal.JdbcEnvironmentInitiator - HHH000342: Could not obtain connection to query metadata
com.mysql.cj.jdbc.exceptions.CommunicationsException: Communications link failure

The last packet sent successfully to the server was 0 milliseconds ago. The driver has not received any packets from the server.
	at com.mysql.cj.jdbc.exceptions.SQLError.createCommunicationsException(SQLError.java:174)
	at com.mysql.cj.jdbc.exceptions.SQLExceptionsMapping.translateException(SQLExceptionsMapping.java:64)
	at com.mysql.cj.jdbc.ConnectionImpl.createNewIO(ConnectionImpl.java:829)
	at com.mysql.cj.jdbc.ConnectionImpl.<init>(ConnectionImpl.java:449)
	at com.mysql.cj.jdbc.ConnectionImpl.getInstance(ConnectionImpl.java:242)
	at com.mysql.cj.jdbc.NonRegisteringDriver.connect(NonRegisteringDriver.java:198)
	at com.zaxxer.hikari.util.DriverDataSource.getConnection(DriverDataSource.java:138)
	at com.zaxxer.hikari.pool.PoolBase.newConnection(PoolBase.java:364)
	at com.zaxxer.hikari.pool.PoolBase.newPoolEntry(PoolBase.java:206)
	at com.zaxxer.hikari.pool.HikariPool.createPoolEntry(HikariPool.java:476)
	at com.zaxxer.hikari.pool.HikariPool.checkFailFast(HikariPool.java:561)
	at com.zaxxer.hikari.pool.HikariPool.<init>(HikariPool.java:115)
	at com.zaxxer.hikari.HikariDataSource.getConnection(HikariDataSource.java:112)
	at org.hibernate.engine.jdbc.connections.internal.DatasourceConnectionProviderImpl.getConnection(DatasourceConnectionProviderImpl.java:122)
	at org.hibernate.engine.jdbc.env.internal.JdbcEnvironmentInitiator$ConnectionProviderJdbcConnectionAccess.obtainConnection(JdbcEnvironmentInitiator.java:181)
	at org.hibernate.engine.jdbc.env.internal.JdbcEnvironmentInitiator.initiateService(JdbcEnvironmentInitiator.java:68)
	at org.hibernate.engine.jdbc.env.internal.JdbcEnvironmentInitiator.initiateService(JdbcEnvironmentInitiator.java:35)
	at org.hibernate.boot.registry.internal.StandardServiceRegistryImpl.initiateService(StandardServiceRegistryImpl.java:101)
	at org.hibernate.service.internal.AbstractServiceRegistryImpl.createService(AbstractServiceRegistryImpl.java:263)
	at org.hibernate.service.internal.AbstractServiceRegistryImpl.initializeService(AbstractServiceRegistryImpl.java:237)
	at org.hibernate.service.internal.AbstractServiceRegistryImpl.getService(AbstractServiceRegistryImpl.java:214)
	at org.hibernate.id.factory.internal.DefaultIdentifierGeneratorFactory.injectServices(DefaultIdentifierGeneratorFactory.java:175)
	at org.hibernate.service.internal.AbstractServiceRegistryImpl.injectDependencies(AbstractServiceRegistryImpl.java:286)
	at org.hibernate.service.internal.AbstractServiceRegistryImpl.initializeService(AbstractServiceRegistryImpl.java:243)
	at org.hibernate.service.internal.AbstractServiceRegistryImpl.getService(AbstractServiceRegistryImpl.java:214)
	at org.hibernate.boot.internal.InFlightMetadataCollectorImpl.<init>(InFlightMetadataCollectorImpl.java:173)
	at org.hibernate.boot.model.process.spi.MetadataBuildingProcess.complete(MetadataBuildingProcess.java:127)
	at org.hibernate.jpa.boot.internal.EntityManagerFactoryBuilderImpl.metadata(EntityManagerFactoryBuilderImpl.java:1460)
	at org.hibernate.jpa.boot.internal.EntityManagerFactoryBuilderImpl.build(EntityManagerFactoryBuilderImpl.java:1494)
	at org.springframework.orm.jpa.vendor.SpringHibernateJpaPersistenceProvider.createContainerEntityManagerFactory(SpringHibernateJpaPersistenceProvider.java:58)
	at org.springframework.orm.jpa.LocalContainerEntityManagerFactoryBean.createNativeEntityManagerFactory(LocalContainerEntityManagerFactoryBean.java:365)
	at org.springframework.orm.jpa.AbstractEntityManagerFactoryBean.buildNativeEntityManagerFactory(AbstractEntityManagerFactoryBean.java:409)
	at org.springframework.orm.jpa.AbstractEntityManagerFactoryBean.afterPropertiesSet(AbstractEntityManagerFactoryBean.java:396)
	at org.springframework.orm.jpa.LocalContainerEntityManagerFactoryBean.afterPropertiesSet(LocalContainerEntityManagerFactoryBean.java:341)
	at org.springframework.beans.factory.support.AbstractAutowireCapableBeanFactory.invokeInitMethods(AbstractAutowireCapableBeanFactory.java:1863)
	at org.springframework.beans.factory.support.AbstractAutowireCapableBeanFactory.initializeBean(AbstractAutowireCapableBeanFactory.java:1800)
	at org.springframework.beans.factory.support.AbstractAutowireCapableBeanFactory.doCreateBean(AbstractAutowireCapableBeanFactory.java:620)
	at org.springframework.beans.factory.support.AbstractAutowireCapableBeanFactory.createBean(AbstractAutowireCapableBeanFactory.java:542)
	at org.springframework.beans.factory.support.AbstractBeanFactory.lambda$doGetBean$0(AbstractBeanFactory.java:335)
	at org.springframework.beans.factory.support.DefaultSingletonBeanRegistry.getSingleton(DefaultSingletonBeanRegistry.java:234)
	at org.springframework.beans.factory.support.AbstractBeanFactory.doGetBean(AbstractBeanFactory.java:333)
	at org.springframework.beans.factory.support.AbstractBeanFactory.getBean(AbstractBeanFactory.java:208)
	at org.springframework.beans.factory.support.BeanDefinitionValueResolver.resolveReference(BeanDefinitionValueResolver.java:330)
	at org.springframework.beans.factory.support.BeanDefinitionValueResolver.resolveValueIfNecessary(BeanDefinitionValueResolver.java:113)
	at org.springframework.beans.factory.support.ConstructorResolver.resolveConstructorArguments(ConstructorResolver.java:693)
	at org.springframework.beans.factory.support.ConstructorResolver.instantiateUsingFactoryMethod(ConstructorResolver.java:510)
	at org.springframework.beans.factory.support.AbstractAutowireCapableBeanFactory.instantiateUsingFactoryMethod(AbstractAutowireCapableBeanFactory.java:1352)
	at org.springframework.beans.factory.support.AbstractAutowireCapableBeanFactory.createBeanInstance(AbstractAutowireCapableBeanFactory.java:1195)
	at org.springframework.beans.factory.support.AbstractAutowireCapableBeanFactory.doCreateBean(AbstractAutowireCapableBeanFactory.java:582)
	at org.springframework.beans.factory.support.AbstractAutowireCapableBeanFactory.createBean(AbstractAutowireCapableBeanFactory.java:542)
	at org.springframework.beans.factory.support.BeanDefinitionValueResolver.resolveInnerBean(BeanDefinitionValueResolver.java:374)
	at org.springframework.beans.factory.support.BeanDefinitionValueResolver.resolveValueIfNecessary(BeanDefinitionValueResolver.java:134)
	at org.springframework.beans.factory.support.AbstractAutowireCapableBeanFactory.applyPropertyValues(AbstractAutowireCapableBeanFactory.java:1707)
	at org.springframework.beans.factory.support.AbstractAutowireCapableBeanFactory.populateBean(AbstractAutowireCapableBeanFactory.java:1452)
	at org.springframework.beans.factory.support.AbstractAutowireCapableBeanFactory.doCreateBean(AbstractAutowireCapableBeanFactory.java:619)
	at org.springframework.beans.factory.support.AbstractAutowireCapableBeanFactory.createBean(AbstractAutowireCapableBeanFactory.java:542)
	at org.springframework.beans.factory.support.AbstractBeanFactory.lambda$doGetBean$0(AbstractBeanFactory.java:335)
	at org.springframework.beans.factory.support.DefaultSingletonBeanRegistry.getSingleton(DefaultSingletonBeanRegistry.java:234)
	at org.springframework.beans.factory.support.AbstractBeanFactory.doGetBean(AbstractBeanFactory.java:333)
	at org.springframework.beans.factory.support.AbstractBeanFactory.getBean(AbstractBeanFactory.java:208)
	at org.springframework.beans.factory.config.DependencyDescriptor.resolveCandidate(DependencyDescriptor.java:276)
	at org.springframework.beans.factory.support.DefaultListableBeanFactory.doResolveDependency(DefaultListableBeanFactory.java:1389)
	at org.springframework.beans.factory.support.DefaultListableBeanFactory.resolveDependency(DefaultListableBeanFactory.java:1309)
	at org.springframework.beans.factory.annotation.AutowiredAnnotationBeanPostProcessor$AutowiredFieldElement.resolveFieldValue(AutowiredAnnotationBeanPostProcessor.java:656)
	at org.springframework.beans.factory.annotation.AutowiredAnnotationBeanPostProcessor$AutowiredFieldElement.inject(AutowiredAnnotationBeanPostProcessor.java:639)
	at org.springframework.beans.factory.annotation.InjectionMetadata.inject(InjectionMetadata.java:119)
	at org.springframework.beans.factory.annotation.AutowiredAnnotationBeanPostProcessor.postProcessProperties(AutowiredAnnotationBeanPostProcessor.java:399)
	at org.springframework.beans.factory.support.AbstractAutowireCapableBeanFactory.populateBean(AbstractAutowireCapableBeanFactory.java:1431)
	at org.springframework.beans.factory.support.AbstractAutowireCapableBeanFactory.doCreateBean(AbstractAutowireCapableBeanFactory.java:619)
	at org.springframework.beans.factory.support.AbstractAutowireCapableBeanFactory.createBean(AbstractAutowireCapableBeanFactory.java:542)
	at org.springframework.beans.factory.support.AbstractBeanFactory.lambda$doGetBean$0(AbstractBeanFactory.java:335)
	at org.springframework.beans.factory.support.DefaultSingletonBeanRegistry.getSingleton(DefaultSingletonBeanRegistry.java:234)
	at org.springframework.beans.factory.support.AbstractBeanFactory.doGetBean(AbstractBeanFactory.java:333)
	at org.springframework.beans.factory.support.AbstractBeanFactory.getBean(AbstractBeanFactory.java:208)
	at org.springframework.beans.factory.config.DependencyDescriptor.resolveCandidate(DependencyDescriptor.java:276)
	at org.springframework.beans.factory.support.DefaultListableBeanFactory.doResolveDependency(DefaultListableBeanFactory.java:1389)
	at org.springframework.beans.factory.support.DefaultListableBeanFactory.resolveDependency(DefaultListableBeanFactory.java:1309)
	at org.springframework.beans.factory.annotation.AutowiredAnnotationBeanPostProcessor$AutowiredFieldElement.resolveFieldValue(AutowiredAnnotationBeanPostProcessor.java:656)
	at org.springframework.beans.factory.annotation.AutowiredAnnotationBeanPostProcessor$AutowiredFieldElement.inject(AutowiredAnnotationBeanPostProcessor.java:639)
	at org.springframework.beans.factory.annotation.InjectionMetadata.inject(InjectionMetadata.java:119)
	at org.springframework.beans.factory.annotation.AutowiredAnnotationBeanPostProcessor.postProcessProperties(AutowiredAnnotationBeanPostProcessor.java:399)
	at org.springframework.beans.factory.support.AbstractAutowireCapableBeanFactory.populateBean(AbstractAutowireCapableBeanFactory.java:1431)
	at org.springframework.beans.factory.support.AbstractAutowireCapableBeanFactory.doCreateBean(AbstractAutowireCapableBeanFactory.java:619)
	at org.springframework.beans.factory.support.AbstractAutowireCapableBeanFactory.createBean(AbstractAutowireCapableBeanFactory.java:542)
	at org.springframework.beans.factory.support.AbstractBeanFactory.lambda$doGetBean$0(AbstractBeanFactory.java:335)
	at org.springframework.beans.factory.support.DefaultSingletonBeanRegistry.getSingleton(DefaultSingletonBeanRegistry.java:234)
	at org.springframework.beans.factory.support.AbstractBeanFactory.doGetBean(AbstractBeanFactory.java:333)
	at org.springframework.beans.factory.support.AbstractBeanFactory.getBean(AbstractBeanFactory.java:208)
	at org.springframework.beans.factory.config.DependencyDescriptor.resolveCandidate(DependencyDescriptor.java:276)
	at org.springframework.beans.factory.support.DefaultListableBeanFactory.doResolveDependency(DefaultListableBeanFactory.java:1389)
	at org.springframework.beans.factory.support.DefaultListableBeanFactory.resolveDependency(DefaultListableBeanFactory.java:1309)
	at org.springframework.beans.factory.annotation.AutowiredAnnotationBeanPostProcessor$AutowiredFieldElement.resolveFieldValue(AutowiredAnnotationBeanPostProcessor.java:656)
	at org.springframework.beans.factory.annotation.AutowiredAnnotationBeanPostProcessor$AutowiredFieldElement.inject(AutowiredAnnotationBeanPostProcessor.java:639)
	at org.springframework.beans.factory.annotation.InjectionMetadata.inject(InjectionMetadata.java:119)
	at org.springframework.beans.factory.annotation.AutowiredAnnotationBeanPostProcessor.postProcessProperties(AutowiredAnnotationBeanPostProcessor.java:399)
	at org.springframework.beans.factory.support.AbstractAutowireCapableBeanFactory.populateBean(AbstractAutowireCapableBeanFactory.java:1431)
	at org.springframework.beans.factory.support.AbstractAutowireCapableBeanFactory.doCreateBean(AbstractAutowireCapableBeanFactory.java:619)
	at org.springframework.beans.factory.support.AbstractAutowireCapableBeanFactory.createBean(AbstractAutowireCapableBeanFactory.java:542)
	at org.springframework.beans.factory.support.AbstractBeanFactory.lambda$doGetBean$0(AbstractBeanFactory.java:335)
	at org.springframework.beans.factory.support.DefaultSingletonBeanRegistry.getSingleton(DefaultSingletonBeanRegistry.java:234)
	at org.springframework.beans.factory.support.AbstractBeanFactory.doGetBean(AbstractBeanFactory.java:333)
	at org.springframework.beans.factory.support.AbstractBeanFactory.getBean(AbstractBeanFactory.java:208)
	at org.springframework.beans.factory.support.ConstructorResolver.instantiateUsingFactoryMethod(ConstructorResolver.java:410)
	at org.springframework.beans.factory.support.AbstractAutowireCapableBeanFactory.instantiateUsingFactoryMethod(AbstractAutowireCapableBeanFactory.java:1352)
	at org.springframework.beans.factory.support.AbstractAutowireCapableBeanFactory.createBeanInstance(AbstractAutowireCapableBeanFactory.java:1195)
	at org.springframework.beans.factory.support.AbstractAutowireCapableBeanFactory.doCreateBean(AbstractAutowireCapableBeanFactory.java:582)
	at org.springframework.beans.factory.support.AbstractAutowireCapableBeanFactory.createBean(AbstractAutowireCapableBeanFactory.java:542)
	at org.springframework.beans.factory.support.AbstractBeanFactory.lambda$doGetBean$0(AbstractBeanFactory.java:335)
	at org.springframework.beans.factory.support.DefaultSingletonBeanRegistry.getSingleton(DefaultSingletonBeanRegistry.java:234)
	at org.springframework.beans.factory.support.AbstractBeanFactory.doGetBean(AbstractBeanFactory.java:333)
	at org.springframework.beans.factory.support.AbstractBeanFactory.getBean(AbstractBeanFactory.java:208)
	at org.springframework.beans.factory.config.DependencyDescriptor.resolveCandidate(DependencyDescriptor.java:276)
	at org.springframework.beans.factory.support.DefaultListableBeanFactory.doResolveDependency(DefaultListableBeanFactory.java:1389)
	at org.springframework.beans.factory.support.DefaultListableBeanFactory$DependencyObjectProvider.getIfAvailable(DefaultListableBeanFactory.java:2030)
	at org.springframework.beans.factory.support.DefaultListableBeanFactory$DependencyObjectProvider.ifAvailable(DefaultListableBeanFactory.java:2041)
	at org.springframework.boot.autoconfigure.web.servlet.DispatcherServletAutoConfiguration$DispatcherServletRegistrationConfiguration.dispatcherServletRegistration(DispatcherServletAutoConfiguration.java:124)
	at java.base/jdk.internal.reflect.NativeMethodAccessorImpl.invoke0(Native Method)
	at java.base/jdk.internal.reflect.NativeMethodAccessorImpl.invoke(NativeMethodAccessorImpl.java:77)
	at java.base/jdk.internal.reflect.DelegatingMethodAccessorImpl.invoke(DelegatingMethodAccessorImpl.java:43)
	at java.base/java.lang.reflect.Method.invoke(Method.java:568)
	at org.springframework.beans.factory.support.SimpleInstantiationStrategy.instantiate(SimpleInstantiationStrategy.java:154)
	at org.springframework.beans.factory.support.ConstructorResolver.instantiate(ConstructorResolver.java:653)
	at org.springframework.beans.factory.support.ConstructorResolver.instantiateUsingFactoryMethod(ConstructorResolver.java:638)
	at org.springframework.beans.factory.support.AbstractAutowireCapableBeanFactory.instantiateUsingFactoryMethod(AbstractAutowireCapableBeanFactory.java:1352)
	at org.springframework.beans.factory.support.AbstractAutowireCapableBeanFactory.createBeanInstance(AbstractAutowireCapableBeanFactory.java:1195)
	at org.springframework.beans.factory.support.AbstractAutowireCapableBeanFactory.doCreateBean(AbstractAutowireCapableBeanFactory.java:582)
	at org.springframework.beans.factory.support.AbstractAutowireCapableBeanFactory.createBean(AbstractAutowireCapableBeanFactory.java:542)
	at org.springframework.beans.factory.support.AbstractBeanFactory.lambda$doGetBean$0(AbstractBeanFactory.java:335)
	at org.springframework.beans.factory.support.DefaultSingletonBeanRegistry.getSingleton(DefaultSingletonBeanRegistry.java:234)
	at org.springframework.beans.factory.support.AbstractBeanFactory.doGetBean(AbstractBeanFactory.java:333)
	at org.springframework.beans.factory.support.AbstractBeanFactory.getBean(AbstractBeanFactory.java:208)
	at org.springframework.beans.factory.config.DependencyDescriptor.resolveCandidate(DependencyDescriptor.java:276)
	at org.springframework.beans.factory.support.DefaultListableBeanFactory.doResolveDependency(DefaultListableBeanFactory.java:1389)
	at org.springframework.beans.factory.support.DefaultListableBeanFactory.resolveDependency(DefaultListableBeanFactory.java:1309)
	at org.springframework.beans.factory.support.ConstructorResolver.resolveAutowiredArgument(ConstructorResolver.java:887)
	at org.springframework.beans.factory.support.ConstructorResolver.createArgumentArray(ConstructorResolver.java:791)
	at org.springframework.beans.factory.support.ConstructorResolver.instantiateUsingFactoryMethod(ConstructorResolver.java:541)
	at org.springframework.beans.factory.support.AbstractAutowireCapableBeanFactory.instantiateUsingFactoryMethod(AbstractAutowireCapableBeanFactory.java:1352)
	at org.springframework.beans.factory.support.AbstractAutowireCapableBeanFactory.createBeanInstance(AbstractAutowireCapableBeanFactory.java:1195)
	at org.springframework.beans.factory.support.AbstractAutowireCapableBeanFactory.doCreateBean(AbstractAutowireCapableBeanFactory.java:582)
	at org.springframework.beans.factory.support.AbstractAutowireCapableBeanFactory.createBean(AbstractAutowireCapableBeanFactory.java:542)
	at org.springframework.beans.factory.support.AbstractBeanFactory.lambda$doGetBean$0(AbstractBeanFactory.java:335)
	at org.springframework.beans.factory.support.DefaultSingletonBeanRegistry.getSingleton(DefaultSingletonBeanRegistry.java:234)
	at org.springframework.beans.factory.support.AbstractBeanFactory.doGetBean(AbstractBeanFactory.java:333)
	at org.springframework.beans.factory.support.AbstractBeanFactory.getBean(AbstractBeanFactory.java:208)
	at org.springframework.beans.factory.support.DefaultListableBeanFactory.getBeansOfType(DefaultListableBeanFactory.java:671)
	at org.springframework.boot.web.server.ErrorPageRegistrarBeanPostProcessor.getRegistrars(ErrorPageRegistrarBeanPostProcessor.java:76)
	at org.springframework.boot.web.server.ErrorPageRegistrarBeanPostProcessor.postProcessBeforeInitialization(ErrorPageRegistrarBeanPostProcessor.java:67)
	at org.springframework.boot.web.server.ErrorPageRegistrarBeanPostProcessor.postProcessBeforeInitialization(ErrorPageRegistrarBeanPostProcessor.java:56)
	at org.springframework.beans.factory.support.AbstractAutowireCapableBeanFactory.applyBeanPostProcessorsBeforeInitialization(AbstractAutowireCapableBeanFactory.java:440)
	at org.springframework.beans.factory.support.AbstractAutowireCapableBeanFactory.initializeBean(AbstractAutowireCapableBeanFactory.java:1796)
	at org.springframework.beans.factory.support.AbstractAutowireCapableBeanFactory.doCreateBean(AbstractAutowireCapableBeanFactory.java:620)
	at org.springframework.beans.factory.support.AbstractAutowireCapableBeanFactory.createBean(AbstractAutowireCapableBeanFactory.java:542)
	at org.springframework.beans.factory.support.AbstractBeanFactory.lambda$doGetBean$0(AbstractBeanFactory.java:335)
	at org.springframework.beans.factory.support.DefaultSingletonBeanRegistry.getSingleton(DefaultSingletonBeanRegistry.java:234)
	at org.springframework.beans.factory.support.AbstractBeanFactory.doGetBean(AbstractBeanFactory.java:333)
	at org.springframework.beans.factory.support.AbstractBeanFactory.getBean(AbstractBeanFactory.java:213)
	at org.springframework.boot.web.servlet.context.ServletWebServerApplicationContext.getWebServerFactory(ServletWebServerApplicationContext.java:217)
	at org.springframework.boot.web.servlet.context.ServletWebServerApplicationContext.createWebServer(ServletWebServerApplicationContext.java:180)
	at org.springframework.boot.web.servlet.context.ServletWebServerApplicationContext.onRefresh(ServletWebServerApplicationContext.java:160)
	at org.springframework.context.support.AbstractApplicationContext.refresh(AbstractApplicationContext.java:577)
	at org.springframework.boot.web.servlet.context.ServletWebServerApplicationContext.refresh(ServletWebServerApplicationContext.java:145)
	at org.springframework.boot.SpringApplication.refresh(SpringApplication.java:740)
	at org.springframework.boot.SpringApplication.refreshContext(SpringApplication.java:415)
	at org.springframework.boot.SpringApplication.run(SpringApplication.java:303)
	at org.springframework.boot.SpringApplication.run(SpringApplication.java:1312)
	at org.springframework.boot.SpringApplication.run(SpringApplication.java:1301)
	at com.apmosys.employeeportal.EmployeeportalApplication.main(EmployeeportalApplication.java:17)
	at java.base/jdk.internal.reflect.NativeMethodAccessorImpl.invoke0(Native Method)
	at java.base/jdk.internal.reflect.NativeMethodAccessorImpl.invoke(NativeMethodAccessorImpl.java:77)
	at java.base/jdk.internal.reflect.DelegatingMethodAccessorImpl.invoke(DelegatingMethodAccessorImpl.java:43)
	at java.base/java.lang.reflect.Method.invoke(Method.java:568)
	at org.springframework.boot.devtools.restart.RestartLauncher.run(RestartLauncher.java:49)
Caused by: com.mysql.cj.exceptions.CJCommunicationsException: Communications link failure

The last packet sent successfully to the server was 0 milliseconds ago. The driver has not received any packets from the server.
	at java.base/jdk.internal.reflect.NativeConstructorAccessorImpl.newInstance0(Native Method)
	at java.base/jdk.internal.reflect.NativeConstructorAccessorImpl.newInstance(NativeConstructorAccessorImpl.java:77)
	at java.base/jdk.internal.reflect.DelegatingConstructorAccessorImpl.newInstance(DelegatingConstructorAccessorImpl.java:45)
	at java.base/java.lang.reflect.Constructor.newInstanceWithCaller(Constructor.java:499)
	at java.base/java.lang.reflect.Constructor.newInstance(Constructor.java:480)
	at com.mysql.cj.exceptions.ExceptionFactory.createException(ExceptionFactory.java:61)
	at com.mysql.cj.exceptions.ExceptionFactory.createException(ExceptionFactory.java:105)
	at com.mysql.cj.exceptions.ExceptionFactory.createException(ExceptionFactory.java:151)
	at com.mysql.cj.exceptions.ExceptionFactory.createCommunicationsException(ExceptionFactory.java:167)
	at com.mysql.cj.protocol.a.NativeSocketConnection.connect(NativeSocketConnection.java:89)
	at com.mysql.cj.NativeSession.connect(NativeSession.java:120)
	at com.mysql.cj.jdbc.ConnectionImpl.connectOneTryOnly(ConnectionImpl.java:949)
	at com.mysql.cj.jdbc.ConnectionImpl.createNewIO(ConnectionImpl.java:819)
	... 170 common frames omitted
Caused by: java.net.ConnectException: Connection timed out
	at java.base/sun.nio.ch.Net.pollConnect(Native Method)
	at java.base/sun.nio.ch.Net.pollConnectNow(Net.java:672)
	at java.base/sun.nio.ch.NioSocketImpl.timedFinishConnect(NioSocketImpl.java:549)
	at java.base/sun.nio.ch.NioSocketImpl.connect(NioSocketImpl.java:597)
	at java.base/java.net.SocksSocketImpl.connect(SocksSocketImpl.java:327)
	at java.base/java.net.Socket.connect(Socket.java:633)
	at com.mysql.cj.protocol.StandardSocketFactory.connect(StandardSocketFactory.java:156)
	at com.mysql.cj.protocol.a.NativeSocketConnection.connect(NativeSocketConnection.java:63)
	... 173 common frames omitted
2026-01-13 22:59:18 [restartedMain] INFO  org.hibernate.dialect.Dialect - HHH000400: Using dialect: org.hibernate.dialect.MySQL5InnoDBDialect
2026-01-13 22:59:25 [restartedMain] INFO  org.hibernate.envers.boot.internal.EnversServiceImpl - Envers integration enabled? : true
